index,issueArea,decisionDirection,partyWinning,voteDistribution,respondentType,rouge1,rouge2,rougeL,bert_f1,align_score,unieval_coherence,unieval_consistency,unieval_fluency,unieval_relevance,unieval_overall
0,10.0,2.0,0.0,0.625,1,0.35097001763668434,0.13857016769638128,0.13932980599647268,0.585905909538269,0.6915808916091919,0.18383186093833973,0.47805995904713916,0.6521024661848053,0.242324827537207,0.38907977842687275
1,8.0,1.0,0.0,0.6666666666666666,1,0.5570621468926554,0.251131221719457,0.2632768361581921,0.5960837602615356,0.7513837814331055,0.42870555949784184,0.6011869884120541,0.7907440976637381,0.4719856840146916,0.5731555823970814
2,2.0,1.0,1.0,1.0,2,0.5022332506203474,0.23149528067560857,0.21637717121588088,0.6065202951431274,0.5845448970794678,0.009853735265881817,0.5377256584561556,0.6599922104522685,0.013633667610066506,0.3053013179460931
3,1.0,1.0,0.0,0.6666666666666666,1,0.26737967914438504,0.11071428571428572,0.14795008912655971,0.5592672824859619,0.6331270933151245,0.7196011827021217,0.5077660798733993,0.4467528870629341,0.5123867893519368,0.5466267347475979
4,8.0,2.0,1.0,1.0,3,0.3918654673445444,0.19960861056751467,0.18615565115369573,0.6036895513534546,0.5771763324737549,0.016614114238598557,0.44425265585318285,0.8189711791610502,0.01657339438251739,0.32410283590883726
5,7.0,1.0,0.0,0.5555555555555556,3,0.43128145567169957,0.22161952731499418,0.22067363530778167,0.6079464554786682,0.8199026584625244,0.16521893223481682,0.5851386466199394,0.8980231395270505,0.21728920681800262,0.46641748129995236
6,10.0,1.0,0.0,0.5555555555555556,1,0.5925526173772261,0.28633171258779033,0.24177010253642742,0.6635332107543945,0.5976797342300415,0.18919017670591215,0.5304132005887416,0.7033709303189271,0.28823648605132646,0.4278026984162268
7,8.0,1.0,1.0,0.8888888888888888,2,0.441860465116279,0.12577639751552797,0.1689922480620155,0.5770075917243958,0.7129448652267456,0.21938167992576044,0.4993865052769465,0.7284042943406044,0.24160728544434792,0.4221949412469148
8,8.0,1.0,1.0,1.0,2,0.4481236203090508,0.1570796460176991,0.16556291390728478,0.6313204765319824,0.4976727366447449,0.013504163538182701,0.37547496102650535,0.4904218694828926,0.018684215838302067,0.22452130247147067
9,1.0,2.0,1.0,0.5555555555555556,1,0.44048734770384257,0.1782363977485929,0.16869728209934395,0.6103188991546631,0.41218435764312744,0.029692852164735786,0.41829635077678196,0.6601666622151109,0.04119156134933462,0.2873368566264908
10,2.0,2.0,1.0,0.5555555555555556,2,0.51171875,0.22555410691003913,0.26041666666666663,0.6504340767860413,0.9217900633811951,0.014434645547672965,0.6515970802535146,0.8654790348565399,0.022149882095780147,0.3884151606883769
11,9.0,1.0,0.0,0.6666666666666666,1,0.4717153284671533,0.2493150684931507,0.16970802919708028,0.5960529446601868,0.5916506052017212,0.01002636462404197,0.35609658874698885,0.7145177156923267,0.012943425425599817,0.2733960236222393
12,5.0,1.0,1.0,0.625,2,0.47111111111111115,0.20244716351501665,0.19444444444444445,0.5256898403167725,0.6544747948646545,0.04944577227797629,0.3252668210219559,0.5519238451967274,0.08558847317287134,0.25305622791738275
13,4.0,2.0,0.0,1.0,3,0.47498736735725117,0.20940819423368742,0.2294087923193532,0.5826594233512878,0.878330647945404,0.1561914797722353,0.45182484688486707,0.6297125515232508,0.18527307755930578,0.3557504889349147
14,2.0,1.0,1.0,1.0,1,0.4509688784497945,0.14344503233392122,0.178508514386377,0.5730754733085632,0.6135478019714355,0.02672729964196174,0.5082758979300718,0.5499948490953531,0.028906556335485948,0.27847615075071813
15,1.0,1.0,0.0,0.5555555555555556,1,0.554653937947494,0.2570473005255614,0.19952267303102625,0.5821241736412048,0.7737808227539062,0.28418247453995,0.6437379970304221,0.8124914388637904,0.2365977311686945,0.49425241040071427
16,8.0,1.0,0.0,1.0,2,0.5524781341107872,0.22043795620437956,0.2536443148688047,0.643699049949646,0.6356773376464844,0.3739194726169835,0.6693164798087997,0.7004941595584846,0.5455426478457042,0.572318189957493
17,8.0,1.0,0.0,0.75,1,0.40049545829892647,0.10330578512396693,0.1635012386457473,0.5580123066902161,0.5529131293296814,0.8648959722097839,0.7178178405926301,0.919912249555855,0.880240914044042,0.8457167441005777
18,9.0,1.0,0.0,0.8888888888888888,1,0.5167751627441162,0.21353383458646613,0.21031547320981472,0.6676685214042664,0.43916088342666626,0.043421775372148,0.5837987046484379,0.7600405882602026,0.057220073497631474,0.36112028544460495
19,1.0,1.0,0.0,1.0,1,0.594548551959114,0.3054607508532423,0.29812606473594544,0.6632385849952698,0.6197299361228943,0.003410402302709669,0.42407611788360633,0.44500645183536613,0.002773958163438987,0.21881673254628026
20,12.0,2.0,0.0,0.5555555555555556,1,0.5814877910278251,0.2410460488914156,0.19761499148211245,0.6110352873802185,0.6225826144218445,0.48384475861851095,0.5198435216423118,0.4831714429409876,0.4538789513116383,0.48518466862836224
21,2.0,1.0,1.0,1.0,2,0.4278871740287387,0.16196057538625466,0.1617881852048962,0.6511553525924683,0.5027987360954285,0.02996466900958623,0.6183034657583533,0.7394634327034688,0.03243255862973334,0.35504103152528543
22,3.0,2.0,1.0,1.0,1,0.40080160320641284,0.16927396710790213,0.16753507014028057,0.5163536071777344,0.7793254852294922,0.12083400286956766,0.4547554764772878,0.7868536936675602,0.14158301199898415,0.37600654625334995
23,1.0,1.0,1.0,0.6666666666666666,2,0.528052805280528,0.21365638766519823,0.18921892189218922,0.5812860727310181,0.7005739808082581,0.024809280894362004,0.6034098545622345,0.5395647353563698,0.03203051944046272,0.2999535975633572
24,2.0,2.0,1.0,1.0,1,0.45656565656565656,0.18503538928210314,0.18484848484848485,0.5811903476715088,0.5176175832748413,0.03677680714975295,0.5259440088156032,0.7527134242357143,0.05404928304170167,0.342370880810693
25,8.0,2.0,0.0,1.0,2,0.5932307692307692,0.2969808995686999,0.21784615384615386,0.6281934380531311,0.6054998636245728,0.8618743962757838,0.570044908362378,0.8261669153417953,0.9034804454094051,0.7903916663473405
26,2.0,1.0,0.0,0.6666666666666666,1,0.6072727272727272,0.3070388349514563,0.21818181818181817,0.6125085353851318,0.3908787965774536,0.1965630660162954,0.5134903475708725,0.8644819333575333,0.34899436029219405,0.48088242680922383
27,9.0,1.0,0.0,1.0,3,0.5094224924012158,0.24102251978088862,0.21033434650455926,0.6074418425559998,0.6071961522102356,0.10918705067103329,0.5642321241366719,0.4874954208007941,0.16153572884653442,0.33061258111375846
28,7.0,1.0,1.0,0.7777777777777778,3,0.46116107931316447,0.21685761047463176,0.18152085036794768,0.5996832251548767,0.8327970504760742,0.027492278879500415,0.6738312785677172,0.8724978200107758,0.0333166005794975,0.40178449450937276
29,10.0,2.0,0.0,0.6666666666666666,3,0.5843768634466309,0.288955223880597,0.21586165772212285,0.6104125380516052,0.6983743906021118,0.00801371329613483,0.6157228200336111,0.6382428734142439,0.015307374891177922,0.3193216954087919
30,2.0,2.0,1.0,0.5555555555555556,1,0.5251641137855579,0.28383705650459923,0.1899343544857768,0.6523791551589966,0.6297001242637634,0.5266800402100388,0.5859816928385356,0.9073317286142628,0.8307056575672488,0.7126747798075215
31,2.0,2.0,1.0,0.7777777777777778,1,0.46515837104072394,0.22644927536231887,0.22171945701357462,0.581792414188385,0.7724695801734924,0.18943835445154905,0.3893943267063506,0.5785206885177547,0.2337309927424349,0.3477710906045223
32,2.0,1.0,1.0,1.0,2,0.45876935956467135,0.19271051529116046,0.18082879866052745,0.584977388381958,0.3703070878982544,0.4777690740339838,0.4417654857589621,0.6890477751115136,0.4885222436580474,0.5242761446406268
33,2.0,2.0,1.0,0.7777777777777778,1,0.5639658848614073,0.2390608324439701,0.20362473347547974,0.6515640616416931,0.5334768891334534,0.6264166755702264,0.6168748340691949,0.8119576314986545,0.6227428715026884,0.669498003160191
34,9.0,1.0,0.0,0.8888888888888888,2,0.5469988674971688,0.2290249433106576,0.22310305775764439,0.5903480052947998,0.6583486199378967,0.001979753555274406,0.3921550757693841,0.5526145430764583,0.0018910410660943789,0.2371601033668028
35,8.0,2.0,1.0,1.0,2,0.44808231992516373,0.1601123595505618,0.17680074836295603,0.5595452189445496,0.6875867247581482,0.2727984744048948,0.613050376287084,0.6322618093117937,0.43008409035394624,0.4870486875894297
36,2.0,1.0,1.0,0.6666666666666666,2,0.5118780815777678,0.27456258411843876,0.18198117436127298,0.551515519618988,0.7482836246490479,0.7290112775856551,0.5621547381300789,0.9380139691565786,0.7598939163648641,0.7472684753092942
37,1.0,2.0,1.0,0.5555555555555556,1,0.3803786574870912,0.11627906976744186,0.13597246127366608,0.583020031452179,0.6094334125518799,0.05101156745950203,0.3964379827442521,0.581741334644152,0.043492540152231744,0.26817085625003445
38,8.0,2.0,1.0,1.0,2,0.5067385444743935,0.23205612520237456,0.20269541778975741,0.6423717141151428,0.7273743152618408,0.5841064732270915,0.6747474823964301,0.6612015965950447,0.5280442897575406,0.6120249604940268
39,1.0,1.0,1.0,0.8888888888888888,2,0.5225885225885225,0.20293398533007334,0.17704517704517705,0.6130439043045044,0.6116858720779419,0.6205342081828792,0.7201373713372673,0.72355930426196,0.6343013825157,0.6746330665744515
40,2.0,2.0,1.0,0.5555555555555556,2,0.5631507469443187,0.28183053919347534,0.19465821638750563,0.6204960346221924,0.4449363052845001,0.6248638014383522,0.4680382593993096,0.890196238771175,0.5756887837394179,0.6396967708370637
41,8.0,1.0,0.0,1.0,1,0.5651328580686973,0.2465931213497729,0.20220349967595594,0.5969409942626953,0.7393751740455627,0.05930376408691246,0.667847648608347,0.5621623252669076,0.13598924818155067,0.3563257465359294
42,10.0,2.0,0.0,0.5555555555555556,1,0.34755134281200634,0.1479607967119823,0.14470774091627173,0.5748916864395142,0.6577395796775818,0.8500739572084276,0.5278597878570256,0.8141758246939785,0.8540024185623926,0.7615279970804562
43,10.0,2.0,1.0,1.0,1,0.4997074312463428,0.16637375512595196,0.16617905207723815,0.5976805090904236,0.4843498468399048,0.055172237674988224,0.519601845773965,0.5817182842775369,0.053030102173139526,0.3023806174749074
44,8.0,2.0,0.0,1.0,2,0.4250132485426603,0.1580901856763926,0.17594064652888183,0.5613982677459717,0.35127192735671997,0.2361633317489754,0.5244561843294134,0.7148545807501133,0.3368149421583602,0.4530722597467156
45,1.0,1.0,0.0,0.8888888888888888,1,0.5218673218673219,0.22725036891293657,0.1945945945945946,0.6306838989257812,0.5718445777893066,0.2672721864328449,0.5723000698466647,0.8132381198741653,0.23349042612646395,0.4715752005700347
46,8.0,1.0,1.0,1.0,1,0.19602529358626922,0.0786618444846293,0.10749774164408313,0.5396949052810669,0.837977409362793,0.190880249329532,0.4280149397963345,0.7018940768947143,0.18899901968443902,0.37744707142625494
47,2.0,1.0,0.0,1.0,0,0.5055508112724166,0.17108639863130884,0.1964133219470538,0.5894625186920166,0.7689819931983948,0.028785946260052115,0.5206830340477928,0.8473498877263445,0.036835860949881054,0.35841368224601766
48,2.0,1.0,0.0,1.0,1,0.4944500504540868,0.16767676767676767,0.19071644803229063,0.5770139694213867,0.753296434879303,0.10266378829598755,0.5836641033152928,0.7679520841831733,0.09839488529461853,0.3881687152722681
49,2.0,1.0,1.0,1.0,2,0.5864864864864864,0.2435723951285521,0.18783783783783783,0.5983505249023438,0.685973048210144,0.49672442371377934,0.6382451620381004,0.8192717673100399,0.6852113536347718,0.6598631766741729
50,1.0,2.0,1.0,0.7777777777777778,1,0.5341040462427746,0.24884259259259262,0.21849710982658962,0.6158400177955627,0.5846222043037415,0.043551412373839825,0.7286274174471654,0.863478926979462,0.06033612596006641,0.4239984706901334
51,8.0,1.0,0.0,0.8888888888888888,3,0.422790202342918,0.18017057569296377,0.20873269435569755,0.5804322361946106,0.5148891806602478,0.007755888996872028,0.3653069472657363,0.2782074173885194,0.007238117096017933,0.1646270926867864
52,8.0,2.0,1.0,1.0,1,0.6088825214899714,0.28407460545193686,0.20487106017191975,0.6437903046607971,0.6056643128395081,0.06196415734312161,0.6097307453542934,0.7867363421788455,0.17540049921919887,0.4084579360238649
53,2.0,2.0,0.0,0.5555555555555556,3,0.5670103092783505,0.2920536635706914,0.23298969072164946,0.651096761226654,0.5980405807495117,0.017198818833431297,0.5573735809504784,0.5897490536047192,0.02654831256323057,0.2977174414879649
54,9.0,2.0,0.0,0.6666666666666666,1,0.5084033613445378,0.17531556802244042,0.19187675070028012,0.5961915254592896,0.5485361218452454,0.4479731557569485,0.4974508151636557,0.6622444237292894,0.36380870204861954,0.4928692741746283
55,1.0,2.0,1.0,0.8888888888888888,1,0.5250737463126843,0.2869822485207101,0.24483775811209438,0.6726656556129456,0.794951319694519,0.05491224531687781,0.6875919293167523,0.8341201827271527,0.1365812416983711,0.4283013997647885
56,1.0,2.0,1.0,0.6666666666666666,1,0.5208647561588738,0.2244589833920483,0.21116138763197587,0.5583642721176147,0.5535483360290527,0.3864415715470804,0.54076776727965,0.7313142908474544,0.5123689559267999,0.5427231464002462
57,9.0,1.0,1.0,0.6666666666666666,4,0.44679245283018865,0.1980347694633409,0.22188679245283016,0.6200956106185913,0.679968535900116,0.2787887343999706,0.7005972735614214,0.5402470312935105,0.34135659498654924,0.46524740856036295
58,3.0,2.0,0.0,0.6666666666666666,2,0.4529991047448523,0.18189964157706093,0.1611459265890779,0.5992189645767212,0.6166011691093445,0.11039395580453268,0.5811131907932081,0.7517228745089692,0.09902688216895036,0.3855642258189151
59,12.0,1.0,0.0,0.5555555555555556,2,0.45585215605749485,0.13570938999314597,0.18754277891854895,0.6039971113204956,0.6706863045692444,0.7430176017415208,0.7310940998656587,0.6431652515592008,0.595410142573945,0.6781717739350812
60,1.0,2.0,0.0,1.0,2,0.5364145658263306,0.2286115007012623,0.20168067226890757,0.634825587272644,0.6545676589012146,0.5330092371002765,0.6180459798850394,0.731356814070656,0.5952092601800598,0.619405322809008
61,2.0,2.0,1.0,0.6666666666666666,1,0.41976566479877736,0.18867924528301885,0.15180845644421806,0.5938965678215027,0.5848008990287781,0.03039742988205386,0.4259281711728791,0.3977417456439755,0.038362630720016506,0.22310749435473126
62,1.0,1.0,0.0,0.5555555555555556,1,0.38567316917173017,0.18880000000000002,0.17141029740965782,0.606974184513092,0.7639952301979065,0.04464609843633467,0.584893434557453,0.7313520510773486,0.04512081055352404,0.35150309865616514
63,1.0,2.0,1.0,1.0,1,0.5423948220064725,0.20998055735580037,0.21618122977346277,0.6352871060371399,0.7453747391700745,0.011070021197570125,0.6389749294301824,0.7210739887709857,0.009360208434229418,0.34511978695824197
64,13.0,2.0,1.0,0.8888888888888888,1,0.5654303708887334,0.24947442186405047,0.20153953813855843,0.6454578042030334,0.37291309237480164,0.7135602510665752,0.6039607368289018,0.8656474330921824,0.7604457025825062,0.7359035308925413
65,2.0,1.0,1.0,0.5555555555555556,2,0.4922566371681416,0.2115171650055371,0.1913716814159292,0.6327720880508423,0.6055871844291687,0.11499665808839318,0.43997654273406234,0.3763155890799318,0.16244456905236865,0.273433339738689
66,3.0,2.0,0.0,0.75,2,0.49851983422143276,0.1861292234736218,0.16577856719952636,0.5790371298789978,0.5956674218177795,0.10494614379582264,0.47580046863702025,0.5350646877418819,0.0901442929537974,0.30148889828213055
67,1.0,2.0,1.0,0.5555555555555556,1,0.4956640803286171,0.23206943809958883,0.19625741670470107,0.5855280160903931,0.5809711217880249,0.20179813787537712,0.46406005671576056,0.6516158768084969,0.10721004648286486,0.35617102947062484
68,8.0,1.0,0.0,1.0,3,0.48037676609105173,0.21267679413305393,0.20722135007849293,0.6540157198905945,0.7420028448104858,0.015467240569154625,0.7071769062041975,0.41179460190252837,0.017148766030911734,0.28789687867669805
69,8.0,1.0,1.0,0.625,3,0.5843003412969283,0.2802460697197539,0.21160409556313994,0.60530024766922,0.697853147983551,0.053782756708013205,0.5647310418857274,0.7275734831669601,0.062156627329676445,0.35206097727259433
70,10.0,2.0,1.0,1.0,1,0.5513307984790876,0.24111675126903553,0.18124207858048164,0.5635222792625427,0.5327680706977844,0.05618380431935978,0.4766674788500195,0.6966586802766307,0.07966057666620857,0.3272926350280546
71,8.0,2.0,0.0,0.6666666666666666,3,0.47831050228310507,0.20342857142857143,0.20205479452054795,0.6000609397888184,0.8559367656707764,0.0432792972207772,0.41219125275120655,0.6058863777022764,0.059192228157083845,0.28013728895783596
72,2.0,2.0,0.0,0.7777777777777778,3,0.6073170731707317,0.27594627594627597,0.22560975609756098,0.6172122359275818,0.6496306657791138,0.009885211720516835,0.5919269049608527,0.6154727615416362,0.014480745897613797,0.30794140603015485
73,4.0,1.0,1.0,1.0,1,0.5779770802192327,0.3022443890274314,0.2391629297458894,0.6096929907798767,0.8215430378913879,0.821403758135708,0.5087568803127481,0.8811710994209678,0.8305924071610893,0.7604810362576282
74,1.0,1.0,1.0,1.0,2,0.5677570093457944,0.2549707602339181,0.25,0.5969296097755432,0.720281720161438,0.017932352426871502,0.508914665922007,0.4091061861432488,0.022287933052558526,0.23956028438617144
75,1.0,2.0,1.0,0.6666666666666666,1,0.5611854684512428,0.2535885167464115,0.21223709369024857,0.5757018327713013,0.8209320902824402,0.7966389577958185,0.6453845557757454,0.8950292543426565,0.8683464640614027,0.8013498079939056
76,8.0,1.0,0.0,1.0,4,0.5696498054474708,0.2416212003117693,0.22412451361867705,0.607489824295044,0.7453078627586365,0.032652554035118006,0.6430812533593381,0.8027926360674952,0.03885942649852911,0.3793464674901201
77,8.0,2.0,1.0,1.0,2,0.394524959742351,0.13225806451612904,0.16103059581320453,0.5795806050300598,0.7017374038696289,0.060791419180369934,0.5531249911811245,0.6692103382472597,0.03919748128983774,0.33058105747464794
78,2.0,2.0,1.0,1.0,2,0.48617631716223264,0.16501305483028722,0.18883672404799168,0.5517882108688354,0.536841094493866,0.6672494282951662,0.7485659660910158,0.8171727744111955,0.766465793100505,0.7498634904744707
79,1.0,1.0,0.0,0.7777777777777778,1,0.5114093959731544,0.18145161290322578,0.20134228187919462,0.614075779914856,0.37973126769065857,0.2536375376847715,0.39451524149170997,0.7941847047381475,0.2750525746364927,0.4293475146377804
80,9.0,1.0,0.0,0.6666666666666666,1,0.5062093435836782,0.15038484310242747,0.17622708456534592,0.6061774492263794,0.7213735580444336,0.0581451306430539,0.5822376843655113,0.7489784671023694,0.06996125486765406,0.3648306342446472
81,9.0,1.0,1.0,0.5555555555555556,3,0.5044722719141324,0.16597014925373135,0.1693500298151461,0.6046938896179199,0.7285671830177307,0.009662174139255065,0.36988542230905364,0.4740567124171724,0.008266971875968379,0.21546782018536237
82,9.0,1.0,1.0,0.5555555555555556,2,0.5630662020905923,0.24145150034891835,0.2578397212543554,0.6321508288383484,0.8124427199363708,0.10104758893923095,0.5539968540922174,0.6978145612974936,0.08109971614174354,0.3584896801176714
83,10.0,2.0,0.0,1.0,2,0.49947643979057593,0.2505241090146751,0.2073298429319372,0.6860247850418091,0.6664766073226929,0.011013243700318484,0.6827706232010332,0.5912087404723296,0.013131555479142161,0.32453104071320593
84,8.0,2.0,1.0,0.875,3,0.4645019262520638,0.17410468319559227,0.20693450742982938,0.6354116797447205,0.6413773894309998,0.009020671116580625,0.714258495958525,0.6280999492945466,0.006838396371642694,0.33955437818532375
85,1.0,2.0,1.0,0.8888888888888888,1,0.5072614107883818,0.20456905503634476,0.1856846473029046,0.6182559728622437,0.6519155502319336,0.3371106009664932,0.5586045428145102,0.8816350068403455,0.24818035978441827,0.5063826276014418
86,1.0,2.0,1.0,0.8888888888888888,1,0.4826388888888889,0.17265353418308227,0.18171296296296294,0.6015275716781616,0.6493578553199768,0.04129389567081542,0.4460861888317175,0.6495394298514406,0.049956181010703385,0.29671892384116927
87,2.0,1.0,1.0,0.875,1,0.5908584169453734,0.29910714285714285,0.21404682274247494,0.641996443271637,0.6714217662811279,0.1094971319641886,0.47079333447915606,0.5050159912807983,0.11251332077532666,0.29945494462486744
88,1.0,1.0,1.0,1.0,2,0.5865814696485623,0.22648752399232247,0.18274760383386582,0.5887100696563721,0.7381062507629395,0.15247361197582424,0.5994902229866119,0.6469088137737257,0.1832996682125919,0.3955430792371884
89,1.0,2.0,0.0,0.5555555555555556,2,0.5101010101010102,0.20236087689713322,0.2138047138047138,0.6251648664474487,0.6441748738288879,0.12397934179067031,0.39089408023335,0.55906204679479,0.12441740888997231,0.29958821942719566
90,1.0,2.0,1.0,0.625,3,0.5068359375,0.21016617790811337,0.15625000000000003,0.5573995113372803,0.6346514225006104,0.3897825957444107,0.571698689354104,0.4927766231090767,0.41401205205781333,0.4670674900663512
91,8.0,2.0,1.0,1.0,4,0.4875063742988272,0.22052067381316998,0.19989801121876596,0.5816817879676819,0.8024390935897827,0.03507688463622834,0.43364691189582794,0.5228943743991936,0.04945275938575536,0.26026773257925134
92,8.0,2.0,1.0,1.0,1,0.4830560690080099,0.1986428130783467,0.21318545902649416,0.6199801564216614,0.7431755065917969,0.014806692933094742,0.4986665617280703,0.48139156499092145,0.013321437096919558,0.25204656418725147
93,7.0,1.0,1.0,0.5555555555555556,2,0.5807600950118765,0.286563614744352,0.1817102137767221,0.623424232006073,0.6941882967948914,0.044665626714542356,0.569335853562722,0.6579739419746826,0.04749347323644632,0.3298672238720983
94,10.0,1.0,1.0,1.0,2,0.519715578539108,0.23430420711974112,0.15643180349062702,0.5969895124435425,0.572961688041687,0.30991510821619966,0.38455345707666666,0.6927658763760731,0.33521434526661187,0.43061219673388784
95,1.0,2.0,1.0,0.6666666666666666,1,0.23188405797101452,0.11970979443772672,0.12439613526570048,0.6038405299186707,0.8151971697807312,0.41859551975416825,0.7519139692891293,0.7059324457197216,0.2824608089655019,0.5397256859321303
96,10.0,2.0,0.0,1.0,2,0.5678719620628334,0.25400593471810096,0.21932424422050978,0.6097034811973572,0.660686194896698,0.04919594328639888,0.5480697123388395,0.48196251525152,0.0655632988042487,0.2861978674202518
97,9.0,1.0,0.0,0.5555555555555556,2,0.4997752808988763,0.2636077372919478,0.2220224719101124,0.6269494891166687,0.5493956208229065,0.3261145654746922,0.5775848579935304,0.72698208686573,0.3105931641684858,0.4853186686256096
98,4.0,2.0,1.0,1.0,1,0.5182481751824818,0.22777101096224117,0.1776155717761557,0.6176128387451172,0.6347801685333252,0.07600357187162274,0.6172859111991623,0.8144362109625535,0.07694454407255133,0.3961675595264725
99,1.0,1.0,1.0,1.0,2,0.448642266824085,0.21867612293144206,0.21369539551357733,0.6248997449874878,0.6050878763198853,0.611609276284322,0.3910641718894515,0.5160891557046018,0.5602029378446076,0.5197413854307458
100,8.0,2.0,1.0,0.6666666666666666,3,0.4970087436723424,0.22293873790879778,0.18775885872066267,0.6012487411499023,0.45589256286621094,0.6569445783086569,0.6466155826351341,0.9424245827011857,0.7146962633596887,0.7401702517511664
101,2.0,2.0,1.0,1.0,1,0.5404208194905868,0.2416851441241685,0.21483942414174972,0.6565855145454407,0.7058798670768738,0.7102862190394642,0.6143161772530951,0.6734632456308438,0.6731934340124449,0.667814768983962
102,4.0,2.0,1.0,0.5555555555555556,1,0.4900918318028033,0.21093372036768263,0.19623006283228614,0.6103906035423279,0.6391395926475525,0.08032456056119133,0.7097628772172965,0.7780676653268535,0.08793291481211864,0.41402200447936494
103,8.0,1.0,1.0,1.0,1,0.47243243243243244,0.2142857142857143,0.19135135135135134,0.6474878787994385,0.5856468677520752,0.2579985711334383,0.4363440802498824,0.6393562004578726,0.2974654769505542,0.40779108219793686
104,8.0,1.0,1.0,1.0,3,0.42343541944074575,0.24032042723631508,0.1677762982689747,0.6304479837417603,0.8588517308235168,0.6947294020974124,0.8887788162122009,0.8544694258524901,0.5447086719708208,0.745671579033231
105,4.0,2.0,1.0,0.7777777777777778,1,0.5139056831922612,0.21549636803874092,0.22611850060459493,0.5682656168937683,0.8135862350463867,0.012144876949633178,0.5627489689855848,0.7610098156389908,0.01810920628492295,0.3385032169647829
106,6.0,1.0,1.0,0.5555555555555556,2,0.5066544286369894,0.21956821313734498,0.18632400183570444,0.6333789825439453,0.5231441855430603,0.14039310877516276,0.5179997802985329,0.7833171966197039,0.14942020169929526,0.39778257184817367
107,8.0,1.0,0.0,0.7777777777777778,3,0.60145332588038,0.26189143816452154,0.23253214086081606,0.6579259634017944,0.5881710052490234,0.866753332212761,0.6168072021755077,0.8410908352181433,0.9026739454210544,0.8068313287568666
108,1.0,1.0,1.0,0.5555555555555556,2,0.1403678606001936,0.03682170542635659,0.07260406582768635,0.48680657148361206,0.8444646000862122,0.04353342208771022,0.7427009994071851,0.6288747068373967,0.04227113420456845,0.36434506563421515
109,5.0,1.0,0.0,1.0,1,0.5498052309404563,0.2607242339832869,0.19588202559821927,0.5678437948226929,0.6582032442092896,0.006608777407940045,0.494219234859749,0.6798498595222219,0.0080512498351624,0.2971822804062683
110,1.0,2.0,1.0,0.5555555555555556,1,0.49787234042553197,0.2012779552715655,0.16382978723404257,0.5658251643180847,0.4908571243286133,0.03800052081381036,0.4133144580140356,0.6293234680336492,0.0472854897773206,0.28198098415970396
111,1.0,1.0,1.0,1.0,2,0.5245046923879041,0.27661795407098116,0.1929092805005214,0.6184340715408325,0.5643053650856018,0.009526633588157887,0.4712335768448241,0.5442464459796216,0.01012873314313808,0.2587838473889354
112,8.0,1.0,1.0,1.0,1,0.5037220843672456,0.30597014925373134,0.27295285359801486,0.6780591011047363,0.8075609803199768,0.25771483458496863,0.758642938265044,0.8715255494015414,0.6059682067380114,0.6234628822473913
113,1.0,2.0,0.0,0.5555555555555556,2,0.5282472235634958,0.22909618173030452,0.19700627716079191,0.6179142594337463,0.5609554052352905,0.1641385014403416,0.5692551910539554,0.7949410345665174,0.14372669386546447,0.4180153552315697
114,2.0,2.0,1.0,0.7777777777777778,1,0.3993015133876601,0.1351981351981352,0.14668218859138532,0.5888502597808838,0.685435950756073,0.6917653445696292,0.6022801067087906,0.702837177542941,0.6870960686411026,0.6709946743656159
115,10.0,2.0,1.0,0.5555555555555556,2,0.586791350087668,0.2820362785254535,0.22559906487434245,0.5906069278717041,0.8474439978599548,0.062272150884031735,0.628918830211875,0.7776741370096716,0.063998047455015,0.38321579139014833
116,8.0,1.0,0.0,1.0,2,0.41509433962264153,0.12184873949579833,0.18238993710691823,0.6121848225593567,0.7846657037734985,0.02934145499442531,0.7092292074654363,0.5833364379919582,0.08973640340122442,0.35291087596326104
117,1.0,2.0,1.0,0.5555555555555556,1,0.5175853018372703,0.24067262217551236,0.2026246719160105,0.6118391156196594,0.6074239611625671,0.2634909572911052,0.5121626178482451,0.6343191780648414,0.13097233022341553,0.3852362708569018
118,12.0,2.0,1.0,1.0,1,0.5968051118210863,0.2738323736404351,0.2389776357827476,0.5770872831344604,0.6534696221351624,0.1178991098300468,0.5785272231736256,0.5510764559705063,0.11888605248668073,0.3415972103652149
119,1.0,1.0,1.0,1.0,2,0.4874551971326165,0.1691440287032291,0.16897081413210444,0.6088548302650452,0.539730966091156,0.599793550522126,0.6403869804430001,0.8465596331981382,0.6824727777141655,0.6923032354693575
120,1.0,1.0,0.0,0.5555555555555556,1,0.5638921453692849,0.23943661971830987,0.18053927315357562,0.6040016412734985,0.8622885942459106,0.27104062588868405,0.6905881641274897,0.7938470009558881,0.10623191035886481,0.46542692533273167
121,9.0,2.0,1.0,1.0,2,0.4669950738916256,0.19033530571992108,0.17635467980295563,0.6103429794311523,0.7968090176582336,0.011524053356478315,0.4473551027229819,0.6360467094767758,0.01337610028264828,0.27707549145972105
122,6.0,2.0,0.0,1.0,2,0.5599547511312217,0.25028312570781425,0.21380090497737556,0.6303256750106812,0.625364363193512,0.040463455456319575,0.6514494909784937,0.7055888538858598,0.03608566070562944,0.3583968652565756
123,1.0,2.0,1.0,1.0,1,0.5712166172106825,0.2823179791976226,0.2700296735905045,0.6085156798362732,0.6235346794128418,0.26850857181941445,0.5909688946115103,0.7054708989675733,0.26805858877305516,0.45825173854288825
124,2.0,1.0,1.0,0.5555555555555556,1,0.42141327623126335,0.19802828975567938,0.15845824411134904,0.5344437956809998,0.46775758266448975,0.2963569932457372,0.3348149775029276,0.6197874591040922,0.3589625380121898,0.4024804919662367
125,1.0,1.0,0.0,1.0,1,0.47619047619047616,0.15835140997830802,0.22294372294372294,0.6287871599197388,0.8545387387275696,0.5359700797907216,0.6620415406069751,0.8107441899011316,0.45797617470551427,0.6166829962510857
126,9.0,2.0,1.0,1.0,2,0.44721906923950056,0.24800910125142206,0.28830874006810436,0.6214308738708496,0.9040258526802063,0.10005788504276826,0.5959694922641992,0.6329104638645321,0.07946845719407172,0.3521015745913928
127,10.0,2.0,0.0,1.0,1,0.4618101545253863,0.1979673000441891,0.20044150110375278,0.6101784110069275,0.39108580350875854,0.0783880647150163,0.6761006095542302,0.7232405134900676,0.07662270988610512,0.3885879744113548
128,2.0,2.0,1.0,0.5555555555555556,2,0.49948822927328557,0.24692622950819668,0.20777891504605936,0.6543228030204773,0.3815346658229828,0.28672527823347754,0.5343483459967617,0.5685930467038396,0.34384000626573696,0.43337666929995394
129,5.0,1.0,1.0,1.0,2,0.5980000000000001,0.2705410821643287,0.238,0.6277602910995483,0.6756980419158936,0.22964435787044268,0.4943168941648116,0.4916425510751303,0.09249895959286374,0.3270256906758121
130,1.0,1.0,1.0,1.0,2,0.5642268540959767,0.31246967491508976,0.20067862336403297,0.6367289423942566,0.4157065451145172,0.3840371255531973,0.5009004172290026,0.6701749183521475,0.5337223819366227,0.5222087107677426
131,1.0,1.0,1.0,0.7777777777777778,2,0.5828729281767956,0.26556016597510373,0.22375690607734805,0.6037799715995789,0.704162061214447,0.6053115739463502,0.5475987459182398,0.8859058142520949,0.7286970113294409,0.6918782863615314
132,4.0,2.0,0.0,0.5555555555555556,2,0.4104882459312839,0.13574660633484162,0.1690777576853526,0.5299699902534485,0.7151235938072205,0.1082102949584577,0.5296978357617281,0.5050292720607105,0.1206998973159404,0.31590932502420915
133,2.0,1.0,1.0,0.5555555555555556,2,0.3993823983530623,0.13807315816589386,0.15131240349974268,0.551145076751709,0.5142708420753479,0.6995950584464401,0.4206671618402752,0.7484803110086357,0.6330840878562963,0.6254566547879118
134,8.0,1.0,0.0,0.5555555555555556,2,0.5385041551246537,0.20188574597892403,0.18947368421052632,0.6068304777145386,0.5051056742668152,0.023344115269909402,0.5061479320795003,0.8670260603906166,0.05706092666603815,0.3633947586015161
135,2.0,1.0,0.0,0.5555555555555556,1,0.5418227215980025,0.22874999999999998,0.1997503121098627,0.6258690357208252,0.5110123157501221,0.1365082648122544,0.6545441535434976,0.8788214343708379,0.1603858500737831,0.4575649257000933
136,10.0,2.0,0.0,0.6666666666666666,2,0.5149501661129567,0.246119733924612,0.20930232558139536,0.6236875057220459,0.5819748044013977,0.30502788847304957,0.5037771395831752,0.6849461335278965,0.4289051001262027,0.480664065427581
137,8.0,1.0,1.0,0.6666666666666666,4,0.5192660550458715,0.3085399449035813,0.23669724770642203,0.5948601961135864,0.9095080494880676,0.17339063995547208,0.5305033974489525,0.7227225693310909,0.12294288910029269,0.387389873958952
138,1.0,2.0,0.0,0.5555555555555556,1,0.5186813186813187,0.1467351430667645,0.17142857142857143,0.5981979370117188,0.8118863701820374,0.17177258614727567,0.6016051964347184,0.8723494652787066,0.19813448189773364,0.46096543243960864
139,3.0,2.0,1.0,0.6666666666666666,2,0.5039443155452437,0.24709707385044127,0.17354988399071924,0.596855878829956,0.7425872683525085,0.06263813681666672,0.5408966728176211,0.8733457021836567,0.07412600923792577,0.38775163026396753
140,8.0,2.0,0.0,1.0,0,0.43525571273122965,0.16666666666666669,0.1795429815016322,0.5718458890914917,0.4393373727798462,0.3119154708232444,0.7233461324240835,0.7942198431626089,0.35368203230131,0.5457908696778117
141,5.0,2.0,0.0,0.875,2,0.519047619047619,0.2178060413354531,0.16825396825396824,0.5942420959472656,0.7593466639518738,0.5916856172953714,0.6430898711769077,0.47893910594238326,0.608353914443202,0.580517127214466
142,9.0,2.0,1.0,1.0,4,0.5508228460793805,0.2548449612403101,0.20716360116166507,0.5961720943450928,0.4811849594116211,0.01587535524212344,0.4328668770007432,0.7501178310973097,0.017459073961813603,0.30407978432549754
143,8.0,1.0,1.0,0.7777777777777778,1,0.422680412371134,0.18988648090815274,0.14536082474226802,0.5543509125709534,0.6777586340904236,0.04327530640650069,0.37647561566156984,0.5220846405071239,0.03985614110091905,0.24542292591902837
144,1.0,2.0,1.0,1.0,1,0.53550135501355,0.25501899077590884,0.18211382113821137,0.5466909408569336,0.7529111504554749,0.26755904912939543,0.6814249601188339,0.6976379807703736,0.33203575744661196,0.49466443686630374
145,1.0,2.0,1.0,1.0,1,0.5884861407249468,0.2690391459074733,0.21037668798862827,0.6394450068473816,0.5652425289154053,0.4810637922484169,0.6538725946708813,0.5461235961074179,0.5750948621265567,0.5640387112883182
146,1.0,1.0,1.0,1.0,2,0.583030303030303,0.28519417475728154,0.20727272727272728,0.6555368304252625,0.5112614631652832,0.019704961838982026,0.28955884160837847,0.5607157444196009,0.019553988930313647,0.22238338419931877
147,3.0,2.0,0.0,0.5555555555555556,3,0.36814276272306673,0.167989417989418,0.15003304692663583,0.5593712329864502,0.8145025372505188,0.19959883214042162,0.49498821110336855,0.8122887802146023,0.29383225494194626,0.4501770196000847
148,8.0,2.0,0.0,0.7777777777777778,2,0.49628844114528103,0.21125265392781317,0.19406150583244966,0.6091911196708679,0.7334840297698975,0.4976457766391936,0.5921078172341676,0.7633764345392252,0.47169092567804966,0.5812052385226589
149,10.0,2.0,1.0,0.7777777777777778,2,0.5455672659640423,0.1824953445065177,0.1810291382517049,0.5883436799049377,0.6228383779525757,0.4110640999647702,0.6186173919613075,0.6965335355089318,0.2828505198482924,0.5022663868208255
150,4.0,2.0,1.0,1.0,3,0.46979166666666666,0.17622523461939518,0.184375,0.567213773727417,0.5992507338523865,0.06980255888246907,0.29548443688008486,0.42691625498710023,0.09122741697753545,0.2208576669317974
151,8.0,2.0,1.0,0.75,3,0.4178874325366229,0.2029320987654321,0.17270624518118735,0.6060755848884583,0.7197725176811218,0.09956783599098953,0.5753859850409033,0.8283843936353633,0.07668756653088342,0.39500644529953494
152,8.0,2.0,0.0,1.0,2,0.6152934202726733,0.2801186943620178,0.22525192649673975,0.6498741507530212,0.5495378971099854,0.24964723995402036,0.4971979880501338,0.7579241037489386,0.3501547552016288,0.4637310217386804
153,1.0,1.0,0.0,0.6666666666666666,1,0.5067567567567568,0.19621109607577805,0.1810810810810811,0.5710076093673706,0.8383945226669312,0.040285974283991305,0.5732252205918701,0.7800719506632052,0.04983701954980479,0.36085504127221785
154,8.0,1.0,1.0,1.0,2,0.562971561230412,0.24404416037187682,0.21590249564712707,0.5668466091156006,0.6570392847061157,0.24244060728613964,0.6200400790294781,0.826497894031972,0.2588948845020666,0.4869683662124141
155,1.0,2.0,1.0,0.5555555555555556,1,0.5286195286195287,0.1853932584269663,0.17957351290684623,0.587722659111023,0.5518895387649536,0.014889721487034971,0.6784180576631715,0.7809427779752081,0.021753959737804137,0.37400112921580464
156,8.0,1.0,1.0,1.0,2,0.4324110671936759,0.2128164556962025,0.1818181818181818,0.6271895170211792,0.5806211233139038,0.12250673872321019,0.4897240685711886,0.7823662093723874,0.13720803342384214,0.3829512625226571
157,7.0,1.0,1.0,0.5555555555555556,1,0.3857142857142857,0.08960915157292659,0.14476190476190479,0.5734199285507202,0.765876293182373,0.025618099035131223,0.5218779638105923,0.5674839372481274,0.03008391545267202,0.2862659788866307
158,8.0,1.0,0.0,1.0,3,0.5672131147540984,0.26258205689277897,0.19562841530054642,0.5992745161056519,0.5562539100646973,0.5977516612168474,0.47441336791428385,0.8545712074589802,0.6043465583056039,0.6327706987239289
159,6.0,2.0,1.0,1.0,2,0.38607594936708867,0.126984126984127,0.15822784810126583,0.5841712951660156,0.515070378780365,0.014592736250788574,0.26186649014138,0.08571087671227334,0.012904962859924398,0.09376876649109157
160,1.0,1.0,0.0,0.6666666666666666,1,0.5351934051997465,0.19555555555555554,0.2092580849714648,0.6350024938583374,0.7663430571556091,0.1455450297779738,0.6072514721008193,0.7980133682824446,0.2586475841243993,0.4523643635714093
161,1.0,1.0,1.0,1.0,2,0.6132075471698113,0.28744939271255066,0.20080862533692723,0.6363038420677185,0.6716690063476562,0.1402695002160314,0.6080539763476301,0.6955329935819713,0.2529992287367576,0.4242139247205976
162,3.0,1.0,0.0,1.0,1,0.5720823798627002,0.2668957617411225,0.24599542334096108,0.5599417686462402,0.8114449381828308,0.025832110949389465,0.39434888625334735,0.4623532720111488,0.02263288190653729,0.22629178778010572
163,8.0,2.0,1.0,1.0,2,0.4538720538720539,0.1078894133513149,0.16026936026936026,0.5740798115730286,0.5324405431747437,0.07340498328915496,0.7020785073358112,0.7379999704882596,0.06943309077278713,0.3957291379715032
164,5.0,2.0,1.0,0.6666666666666666,3,0.4191217342968315,0.10907067334446299,0.16898276820455807,0.5926084518432617,0.5560572147369385,0.011871744703042208,0.3903926622995653,0.6299736798492259,0.01334263138673948,0.26139517955964325
165,9.0,2.0,0.0,1.0,3,0.5472813238770685,0.20355029585798817,0.21749408983451535,0.5689359307289124,0.6412910223007202,0.100466895253999,0.44705467529519183,0.4663665515357822,0.10460150372085689,0.2796224064514575
166,8.0,2.0,1.0,1.0,2,0.48229665071770333,0.174496644295302,0.21435406698564596,0.6077232360839844,0.6860949397087097,0.003927622432009172,0.5804877250313083,0.5442772431750109,0.004846223666720267,0.28338470357626216
167,1.0,1.0,0.0,1.0,1,0.43639167309175025,0.15135135135135136,0.18350038550501158,0.6268012523651123,0.6525430679321289,0.024507694487738867,0.6708643457815598,0.4677973100373018,0.017344444761653692,0.29512844876706357
168,2.0,2.0,0.0,1.0,2,0.516949152542373,0.2195121951219512,0.20021186440677968,0.6410815119743347,0.6377789974212646,0.3753674788158482,0.6838400254416828,0.8651654134017052,0.550282046143772,0.618663740950752
169,5.0,1.0,1.0,1.0,1,0.47767481044650384,0.22175379426644182,0.18028643639427128,0.5931453108787537,0.6413012742996216,0.2834496794440707,0.5897435503671372,0.8400964895619436,0.24861334728056356,0.4904757666634288
170,3.0,1.0,1.0,0.5555555555555556,1,0.38339100346020766,0.15373961218836565,0.15017301038062283,0.5714823603630066,0.5690054893493652,0.17870170706265473,0.5474919425659016,0.7013779394364594,0.16679618211438085,0.39859194279484916
171,8.0,2.0,1.0,1.0,2,0.5609609609609609,0.22248947684906792,0.17297297297297298,0.6352093815803528,0.4754810929298401,0.7370878677522996,0.5776621240081716,0.854413014546095,0.7847192470292621,0.738470563333957
172,2.0,2.0,0.0,0.5555555555555556,3,0.5506525792417651,0.18917237087741134,0.17402113113735235,0.610287070274353,0.6709727048873901,0.5479927925307444,0.5692660433204421,0.701089867257939,0.5418797679375962,0.5900571177616805
173,9.0,1.0,1.0,1.0,3,0.6062291434927697,0.2639198218262806,0.21913236929922136,0.6325392127037048,0.779856264591217,0.045053983120797544,0.5466836888416469,0.6860091587110149,0.05500675098699177,0.3331883954151128
174,13.0,1.0,0.0,1.0,3,0.37792397660818716,0.15581565471836137,0.16374269005847955,0.5724851489067078,0.5713207125663757,0.01198560217724827,0.5051734977428615,0.6140686072375308,0.014287533231271526,0.286378810097228
175,8.0,2.0,1.0,1.0,2,0.5513513513513514,0.25856885147324116,0.2126126126126126,0.6102745532989502,0.7025429010391235,0.027784168653595846,0.5509640877588511,0.7043694214832515,0.024436615448503275,0.3268885733360504
176,10.0,2.0,1.0,1.0,3,0.531936127744511,0.2507492507492507,0.21357285429141717,0.6308003067970276,0.6629400253295898,0.04826448383545554,0.6514098838410916,0.6908076060051245,0.04159622600370755,0.35801954992134477
177,6.0,2.0,1.0,1.0,3,0.49487354750512647,0.14784394250513347,0.1722488038277512,0.6211351752281189,0.6635473370552063,0.01878055542564566,0.5095849340031493,0.6166737556791954,0.030976729603608727,0.29400399367789976
178,8.0,1.0,1.0,0.5555555555555556,1,0.058073031236251654,0.022016732716864815,0.035195776506819175,0.49066537618637085,0.5756788849830627,0.6652499572924829,0.7844317826849883,0.9259245591237277,0.5706661853682274,0.7365681211173567
179,8.0,2.0,1.0,0.6666666666666666,4,0.42863340563991326,0.16760746851932262,0.18828633405639914,0.5939326286315918,0.7363194227218628,0.10590935862076781,0.3311769103938576,0.5172062488985549,0.1332625552462994,0.27188876828986996
180,2.0,1.0,1.0,1.0,2,0.5483870967741935,0.22494432071269488,0.1935483870967742,0.5679326057434082,0.7206001281738281,0.03041189939764009,0.5878914566160924,0.6339961966445324,0.027703665590582353,0.32000080456221186
181,8.0,2.0,1.0,1.0,3,0.5156172533465543,0.21339950372208433,0.2290530490827962,0.6112853288650513,0.7524029016494751,0.12970822302906504,0.5805173541906731,0.8289707243827975,0.1413405699988736,0.4201342179003523
182,1.0,1.0,0.0,0.5555555555555556,1,0.525078369905956,0.23704866562009422,0.20689655172413793,0.6324222087860107,0.7515735626220703,0.04213166013592991,0.6302965431400677,0.5929886927082356,0.04941129105691721,0.32870704676028756
183,1.0,2.0,1.0,1.0,1,0.4313569438917628,0.13779370768618082,0.14962196577795464,0.5333754420280457,0.6719853281974792,0.11191865640507495,0.4325754987258872,0.7392219226179874,0.11074402177388536,0.3486150248807087
184,1.0,1.0,0.0,1.0,1,0.4640998959417274,0.2064650677789364,0.21436004162330907,0.6080920100212097,0.5517296195030212,0.09993902658728689,0.6221792202747738,0.7159696341467489,0.08171891211126926,0.37995169828001973
185,1.0,2.0,1.0,0.7777777777777778,1,0.556786703601108,0.23023578363384187,0.18836565096952906,0.6078760623931885,0.5250449776649475,0.39630743701259435,0.5527781871434138,0.7062657014258795,0.3909596182077948,0.5115777359474206
186,7.0,1.0,0.0,1.0,3,0.5127582017010935,0.23236009732360097,0.25880923450789795,0.5957157015800476,0.8741315603256226,0.09114510423750753,0.6215219008864638,0.6568296854131805,0.09592880418053909,0.3663563736794227
187,2.0,1.0,1.0,0.75,2,0.37415384615384617,0.13854679802955666,0.14584615384615385,0.5489931106567383,0.6831091642379761,0.7261192920700749,0.4174759371700306,0.94051327926953,0.6378856362247611,0.6804985361835991
188,2.0,1.0,1.0,0.5555555555555556,2,0.4245243128964059,0.16250528988573848,0.1437632135306554,0.605343222618103,0.6355277299880981,0.06836512428519262,0.597458908006487,0.6720805459940057,0.07067723294789488,0.35214545280839504
189,9.0,2.0,1.0,1.0,3,0.5500588928150766,0.22523584905660377,0.2073027090694935,0.6345285773277283,0.7110579013824463,0.022119239685250258,0.6054982228294091,0.6107292555613382,0.023970201267312346,0.3155792298358275
190,9.0,2.0,1.0,1.0,2,0.5664893617021277,0.22503328894806923,0.18218085106382978,0.6162458062171936,0.6917585730552673,0.1732707947526196,0.664709712934865,0.8517875415509241,0.13085222337183994,0.4551550681525622
191,3.0,1.0,1.0,0.5555555555555556,2,0.46701846965699206,0.2007042253521127,0.18821459982409852,0.5773182511329651,0.7513116002082825,0.10764950672999363,0.510711991507983,0.7837008150103557,0.07480122334913478,0.3692158841493668
192,1.0,1.0,1.0,1.0,2,0.5815789473684211,0.22661396574440054,0.2118421052631579,0.6249586343765259,0.6255406141281128,0.424149285170151,0.5148681869548025,0.6565027093057506,0.3306851423713584,0.48155133095051567
193,1.0,1.0,1.0,1.0,2,0.49786019971469325,0.18428571428571427,0.17261055634807418,0.6233644485473633,0.554606556892395,0.005535369412293694,0.1893757002454011,0.3811408592861134,0.005965319355102076,0.14550431207472755
194,12.0,2.0,1.0,1.0,3,0.5594315245478036,0.2056921086675291,0.17700258397932817,0.601837158203125,0.37975409626960754,0.03075414787272803,0.2872697150972204,0.5432630971314818,0.023235961006961802,0.22113073027709798
195,12.0,2.0,1.0,1.0,2,0.5369897959183674,0.22094508301404855,0.17984693877551017,0.5337241291999817,0.6086865663528442,0.24704022939562378,0.4038805628104047,0.7385061781104142,0.31762715972131117,0.42676353250943844
196,8.0,2.0,0.0,0.7777777777777778,1,0.42774566473988435,0.1557075223566544,0.1439831844456122,0.5970638394355774,0.6206735968589783,0.1109120561471693,0.5439627141119864,0.6851393509713569,0.06661397079983884,0.35165702300758783
197,4.0,2.0,1.0,1.0,2,0.5753871230643848,0.19755102040816327,0.21026894865525672,0.6108893752098083,0.83596271276474,0.017576513969494365,0.4134616157284892,0.606176209667666,0.012627879852441811,0.26246055480452285
198,1.0,1.0,1.0,0.6666666666666666,2,0.43530419880034277,0.15278969957081548,0.16795201371036847,0.6072561144828796,0.538284182548523,0.019437398404397947,0.1689627274842894,0.13784104624848434,0.014129187561845481,0.0850925899247543
199,3.0,1.0,1.0,1.0,2,0.5054219707685054,0.24162340726757908,0.2036775106082037,0.6079025864601135,0.7875393629074097,0.02212916341551449,0.6558906675156598,0.7171705615587616,0.020960425882285968,0.3540377045930555
200,8.0,2.0,1.0,0.7777777777777778,3,0.5920303605313094,0.27612412919569346,0.19987349778621125,0.6330270171165466,0.656912088394165,0.43935507940001944,0.7072289290764764,0.7619306219416766,0.4317479797023856,0.5850656525301395
201,2.0,2.0,1.0,0.5555555555555556,1,0.48368350469378635,0.25682326621923934,0.23424228877961556,0.5892743468284607,0.8781490921974182,0.25552658203734324,0.47410182140070245,0.448819155861632,0.3265589223726808,0.3762516204180896
202,2.0,2.0,0.0,0.5555555555555556,1,0.42472118959107813,0.15069767441860465,0.15892193308550187,0.5741428732872009,0.6904829144477844,0.021953732708928385,0.5333288187233075,0.7271179843352056,0.056699883721618986,0.33477510487226514
203,9.0,1.0,1.0,0.5555555555555556,2,0.46501766784452303,0.12172682236376504,0.17809187279151945,0.5818709135055542,0.7063770890235901,0.019288890451695177,0.5553853933673393,0.540528521392939,0.02835046343927844,0.285888317162813
204,8.0,1.0,1.0,0.7777777777777778,3,0.5460199004975125,0.2254047322540473,0.2574626865671642,0.6220162510871887,0.48299896717071533,0.5011782420013612,0.5613277008039036,0.8092729626969535,0.5294176042997082,0.6002991274504816
205,6.0,1.0,0.0,0.6666666666666666,3,0.5224242424242425,0.20266990291262135,0.17575757575757578,0.6002324223518372,0.608876645565033,0.11864832453401866,0.5250635019295238,0.64057567011291,0.1081520636229185,0.3481098900498427
206,1.0,2.0,0.0,0.5555555555555556,2,0.5385527876631079,0.22090261282660334,0.20047449584816132,0.6143116354942322,0.5255547165870667,0.30730804393507327,0.5379408113849042,0.7461983834187803,0.40245631513152086,0.49847588846756963
207,2.0,1.0,0.0,1.0,1,0.4971381847914963,0.20147420147420145,0.17988552739165986,0.6452597975730896,0.7525817155838013,0.04756101215420289,0.5861672298195361,0.699601093342641,0.03993663628339073,0.3433164928999427
208,8.0,1.0,0.0,0.5555555555555556,2,0.5612420931569868,0.23949337938975243,0.1863139735480161,0.602171778678894,0.4950631260871887,0.07006374305259527,0.3400252943329089,0.7123190304804189,0.13291125536948656,0.3138298308088524
209,9.0,2.0,1.0,0.5555555555555556,2,0.5339470655926353,0.19930875576036863,0.19102416570771003,0.6091372966766357,0.5307923555374146,0.02630887251282288,0.4346765726543642,0.512338974517798,0.02721314463775634,0.25013439108068536
210,1.0,1.0,1.0,0.5555555555555556,2,0.5362946912242686,0.2212581344902386,0.2058504875406284,0.6158347725868225,0.5182093977928162,0.45903253484620404,0.4929103176886304,0.5809715655411515,0.4194656205877861,0.488095009665943
211,3.0,2.0,0.0,0.7777777777777778,2,0.5309734513274336,0.2138216184288246,0.2029498525073746,0.5668400526046753,0.5817739963531494,0.03643092656922068,0.5301649580577773,0.7869675556357442,0.05216894074842544,0.35143309525279187
212,8.0,1.0,1.0,1.0,1,0.5756791720569211,0.25259067357512954,0.23415265200517466,0.6273669600486755,0.7258707880973816,0.038165168834843534,0.4957843405525577,0.665289651661006,0.07335475763828904,0.3181484796716741
213,1.0,2.0,1.0,0.8888888888888888,1,0.31123595505617974,0.05511811023622047,0.11910112359550562,0.48244014382362366,0.7431965470314026,0.4795862000521847,0.5658064138540959,0.6087377170426918,0.43269885772574956,0.5217072971686805
214,2.0,2.0,1.0,0.8888888888888888,3,0.46648793565683644,0.18010752688172044,0.193029490616622,0.6083254814147949,0.859740674495697,0.6914393669972793,0.6896919645708858,0.9327406863319903,0.6487423452407796,0.7406535907852336
215,9.0,2.0,1.0,1.0,2,0.5588052271313004,0.2280373831775701,0.17672682016179214,0.6221291422843933,0.6994819045066833,0.3287650244372349,0.4942185087385314,0.566562668007702,0.3264457271768733,0.4289979820900854
216,1.0,1.0,0.0,0.5555555555555556,1,0.5255837059115748,0.22575832918945796,0.2046696472925981,0.6242973208427429,0.7702847123146057,0.04114173337612474,0.4739290442674385,0.5546315587761338,0.0423024832620454,0.27800120492043556
217,8.0,2.0,0.0,1.0,2,0.4814814814814815,0.1947449768160742,0.19598765432098764,0.6552799940109253,0.8295148611068726,0.0026814574685258747,0.6664822378865694,0.7510427541543823,0.0024765849356630956,0.35567075861128516
218,1.0,1.0,0.0,0.8888888888888888,1,0.5587229190421893,0.21232876712328766,0.1790193842645382,0.6081868410110474,0.7099835872650146,0.7125516594272712,0.5337549607491475,0.8609483364723162,0.7666329173212165,0.7184719684924878
219,1.0,2.0,1.0,1.0,1,0.5008849557522124,0.16843971631205673,0.17876106194690267,0.6305347084999084,0.7227697372436523,0.020671830630472933,0.5689757357997718,0.6721710428630208,0.016087189579709758,0.3194764497182438
220,3.0,2.0,1.0,1.0,1,0.5612565445026177,0.27253668763102723,0.1905759162303665,0.6334925889968872,0.6622059345245361,0.056072856331732146,0.49279112094248334,0.5964482164328015,0.05770126986781085,0.30075336589370694
221,7.0,1.0,1.0,1.0,2,0.587991718426501,0.24464409122322045,0.17391304347826086,0.5648890137672424,0.5886639952659607,0.5088567875831611,0.6282703435525917,0.6957372245605002,0.49111156086734153,0.5809939791408987
222,8.0,2.0,1.0,1.0,0,0.47042253521126765,0.192090395480226,0.22535211267605632,0.6029155850410461,0.765559732913971,0.14112337840843878,0.772976815277133,0.6500424730427605,0.15273416364554557,0.4292192075934695
223,4.0,2.0,1.0,0.8888888888888888,1,0.571810287241149,0.25284280936454845,0.22979291917167666,0.6049466729164124,0.36414703726768494,0.003035027797562506,0.49403558770502565,0.7396216073552664,0.003081252350355231,0.3099433688020524
224,8.0,1.0,1.0,1.0,2,0.5179677819083023,0.20471464019851118,0.17100371747211898,0.6256030797958374,0.7737435102462769,0.33326504496392745,0.6493392121517289,0.8252157717357486,0.11115901417141058,0.4797447607557038
225,2.0,1.0,1.0,0.5555555555555556,2,0.4776725304465494,0.13414634146341461,0.15155615696887687,0.5909757018089294,0.5717511177062988,0.6816997524434161,0.47849796848166776,0.5864929074821711,0.6743991684079668,0.6052724492038054
226,12.0,2.0,0.0,0.6666666666666666,1,0.4554534558529764,0.209516193522591,0.18218138234119058,0.5673344731330872,0.7806820869445801,0.08641155775707549,0.5598599147346791,0.4947681516050126,0.07668422595067696,0.3044309625118611
227,2.0,2.0,1.0,0.5555555555555556,1,0.5708609271523178,0.24270557029177722,0.18675496688741722,0.6033281087875366,0.6705329418182373,0.03847834634193431,0.5515502844730349,0.6308998068851516,0.03671983576183219,0.31441206836548824
228,8.0,1.0,1.0,1.0,2,0.5326340326340326,0.24737456242707115,0.19463869463869463,0.6196570992469788,0.6370556354522705,0.022920121850742516,0.6259823814503745,0.7423913356985465,0.027546745252240483,0.354710146062976
229,9.0,2.0,1.0,1.0,1,0.5756327251324309,0.22863877430760168,0.19540906415538553,0.6362270712852478,0.5672191381454468,0.15197027490509218,0.4818105772402284,0.7337681911774185,0.1457120258068823,0.37831526728240533
230,2.0,2.0,1.0,0.7777777777777778,1,0.5232929164007657,0.23386581469648562,0.208040842373963,0.628030002117157,0.599653959274292,0.1379172388799878,0.6315391478504065,0.597524533176988,0.1541870184180062,0.38029198458134705
231,4.0,2.0,1.0,0.5555555555555556,1,0.3794658342004856,0.16730301978479695,0.16579951439472773,0.5480271577835083,0.8193908929824829,0.0046637477219933455,0.41130711681725807,0.6930211076541558,0.004801987170157072,0.27844848984089104
232,1.0,1.0,1.0,1.0,2,0.5997458703939008,0.26717557251908397,0.20584498094027956,0.5923639535903931,0.56277996301651,0.08263330176395661,0.567605675487387,0.722459849466013,0.1010800281312647,0.36844471371215537
233,8.0,1.0,1.0,1.0,3,0.5251716247139588,0.18900343642611683,0.17048054919908465,0.5649137496948242,0.7814244031906128,0.29218046237665046,0.7463288135084729,0.7382363973021336,0.2710193751183538,0.5119412620764027
234,10.0,1.0,0.0,0.7777777777777778,4,0.526246719160105,0.21156373193166883,0.20472440944881892,0.6272671818733215,0.4554555416107178,0.25360229216304964,0.614085422935364,0.7718636421651217,0.2602418869487539,0.4749483110530723
235,7.0,2.0,1.0,1.0,0,0.5260243632336656,0.24279379157427936,0.21040974529346623,0.6072920560836792,0.6642946600914001,0.11689991822376386,0.3956199628708759,0.5355951978012998,0.12610576044185176,0.2935552098344479
236,3.0,2.0,1.0,1.0,1,0.48315688161693937,0.197495183044316,0.1828681424446583,0.5587429404258728,0.8277366757392883,0.13477736892601247,0.6357380644025598,0.6430140183847505,0.37504543454498873,0.4471437215645779
237,9.0,2.0,1.0,0.8888888888888888,1,0.5489891135303266,0.1993769470404984,0.17729393468118196,0.6217530369758606,0.7910816669464111,0.10426891513438367,0.7002125721290672,0.6862157289520228,0.10247926597450789,0.39829412054749536
238,1.0,2.0,1.0,0.6666666666666666,1,0.2444641275465013,0.1188997338065661,0.1275465013286094,0.5660930275917053,0.9045206308364868,0.4164234709365878,0.6791340345268182,0.8959628075487329,0.2378616843402088,0.557345499338087
239,8.0,1.0,1.0,0.6666666666666666,1,0.5637671680837149,0.21611001964636542,0.2132112491824722,0.6169477701187134,0.926473081111908,0.005190392093433268,0.5622967812834254,0.6622216227988231,0.0073442337178465595,0.3092632574733821
240,8.0,1.0,1.0,0.7777777777777778,3,0.4990234375000001,0.2101661779081134,0.17675781249999997,0.5662044882774353,0.7195330262184143,0.19406096622132368,0.6614514226718458,0.5841669962543098,0.45903325358768254,0.47467815968379046
241,2.0,2.0,0.0,0.5555555555555556,3,0.4145583666222814,0.16703687250111063,0.16511318242343542,0.5155849456787109,0.5961731672286987,0.8457994570092378,0.6179527558661866,0.7665318190012225,0.8244781207281264,0.7636905381511934
242,8.0,2.0,1.0,1.0,3,0.5397170837867247,0.26826608505997823,0.2611534276387377,0.6583980917930603,0.9655653834342957,0.4022707921247973,0.8533663834293165,0.9462370509592043,0.45206852742824793,0.6634856884853915
243,8.0,2.0,1.0,1.0,3,0.5676215856095936,0.22281521014009342,0.2171885409726849,0.6196646094322205,0.6880692839622498,0.7455314430748815,0.4999896714485238,0.6565707522162488,0.8166833943157147,0.6796938152638422
244,8.0,1.0,0.0,0.5555555555555556,2,0.5694444444444444,0.2155272305909618,0.19328703703703703,0.6214007139205933,0.7097516655921936,0.008946752924226,0.6792074336791717,0.7688553913557499,0.01102392739373515,0.36700837633822064
245,3.0,1.0,1.0,0.5555555555555556,3,0.5535248041775456,0.2718243596445374,0.2182767624020888,0.6047302484512329,0.6612708568572998,0.07421854918193599,0.5897378762148621,0.7426615015327047,0.07613334832103572,0.37068781881263463
246,1.0,1.0,0.0,1.0,2,0.5570117955439056,0.20603674540682415,0.18086500655307994,0.6245914101600647,0.5283201336860657,0.8071907135040651,0.6242186656487572,0.9188530720990723,0.7994433099395277,0.7874264402978557
247,9.0,2.0,1.0,0.6666666666666666,3,0.40740740740740744,0.09808612440191387,0.15890083632019117,0.5640912055969238,0.7103391885757446,0.3953210665375689,0.5903959611930194,0.7973011996161584,0.2859643061845946,0.5172456333828352
248,1.0,1.0,0.0,1.0,1,0.4176570458404074,0.22146507666098805,0.20713073005093377,0.61797696352005,0.8852035403251648,0.15268677072726275,0.7361853744868403,0.759384253865829,0.1279317872613724,0.4440470465853261
249,3.0,2.0,0.0,0.5555555555555556,2,0.4474807856532878,0.18888888888888888,0.17933390264731003,0.6348617076873779,0.6064167618751526,0.38589160248522436,0.666381312968472,0.7533636853445549,0.565660373174869,0.59282424349328
250,1.0,2.0,1.0,0.5555555555555556,1,0.46096654275092935,0.17756512493354598,0.1731279872543813,0.6093947887420654,0.6003032326698303,0.3405951994720348,0.5893346346063665,0.7998354631007533,0.27195760579217354,0.500430725742832
251,2.0,2.0,1.0,0.6666666666666666,3,0.5150472914875323,0.2607573149741825,0.23559759243336195,0.6048858761787415,0.8838464021682739,0.1310961814666323,0.5437562754345685,0.7012551822110807,0.19451357524387744,0.3926553035890397
252,13.0,2.0,0.0,0.6666666666666666,1,0.5425434583714547,0.22893772893772893,0.19762122598353155,0.5736886262893677,0.6043626070022583,0.06676131278355361,0.5797961184589948,0.8122790915496667,0.04113746137288984,0.37499349604127624
253,9.0,1.0,0.0,1.0,3,0.35492957746478876,0.1327683615819209,0.17464788732394365,0.6086832284927368,0.8556806445121765,0.113602211120393,0.8106660900656119,0.5959623636084685,0.09071838207938636,0.40273726171846497
254,8.0,2.0,0.0,0.75,2,0.5009163103237629,0.14801223241590217,0.19303604153940132,0.5690776109695435,0.7001991868019104,0.09277912756311495,0.47355437101819425,0.7267461614247679,0.1023850099953213,0.3488661675003496
255,1.0,1.0,0.0,1.0,1,0.5843164469118668,0.26268241834607364,0.21096460791117277,0.5945299863815308,0.6723721623420715,0.20030369290120822,0.6580844408012185,0.8345575589035613,0.13573436542814196,0.4571700145085325
256,1.0,2.0,1.0,0.875,1,0.4113475177304965,0.16062756817332835,0.16573348264277715,0.5500122904777527,0.5776188969612122,0.0755686641882144,0.5738806785467718,0.6378321264267205,0.11554512865440755,0.3507066494540286
257,2.0,1.0,0.0,1.0,1,0.49122807017543857,0.16105417276720355,0.18567251461988304,0.5836957693099976,0.4487511217594147,0.8558014541322603,0.7842888096877597,0.7103621026373271,0.7210060190360112,0.7678645963733395
258,9.0,2.0,0.0,0.6666666666666666,2,0.5369299935773924,0.23151125401929262,0.19781631342324985,0.6300478577613831,0.6887015700340271,0.3093032920215824,0.6255405230075032,0.5247328675890657,0.23358707827538477,0.42329094022338404
259,2.0,1.0,1.0,1.0,1,0.5877352762598665,0.24802431610942247,0.21372191863995144,0.6015958189964294,0.6263361573219299,0.8040237385110586,0.7616773291859311,0.9456294146961842,0.8495936860168093,0.8402310421024958
260,8.0,2.0,0.0,0.75,1,0.37247353224254093,0.0953757225433526,0.14821944177093357,0.5738189220428467,0.6274407505989075,0.2655138709923148,0.7934660056225492,0.7534964522913148,0.27079587129605653,0.5208180500505588
261,9.0,1.0,0.0,0.75,2,0.6011937059142702,0.25420966865833783,0.19424850786760714,0.6149083971977234,0.7972702980041504,0.5779916873074302,0.6859015168940644,0.8136755136146082,0.5995785742228118,0.6692868230097286
262,8.0,1.0,1.0,0.6666666666666666,2,0.5768229166666667,0.25945241199478486,0.20442708333333337,0.6082548499107361,0.7893372774124146,0.03805401074693123,0.6649423861808951,0.6530837230142095,0.04806220494605079,0.35103558122202166
263,7.0,1.0,1.0,0.75,2,0.4872231686541737,0.20125071063104039,0.17717206132879043,0.615250825881958,0.677713930606842,0.02111372589913207,0.5105193773030415,0.6411983760867609,0.024505430608579723,0.29933422747437854
264,2.0,2.0,0.0,1.0,1,0.5576407506702413,0.20402684563758391,0.18632707774798926,0.5994757413864136,0.5954903960227966,0.1945959212987177,0.6106071791438261,0.7543257244392924,0.19582176316465996,0.43883764701162403
265,8.0,2.0,1.0,0.75,3,0.4360465116279069,0.14354995150339475,0.15503875968992248,0.5775486826896667,0.621152937412262,0.3713994377004849,0.5788696908738967,0.8403541362766875,0.34561698600503804,0.5340600627140268
266,2.0,2.0,0.0,0.5714285714285714,1,0.3952662721893491,0.18127962085308055,0.22721893491124265,0.5657246112823486,0.8260631561279297,0.12003692388104847,0.6375566334138916,0.5435117172172192,0.13656727888613604,0.35941813834957387
267,1.0,2.0,1.0,0.875,1,0.4007319304666056,0.15293040293040294,0.17017383348581885,0.567568838596344,0.6502450704574585,0.006134928066870745,0.3455738868450059,0.8191733949751155,0.0059977423035892895,0.2942199880476454
268,8.0,1.0,1.0,0.75,2,0.5562913907284769,0.2535003684598379,0.19426048565121415,0.6317929625511169,0.6887968182563782,0.18834639372226322,0.6493113671389229,0.777126279216194,0.17096638499749128,0.44643760626871787
269,10.0,2.0,0.0,0.75,3,0.5641025641025641,0.19189189189189187,0.20377867746288797,0.637871503829956,0.5744746923446655,0.21995878810301486,0.3028678185822817,0.6369078229237122,0.29205481134088584,0.3629473102374736
270,2.0,2.0,1.0,0.875,1,0.5794392523364486,0.25826575171553334,0.20062305295950156,0.6371755003929138,0.6253820061683655,0.7758974596019983,0.5523754948928614,0.9366058316776047,0.8270809707639711,0.7729899392341089
271,8.0,1.0,1.0,1.0,3,0.4956043956043957,0.22222222222222224,0.18681318681318682,0.6722792983055115,0.59439617395401,0.04729997262123133,0.5421848373685569,0.6141738379326114,0.06231478913537553,0.3164933592644438
272,2.0,2.0,0.0,1.0,1,0.5772811918063314,0.2660037290242387,0.2259466170080695,0.5858460664749146,0.8052776455879211,0.4741288038967171,0.6212560025751735,0.747061601192155,0.470360914343079,0.5782018305017812
273,3.0,2.0,1.0,0.75,1,0.5248868778280543,0.19939577039274925,0.1689291101055807,0.5949147939682007,0.7203280329704285,0.34473932279210046,0.5757150344388325,0.9441091866713842,0.45564193478466053,0.5800513696717444
274,10.0,2.0,0.0,1.0,3,0.4013986013986014,0.14985994397759103,0.14405594405594405,0.5708574056625366,0.8523188829421997,0.08578585279536644,0.614693951688482,0.7502918649880617,0.15435820653631813,0.401282469002057
275,1.0,2.0,1.0,0.8888888888888888,1,0.5645161290322581,0.2234185733512786,0.20833333333333331,0.6448422074317932,0.4693896174430847,0.6454829489710111,0.5316823397699437,0.6693401136645144,0.7253483214432684,0.6429634309621843
276,8.0,1.0,1.0,0.875,2,0.5575411007862758,0.17895490336435216,0.19156540385989992,0.6329039931297302,0.4455644488334656,0.13680579765128872,0.6454372733443637,0.6506914184571571,0.12451839590171622,0.38936322133863144
277,1.0,1.0,1.0,0.8888888888888888,2,0.4207889793362555,0.1341692789968652,0.16906700062617408,0.5920172929763794,0.5118793845176697,0.1966701349656318,0.5505980035779724,0.6753849812004148,0.20971177243113262,0.4080912230437879
278,8.0,1.0,1.0,1.0,1,0.5402965828497743,0.20787604906391222,0.1998710509348807,0.6305246353149414,0.4415540397167206,0.016631167437871238,0.5288457108291683,0.7121040102119344,0.013563617127574647,0.3177861264016371
279,6.0,2.0,1.0,1.0,3,0.4568165596002855,0.19156540385989992,0.15988579586009993,0.6263015270233154,0.8258469700813293,0.12207095712060659,0.6377182183383556,0.7022884009032635,0.08660177020056288,0.38716983664069715
280,3.0,1.0,0.0,0.75,1,0.4869215291750503,0.18535930154466085,0.1837692823608317,0.6139767169952393,0.5255241990089417,0.18555874621295598,0.5772315796500599,0.7866965708743543,0.12094740489474885,0.4176085754080297
281,1.0,2.0,1.0,0.625,1,0.439622641509434,0.1388101983002833,0.1726415094339623,0.597610592842102,0.5393736958503723,0.11814314315134711,0.6319141451699477,0.871843481214373,0.11274812568914774,0.4336622238062039
282,1.0,1.0,0.0,0.625,1,0.5303430079155673,0.17040951122853368,0.19261213720316625,0.581149697303772,0.7068712115287781,0.5698112792558162,0.533360960738953,0.7660572156190129,0.5355714859714713,0.6012002353963133
283,1.0,2.0,1.0,0.625,1,0.49122807017543874,0.1585949973390101,0.1913875598086124,0.6189639568328857,0.6518454551696777,0.040907258275792384,0.5157633344157132,0.5959888826954894,0.04202696442818952,0.2986716099537961
284,1.0,2.0,1.0,1.0,1,0.48250186150409524,0.28912071535022354,0.22263588979895754,0.5940603017807007,0.5076399445533752,0.2748757218267044,0.533312627177603,0.821360872491109,0.3221667589068392,0.48792899510056387
285,2.0,1.0,0.0,1.0,1,0.5833968012185834,0.2425629290617849,0.18735719725818736,0.6378618478775024,0.6739380955696106,0.45113281698436897,0.5264189737870638,0.625869363089551,0.5018682544094752,0.5263223520676148
286,9.0,1.0,0.0,1.0,2,0.5486725663716814,0.2173656231541642,0.18879056047197643,0.5710574984550476,0.682925283908844,0.022403019750661717,0.4861546107469814,0.689043783433835,0.057247823980440524,0.3137123094779797
287,1.0,2.0,1.0,1.0,1,0.5570228091236495,0.2524038461538461,0.20408163265306126,0.5494769811630249,0.747214138507843,0.5737502888277737,0.6071976264482469,0.830864421791812,0.5295972703858194,0.6353524018634129
288,8.0,2.0,1.0,0.8888888888888888,3,0.5967252880533657,0.24893746205221617,0.20375985445724681,0.6052377820014954,0.7143906354904175,0.6555131202380224,0.6769640184878909,0.8350175336462315,0.6765495463152768,0.7110110546718554
289,1.0,2.0,1.0,0.6666666666666666,1,0.5637795275590551,0.22385706778770362,0.2194225721784777,0.6388077735900879,0.729436993598938,0.31229943276037353,0.566174069630787,0.8464306213136488,0.26672493909722356,0.4979072657005082
290,1.0,1.0,0.0,1.0,1,0.6212980466288596,0.28517350157728705,0.2180214240705734,0.6321086287498474,0.6975066065788269,0.09708113129133804,0.7886582349039691,0.7879158967252341,0.13162044058058298,0.45131892587528105
291,2.0,2.0,0.0,1.0,4,0.5417721518987343,0.20659062103929024,0.20253164556962028,0.5713675022125244,0.47294268012046814,0.02371375226147312,0.566464729872061,0.5575623770619486,0.022178887707115617,0.29247993672564954
292,1.0,2.0,1.0,1.0,1,0.4919583727530748,0.15734597156398106,0.22138126773888364,0.5997124314308167,0.7752233147621155,0.05594291581245756,0.6868899357297518,0.6057170692766118,0.11735803965744349,0.36647699011906615
293,8.0,1.0,1.0,1.0,2,0.5751258087706687,0.25053995680345575,0.21279654924514738,0.658546507358551,0.550926148891449,0.04373084446931827,0.42813519592260385,0.7269990139747216,0.06891473713602841,0.316944947875668
294,1.0,1.0,0.0,0.625,1,0.5295471987720644,0.2229054573405073,0.2056792018419033,0.6003701090812683,0.6420976519584656,0.09882406826206516,0.39004359252008575,0.5783821131179209,0.11580326101994715,0.29576325873000475
295,8.0,1.0,0.0,0.7142857142857143,2,0.5770750988142294,0.237467018469657,0.21739130434782608,0.6291175484657288,0.5789662599563599,0.040549259576186485,0.5056273058421635,0.5853365998211756,0.04377739219997699,0.2938226393598756
296,1.0,2.0,0.0,0.75,2,0.49259462424574874,0.21746293245469522,0.17882611080636313,0.5919778943061829,0.8212713599205017,0.040283894940576236,0.5690603604496144,0.5500774190393365,0.07176529430711229,0.30779674218415987
297,8.0,1.0,1.0,0.5714285714285714,1,0.3940490550864496,0.20523138832997992,0.1946119823080016,0.6029263734817505,0.5322271585464478,0.04435683084776116,0.38635207175106845,0.4980272307002576,0.05330622187337929,0.24551058879311663
298,2.0,1.0,1.0,1.0,1,0.5345773874862787,0.210989010989011,0.17782656421514817,0.6084882020950317,0.7735939025878906,0.1048629047563739,0.5480119942295111,0.6920557713403296,0.15288559703709498,0.37445406684082744
299,9.0,2.0,1.0,1.0,1,0.49377123442808607,0.2519863791146425,0.3035107587768969,0.6280980110168457,0.5657575130462646,0.3721635886775204,0.6267655428388906,0.582961135975061,0.11283843165015173,0.42368217478540593
300,2.0,1.0,1.0,1.0,2,0.45783132530120485,0.19571045576407506,0.1740294511378849,0.6107304692268372,0.6966628432273865,0.24080844483041794,0.7168251837971595,0.6615219780812827,0.2542463734507859,0.4683504950399115
301,8.0,2.0,0.0,1.0,2,0.5726708074534161,0.3233830845771144,0.20993788819875778,0.6056273579597473,0.6381481885910034,0.02508368006746798,0.6502965392431767,0.7522227502350345,0.035180017897803346,0.36569574686087064
302,9.0,1.0,1.0,0.75,2,0.5970548862115127,0.2734584450402145,0.24631860776439088,0.6248788833618164,0.6364265084266663,0.07832932017466118,0.6879918793027652,0.7740153590788064,0.06713578091921339,0.40186808486886155
303,8.0,1.0,1.0,1.0,1,0.5140771637122002,0.24739039665970772,0.2200208550573514,0.6077373027801514,0.4413870573043823,0.37278022425623714,0.3672239587781471,0.5899696247698786,0.4894296249457102,0.45485085818749327
304,1.0,1.0,0.0,0.875,1,0.4330117899249732,0.21052631578947364,0.20793140407288316,0.6014159321784973,0.7822514772415161,0.47345156308725617,0.7335765924576731,0.8852268047049405,0.69040843555818,0.6956658489520124
305,7.0,2.0,0.0,0.75,2,0.5517582961862307,0.2300446207238473,0.19415552253590887,0.5987796187400818,0.5041291117668152,0.7428806341476775,0.49852622864199597,0.8443875964747299,0.7703866151871368,0.7140452686128851
306,8.0,1.0,0.0,1.0,3,0.5281485780615206,0.22312608948285884,0.19616947185142197,0.6113170981407166,0.7773958444595337,0.4002863094218414,0.6028972702750742,0.6673594919044048,0.3952058421069227,0.5164372284270609
307,1.0,1.0,1.0,1.0,3,0.42636579572446553,0.2009512485136742,0.17458432304038007,0.5971148014068604,0.5318663716316223,0.028275054046016566,0.4711533603017216,0.425510733211117,0.03304997601502232,0.23949728089346936
308,8.0,1.0,1.0,1.0,1,0.5546134663341645,0.2616075886170744,0.2164588528678304,0.6176859140396118,0.8519156575202942,0.0967250567919746,0.6535418260808125,0.7562597489816757,0.07740506945301114,0.39598292532686846
309,1.0,1.0,1.0,0.625,2,0.5929648241206029,0.24025157232704403,0.20854271356783924,0.5990660786628723,0.8636959195137024,0.4273199466612163,0.6688630006581532,0.8483542968043424,0.5848037330072824,0.6323352442827486
310,1.0,1.0,0.0,0.75,1,0.535334584115072,0.20538509705698185,0.2013758599124453,0.649078905582428,0.627291202545166,0.31337778161372815,0.4146923685802406,0.7314683342329446,0.3370250329528403,0.44914087934493846
311,1.0,2.0,1.0,0.875,1,0.5566870332654447,0.2080217539089055,0.19280380176510523,0.6178067326545715,0.5656709671020508,0.01078653587602277,0.6092860634484821,0.8162666109859352,0.01009976993174185,0.36160974506054544
312,5.0,2.0,1.0,0.625,1,0.3948863636363637,0.18763326226012794,0.16477272727272727,0.6012754440307617,0.7416679263114929,0.007367984092473087,0.47405708542699326,0.6444009098364217,0.00927427324054049,0.2837750631491071
313,4.0,2.0,1.0,0.625,1,0.47241379310344833,0.20713463751438432,0.1908045977011494,0.5735419392585754,0.6368278861045837,0.08149958706738794,0.5179102896747303,0.7814693214777669,0.09091732453919865,0.367949130689771
314,9.0,1.0,0.0,1.0,2,0.39146800501882056,0.13584905660377358,0.1806775407779172,0.5928835272789001,0.6163865327835083,0.01699480309843406,0.714854382516609,0.4686967568270191,0.0325650709092986,0.3082777533378402
315,8.0,1.0,1.0,1.0,2,0.5766871165644173,0.214987714987715,0.20368098159509201,0.6152325868606567,0.6874327659606934,0.8120084080707716,0.5584056376122137,0.818640739621888,0.8546341985030895,0.7609222459519907
316,9.0,2.0,1.0,0.625,1,0.4748427672955975,0.21091290661070305,0.20440251572327042,0.63197261095047,0.7862310409545898,0.906966620350622,0.6950465586188931,0.7983627396030278,0.9168433841183757,0.8293048256727297
317,1.0,1.0,0.0,1.0,1,0.4783931832014607,0.21572212065813529,0.21545952525867318,0.597497820854187,0.5672560930252075,0.17517500793456922,0.5336054677017047,0.6924928058075859,0.16232439188587702,0.3908994183324342
318,2.0,2.0,1.0,1.0,1,0.5590293980401306,0.3185427370387669,0.2314512365842277,0.6488848924636841,0.7055919170379639,0.008780034341576698,0.5322740710343917,0.7058173665294931,0.010620235486522588,0.314372926847996
319,4.0,1.0,1.0,0.8888888888888888,2,0.3811475409836066,0.13953488372093023,0.1612021857923497,0.5563181638717651,0.7064750790596008,0.23217139183159655,0.3989342974021711,0.5393877826071783,0.19660103595071196,0.34177362694791447
320,1.0,1.0,0.0,1.0,1,0.5454545454545454,0.2555425904317386,0.1993006993006993,0.6134492754936218,0.4408617913722992,0.016598393287313686,0.46952359212406536,0.7465836648757646,0.03643546218767389,0.3172852781187044
321,4.0,1.0,1.0,0.8888888888888888,2,0.5737051792828686,0.3259259259259259,0.2151394422310757,0.6760212779045105,0.5711846351623535,0.1710472002438929,0.5727215723663682,0.689475586750172,0.19349911468281827,0.40668586851081284
322,1.0,2.0,1.0,0.75,1,0.4366883116883117,0.17140536149471972,0.15016233766233766,0.5624927878379822,0.8140370845794678,0.1011905763751516,0.6322459114852417,0.7667519813110555,0.1267698659960838,0.4067395837918832
323,9.0,1.0,0.0,0.5555555555555556,3,0.49547608789314956,0.25442000862440706,0.1887117621714778,0.5750398635864258,0.655813992023468,0.007139918761918479,0.670418961458002,0.6777254674204547,0.01100679041887524,0.3415727845148126
324,2.0,2.0,0.0,1.0,2,0.3570528967254408,0.1745431632010082,0.14987405541561713,0.6001662015914917,0.5595804452896118,0.420915998920416,0.5361734150566286,0.7496173924919896,0.45685309671542024,0.5408899757961136
325,2.0,1.0,1.0,1.0,2,0.6046221111805122,0.26391494684177613,0.22236102435977512,0.6045668125152588,0.7481475472450256,0.6398818546246584,0.7099181659332577,0.8935697273451197,0.8343922257399674,0.7694404934107508
326,10.0,2.0,1.0,1.0,2,0.5188017845761632,0.2539885130823229,0.22944550669216063,0.6848299503326416,0.5353332161903381,0.29600814397245334,0.5435365170760975,0.557932125983526,0.31981963724553225,0.4293241060694023
327,8.0,1.0,1.0,0.75,3,0.4570082449941107,0.16745283018867926,0.17314487632508835,0.6119369268417358,0.6608955264091492,0.39795814087767556,0.5758835228581465,0.7241424976779753,0.44281928566434475,0.5352008617695355
328,1.0,1.0,0.0,0.5555555555555556,1,0.49913743530764804,0.2613701784686241,0.20816561242093154,0.6166470646858215,0.5596325993537903,0.13059140990993126,0.5164991474714639,0.7147564140850247,0.15854011898459167,0.3800967726127528
329,1.0,2.0,1.0,1.0,1,0.29024186822351966,0.19548872180451127,0.21351125938281898,0.6215652227401733,0.5987804532051086,0.29170217571852314,0.4296589983156217,0.47488745420259415,0.3454944542073681,0.38543577061102674
330,2.0,2.0,1.0,1.0,1,0.43514211886304915,0.2131401965856182,0.1922480620155039,0.6187351942062378,0.7235589027404785,0.7367868261879419,0.7509490942472502,0.6292711837358148,0.7155445546885549,0.7081379147148905
331,2.0,2.0,1.0,1.0,1,0.5117924528301887,0.27154663518299876,0.23584905660377356,0.6152696013450623,0.5254718065261841,0.16560101331865765,0.45288785668448495,0.612521810843947,0.308881192031234,0.3849729682195809
332,3.0,2.0,1.0,1.0,1,0.41764705882352937,0.16306483300589392,0.17843137254901958,0.6280165910720825,0.796294629573822,0.0451302375104412,0.5584407757581787,0.7346443701556293,0.017215374341998338,0.33885768944156186
333,2.0,2.0,1.0,1.0,1,0.488822652757079,0.2028841372451517,0.20864381520119224,0.602034866809845,0.6962581276893616,0.310135448468903,0.6304171354345298,0.7264655120740673,0.45320444334981713,0.5300556348318293
334,9.0,1.0,1.0,1.0,2,0.5252525252525252,0.2607770090473656,0.2052099946836789,0.5941154360771179,0.5246114134788513,0.8378286352742831,0.5023504169578217,0.7845805437140584,0.8795801232545385,0.7510849298001754
335,8.0,1.0,0.0,1.0,2,0.46542261251372113,0.1716171617161716,0.16465422612513722,0.6249746084213257,0.41802966594696045,0.1618010171964458,0.7053252922827173,0.6651722951042912,0.17998143460987007,0.4280700097983311
336,8.0,1.0,1.0,1.0,1,0.525679758308157,0.21028744326777613,0.1918429003021148,0.6177318096160889,0.7166106700897217,0.2610721312310872,0.512005591510202,0.7061865588419657,0.4971344261720522,0.4940996769388268
337,10.0,2.0,1.0,1.0,2,0.5399644760213145,0.3149466192170819,0.27886323268206037,0.6628819704055786,0.5553468465805054,0.05120776279854321,0.4834064349431632,0.6738999074646916,0.033614219493420236,0.3105320811749545
338,8.0,2.0,1.0,1.0,2,0.41628641628641627,0.21215314365999297,0.18883818883818881,0.6567915678024292,0.7176418304443359,0.42584897309370223,0.508157107573668,0.6120339265008415,0.4036402178707766,0.4874200562597471
339,8.0,1.0,1.0,0.875,2,0.4216388225934765,0.19282868525896416,0.21161495624502788,0.5708088874816895,0.6843971610069275,0.030712315532588293,0.46832784827207896,0.474840518720489,0.03141024574057757,0.25132273206643346
340,8.0,1.0,1.0,1.0,1,0.5278137128072445,0.1904145077720207,0.1979301423027167,0.6103173494338989,0.7186789512634277,0.009523542437455536,0.528155158368186,0.45150555858705593,0.013033831764539127,0.2505545227893092
341,1.0,2.0,1.0,0.75,1,0.5804046858359957,0.25053304904051177,0.20660276890308837,0.5880135893821716,0.43162575364112854,0.07057565683841067,0.3361893533724039,0.8019697654557044,0.06710723380701739,0.3189605023683841
342,2.0,1.0,1.0,1.0,3,0.6193793540215325,0.2891566265060241,0.21912602913236226,0.6581675410270691,0.7010583281517029,0.12027394504348571,0.4900631014216039,0.7783959481505193,0.2765920947988741,0.4163312723536208
343,8.0,2.0,1.0,1.0,2,0.5522959183673469,0.24137931034482757,0.2040816326530612,0.6200068593025208,0.706397294998169,0.8328016076360717,0.5078632783298291,0.8032784498714968,0.855802251466511,0.7499363968259771
344,9.0,2.0,1.0,1.0,0,0.39854545454545454,0.17188638018936633,0.20945454545454545,0.6049808859825134,0.6685691475868225,0.01746204261206489,0.37394430349724506,0.40295172415423613,0.020324395345913626,0.20367061640236495
345,9.0,1.0,0.0,0.75,1,0.37779618889809446,0.22406639004149376,0.23695111847555925,0.6234106421470642,0.7643216252326965,0.04797632788110034,0.69966719970943,0.6519342509556129,0.04016502497914344,0.35993570088132165
346,1.0,2.0,1.0,0.75,1,0.5729234793982996,0.1925343811394892,0.17266187050359713,0.5787604451179504,0.6338446140289307,0.018854394798645823,0.4373038984189204,0.7936677927050598,0.019273444902257693,0.31727488270622095
347,2.0,2.0,1.0,1.0,1,0.4532019704433497,0.16863905325443787,0.1793103448275862,0.560431718826294,0.6765848994255066,0.08772129135794121,0.617398662531288,0.8428721754776715,0.07974786913921829,0.40693499962652974
348,3.0,2.0,0.0,1.0,2,0.40976020193521245,0.15157894736842106,0.15397559949516196,0.5900004506111145,0.4935314357280731,0.3409606639729507,0.5427526096114749,0.7835285834027448,0.14768970417068947,0.45373289028946495
349,9.0,1.0,1.0,0.875,1,0.48442534908700324,0.2032258064516129,0.19011815252416753,0.5876842141151428,0.5102691054344177,0.20724794224563506,0.7379995577476348,0.753305493936221,0.2550335668479308,0.48839664019435547
350,1.0,2.0,1.0,0.5555555555555556,1,0.5605617320070216,0.2671353251318102,0.23288472791105913,0.602121114730835,0.6446124911308289,0.015014902584567311,0.43863480672488236,0.594778432877535,0.016744476546116018,0.2662931546832752
351,9.0,1.0,1.0,1.0,2,0.5263707571801567,0.25300575013068477,0.23394255874673633,0.6051341891288757,0.7987678647041321,0.044409510273081744,0.5401103185983553,0.6877115140486391,0.05035564021922677,0.33064674578482567
352,2.0,1.0,1.0,0.625,3,0.4757221880762139,0.23261538461538464,0.20282728948985865,0.6484138369560242,0.5495855808258057,0.2615231741125365,0.704467586050124,0.7577011860032795,0.29976454975829864,0.5058641239810596
353,1.0,2.0,1.0,0.625,1,0.40936977133296154,0.16638749302065886,0.19966536530953707,0.6173012852668762,0.6487133502960205,0.06277840940874603,0.5933907273582205,0.5004727126461683,0.053855859374161805,0.3026244271968242
354,4.0,2.0,0.0,0.625,1,0.47786811201445345,0.18987341772151897,0.1761517615176152,0.6099979877471924,0.7755938172340393,0.14049187421627468,0.7236012271982388,0.6413334037454244,0.16053397977235556,0.41649012123307333
355,13.0,1.0,0.0,0.75,3,0.461906661348225,0.19321357285429142,0.18268847227762264,0.6511914134025574,0.5540547370910645,0.7779989972331748,0.7729973590861536,0.8783359986825957,0.8422672445573893,0.8178998998898284
356,4.0,2.0,1.0,0.875,1,0.42020202020202024,0.16183412002697234,0.18047138047138048,0.5648736953735352,0.5196025967597961,0.6472955770835581,0.5912912274831752,0.835948892048659,0.6110666374164496,0.6714005835079605
357,3.0,2.0,1.0,1.0,1,0.5101351351351351,0.27282976324689967,0.2713963963963964,0.5976879000663757,0.7031190395355225,0.405387533299956,0.655586119554021,0.8942121258535349,0.501119905965689,0.6140764211683003
358,1.0,2.0,1.0,0.625,1,0.46167097329888024,0.19051724137931036,0.1851851851851852,0.6330664753913879,0.6524435877799988,0.3936670719679253,0.6911008676848903,0.87192560659502,0.4652397119220144,0.6054833145424625
359,9.0,2.0,1.0,0.7777777777777778,1,0.561601000625391,0.2617407639323732,0.22764227642276424,0.6338967084884644,0.733900785446167,0.04785370951554622,0.48470159862413587,0.7415299116928384,0.09018626649503474,0.34106787158188884
360,1.0,1.0,0.0,1.0,1,0.33738384560400286,0.14459556191839656,0.19871336669049322,0.6114544868469238,0.5981046557426453,0.08673187532396393,0.575081295126219,0.6718991430604989,0.08684514012592855,0.35513936340915253
361,8.0,2.0,1.0,1.0,3,0.5541795665634676,0.2651162790697675,0.2569659442724458,0.6635119318962097,0.7632712125778198,0.0416992746930842,0.5373723191018571,0.5957232750163559,0.08256554052816639,0.3143401023348659
362,8.0,2.0,1.0,1.0,2,0.41284403669724773,0.21671258034894397,0.17798165137614677,0.6251761317253113,0.5745341777801514,0.5773854130397316,0.49458886991218903,0.850506831350333,0.543261363137168,0.6164356193598554
363,8.0,2.0,1.0,0.875,2,0.5638985579313774,0.28870084619213543,0.18697165589259077,0.5919510722160339,0.568792462348938,0.683158962926979,0.4861892611496881,0.7660319542081032,0.7291379866112322,0.6661295412240007
364,2.0,2.0,1.0,1.0,2,0.4083333333333334,0.1659716430358632,0.15833333333333333,0.5715871453285217,0.518381655216217,0.022880946713900892,0.41772301262568606,0.6019235002371581,0.03167229214980976,0.2685499379316387
365,1.0,1.0,1.0,1.0,1,0.3986429177268872,0.1954120645709431,0.16284987277353688,0.6083455085754395,0.7563374638557434,0.12330694436599433,0.6742781946463766,0.6282277060506608,0.18552182111471224,0.402833666544436
366,8.0,1.0,0.0,0.75,3,0.5095057034220531,0.23977164605137963,0.21673003802281368,0.6548376083374023,0.6472839117050171,0.5248800299030411,0.6055137428147807,0.6489111656302791,0.545182182974575,0.581121780330669
367,8.0,2.0,0.0,1.0,2,0.5386819484240687,0.25014343086632246,0.20515759312320916,0.6167859435081482,0.5794813632965088,0.1875904427190984,0.5520852801694468,0.7761800386406148,0.20529491613871909,0.4302876694169697
368,9.0,1.0,1.0,1.0,2,0.5976757055893747,0.3379501385041552,0.2235749861649142,0.6835600137710571,0.3695248067378998,0.35760202334220303,0.6065389032559485,0.7409742561506181,0.44608012165216776,0.5377988261002343
369,9.0,1.0,1.0,1.0,3,0.5842696629213483,0.2812939521800281,0.2247191011235955,0.5431511998176575,0.543825089931488,0.0035930848768301834,0.4752265101613574,0.6864874195544575,0.00364571500561956,0.29223818239956617
370,3.0,2.0,1.0,0.7777777777777778,1,0.5009225092250923,0.24192059095106186,0.20940959409594095,0.5956303477287292,0.7862592935562134,0.009003934137541622,0.48550185244840405,0.6117781159947756,0.006235840582568744,0.27812993579082246
371,1.0,1.0,0.0,0.75,1,0.5875370919881305,0.32323232323232326,0.257566765578635,0.637121319770813,0.6349825859069824,0.16216546664187279,0.5600515863123106,0.8125681772474305,0.22677702258662213,0.440390563197059
372,9.0,1.0,1.0,1.0,3,0.5523316062176166,0.25,0.20310880829015546,0.5937931537628174,0.6915897130966187,0.1991695902591515,0.5337304557818728,0.674689727900988,0.23267475104547616,0.41006613124687213
373,9.0,2.0,1.0,1.0,2,0.5178066704352743,0.2173174872665535,0.1888072357263991,0.6181618571281433,0.6906005144119263,0.10295075865988314,0.5214068764896297,0.6596027559333019,0.228958794697754,0.37822979644514215
374,2.0,1.0,0.0,0.7777777777777778,1,0.4594594594594594,0.23734729493891799,0.20662598081952924,0.6106678247451782,0.8695922493934631,0.46356099001549667,0.6862297896447103,0.8673536156792812,0.4353074139351193,0.6131129523186519
375,2.0,1.0,1.0,0.6666666666666666,2,0.4000000000000001,0.18258426966292135,0.1375438596491228,0.5513572096824646,0.7700664401054382,0.4391734152418113,0.660581158699853,0.764102461523759,0.3892297863807952,0.5632717054615546
376,2.0,1.0,1.0,0.5555555555555556,2,0.4210139603232917,0.2051470588235294,0.19691403379867742,0.561133623123169,0.5176527500152588,0.01973543158590546,0.36558062798186386,0.717336096413208,0.014482297557084307,0.2792836133845154
377,9.0,2.0,1.0,1.0,3,0.56045197740113,0.2669683257918552,0.18870056497175144,0.594678521156311,0.7225942611694336,0.083590589431784,0.53283420006868,0.5362052470019325,0.08027033029636474,0.3082250916996903
378,9.0,2.0,1.0,0.5555555555555556,1,0.5050167224080268,0.20200892857142858,0.20735785953177255,0.647466778755188,0.4676910638809204,0.7581590502834803,0.47120287925147925,0.8232432582090738,0.7196849319400073,0.6930725299210102
379,2.0,2.0,1.0,1.0,1,0.5806805708013173,0.24065934065934064,0.18990120746432493,0.61480712890625,0.7141870260238647,0.644113048317193,0.563035992774762,0.722364773595975,0.683289612294157,0.6532008567455218
380,1.0,2.0,1.0,1.0,1,0.6183932346723044,0.2857142857142857,0.18921775898520082,0.6194120645523071,0.640996515750885,0.6068159944247219,0.484676544095687,0.7180026608731741,0.6699714429278777,0.6198666605803652
381,1.0,2.0,1.0,0.5555555555555556,1,0.508345255126371,0.21384248210023868,0.18597997138769667,0.5763263702392578,0.8071916699409485,0.5556180386907137,0.539548524336615,0.8478922516138776,0.7327433768628665,0.6689505478760182
382,1.0,1.0,0.0,0.625,1,0.6026200873362446,0.2623360399750156,0.22208359326263255,0.62079918384552,0.5056349635124207,0.33546762449489526,0.5086131884519192,0.8366849370572461,0.37693169205081806,0.5144243605137196
383,9.0,1.0,1.0,1.0,2,0.536741214057508,0.2420042643923241,0.18317358892438768,0.5652449131011963,0.8913421630859375,0.0051868405147687,0.3690126796352182,0.5565380296676943,0.006151344918015696,0.23422222368392423
384,1.0,2.0,1.0,0.6666666666666666,1,0.5825602968460112,0.24891640866873063,0.22263450834879406,0.5852084159851074,0.5722565054893494,0.5516405439501505,0.553425038204913,0.8650686215925044,0.6125782374262062,0.6456781102934436
385,1.0,2.0,1.0,0.8888888888888888,1,0.5799338478500551,0.27483443708609273,0.20286659316427783,0.5889840722084045,0.7122769355773926,0.003045875246199475,0.5556536498061112,0.6583866361755487,0.0024453564562953523,0.3048828794210387
386,1.0,1.0,0.0,0.5555555555555556,1,0.5002621919244888,0.22677165354330708,0.21080230728893548,0.5759813189506531,0.5453857183456421,0.6207460648627271,0.5973968708912121,0.9122421818327969,0.6286332905663864,0.6897546020382805
387,8.0,2.0,0.0,1.0,2,0.409375,0.18764659890539484,0.18437499999999998,0.5797401666641235,0.5752612352371216,0.11047860069722129,0.6226874553712098,0.6993642513884987,0.18650731869443446,0.40475940653784104
388,1.0,1.0,0.0,1.0,1,0.5198863636363636,0.17069701280227598,0.2002840909090909,0.5867772102355957,0.5915195345878601,0.4279104521737969,0.6407819970931363,0.8246349159952217,0.4644043857405288,0.589432937750671
389,8.0,1.0,1.0,1.0,2,0.413265306122449,0.16751787538304394,0.16224489795918365,0.6331712007522583,0.7297161221504211,0.05167868854291135,0.6867373791427758,0.5647837748980357,0.06094408961913408,0.3410359830507142
390,8.0,1.0,1.0,1.0,2,0.5401459854014599,0.24508150646430582,0.19427288040426727,0.5978151559829712,0.6762933135032654,0.49530845906709925,0.461457324276086,0.8261290110335938,0.5301836738428346,0.5782696170549034
391,7.0,1.0,1.0,0.5555555555555556,2,0.5294117647058824,0.2583081570996979,0.24132730015082954,0.5996689200401306,0.5919486284255981,0.6768839161381028,0.6953651121640484,0.7742500589278765,0.7399808774406789,0.7216199911676767
392,7.0,1.0,1.0,0.5555555555555556,2,0.46910239061795217,0.17697516930022575,0.15516463689670726,0.5804139971733093,0.6664963960647583,0.0333567429098536,0.40500091599576477,0.5363587608168523,0.03691139646574351,0.25290695404705354
393,9.0,1.0,1.0,1.0,2,0.39946500222915743,0.1463632307005801,0.1640659830584039,0.6178691387176514,0.5099164843559265,0.31323171408451894,0.459747386481366,0.8409699579523896,0.25003463101694545,0.465995922383805
394,9.0,2.0,1.0,1.0,2,0.47485127095727425,0.17541959935029777,0.16657652785289345,0.5501073002815247,0.5998935699462891,0.34087552088402895,0.5568759423159654,0.5125296349903116,0.31522695700145903,0.43137701379794124
395,9.0,2.0,1.0,1.0,3,0.5857142857142857,0.2474964234620887,0.2114285714285714,0.6080377101898193,0.6175728440284729,0.6306566304489648,0.6494265544783316,0.6374324568259773,0.6250048056912259,0.635630111861125
396,1.0,2.0,1.0,0.6666666666666666,1,0.5236220472440946,0.25221674876847294,0.2312992125984252,0.6198218464851379,0.6362966895103455,0.42681795409698875,0.526030928717408,0.6335525840435342,0.538124989364131,0.5311316140555155
397,2.0,1.0,1.0,0.5555555555555556,2,0.541497975708502,0.23505572441742656,0.20850202429149797,0.6725092530250549,0.5105710625648499,0.520040246702835,0.5090629959524019,0.7551511275812138,0.744236764933872,0.6321227837925807
398,7.0,1.0,1.0,0.5555555555555556,3,0.4105461393596988,0.17565020731247644,0.15141242937853108,0.5830486416816711,0.6168949604034424,0.00529786067298046,0.40441096466501686,0.8040158689974799,0.006266043952044579,0.3049976845718804
399,2.0,1.0,1.0,0.625,2,0.45124617402710976,0.16192560175054704,0.15828596414516835,0.6308929920196533,0.5039240717887878,0.2451491405199023,0.7134827899254446,0.8327999543431717,0.27198633939077416,0.5158545560448232
400,9.0,1.0,0.0,0.5555555555555556,3,0.34739598487052664,0.15254730713245995,0.1373290660459703,0.5924767255783081,0.8071727752685547,0.6840000659240633,0.6910167246781788,0.9064941441801379,0.6493192666065345,0.7327075503472286
401,1.0,1.0,0.0,1.0,1,0.40293809024134314,0.20609884332281808,0.21615949632738718,0.644064724445343,0.8366645574569702,0.10047352850260827,0.5555006561032872,0.557946675391707,0.05876692561822599,0.3181719464039571
402,1.0,2.0,1.0,1.0,1,0.3787103377686797,0.19076923076923077,0.2313203684749232,0.6285582780838013,0.899551510810852,0.07186678618744628,0.8570726102679604,0.7899233791333241,0.1220752135864167,0.46023449729378685
403,8.0,2.0,0.0,1.0,2,0.4884937238493724,0.218848167539267,0.20502092050209206,0.5733532905578613,0.5193736553192139,0.14272911092402368,0.49722902879606956,0.5911712370063562,0.17115012034358268,0.3505698742675081
404,3.0,2.0,1.0,0.8888888888888888,1,0.5343358395989974,0.286001003512293,0.20050125313283207,0.5912781357765198,0.5429595708847046,0.7393977295685473,0.41514512849175816,0.6701517512068543,0.8589694602855442,0.6709160173881761
405,1.0,2.0,1.0,0.7777777777777778,1,0.4215196894065446,0.1365907828983898,0.16860787576261785,0.5734550952911377,0.5545893311500549,0.08435549668938909,0.6298263831299613,0.7534234130101563,0.11140989973879871,0.39475379814207634
406,2.0,1.0,1.0,0.7777777777777778,1,0.5701624815361891,0.2878265155248891,0.24618414574101424,0.5685506463050842,0.8381189703941345,0.014818089966675975,0.5856789810701268,0.8154191425472473,0.01675093735830325,0.35816678773558835
407,1.0,2.0,1.0,0.6666666666666666,1,0.5665280665280665,0.26534859521331944,0.19646569646569645,0.6310679316520691,0.6811359524726868,0.09479152943454099,0.674955588910365,0.761249411155491,0.11254233862839581,0.4108847170321982
408,8.0,2.0,0.0,1.0,3,0.4343720491029273,0.20226843100189038,0.17941454202077434,0.5982304811477661,0.41842278838157654,0.10210344182977542,0.5005608708918422,0.5470632249663608,0.07990577544532626,0.3074083282833262
409,3.0,2.0,1.0,0.7777777777777778,1,0.40597539543058,0.16358839050131926,0.17750439367311072,0.575821578502655,0.7170295119285583,0.6759581339479418,0.5125187969244142,0.7790816679982008,0.5861083185166798,0.638416729346809
410,10.0,1.0,1.0,0.7777777777777778,3,0.44769874476987453,0.18592964824120606,0.18912133891213392,0.6204564571380615,0.7673795223236084,0.6321632101965513,0.8399734118492528,0.8679707766365606,0.5413920522846412,0.7203748627417514
411,6.0,1.0,0.0,0.5555555555555556,1,0.5627836611195159,0.26969696969696966,0.2254160363086233,0.6746678948402405,0.7411160469055176,0.032614807408183795,0.5127259073307076,0.7438946915015079,0.053299298016467316,0.3356336760642166
412,9.0,1.0,1.0,1.0,1,0.44201520912547526,0.19790675547098,0.19011406844106465,0.6187600493431091,0.4715519845485687,0.5398778052486057,0.6151656454986999,0.8199545012099435,0.5062510104975515,0.6203122406137002
413,5.0,1.0,1.0,0.5555555555555556,1,0.4605504587155963,0.20477502295684114,0.17522935779816518,0.5897043347358704,0.7856124043464661,0.018978737569782418,0.4208823416525908,0.5056454131009643,0.01874780709734388,0.24106357485517038
414,8.0,1.0,0.0,0.5555555555555556,2,0.5066258919469928,0.20204081632653062,0.19775739041794088,0.5992081165313721,0.8022758364677429,0.053334817700123265,0.6065119745011118,0.7506477560811028,0.18377258636959184,0.3985667836629824
415,8.0,2.0,0.0,0.7777777777777778,3,0.4041965764770845,0.12050856826976228,0.18553285477636666,0.632169246673584,0.6458237171173096,0.1510214727880721,0.6283801624954379,0.5494392181291786,0.2866610206381248,0.40387546851270334
416,9.0,1.0,0.0,0.6666666666666666,1,0.5622489959839357,0.2319034852546917,0.19812583668005357,0.6109141707420349,0.757612407207489,0.5241137427464309,0.5447923793459652,0.5850071353599043,0.4708235556872305,0.5311842032848828
417,2.0,2.0,1.0,0.8888888888888888,1,0.47188940092165904,0.2269372693726937,0.20184331797235022,0.6047812104225159,0.3537212610244751,0.41643531439306936,0.6147709149787767,0.8870166768604159,0.4956528171370401,0.6034689308423254
418,1.0,2.0,1.0,0.7777777777777778,1,0.49410609037328096,0.26253687315634217,0.18467583497053044,0.6019032001495361,0.7263787388801575,0.2047908309038861,0.33621818145078913,0.6424878574123438,0.192311453768828,0.3439520808839618
419,8.0,1.0,0.0,1.0,1,0.5338809034907598,0.2476875642343268,0.2043121149897331,0.5864494442939758,0.5721597075462341,0.47373540557422655,0.5328558656570602,0.7767791658176347,0.5211520001583123,0.5761306093018085
420,8.0,2.0,1.0,0.5555555555555556,1,0.5447209145931405,0.2747474747474748,0.2595830531271015,0.6771512627601624,0.827181339263916,0.036145476696556954,0.6551829543203546,0.7313349418473877,0.029948207408183596,0.3631528950681207
421,4.0,2.0,0.0,0.5555555555555556,2,0.3972758229284904,0.1885649375236653,0.1853953840332955,0.6153256297111511,0.457495778799057,0.03859416258122554,0.5136492307249523,0.5245503801989052,0.028725173313738923,0.2763797367047055
422,8.0,2.0,1.0,0.5555555555555556,3,0.3644373247897477,0.13947895791583165,0.15458550260312373,0.57518070936203,0.6042134165763855,0.05895672223119651,0.44753583439590233,0.5816756570523537,0.07181826608494338,0.28999661994109893
423,8.0,2.0,1.0,0.8888888888888888,2,0.5584269662921348,0.21147356580427445,0.21011235955056182,0.5892905592918396,0.7232663631439209,0.03995907868951297,0.5444454969744185,0.7851723762968955,0.03437153140256436,0.3509871208408478
424,2.0,1.0,1.0,0.5555555555555556,1,0.382419233658903,0.1857142857142857,0.1652892561983471,0.57493656873703,0.6487612724304199,0.1783722602520083,0.39886583763382744,0.8151004057375166,0.23725618263632173,0.40739867156491855
425,8.0,2.0,0.0,1.0,3,0.5582278481012658,0.20278833967046897,0.189873417721519,0.5718855261802673,0.749295175075531,0.06962636353542782,0.6021255574721165,0.8214928334098164,0.06979371800561311,0.3907596181057435
426,9.0,1.0,1.0,1.0,2,0.5377720870678617,0.21794871794871792,0.20102432778489113,0.5903496742248535,0.5340685248374939,0.02653270606849729,0.3801917929497178,0.4570111102131203,0.027056017958058388,0.2226979067973484
427,2.0,2.0,1.0,0.7777777777777778,2,0.3881278538812785,0.13501144164759726,0.15296803652968036,0.5739548206329346,0.6314135193824768,0.5256984299636731,0.5966970924485099,0.8147995337696075,0.6640654341613277,0.6503151225857795
428,8.0,1.0,1.0,0.7777777777777778,3,0.5991902834008096,0.3067567567567568,0.2253711201079622,0.5912390947341919,0.6243012547492981,0.18383794215748966,0.5874408263153331,0.627451531331445,0.22598954724502465,0.4061799617623231
429,1.0,2.0,1.0,0.6666666666666666,1,0.5621301775147929,0.26303317535545023,0.2248520710059172,0.6347695589065552,0.47480639815330505,0.15856917418128097,0.6976256616650957,0.7525855080314406,0.24435308300093164,0.46328335671968723
430,12.0,1.0,1.0,0.5555555555555556,1,0.5576259489302968,0.25017277125086385,0.19875776397515527,0.5648578405380249,0.592469334602356,0.14614634849974303,0.46800355536024973,0.6375531128154812,0.1621938189949422,0.353474208917604
431,14.0,2.0,0.0,0.6666666666666666,2,0.5725853094274147,0.33121019108280253,0.26951995373048,0.6219540238380432,0.7581685185432434,0.3395162397108066,0.6375315477480714,0.62801161802841,0.3270848703428333,0.4830360689575303
432,8.0,2.0,0.0,0.5555555555555556,2,0.601347213717085,0.23298589822194973,0.20575627679118189,0.6179130673408508,0.7260593175888062,0.7626568799359981,0.6471509558958661,0.8763205224691163,0.7963806326096554,0.770627247727659
433,9.0,2.0,0.0,0.875,4,0.5583876704208655,0.24807121661721068,0.2122110254890338,0.5733635425567627,0.6637677550315857,0.06011202086859614,0.5566257205202991,0.7903592812684382,0.0695446738262791,0.36916042412090316
434,2.0,1.0,0.0,0.6666666666666666,1,0.34764826175869123,0.0860655737704918,0.15132924335378323,0.5812067985534668,0.8469391465187073,0.3297878919310645,0.6500118541442236,0.9161585560641985,0.3999431598520678,0.5739753654978886
435,12.0,2.0,1.0,0.7777777777777778,2,0.5251469627694318,0.25768476128188356,0.1789679947746571,0.6085508465766907,0.5813162326812744,0.018499622671379345,0.5569469219215413,0.5132855368484583,0.02252088650138267,0.2778132419856904
436,1.0,1.0,0.0,0.5555555555555556,1,0.5447800741918389,0.2312997347480106,0.20985691573926865,0.6429039239883423,0.6863833665847778,0.07919929336722333,0.5894746434556121,0.7954423975992784,0.18986305087049166,0.41349484632315137
437,9.0,2.0,0.0,1.0,1,0.5407503234152652,0.24481865284974094,0.24320827943078913,0.6276606917381287,0.5027892589569092,0.6876393028757857,0.6227081847076877,0.7877318200011973,0.6582362501670808,0.6890788894379379
438,6.0,2.0,1.0,1.0,1,0.5749559082892416,0.27561837455830385,0.25573192239858905,0.6550579071044922,0.5086849331855774,0.005770474607055729,0.6076138642202876,0.7596819969943075,0.0065884573108760305,0.34491369828313173
439,10.0,1.0,1.0,1.0,1,0.5898617511520737,0.24258404746209628,0.19223173140223834,0.5970788598060608,0.5519639253616333,0.17718091272623748,0.5902533849027255,0.7387549556910926,0.09227799018662887,0.3996168108766711
440,9.0,2.0,0.0,0.5555555555555556,1,0.3708421797593772,0.14093484419263455,0.14225053078556263,0.5744637846946716,0.6865017414093018,0.30438850034070486,0.5262433140844118,0.7376071158785795,0.30105525358809465,0.46732354597294773
441,1.0,2.0,1.0,0.7777777777777778,1,0.5539757767245918,0.2414338429098577,0.220115850447604,0.5804862976074219,0.5994935035705566,0.46963791402322963,0.504562970936408,0.7458548087679958,0.45627148450969496,0.5440817945593321
442,5.0,1.0,1.0,0.6666666666666666,3,0.5393794749403341,0.21027479091995221,0.2159904534606205,0.6522495746612549,0.5134556293487549,0.43787500499942095,0.5162270756224412,0.9106009780729006,0.39961883399251186,0.5660804731718186
443,2.0,2.0,0.0,1.0,2,0.4911032028469752,0.2531194295900178,0.2722419928825623,0.6052561402320862,0.7144407033920288,0.7235680672147693,0.610116465496548,0.6051673312173027,0.6629831563670835,0.6504587550739258
444,8.0,2.0,0.0,1.0,3,0.5,0.2156862745098039,0.18894009216589863,0.6094228625297546,0.5426505208015442,0.028225518933740777,0.4606838502636497,0.6918601503460067,0.029764575959248175,0.30263352387566134
445,8.0,2.0,1.0,0.5555555555555556,2,0.5478547854785479,0.23458149779735685,0.1947194719471947,0.5606486201286316,0.5840311646461487,0.04426589927015536,0.49395145561229176,0.797930079510962,0.04158354637140726,0.3444327451912041
446,1.0,1.0,0.0,0.7777777777777778,1,0.4667081518357187,0.09968847352024922,0.1555693839452396,0.5581064224243164,0.8267408609390259,0.33543250569181926,0.3763349541092817,0.74286002936296,0.3108329587367133,0.4413651119751936
447,1.0,2.0,1.0,0.6666666666666666,1,0.537985368598762,0.20732394366197185,0.17670230725942604,0.6164948344230652,0.6703189015388489,0.10361145790458093,0.644451705931496,0.7833050760787826,0.25381511368256454,0.44629583839935605
448,8.0,2.0,0.0,1.0,3,0.48747913188647746,0.20735785953177258,0.20701168614357265,0.5759567618370056,0.3121042251586914,0.09448243528115467,0.5293778885921139,0.5347927430368712,0.03717682169084677,0.29895747215024665
449,8.0,1.0,1.0,1.0,3,0.3847826086956522,0.18082788671023967,0.17608695652173914,0.6367184519767761,0.9621891379356384,0.16707124867362946,0.7805195306968612,0.8683157235103653,0.33275249589823547,0.5371647496947729
450,2.0,2.0,1.0,0.5555555555555556,1,0.5112540192926045,0.2317596566523605,0.2015005359056806,0.6302902698516846,0.5575810074806213,0.053324751743691244,0.44866917205871243,0.7384690879600816,0.0680830819001534,0.3271365234156597
451,9.0,2.0,0.0,0.5555555555555556,2,0.5594405594405595,0.2254901960784314,0.1958041958041958,0.6246851682662964,0.4507867991924286,0.9206093388166185,0.48966560248323354,0.8466213338165937,0.9091159349850354,0.7915030525253703
452,3.0,2.0,0.0,0.6666666666666666,2,0.5709677419354839,0.26978998384491115,0.267741935483871,0.6074040532112122,0.5589626431465149,0.006739011925173641,0.5054524151436242,0.6211501252535244,0.008043035245925869,0.28534614689206206
453,9.0,2.0,1.0,0.875,1,0.48741721854304626,0.21485411140583555,0.22781456953642387,0.5823386311531067,0.6451740860939026,0.01705239775589407,0.4762040922388503,0.5683628080318919,0.01944322373030366,0.27026563043923496
454,9.0,2.0,1.0,1.0,1,0.39014539579967694,0.1608730800323363,0.1558966074313409,0.593122661113739,0.5817478895187378,0.09183107903406235,0.4765736442444127,0.6897845699351035,0.07331068894245935,0.33287499553900946
455,4.0,1.0,1.0,0.5555555555555556,1,0.5150925024342745,0.2290448343079922,0.186952288218111,0.6047440767288208,0.7691363096237183,0.004910543025707582,0.6224213436078673,0.6848001035954141,0.0062703448072525,0.3296005837590604
456,7.0,1.0,1.0,0.5555555555555556,2,0.5451263537906137,0.24457831325301208,0.17087845968712395,0.5833955407142639,0.48225224018096924,0.09184309203475363,0.5632857643204866,0.8082441425640381,0.08537491932583752,0.38718697956127895
457,8.0,2.0,0.0,0.75,1,0.49509269356597607,0.2183406113537118,0.18320610687022904,0.6327452063560486,0.6441608667373657,0.08147831247657472,0.6736861720844378,0.6398900608022097,0.08999043808889243,0.37126124586302867
458,1.0,2.0,1.0,0.625,1,0.5163007318695941,0.1758827448367755,0.1650033266799734,0.617775022983551,0.6595444083213806,0.025551843194672505,0.46597342427797395,0.7570403529686291,0.01787020121037088,0.3166089554129116
459,3.0,1.0,1.0,0.5555555555555556,3,0.6189889025893959,0.3135802469135802,0.23304562268803947,0.6229504346847534,0.5673806667327881,0.020905541339179972,0.3426169587416027,0.6841790218785067,0.025510127731856194,0.26830291242278637
460,2.0,2.0,1.0,0.6666666666666666,1,0.5444626295690126,0.2326597487711633,0.19639934533551556,0.5900556445121765,0.7043787837028503,0.24091317705836351,0.4840595653900926,0.7104698431124683,0.2886062178268976,0.43101220084695546
461,10.0,1.0,1.0,1.0,2,0.4106844741235393,0.20055710306406685,0.19254312743461324,0.5393965840339661,0.6556683778762817,0.04539787847568689,0.7241452132475872,0.6615181488603928,0.039391891120905256,0.36761328292614304
462,8.0,2.0,1.0,0.8888888888888888,2,0.4949152542372881,0.14120841819416158,0.18169491525423728,0.5807717442512512,0.7502499222755432,0.8281455484334274,0.4695905460525774,0.7743164258848299,0.82276541863167,0.7237044847506262
463,1.0,1.0,1.0,0.5555555555555556,1,0.5259668508287293,0.16703539823008848,0.16353591160220995,0.5929981470108032,0.786566972732544,0.44796584206622764,0.6021116311740474,0.7625851788693787,0.40415049026829203,0.5542032855944865
464,1.0,1.0,0.0,0.5555555555555556,1,0.5851375073142189,0.2483889865260691,0.20596840257460503,0.6215927004814148,0.655951201915741,0.10022157356098502,0.46505313888407346,0.5831152901641117,0.2130123289430419,0.34035058288805303
465,2.0,2.0,0.0,1.0,2,0.5596774193548387,0.29079159935379645,0.23709677419354835,0.6510988473892212,0.6704539656639099,0.1629887922325309,0.7822852972931229,0.7205818160386086,0.25720035918125034,0.4807640661863782
466,7.0,2.0,0.0,1.0,2,0.5698386199220924,0.24512534818941506,0.2237061769616027,0.6138108968734741,0.7388151288032532,0.38343065818734007,0.53199457423322,0.8010626413521929,0.2562641674182737,0.49318801029775666
467,2.0,1.0,1.0,0.5555555555555556,2,0.47075606276747506,0.1561161351737268,0.15406562054208273,0.6375232934951782,0.7280130982398987,0.8087305761078967,0.6687713783662905,0.8451882794904886,0.6220631293469879,0.736188340827916
468,3.0,1.0,1.0,0.8888888888888888,2,0.4587525150905432,0.17321248741188316,0.18209255533199195,0.5220050811767578,0.7209084630012512,0.1503101505808328,0.5798293778026586,0.7845866022770593,0.25736131793374845,0.4430218621485748
469,8.0,1.0,0.0,1.0,2,0.5787284610814022,0.25698988697204045,0.26024955436720143,0.6057248115539551,0.6605280637741089,0.00255163059671332,0.6071621723011419,0.6697612321607599,0.0028363895598342934,0.3205778561546124
470,9.0,1.0,1.0,1.0,2,0.592747559274756,0.2946927374301676,0.2203626220362622,0.5928505659103394,0.4770863354206085,0.5898342236098629,0.46327211651261124,0.7766899460519491,0.689401087949142,0.6297993435308913
471,8.0,1.0,0.0,1.0,2,0.5717776420281001,0.25688073394495414,0.21747098350641417,0.6299135684967041,0.5617380738258362,0.02924769875163598,0.4892511283827057,0.8399189822040556,0.021547802527518662,0.344991402966479
472,10.0,1.0,1.0,1.0,2,0.5178753830439224,0.25971370143149286,0.20326864147088866,0.6122376918792725,0.4794330596923828,0.027249415495087147,0.4528241618559177,0.5526234491871956,0.02349192574989981,0.26404723807202507
473,9.0,2.0,1.0,1.0,2,0.5444234404536862,0.3446969696969697,0.24385633270321358,0.6131631731987,0.7349792718887329,0.3022636679139118,0.6569166732331662,0.6934987308945539,0.15448330442099817,0.4517905941156575
474,1.0,1.0,0.0,1.0,1,0.613413715146948,0.3018867924528302,0.2290881688018086,0.6693726181983948,0.6525646448135376,0.2565973420132005,0.5887609659354749,0.7889289290795283,0.24311603860721437,0.46935081890885455
475,1.0,2.0,1.0,0.7777777777777778,1,0.41388174807197947,0.11454311454311455,0.16452442159383032,0.5786226987838745,0.5449475049972534,0.3371534751113753,0.4545623596107855,0.6483282678393713,0.16138963176566337,0.40035843358179884
476,8.0,1.0,1.0,0.8888888888888888,2,0.5541474654377879,0.2549019607843137,0.20276497695852533,0.6343709230422974,0.6411892175674438,0.5821491011255612,0.7085162329009732,0.7479257433534978,0.6121251388429846,0.6626790540557542
477,8.0,1.0,1.0,0.6666666666666666,1,0.5290257445734478,0.22536634663971702,0.22311963654719838,0.5844781398773193,0.7172495722770691,0.19557839358655826,0.6845519483946199,0.7109122497536962,0.3427451873781578,0.483446944778258
478,8.0,2.0,1.0,1.0,3,0.5621780721118469,0.26086956521739124,0.20897718910963942,0.6307700872421265,0.6666049361228943,0.07757417353336983,0.3853107059430577,0.7674830771771842,0.06961541152649688,0.32499584204502713
479,2.0,1.0,1.0,0.5555555555555556,2,0.36236391912908245,0.10505836575875487,0.13297045101088648,0.5717563033103943,0.7083243131637573,0.10519446928522082,0.7163072751451615,0.7175862675638683,0.11193999052765768,0.41275700063047704
480,9.0,2.0,1.0,1.0,1,0.5084920226453937,0.23286965481710456,0.2285126093669583,0.5716763734817505,0.5916452407836914,0.14871945061727115,0.49192369856088053,0.7643525091472726,0.28288058802341465,0.42196906158720976
481,1.0,1.0,0.0,0.5555555555555556,1,0.5958333333333333,0.2851182197496523,0.2361111111111111,0.6301186680793762,0.45400145649909973,0.01709584340127477,0.5964493140716491,0.73858246516972,0.02441322014750349,0.3441352106975369
482,8.0,1.0,1.0,1.0,1,0.456140350877193,0.16990982439487423,0.1602655286865813,0.6066564917564392,0.6850743889808655,0.25783653942009843,0.37596369605328495,0.7863613320448842,0.24871149978156062,0.4172182668249571
483,8.0,2.0,1.0,1.0,2,0.5902335456475584,0.2693125442948263,0.22080679405520168,0.6426467299461365,0.5947681665420532,0.07328785355463475,0.7283438834482542,0.8662631048238415,0.08072606059374218,0.43715522560511816
484,8.0,2.0,0.0,0.7777777777777778,1,0.4285714285714286,0.20571882446386022,0.18253968253968259,0.5570040941238403,0.5772066116333008,0.4473964442109238,0.35630135517785716,0.6883877238686629,0.4770242016886163,0.4922774312365151
485,8.0,2.0,1.0,1.0,1,0.6543463381245722,0.33995887594242635,0.23271731690622857,0.6577905416488647,0.5010234117507935,0.5182677761836169,0.4953204913813651,0.8511779499748221,0.5293691255549892,0.5985338357736982
486,3.0,1.0,1.0,0.7777777777777778,2,0.2653576437587658,0.07634016278417063,0.1077138849929874,0.5412066578865051,0.8210761547088623,0.025563552257496142,0.47511967186897464,0.7075523705918633,0.01880942116467005,0.30676125397075105
487,8.0,1.0,1.0,0.6666666666666666,2,0.5132408575031526,0.16161616161616163,0.21059268600252207,0.5780454277992249,0.686678946018219,0.13474706146764676,0.40934914608320855,0.5212532583313083,0.16471968439865595,0.3075172875702049
488,4.0,2.0,1.0,1.0,1,0.5570291777188329,0.2656042496679947,0.20689655172413793,0.5841370820999146,0.4868352711200714,0.5466398683740857,0.47752563847405644,0.553736423967975,0.6591763253117866,0.5592695640319759
489,4.0,2.0,0.0,0.5555555555555556,2,0.47478991596638653,0.185068349106204,0.17436974789915966,0.607593297958374,0.37501561641693115,0.043539207338976885,0.38716217722159885,0.44185740371822385,0.043756916277709765,0.2290789261391273
490,1.0,2.0,1.0,0.5555555555555556,2,0.529039070749736,0.18181818181818182,0.18796198521647306,0.5879668593406677,0.5122084021568298,0.07109750821229195,0.6761138991995483,0.7539904072563618,0.049086909963626246,0.3875721811579571
491,1.0,1.0,1.0,1.0,2,0.5497953615279673,0.20491803278688522,0.1787175989085948,0.6198335289955139,0.47886306047439575,0.08968885058393947,0.4771366746518661,0.7111446494042888,0.10015791253406199,0.34453202179353903
492,9.0,1.0,0.0,0.5555555555555556,2,0.5726240286909743,0.28246558946738476,0.21040047818290494,0.6048442125320435,0.8460131287574768,0.0213771208292089,0.5442645328275884,0.6504745141513675,0.013909263691883134,0.30750635787501196
493,10.0,1.0,0.0,0.6666666666666666,1,0.4688950789229341,0.17936802973977697,0.18012999071494892,0.5794190764427185,0.47094619274139404,0.20404779731115238,0.6732808001572652,0.8198669211003979,0.14410183285039985,0.46032433785480387
494,2.0,2.0,0.0,0.5555555555555556,3,0.4211031175059952,0.17954872779644743,0.17937649880095927,0.6417337656021118,0.4037189185619354,0.5775921910936591,0.6521364941043881,0.8125064404639314,0.562355527355514,0.6511476632543732
495,8.0,1.0,1.0,1.0,1,0.5629546726357023,0.2700280112044818,0.22719641857862338,0.6139366626739502,0.6726130247116089,0.04235472307681206,0.5612596995393542,0.8057245570226557,0.048772934691273785,0.36452797858252395
496,10.0,1.0,0.0,1.0,1,0.47330960854092524,0.15914489311163899,0.16370106761565836,0.583041250705719,0.5764789581298828,0.02319867997965007,0.5318465554867471,0.5906281053854094,0.027617355044855726,0.2933226739741656
497,8.0,1.0,1.0,0.7777777777777778,2,0.14322781525687597,0.03012987012987013,0.07368967306694343,0.5262957811355591,0.6149274110794067,0.5085468197945678,0.47194859638959585,0.8346666974703714,0.5052593060919185,0.5801053549366134
498,2.0,2.0,1.0,0.8888888888888888,1,0.515495867768595,0.2512926577042399,0.18078512396694216,0.6212859749794006,0.5633080005645752,0.23748723711291322,0.557558868345393,0.7469156925088343,0.3676708856949267,0.4774081709155168
499,1.0,2.0,1.0,0.7777777777777778,1,0.5096101043382756,0.19571192963166575,0.1867105985722131,0.6214558482170105,0.4497126638889313,0.23197785486795797,0.5752084403992739,0.8469982720746997,0.49152097853120896,0.5364263864682851
500,3.0,2.0,0.0,0.6666666666666666,3,0.48318804483188044,0.18703241895261846,0.16064757160647572,0.5755296349525452,0.5689424872398376,0.2808691614295608,0.47738048681440454,0.5729497510382111,0.27974201340162486,0.4027353531709503
501,2.0,1.0,0.0,0.5555555555555556,1,0.5524030110017372,0.23304347826086957,0.20034742327735958,0.6131954789161682,0.6698837280273438,0.502379417036046,0.5408598026126609,0.837151949310404,0.5982566144528794,0.6196619458529976
502,2.0,2.0,1.0,0.6666666666666666,1,0.4141494435612083,0.17024661893396978,0.12877583465818762,0.5911645889282227,0.8740457892417908,0.19526750168825568,0.7600555663275411,0.7911479253387751,0.2108934713905319,0.48934111618627596
503,2.0,2.0,0.0,1.0,1,0.5659050966608085,0.2592375366568915,0.2062097246631517,0.5480050444602966,0.7963002324104309,0.10922856765620229,0.5810176060178444,0.7915054281107208,0.12198940969862464,0.400935252870848
504,8.0,2.0,0.0,0.7777777777777778,4,0.41219768664563616,0.16210526315789472,0.19137749737118823,0.5538899302482605,0.6964772939682007,0.2514868245452264,0.6282080963247453,0.707893544862684,0.28490412486353717,0.4681231476490482
505,2.0,1.0,1.0,1.0,3,0.5197956577266922,0.1483375959079284,0.17496807151979563,0.5787671804428101,0.7434004545211792,0.024371573417489488,0.5075640153252959,0.7857809113811313,0.028959717813696603,0.3366690544844034
506,8.0,2.0,1.0,0.6666666666666666,3,0.48748748748748755,0.2575150300601202,0.2042042042042042,0.6661646962165833,0.6224566102027893,0.039582168706835244,0.6064535865218005,0.5402296604595337,0.04214198516612702,0.3071018502135741
507,2.0,2.0,0.0,0.5555555555555556,1,0.3832116788321167,0.1344046749452155,0.14014598540145984,0.5888849496841431,0.6288726925849915,0.03780786465168489,0.556104296083389,0.5235756358136218,0.0318537850098236,0.28733539538962977
508,2.0,1.0,1.0,0.7777777777777778,2,0.5381165919282511,0.18742985409652077,0.16704035874439463,0.5898065567016602,0.49220043420791626,0.06906256679719991,0.4625283588104109,0.635901059960595,0.061785174130312176,0.3073192899246295
509,3.0,2.0,1.0,0.5555555555555556,1,0.507936507936508,0.20851875397329941,0.2057142857142857,0.6186649203300476,0.632339358329773,0.32125062239320923,0.33451248093444885,0.38418026991104054,0.42109325585652985,0.36525915727380714
510,10.0,2.0,1.0,1.0,2,0.5435704192180877,0.2696841112682697,0.1884126236457843,0.6162562370300293,0.6664872169494629,0.2762004512776081,0.487074249042242,0.6507873104756469,0.23612284132135195,0.4125462130292122
511,8.0,1.0,1.0,1.0,3,0.5360484314804623,0.21046831955922865,0.19152449091909737,0.5819244384765625,0.6413819193840027,0.35389469736453727,0.674682065867316,0.8001698141248177,0.4655168606247857,0.5735658594953642
512,8.0,2.0,0.0,0.5555555555555556,3,0.5229455709711847,0.2168803418803419,0.18463180362860196,0.5640771985054016,0.8216331005096436,0.07976752070891124,0.5174092841522001,0.725009974886753,0.1354220891899814,0.3644022172344614
513,2.0,2.0,1.0,0.7777777777777778,1,0.45493975903614453,0.22865412445730823,0.1840963855421687,0.5799561738967896,0.6902231574058533,0.09476283051270552,0.5174849541110753,0.6048744978147395,0.12889743677966672,0.33650492980454677
514,8.0,1.0,0.0,0.5555555555555556,2,0.527533039647577,0.16648291069459759,0.17290748898678412,0.5632486343383789,0.7756587862968445,0.07166327525263458,0.5621164710420884,0.6779227957745976,0.10437551821962718,0.3540195150722369
515,1.0,2.0,1.0,1.0,1,0.6296296296296295,0.35413153456998314,0.2558922558922559,0.6626577973365784,0.7341728806495667,0.5073994986582198,0.6545752271394393,0.6158502934144179,0.3430508650766942,0.5302189710721928
516,8.0,2.0,0.0,1.0,2,0.5376506024096385,0.2081447963800905,0.20933734939759033,0.6424931883811951,0.690757155418396,0.03245228899869866,0.5746649017639458,0.5442499282271591,0.05621440874573267,0.30189538193388404
517,5.0,2.0,1.0,0.5555555555555556,1,0.39456310679611656,0.14846482705013603,0.15689320388349515,0.5711748600006104,0.5192282199859619,0.514132767411677,0.45532045947594996,0.6484603653672346,0.6671285103422485,0.5712605256492775
518,4.0,1.0,0.0,0.6666666666666666,1,0.4734939759036145,0.13510253317249699,0.16867469879518074,0.6050511002540588,0.714786171913147,0.006787777577402571,0.42943325735354926,0.5386888936545013,0.005975179137924723,0.24522127693084447
519,10.0,1.0,1.0,0.5555555555555556,2,0.3765281173594132,0.1860009789525208,0.16919315403422985,0.6256769895553589,0.6755245923995972,0.16921142688000287,0.4444481222606491,0.591454817502209,0.23035027435867764,0.35886616025038465
520,1.0,1.0,1.0,0.8888888888888888,2,0.606628242074928,0.23376623376623376,0.19596541786743515,0.6238982081413269,0.7885262966156006,0.07162992256100746,0.6783927274030545,0.6134586109266937,0.07103363692366188,0.3586287244536044
521,1.0,2.0,1.0,1.0,1,0.5975869410929737,0.27292110874200426,0.24982256919801277,0.6076683402061462,0.8346236944198608,0.05169395741793799,0.5553443451372325,0.7355240133917669,0.03763000532784835,0.3450480803186965
522,9.0,1.0,1.0,0.7777777777777778,1,0.5689479060265578,0.2668711656441718,0.18896833503575075,0.5878810882568359,0.6127294301986694,0.0498761418090827,0.5156338090331284,0.6516498127165768,0.06348434732743041,0.3201610277215546
523,8.0,1.0,1.0,0.8888888888888888,1,0.4801812004530011,0.1405895691609977,0.15402038505096263,0.6133369207382202,0.607919454574585,0.0044762777729924754,0.4844458478392071,0.5851427082541536,0.005636280671554749,0.26992527863447696
524,2.0,1.0,0.0,1.0,1,0.44236760124610597,0.1914672216441207,0.21183800623052962,0.6570428013801575,0.7647238373756409,0.01992425222912611,0.7655184303235428,0.5902714744685453,0.023032585155221774,0.349686685544109
525,8.0,2.0,1.0,1.0,3,0.5645604395604396,0.20907840440165062,0.19642857142857142,0.5968523621559143,0.6963648200035095,0.8245398100164025,0.6119199260814913,0.6192534024398397,0.7975951250421073,0.7133270658949602
526,8.0,1.0,1.0,0.8888888888888888,1,0.48689852310624093,0.18121125417262757,0.1572177227251072,0.5748960971832275,0.5520755648612976,0.021990077156304445,0.36773758462343403,0.7606567301873826,0.019081614059442947,0.292366501506641
527,2.0,2.0,1.0,0.5555555555555556,1,0.5454545454545455,0.2003434459072696,0.20240137221269297,0.6067526340484619,0.6251991987228394,0.025571301687983078,0.49306417238279715,0.6450961846512352,0.027790057350943694,0.2978804290182398
528,1.0,1.0,0.0,0.5555555555555556,1,0.43122676579925645,0.1565217391304348,0.19083023543990088,0.6218190789222717,0.8367180228233337,0.554662499063079,0.5082017802693115,0.8246278568926081,0.7311499250898033,0.6546605153287004
529,2.0,2.0,1.0,0.7777777777777778,1,0.5253731343283583,0.21876867901972505,0.21134328358208956,0.6360516548156738,0.3333579897880554,0.6972283062667692,0.4765436291095865,0.7702430697422961,0.6258698610734645,0.6424712165480291
530,8.0,2.0,1.0,1.0,1,0.5740873299928417,0.2752688172043011,0.20758768790264856,0.6244028806686401,0.47419974207878113,0.7851379022718329,0.5961447023305303,0.8633091971560799,0.8024896499281832,0.7617703629216566
531,3.0,2.0,1.0,0.7777777777777778,2,0.40064446831364126,0.12365591397849461,0.15252416756176157,0.5628182888031006,0.6768454909324646,0.16319382831514584,0.5724996009642268,0.791096538340033,0.20912289389504118,0.4339782153786117
532,6.0,1.0,0.0,1.0,2,0.5427769985974755,0.20365168539325842,0.18373071528751753,0.5898435711860657,0.6047123670578003,0.06749802294705401,0.476381715709505,0.3700566961850831,0.09163057183743364,0.25139175166976896
533,1.0,2.0,1.0,0.6666666666666666,1,0.4881731253145446,0.16523929471032744,0.18117765475591346,0.608436644077301,0.7365514039993286,0.3123684917723508,0.5469563750348475,0.8470420189257346,0.16978928122330683,0.4690390417390599
534,8.0,2.0,0.0,1.0,2,0.5027152831652444,0.22999222999222996,0.23429014740108609,0.6427122950553894,0.5857953429222107,0.014642085149741971,0.46964843094212677,0.7614134331499034,0.02188705851578385,0.31689775193938896
535,8.0,1.0,1.0,1.0,3,0.4422735346358792,0.16014234875444838,0.15808170515097694,0.6244945526123047,0.4541352093219757,0.3577006879125889,0.5535139758245188,0.8598394223790868,0.5494819727914269,0.5801340147269054
536,8.0,1.0,0.0,0.8888888888888888,2,0.502134927412468,0.1967493584260051,0.21690862510674636,0.6713887453079224,0.7537354230880737,0.0387793671757204,0.6733959930229101,0.7704198194639899,0.041865916784017285,0.38111527411165935
537,13.0,2.0,1.0,0.5555555555555556,1,0.4007952286282306,0.14643851969757263,0.14393638170974157,0.5383659601211548,0.45251017808914185,0.2058319180797707,0.3605089786829806,0.6700500392997932,0.22234515862297521,0.3646840236713799
538,1.0,1.0,0.0,1.0,1,0.3051470588235294,0.14548802946593,0.16176470588235295,0.6301997303962708,0.670367419719696,0.14387528357376256,0.4378976959849175,0.7159005886081051,0.0998575384522721,0.34938277665476436
539,8.0,1.0,0.0,0.5555555555555556,0,0.5733041575492341,0.27027027027027023,0.23194748358862144,0.6215599775314331,0.6123062968254089,0.06561212844375394,0.5787777371169627,0.64151659848856,0.0726405583751924,0.3396367556061172
540,8.0,2.0,1.0,0.7777777777777778,3,0.5006622516556292,0.1989389920424403,0.20264900662251656,0.6101658940315247,0.5904916524887085,0.21724262912188075,0.5400533513230811,0.6583049424484243,0.41831295174019106,0.4584784686583943
541,13.0,2.0,1.0,0.7777777777777778,3,0.47364085667215816,0.2901896125309151,0.2850082372322899,0.5699621438980103,0.7137917280197144,0.02165028363990221,0.4532589576996092,0.524488069977494,0.014788402695683147,0.2535464285031721
542,1.0,1.0,0.0,0.7777777777777778,1,0.39237490071485304,0.1597774244833068,0.17235901509134233,0.5815636515617371,0.594620406627655,0.019820373768387828,0.47681996875731886,0.36520495245570694,0.01588326883849538,0.21943214095497723
543,8.0,1.0,0.0,0.8888888888888888,3,0.5402298850574713,0.2143884892086331,0.2011494252873563,0.6133057475090027,0.6723945736885071,0.009560518857985792,0.535178184379109,0.5833920994000529,0.010526239950163802,0.28466426064682787
544,3.0,1.0,1.0,0.625,2,0.5393939393939393,0.22003034901365703,0.2015151515151515,0.597621500492096,0.6592870950698853,0.7270546427518758,0.5896929536539246,0.7340246497664252,0.7885779910945488,0.7098375593166936
545,8.0,1.0,1.0,0.7777777777777778,3,0.5783540022547914,0.281038374717833,0.20744081172491544,0.5792407989501953,0.6721484065055847,0.24643292102773456,0.42527658060212264,0.6899645235470034,0.22529164362855914,0.3967414172013549
546,9.0,1.0,1.0,1.0,2,0.541879096868172,0.2275711159737418,0.21704297159504735,0.5914775133132935,0.6018315553665161,0.0569751414943988,0.5831707505943804,0.7983549034492555,0.04140606139736198,0.36997671423384915
