respondentType,rouge1,rouge2,rougeL,bert_f1,align_score,unieval_coherence,unieval_consistency,unieval_fluency,unieval_relevance,unieval_overall
0,0.537625929609415,0.27313867924444873,0.26331380329520954,0.6655744810899099,0.48726167778174084,0.39370968392784594,0.712731501276293,0.7386222516811779,0.2765264775343309,0.5303974786049119
1,0.5574457905592506,0.2769720247579454,0.24968419347255835,0.6505308172875836,0.5142164359530134,0.7037372044883264,0.6184375326736958,0.7308294011354085,0.6756720519226613,0.682169047555023
2,0.5659649635296341,0.2795197737544993,0.2530576249865867,0.6485250710199276,0.512036289088428,0.6932901754652533,0.6175643094750897,0.7264521030028682,0.6733757412202807,0.677670582290873
3,0.5515987668693138,0.2768756001050864,0.24950013759409978,0.64946872650922,0.5201756603770203,0.7233757453900607,0.6149565113742544,0.7276797580830933,0.6964131066927319,0.6906062803850351
4,0.5393582901371154,0.2599307397046329,0.24158386872325827,0.6310671687126159,0.5261825829744339,0.6930993535525215,0.6418072192585285,0.7352303841760535,0.6691513959241574,0.6848220882278152
