index,issueArea,decisionDirection,partyWinning,voteDistribution,respondentType,rouge1,rouge2,rougeL,bert_f1,align_score,unieval_coherence,unieval_consistency,unieval_fluency,unieval_relevance,unieval_overall
0,10.0,2.0,0.0,0.625,1,0.45819112627986347,0.26814688300597783,0.23208191126279862,0.6601780652999878,0.7652601599693298,0.7388569955980613,0.6303573353566858,0.78555349633983,0.5019483989951826,0.6641790565724399
1,8.0,1.0,0.0,0.6666666666666666,1,0.6,0.27747551686615884,0.2391304347826087,0.6070446372032166,0.7253400087356567,0.8506241403820392,0.564967032925136,0.7033753671041979,0.848920585437973,0.7419717814623364
2,2.0,1.0,1.0,1.0,2,0.4552758435993573,0.2702412868632707,0.22710230316014998,0.6692515015602112,0.5862227082252502,0.6910727547416736,0.7462700306272483,0.800439341694846,0.5720446893242583,0.7024567040970067
3,1.0,1.0,0.0,0.6666666666666666,1,0.6079346557759627,0.3177570093457944,0.2742123687281214,0.6404355764389038,0.6550703048706055,0.8246566989162177,0.5663052402300145,0.6710299952065187,0.759375380543326,0.7053418287240193
4,8.0,2.0,1.0,1.0,3,0.5291970802919709,0.27903579254930605,0.20656934306569347,0.6486911177635193,0.7077977657318115,0.6996872752955232,0.6532872817886621,0.7755336661485885,0.7201825888723595,0.7121727030262833
5,7.0,1.0,0.0,0.5555555555555556,3,0.5046939541870071,0.27132656895903795,0.2403304543747653,0.6008910536766052,0.714105486869812,0.8997332253765449,0.6188509509278568,0.7777732555180834,0.858435964925718,0.7886983491870507
6,10.0,1.0,0.0,0.5555555555555556,1,0.5446960667461264,0.2553699284009546,0.23122765196662692,0.6499555706977844,0.69261634349823,0.11502644852507692,0.5964940330339282,0.7073248466366194,0.14408315167001334,0.3907321199664095
7,8.0,1.0,1.0,0.8888888888888888,2,0.5995316159250585,0.3017982799061767,0.3075722092115535,0.667542040348053,0.7205614447593689,0.8212084783439734,0.6628192778694078,0.8128413546091889,0.7830828445706833,0.7699879888483133
8,8.0,1.0,1.0,1.0,2,0.6167272727272727,0.32774945375091036,0.2952727272727273,0.665949285030365,0.642484724521637,0.909598544000456,0.6227199304363673,0.6218651110716912,0.8849807844869395,0.7597910924988635
9,1.0,2.0,1.0,0.5555555555555556,1,0.5884995507637016,0.2931654676258993,0.2578616352201258,0.6298832297325134,0.6526179313659668,0.7985197406899737,0.5959239097083247,0.7235826519049406,0.7972949018129635,0.7288303010290506
10,2.0,2.0,1.0,0.5555555555555556,2,0.6280720917531403,0.2700929469655549,0.24467504096122336,0.62217777967453,0.7122484445571899,0.1976035278127709,0.5422067975614834,0.6285919453311393,0.24061043410305033,0.402253176202111
11,9.0,1.0,0.0,0.6666666666666666,1,0.5514297908664105,0.30841520717642035,0.2390098164746052,0.6675297021865845,0.7289780378341675,0.8543689493995521,0.5216102426847065,0.751759760825802,0.8169361142079737,0.7361687667795086
12,5.0,1.0,1.0,0.625,2,0.5426966292134832,0.2688413948256468,0.2595505617977528,0.6527437567710876,0.7195051312446594,0.14861008288012773,0.6170310334654499,0.8417252474119863,0.19177672446307525,0.4497857720551598
13,4.0,2.0,0.0,1.0,3,0.21461487820934824,0.08965062623599208,0.12639894667544435,0.5677791237831116,0.7030805349349976,0.7011039419439019,0.7861144720792341,0.7811282769595888,0.5170457424149385,0.6963481083494159
14,2.0,1.0,1.0,1.0,1,0.6237251744498121,0.30198817839871034,0.2147074610842727,0.5291607975959778,0.818433403968811,0.6006442471134871,0.5482281921338836,0.7386522472429906,0.6274094283009726,0.6287335286978335
15,1.0,1.0,0.0,0.5555555555555556,1,0.5031185031185033,0.26326742976066597,0.2609147609147609,0.6289471983909607,0.7460545301437378,0.49964938417293125,0.6728173270443087,0.6813799451129198,0.4668044237561777,0.5801627700215843
16,8.0,1.0,0.0,1.0,2,0.6108567691301504,0.26064178127046495,0.2655330281229562,0.6800200343132019,0.663806140422821,0.8494557092064433,0.623591289319659,0.8188538294961445,0.8276621253461215,0.7798907383420921
17,8.0,1.0,0.0,0.75,1,0.3663038334122102,0.23590715300805307,0.2565073355418836,0.641165018081665,0.7859410047531128,0.21080610244625986,0.7303946439327533,0.6923204540097481,0.16822290878138865,0.45043602729253746
18,9.0,1.0,0.0,0.8888888888888888,1,0.587487781036168,0.3180039138943248,0.24633431085043989,0.7182645201683044,0.739717960357666,0.8835359173947608,0.6664486352959813,0.794894596522355,0.8701200832920817,0.8037498081262947
19,1.0,1.0,0.0,1.0,1,0.544740973312402,0.2657232704402516,0.25117739403453687,0.6667146682739258,0.5870712399482727,0.8558631839187648,0.5599350924744397,0.5906970585918936,0.8197395563371517,0.7065587228305624
20,12.0,2.0,0.0,0.5555555555555556,1,0.6524292578750668,0.30999465526456443,0.2626801922050187,0.6970201730728149,0.659257173538208,0.9019862490940225,0.5503383296894223,0.7830730997358794,0.8798086914098443,0.7788015924822921
21,2.0,1.0,1.0,1.0,2,0.5893358278765202,0.30617977528089885,0.23199251637043966,0.6864295601844788,0.6554664969444275,0.8385526019313476,0.5496211713931802,0.7230994573223332,0.8861829634447862,0.7493640485229118
22,3.0,2.0,1.0,1.0,1,0.5309200603318249,0.30566037735849055,0.3114630467571644,0.670182466506958,0.7450882196426392,0.8860258134112713,0.6426499016763721,0.7543849098537838,0.8432725036283587,0.7815832821424465
23,1.0,1.0,1.0,0.6666666666666666,2,0.6272129489124938,0.34227848101265823,0.3055134041476985,0.6495099663734436,0.7468551397323608,0.9203781550124234,0.6432187136166053,0.8029490439291611,0.9051111538595278,0.8179142666044295
24,2.0,2.0,1.0,1.0,1,0.3067559342665855,0.1730652041438147,0.18746195982958003,0.6113828420639038,0.6587978005409241,0.3818066606053773,0.7848404853844774,0.584789386160258,0.1925248789127994,0.485990352765728
25,8.0,2.0,0.0,1.0,2,0.652449567723343,0.3323716099249856,0.23861671469740633,0.6333784461021423,0.7640038728713989,0.8875419803031681,0.5214693116593627,0.6332214581070488,0.8684653137466737,0.7276745159540633
26,2.0,1.0,0.0,0.6666666666666666,1,0.6500579374275781,0.3642691415313225,0.290845886442642,0.672041118144989,0.510566234588623,0.8555077966697341,0.4709391137722524,0.7005070435057212,0.8593793872569103,0.7215833353011545
27,9.0,1.0,0.0,1.0,3,0.39095550692924874,0.2293644996347699,0.22319474835886213,0.6594792604446411,0.690191924571991,0.15491440584851957,0.5768636950886499,0.7728303402724509,0.1712377911967049,0.4189615581015813
28,7.0,1.0,1.0,0.7777777777777778,3,0.5170923379174853,0.22257176563114434,0.19960707269155206,0.6068786382675171,0.7265964150428772,0.909414801043477,0.5400390885114665,0.7876527066918547,0.8891412830423512,0.7815619698222874
29,10.0,2.0,0.0,0.6666666666666666,3,0.2805872756933116,0.1781045751633987,0.18433931484502447,0.6108947396278381,0.46246132254600525,0.32694041121735085,0.6112612278845464,0.7148268503270019,0.6054572379959808,0.5646214318562199
30,2.0,2.0,1.0,0.5555555555555556,1,0.598989048020219,0.34401349072512644,0.29233361415332776,0.6861532330513,0.729403555393219,0.9002907663630604,0.6932884359697267,0.7464671172106768,0.8819235819010668,0.8054924753611327
31,2.0,2.0,1.0,0.7777777777777778,1,0.5774588433938371,0.27376425855513303,0.20430561418319967,0.6030107736587524,0.6317518949508667,0.8751764840107649,0.4585986040234786,0.6818442359217607,0.8565449069964769,0.7180410577381203
32,2.0,1.0,1.0,1.0,2,0.5418679549114331,0.2771958098307816,0.25201288244766507,0.6710098385810852,0.7198159694671631,0.8846212539835292,0.5116078536266856,0.6989095085611057,0.852327639085809,0.7368665638142824
33,2.0,2.0,1.0,0.7777777777777778,1,0.6515748031496064,0.30344827586206896,0.25,0.6675559282302856,0.7552059888839722,0.8768610286481573,0.6213710128084964,0.731877469704679,0.8624828637250038,0.7731480937215841
34,9.0,1.0,0.0,0.8888888888888888,2,0.6441947565543071,0.3417246920192823,0.32209737827715357,0.6493962407112122,0.7046558260917664,0.8389125082944422,0.5438706706522936,0.7929411216720894,0.823670541344153,0.7498487104907445
35,8.0,2.0,1.0,1.0,2,0.39075630252100835,0.22502628811777076,0.21428571428571425,0.6176233887672424,0.7573085427284241,0.08032135321373293,0.6294660351760732,0.8099499636857043,0.07526187672903373,0.39874980720113606
36,2.0,1.0,1.0,0.6666666666666666,2,0.5743502343417128,0.29850746268656714,0.2658713250958671,0.5881369709968567,0.7167949080467224,0.8028996628371108,0.6012486186821373,0.8515208736154454,0.7979020363898421,0.7633927978811339
37,1.0,2.0,1.0,0.5555555555555556,1,0.3479887745556596,0.17696629213483145,0.20018709073900842,0.6283424496650696,0.5307410359382629,0.5683691500652501,0.6102796992277754,0.6944334707141616,0.484232643139929,0.589328740786779
38,8.0,2.0,1.0,1.0,2,0.4533169533169533,0.2878228782287823,0.2702702702702703,0.6639021039009094,0.8327318429946899,0.870177436306464,0.6944596060906116,0.740790194060542,0.832733544431807,0.7845401952223562
39,1.0,1.0,1.0,0.8888888888888888,2,0.583804143126177,0.25392834695160277,0.2197112366603892,0.6260732412338257,0.6901612877845764,0.3503812764612647,0.548316040643481,0.7513041492966185,0.2074544964128825,0.4643639907035617
40,2.0,2.0,1.0,0.5555555555555556,2,0.6211785556047852,0.31751662971175165,0.26140894993354014,0.6884362101554871,0.7150622606277466,0.8143405454102126,0.6401735256610255,0.7021520305528829,0.811829075389607,0.742123794253432
41,8.0,1.0,0.0,1.0,1,0.6762075134168157,0.3343283582089552,0.26952892069171136,0.6536405682563782,0.7552265524864197,0.797552181590322,0.6450393563104213,0.6652467113292247,0.770011010269735,0.7194623148749257
42,10.0,2.0,0.0,0.5555555555555556,1,0.4092994799632915,0.1928374655647383,0.17681248088100338,0.6026647090911865,0.6431042551994324,0.850823075008829,0.4911031893059115,0.8158078236262108,0.8286729833455152,0.7466017678216167
43,10.0,2.0,1.0,1.0,1,0.6311787072243346,0.2642740619902121,0.21727322107550245,0.6327494978904724,0.5647616386413574,0.885467015229444,0.6155670564502936,0.7817336540693391,0.8615478268651909,0.7860788881535669
44,8.0,2.0,0.0,1.0,2,0.5667519181585678,0.2713773681515617,0.2404092071611253,0.693881630897522,0.6189014911651611,0.12934326098143215,0.548509170082995,0.7389667329565017,0.22975078321467013,0.41164248680889975
45,1.0,1.0,0.0,0.8888888888888888,1,0.5449385052034058,0.2765151515151515,0.23841059602649003,0.6310020089149475,0.6404271125793457,0.5775483959414615,0.6446591331268965,0.6532470987706942,0.659974774346152,0.6338573505463011
46,8.0,1.0,1.0,1.0,1,0.33879270004679457,0.18641686182669787,0.20963968179691156,0.6267967820167542,0.6999973058700562,0.21884986439297038,0.6112439305594284,0.72507884586992,0.19191929908829689,0.43677298497765393
47,2.0,1.0,0.0,1.0,0,0.46257197696737046,0.24423076923076925,0.23992322456813822,0.6816548705101013,0.7023137211799622,0.8321383681884226,0.8411297048373103,0.8983587973968395,0.7279347634216177,0.8248904084610476
48,2.0,1.0,0.0,1.0,1,0.6108468125594672,0.3580952380952381,0.274976213130352,0.6512256264686584,0.7025958895683289,0.8838390017902257,0.617302042222145,0.8618737400689898,0.8763239335159808,0.8098346793993353
49,2.0,1.0,1.0,1.0,2,0.6231983527796844,0.29140893470790374,0.3102264927934111,0.6698884963989258,0.7100873589515686,0.832056726965403,0.6584816239753962,0.6938945568590564,0.8167521151414435,0.7502962557353249
50,1.0,2.0,1.0,0.7777777777777778,1,0.6902558519324986,0.37275204359673025,0.32988568317909633,0.6702812314033508,0.7285731434822083,0.8413768215186876,0.5222581434986548,0.6609141400816163,0.8341315129452859,0.7146701545110612
51,8.0,1.0,0.0,0.8888888888888888,3,0.5377015080603225,0.3019260801665799,0.2714508580343214,0.6636742353439331,0.6181957721710205,0.4438259622717265,0.6295765203011567,0.8283349253041739,0.3215120824189175,0.5558123725739936
52,8.0,2.0,1.0,1.0,1,0.603921568627451,0.30793401413982724,0.268235294117647,0.6702275276184082,0.7102283835411072,0.7042878665561024,0.6168788736276827,0.7725437322867313,0.6150959273794624,0.6772015999624947
53,2.0,2.0,0.0,0.5555555555555556,3,0.6169055857637172,0.33943592281048984,0.29461196243203164,0.6839943528175354,0.7619409561157227,0.7877541799810336,0.6397743228056041,0.7135768862799214,0.7906130269769303,0.7329296040108724
54,9.0,2.0,0.0,0.6666666666666666,1,0.5903954802259888,0.25884016973125884,0.24576271186440682,0.6633298993110657,0.6133298277854919,0.4137541440038777,0.5336192813855365,0.6281004953978535,0.3326563521259148,0.47703256822829565
55,1.0,2.0,1.0,0.8888888888888888,1,0.6299019607843138,0.3857493857493857,0.4019607843137255,0.7276078462600708,0.785564124584198,0.04497157011839853,0.7897880870046827,0.7158038356840736,0.030763815561049197,0.39533182709205106
56,1.0,2.0,1.0,0.6666666666666666,1,0.5741718674987998,0.27967323402210476,0.25732117138742194,0.6588370203971863,0.5882251858711243,0.8937431028689518,0.5667786196487516,0.8481214100477898,0.8763771940998546,0.796255081666337
57,9.0,1.0,1.0,0.6666666666666666,4,0.4012638230647709,0.1930379746835443,0.21169036334913113,0.6361486911773682,0.8521763682365417,0.3833813913965656,0.7673690123176146,0.6784647560050145,0.2305568155469896,0.5149429938165461
58,3.0,2.0,0.0,0.6666666666666666,2,0.4214992927864215,0.1793298725814063,0.19424799622819425,0.6037254929542542,0.7905042767524719,0.4011786906084825,0.5703894096652141,0.771277218006095,0.30118112002089525,0.5110066095751717
59,12.0,1.0,0.0,0.5555555555555556,2,0.4716599190283401,0.3123732251521298,0.2995951417004048,0.6850972175598145,0.7139388918876648,0.2634744683601789,0.7552080367576798,0.6049480559916951,0.4059928484887969,0.5074058523995877
60,1.0,2.0,0.0,1.0,2,0.6134094151212554,0.2828571428571428,0.29101283880171186,0.6808525323867798,0.7960112690925598,0.8614352951428553,0.6539879287184649,0.7467062642317838,0.8323910752075214,0.7736301408251564
61,2.0,2.0,1.0,0.6666666666666666,1,0.3890967397113843,0.17442482611021937,0.153928380545163,0.6586325764656067,0.6233099102973938,0.3793151913702699,0.6009045352044567,0.6715423293481766,0.35573957193442524,0.5018754069643322
62,1.0,1.0,0.0,0.5555555555555556,1,0.4264843021448555,0.21026438569206843,0.1622629779297482,0.6395094990730286,0.6703748106956482,0.879222115999407,0.5815901731196073,0.7387464362054169,0.867487256182052,0.7667614953766209
63,1.0,2.0,1.0,1.0,1,0.568064753495217,0.30950626381724394,0.34878587196467997,0.6667382717132568,0.7371993660926819,0.8900718815568005,0.7590120219302722,0.7511215223864149,0.8707533227596148,0.8177396871582756
64,13.0,2.0,1.0,0.8888888888888888,1,0.5913185913185913,0.29368334700574245,0.2702702702702703,0.6489866971969604,0.6854056715965271,0.11505897213055949,0.6899719399977421,0.7405896841355886,0.11414875131639958,0.4149423368950725
65,2.0,1.0,1.0,0.5555555555555556,2,0.6332992849846782,0.3486707566462167,0.2461695607763023,0.647930383682251,0.5327200293540955,0.699615345848685,0.5069757411893278,0.7646394506881892,0.7599148136607317,0.6827863378467334
66,3.0,2.0,0.0,0.75,2,0.4740740740740741,0.2602832097100472,0.26262626262626265,0.6335901618003845,0.7704837322235107,0.1287025755237586,0.6224864610405187,0.6840115540722295,0.176511388061497,0.40292799467450097
67,1.0,2.0,1.0,0.5555555555555556,1,0.5922032413491021,0.3516001753616835,0.23915900131406045,0.5961353182792664,0.6512057781219482,0.8561941989847399,0.5791292317786201,0.6668825338271577,0.8362859371751515,0.7346229754414173
68,8.0,1.0,0.0,1.0,3,0.5258799171842651,0.2538860103626943,0.2577639751552795,0.6301189064979553,0.6128074526786804,0.48431229390221464,0.6817674136030002,0.8012265095776601,0.49803340426195186,0.6163349053362066
69,8.0,1.0,1.0,0.625,3,0.5822306238185255,0.2763406940063092,0.26969124133585376,0.6543022990226746,0.6431245803833008,0.899436336088987,0.5148870887001298,0.6698822503316327,0.8893665432880943,0.743393054602211
70,10.0,2.0,1.0,1.0,1,0.6130358191426893,0.2915931804820694,0.2607163828537874,0.6603341102600098,0.7333256602287292,0.8769185739839715,0.5878811466556974,0.6876361227540752,0.8697040404044317,0.755534970949544
71,8.0,2.0,0.0,0.6666666666666666,3,0.6314136125654451,0.35010482180293495,0.25968586387434556,0.6291578412055969,0.66422039270401,0.7989859475219736,0.6067789910855053,0.7743708178658603,0.7895809980173051,0.742429188622661
72,2.0,2.0,0.0,0.7777777777777778,3,0.5848563968668408,0.27450980392156865,0.2754569190600522,0.6638007164001465,0.7969573140144348,0.20520350493334996,0.6104588063042052,0.7908595047359388,0.14755539540255758,0.43851930284401286
73,4.0,1.0,1.0,1.0,1,0.36963285625388925,0.2242990654205608,0.2265090230242689,0.6243943572044373,0.8095765113830566,0.504877477948254,0.6250378686863842,0.7067682172525085,0.46756400694701594,0.5760618927085407
74,1.0,1.0,1.0,1.0,2,0.5983471074380166,0.26034197462768893,0.23360881542699727,0.6310099959373474,0.6345293521881104,0.3979708796983303,0.501396090712587,0.7091143327723736,0.48975586001238003,0.5245592907989177
75,1.0,2.0,1.0,0.6666666666666666,1,0.5769407441433165,0.2694252873563218,0.2599908130454754,0.6491429805755615,0.777752161026001,0.8577572075078777,0.6278667363086486,0.7654707816301515,0.833427358083437,0.7711305208825286
76,8.0,1.0,0.0,1.0,4,0.6353467561521253,0.2434652725914862,0.28486204325130504,0.6692485213279724,0.7954975366592407,0.2028537788665007,0.6703364081031966,0.778564113736961,0.2018643137921201,0.4634046536246946
77,8.0,2.0,1.0,1.0,2,0.567741935483871,0.30150753768844224,0.28530465949820794,0.653793215751648,0.7103887796401978,0.2438458280682517,0.7336306822123987,0.7165174236407849,0.35312867746569127,0.5117806528467816
78,2.0,2.0,1.0,1.0,2,0.6066066066066067,0.31763527054108215,0.26426426426426425,0.5774149894714355,0.6998997330665588,0.8629984962345514,0.5149957148409581,0.7564440282763568,0.8567064487536296,0.7477861720263739
79,1.0,1.0,0.0,0.7777777777777778,1,0.5893854748603351,0.27972027972027974,0.3128491620111732,0.6577763557434082,0.6268693804740906,0.6469248326873267,0.48906402682072453,0.6967961315855213,0.7364954419526561,0.6423201082615572
80,9.0,1.0,0.0,0.6666666666666666,1,0.5245494095711624,0.22775357809583072,0.2399005593536358,0.64091557264328,0.7544863224029541,0.2468164308011389,0.7278328882277718,0.7218073217703056,0.2598049091482603,0.4890653874868692
81,9.0,1.0,1.0,0.5555555555555556,3,0.6078536847767616,0.2983306408185245,0.2614308768154922,0.6697164177894592,0.8202115297317505,0.9094130738761403,0.7084693388935719,0.8801094005867591,0.8947643635587416,0.8481890442288033
82,9.0,1.0,1.0,0.5555555555555556,2,0.6,0.26187419768934533,0.25,0.640448272228241,0.8025299310684204,0.809811899950085,0.6135947549239466,0.8376947536980176,0.7710664557230815,0.7580419660737827
83,10.0,2.0,0.0,1.0,2,0.48726467331118495,0.2882483370288248,0.28017718715393136,0.6739927530288696,0.7068990468978882,0.9320373859193888,0.6485909241339267,0.7333154178489992,0.561266491790572,0.7188025549232216
84,8.0,2.0,1.0,0.875,3,0.577449947312961,0.3164556962025316,0.27713382507903056,0.643143355846405,0.513052225112915,0.8748741754544358,0.6617631506885567,0.8130097726489106,0.8463923841165688,0.799009870727118
85,1.0,2.0,1.0,0.8888888888888888,1,0.5094035464803869,0.2592791823561054,0.25040300913487373,0.6736858487129211,0.7006008625030518,0.11803249577153765,0.6288611672290084,0.6036571039241825,0.2423593524088358,0.3982275298333911
86,1.0,2.0,1.0,0.8888888888888888,1,0.5556182947487295,0.2566421707179197,0.2507058159232072,0.6760522127151489,0.7223374843597412,0.8983594059392737,0.540605671751592,0.7713733086014681,0.8883302448034914,0.7746671577739563
87,2.0,1.0,1.0,0.875,1,0.651790347690711,0.3553246753246754,0.2895692786715101,0.6891286969184875,0.749944806098938,0.8440605497264463,0.5298960673456746,0.7376735100942142,0.8406136112593419,0.7380609346064193
88,1.0,1.0,1.0,1.0,2,0.6729081334113518,0.31751611013473924,0.2562902282036278,0.6298736333847046,0.7985298037528992,0.13666865898677186,0.6623978618679413,0.7101663632487882,0.08677102076427493,0.3990009762169441
89,1.0,2.0,0.0,0.5555555555555556,2,0.4617668893838159,0.20817843866171004,0.22271714922049,0.6218451857566833,0.7873116135597229,0.77743602572488,0.5964312609899426,0.7669943803024356,0.7806839398436209,0.7303864017152198
90,1.0,2.0,1.0,0.625,3,0.5736648250460405,0.2516129032258065,0.22467771639042358,0.5997046828269958,0.7394362688064575,0.8950560785101974,0.5652495185765477,0.8982648244375588,0.8842549186719972,0.8107063350490753
91,8.0,2.0,1.0,1.0,4,0.5859632595383891,0.2725129655822725,0.21479039095619407,0.5987979769706726,0.7445365190505981,0.5690851485689093,0.5365849265532969,0.7185860647129106,0.5558503735332949,0.595026628342103
92,8.0,2.0,1.0,1.0,1,0.6189931350114415,0.3150057273768614,0.2929061784897025,0.6443495154380798,0.6791775822639465,0.6170075730313002,0.5510468235227561,0.7453056708481942,0.5709139801850482,0.6210685118968247
93,7.0,1.0,1.0,0.5555555555555556,2,0.6554712892741061,0.3297180043383948,0.26218851570964247,0.6773096323013306,0.7543099522590637,0.8505118607246968,0.6926367774142063,0.7876787946206663,0.8315015232135843,0.7905822389932884
94,10.0,1.0,1.0,1.0,2,0.638150289017341,0.32870370370370366,0.27167630057803466,0.674651563167572,0.7454372048377991,0.8585489515480922,0.5665445140412686,0.734466694314051,0.8231020649150939,0.7456655562046264
95,1.0,2.0,1.0,0.6666666666666666,1,0.6303696303696303,0.304,0.26873126873126874,0.7073695063591003,0.7397708892822266,0.7656675454134273,0.6116181259542669,0.6408794592712991,0.7480247557135671,0.69154747158814
96,10.0,2.0,0.0,1.0,2,0.6038159371492704,0.26179775280898876,0.25364758698092027,0.6715084314346313,0.7035166621208191,0.8540251806418105,0.4779589779629415,0.7163669057441113,0.8398305143214451,0.7220453946675771
97,9.0,1.0,0.0,0.5555555555555556,2,0.5857203933304832,0.3286264441591784,0.23343309106455754,0.6619552969932556,0.7215187549591064,0.7975174079943199,0.5697155796471568,0.7257665103490297,0.8179245923211509,0.7277310225779143
98,4.0,2.0,1.0,1.0,1,0.5772669220945083,0.27621483375959077,0.260536398467433,0.6539531946182251,0.7144708037376404,0.27811843705046196,0.5864931323077079,0.697447896705069,0.17607601769077819,0.43453387093850426
99,1.0,1.0,1.0,1.0,2,0.6625065002600103,0.368558042686101,0.33385335413416534,0.6716362237930298,0.6621429920196533,0.8569992428360146,0.5213314699681346,0.7800480071779905,0.8212300972829908,0.7449022043162826
100,8.0,2.0,1.0,0.6666666666666666,3,0.4945933239304184,0.2748235294117647,0.28866948754113775,0.6428598761558533,0.671565592288971,0.7130595685926473,0.6091210310226577,0.7163410617853289,0.6817157553787753,0.6800593541948522
101,2.0,2.0,1.0,1.0,1,0.6043899948953548,0.3076136944302504,0.32669729453802965,0.6674119830131531,0.7161515355110168,0.8625801138889565,0.4498388642900112,0.8098447907492341,0.8700189174236398,0.7480706715879604
102,4.0,2.0,1.0,0.5555555555555556,1,0.5920873124147339,0.30587164314974963,0.2628467485220555,0.6385640501976013,0.7180289626121521,0.8580888809037803,0.7443698633418643,0.874255844490794,0.8554553906295519,0.8330424948414976
103,8.0,1.0,1.0,1.0,1,0.5937016004130098,0.2997416020671834,0.2540010325245225,0.6835474371910095,0.58681720495224,0.8147574226501074,0.5677268176743826,0.7486953879474875,0.7830755604087491,0.7285637971701817
104,8.0,1.0,1.0,1.0,3,0.5887708649468892,0.3525835866261398,0.2943854324734446,0.7073927521705627,0.6634921431541443,0.8204793666579593,0.6823098645948711,0.7252155668435302,0.8200575876230868,0.7620155964298618
105,4.0,2.0,1.0,0.7777777777777778,1,0.4446043165467627,0.2622478386167147,0.2949640287769784,0.6220172047615051,0.6945701837539673,0.7499700335022762,0.7515094811577896,0.6198194385011223,0.6739804402700574,0.6988198483578114
106,6.0,1.0,1.0,0.5555555555555556,2,0.5450409463148316,0.26775956284153,0.267515923566879,0.6968311071395874,0.7180988788604736,0.9061745076922242,0.6942401157716286,0.7862018605088439,0.9024909145878498,0.8222768496401366
107,8.0,1.0,0.0,0.7777777777777778,3,0.6392742796157951,0.34294871794871795,0.2614727854855923,0.6803116798400879,0.6905326247215271,0.9118404721070046,0.5946100350243411,0.692171835162828,0.9037253128404727,0.7755869137836616
108,1.0,1.0,1.0,0.5555555555555556,2,0.5518354175070593,0.22204279370205893,0.1782977006857604,0.6128857135772705,0.6883292198181152,0.8603521623645379,0.5606209361665867,0.7215645584873671,0.8712634713754008,0.7534502820984732
109,5.0,1.0,0.0,1.0,1,0.48937540244687705,0.24887169568020634,0.23824855119124275,0.6258168816566467,0.6826920509338379,0.3731317617724609,0.7641863441298767,0.7516140888054327,0.4742805119301463,0.5908031766594792
110,1.0,2.0,1.0,0.5555555555555556,1,0.5751115518096183,0.2669975186104218,0.2171541893901834,0.6711938381195068,0.700351357460022,0.8940780893060184,0.5796989113192391,0.7592311929174531,0.8701295452048476,0.7757844346868896
111,1.0,1.0,1.0,1.0,2,0.6120481927710844,0.3376748673420164,0.2795180722891566,0.6799211502075195,0.6510250568389893,0.8788297924922941,0.4025319070276593,0.7285360921457941,0.8644616262622381,0.7185898544819964
112,8.0,1.0,1.0,1.0,1,0.6096807415036046,0.3199174406604747,0.3069001029866117,0.6968374252319336,0.7563543915748596,0.580824474816125,0.7485912169015834,0.8174928943230049,0.27889741447441085,0.6064515001287811
113,1.0,2.0,0.0,0.5555555555555556,2,0.4394618834080718,0.26599326599326595,0.25,0.6652510166168213,0.6600290536880493,0.018437192236344428,0.7144688973690487,0.7222739073560095,0.033815225967329186,0.37224880573218294
114,2.0,2.0,1.0,0.7777777777777778,1,0.6365940192600101,0.2993404363267377,0.272681196147998,0.6574142575263977,0.592859148979187,0.8211377300572495,0.6258441513166517,0.7981188009705623,0.8274479924717308,0.7681371687040486
115,10.0,2.0,1.0,0.5555555555555556,2,0.6477334789732386,0.3116457080371788,0.2566903331512835,0.6080334186553955,0.7538672685623169,0.9153012107950333,0.6414313476434309,0.8406407107127101,0.8852292183326028,0.8206506218709443
116,8.0,1.0,0.0,1.0,2,0.5297504798464492,0.22692307692307692,0.23032629558541265,0.6738563776016235,0.7737057209014893,0.8405823953947722,0.721328895059278,0.8719089073025035,0.6726433279011067,0.7766158814144151
117,1.0,2.0,1.0,0.5555555555555556,1,0.5722772277227722,0.2438057482656095,0.21485148514851485,0.6592937111854553,0.660153329372406,0.9092672866979652,0.5869367089938918,0.7543669963942614,0.8884135658729214,0.7847461394897599
118,12.0,2.0,1.0,1.0,1,0.5998715478484264,0.2932475884244373,0.2646114322414901,0.6360436081886292,0.7209035754203796,0.6030492415758809,0.5643227892179613,0.8267565175699915,0.5771213678808337,0.6428124790611669
119,1.0,1.0,1.0,1.0,2,0.5906234896085065,0.2776971456216739,0.24359594006766555,0.6665735840797424,0.6366310715675354,0.8840715031953482,0.5257083065486325,0.6394664184156974,0.8599133928563046,0.7272899052539956
120,1.0,1.0,0.0,0.5555555555555556,1,0.6201634877384197,0.2858701582105837,0.2594005449591281,0.6906991600990295,0.766685962677002,0.8762879572826616,0.5587420525462183,0.6864005879002124,0.8363902045789835,0.739455200577019
121,9.0,2.0,1.0,1.0,2,0.5473684210526316,0.2729553437029604,0.26265664160401003,0.6987257599830627,0.6886071562767029,0.7100622167660716,0.5917426500836364,0.7918340092840234,0.4787940871797479,0.6431082408283698
122,6.0,2.0,0.0,1.0,2,0.6659412404787813,0.3616557734204793,0.3416757344940152,0.640300989151001,0.6263608336448669,0.7808774139872882,0.5493363315378375,0.6326821948190617,0.7638045892306917,0.6816751323937198
123,1.0,2.0,1.0,1.0,1,0.6149914821124361,0.3003412969283276,0.30664395229982966,0.6304752230644226,0.6452731490135193,0.6144912405099265,0.6685820757676286,0.794956928568241,0.7300572508277677,0.702021873918391
124,2.0,1.0,1.0,0.5555555555555556,1,0.5598360655737704,0.2854799015586546,0.19754098360655736,0.6145334243774414,0.7247125506401062,0.9194053235421629,0.6122542236931454,0.7242600508298414,0.8520999982535753,0.7770048990796813
125,1.0,1.0,0.0,1.0,1,0.5146726862302483,0.28959276018099545,0.27088036117381487,0.6761296987533569,0.7731643915176392,0.11496355430905435,0.7379676797929992,0.8986475753027686,0.473568826137168,0.5562869088854976
126,9.0,2.0,1.0,1.0,2,0.5941302791696492,0.3025089605734767,0.2720114531138153,0.6583815813064575,0.6704403758049011,0.8939787478838193,0.5781250001547965,0.8416792778751071,0.8712692737565029,0.7962630749175563
127,10.0,2.0,0.0,1.0,1,0.2612021857923498,0.1586433260393873,0.18032786885245902,0.6477482914924622,0.77751225233078,0.7621886199626283,0.6308109313170429,0.8866808477592135,0.8159778881740531,0.7739145718032345
128,2.0,2.0,1.0,0.5555555555555556,2,0.37979306147291536,0.2169408897014016,0.19111381618989653,0.6608505845069885,0.6301884055137634,0.09299234764539609,0.7811481923694812,0.7784841130374194,0.15814225712901034,0.4526917275453267
129,5.0,1.0,1.0,1.0,2,0.619205298013245,0.29684908789386405,0.2533112582781457,0.6863218545913696,0.6771085858345032,0.27161113172966395,0.6455787433324497,0.6896099023326651,0.2974733458150973,0.47606828080246905
130,1.0,1.0,1.0,1.0,2,0.4654353562005277,0.2799788695192815,0.26279683377308705,0.6198107004165649,0.6158771514892578,0.03970602763431105,0.5555968599425625,0.7582806571037636,0.04750544908520696,0.350272248441461
131,1.0,1.0,1.0,0.7777777777777778,2,0.6028002947678702,0.2804428044280443,0.26676492262343404,0.6450228095054626,0.7084518671035767,0.174244486840162,0.6213232698370538,0.7218872189939131,0.23757442295619344,0.43875734965683055
132,4.0,2.0,0.0,0.5555555555555556,2,0.5019815059445178,0.22653151167915384,0.21576398062527521,0.6508111953735352,0.6804161667823792,0.4559917210422298,0.6220063513318139,0.7203413392064288,0.3951887979922504,0.5483820523931807
133,2.0,1.0,1.0,0.5555555555555556,2,0.5623818525519848,0.27530747398297073,0.22778827977315694,0.5658090710639954,0.7668703198432922,0.8475563251372997,0.6470379483962003,0.702209403528828,0.8133009231780136,0.7525261500600854
134,8.0,1.0,0.0,0.5555555555555556,2,0.5776135163674763,0.2272727272727273,0.20063357972544876,0.6537923812866211,0.7270002961158752,0.7815351553712878,0.6754845904473713,0.6972180007372277,0.7680802898274035,0.7305795090958225
135,2.0,1.0,0.0,0.5555555555555556,1,0.5669515669515669,0.2995720399429387,0.24216524216524213,0.7001633048057556,0.6552798748016357,0.5673093179947309,0.5347659385331058,0.6844889744368635,0.5535191203152903,0.5850208378199977
136,10.0,2.0,0.0,0.6666666666666666,2,0.6121399176954734,0.2904222451081359,0.257201646090535,0.6629440188407898,0.7374733090400696,0.7063907266531355,0.5952990742332913,0.7846284659892564,0.852055071602647,0.7345933346195825
137,8.0,1.0,1.0,0.6666666666666666,4,0.5645302897278314,0.35325131810193316,0.31431079894644426,0.6321651339530945,0.6936374306678772,0.904890535456006,0.5643192311995714,0.7055562911206601,0.8658129493718506,0.760144751787022
138,1.0,2.0,0.0,0.5555555555555556,1,0.454054054054054,0.15884476534296027,0.227027027027027,0.6136098504066467,0.7278699278831482,0.4480602752850785,0.5786048571114598,0.7492741343028108,0.9059309620114819,0.6704675571777077
139,3.0,2.0,1.0,0.6666666666666666,2,0.32096069868995636,0.15409836065573768,0.15611353711790393,0.5775287747383118,0.6884394288063049,0.4767502609683136,0.6822139786608784,0.8043488015574698,0.3928950924837958,0.5890520334176144
140,8.0,2.0,0.0,1.0,0,0.6277056277056278,0.37594799566630555,0.28571428571428575,0.696547269821167,0.7148923873901367,0.8946510343695502,0.668580500357551,0.6543525495552212,0.8680597937292652,0.7714109695028969
141,5.0,2.0,0.0,0.875,2,0.5568685376661743,0.2470414201183432,0.24963072378138848,0.630572497844696,0.6568077206611633,0.8464079278865051,0.6729660574694717,0.7361586781890711,0.8454928608482736,0.7752563810983304
142,9.0,2.0,1.0,1.0,4,0.6181818181818182,0.35464302379841345,0.25827505827505826,0.6759293079376221,0.6612712740898132,0.789409202917822,0.5347056967990641,0.796267850337095,0.7967025115990192,0.72927131541325
143,8.0,1.0,1.0,0.7777777777777778,1,0.5751445086705202,0.3317261330761813,0.3217726396917149,0.6416061520576477,0.710658609867096,0.8883127001267457,0.6617822220447668,0.8041921552967801,0.9097933859839785,0.8160201158630678
144,1.0,2.0,1.0,1.0,1,0.5546961325966852,0.2743362831858407,0.23204419889502761,0.558822751045227,0.7369523644447327,0.17161824665861092,0.6727558160623519,0.7762200968970936,0.17604015302136733,0.44915857815985594
145,1.0,2.0,1.0,1.0,1,0.5802562170308968,0.2988679245283019,0.2743029389600603,0.6767510771751404,0.6512480974197388,0.5998134403143267,0.6530261656462668,0.8076061693553919,0.652905379370312,0.6783377886715743
146,1.0,1.0,1.0,1.0,2,0.6226522481502561,0.2689458689458689,0.2504268639726807,0.6660183668136597,0.7615349292755127,0.8946211363551968,0.6835578860202149,0.8701835983889754,0.8792192711672568,0.8318954729829109
147,3.0,2.0,0.0,0.5555555555555556,3,0.37778516794146993,0.20299500831946757,0.168274027269704,0.615507960319519,0.6499608159065247,0.6395108069715013,0.5044739736884365,0.6229330582383927,0.6150547551957622,0.5954931485235232
148,8.0,2.0,0.0,0.7777777777777778,2,0.6053789731051344,0.3171806167400881,0.27677261613691934,0.6518166661262512,0.7642500400543213,0.9261073462738802,0.5274350993223622,0.7973858756531147,0.8905236434754942,0.7853629911812128
149,10.0,2.0,1.0,0.7777777777777778,2,0.582571602681292,0.23184868822452714,0.26691042047531993,0.6598687767982483,0.6342817544937134,0.8596003713219161,0.6173878550100298,0.7762754896306798,0.854676558733701,0.7769850686740817
150,4.0,2.0,1.0,1.0,3,0.552734375,0.23362658846529813,0.23632812500000003,0.6511548757553101,0.6639860272407532,0.8818292275813466,0.5201205994169061,0.6987853459411043,0.8537624759301465,0.7386244122173758
151,8.0,2.0,1.0,0.75,3,0.5042451088962717,0.2659770964166974,0.19490586932447398,0.6536088585853577,0.6468085050582886,0.89298070897031,0.6209559077327423,0.6923715904987784,0.8747249152609959,0.7702582806157067
152,8.0,2.0,0.0,1.0,2,0.668176670441676,0.336734693877551,0.2978482446206116,0.6607646942138672,0.6585971713066101,0.8498364127692052,0.5462213877482504,0.6948968398737279,0.8410634894224133,0.7330045324533992
153,1.0,1.0,0.0,0.6666666666666666,1,0.6067677946324387,0.2616822429906542,0.2695449241540257,0.6112828850746155,0.7762331366539001,0.9062817859702863,0.7306497426942675,0.8314840028295881,0.8954049265170654,0.8409551145028018
154,8.0,1.0,1.0,1.0,2,0.6112035496394899,0.28317601332593,0.2684414864115363,0.656116247177124,0.6364710927009583,0.8714500484366243,0.6955198233508803,0.73440335964096,0.8395302445561349,0.7852258689961499
155,1.0,2.0,1.0,0.5555555555555556,1,0.6464646464646464,0.3320915380521554,0.2477405635300372,0.6248589754104614,0.7856488823890686,0.7617768628477012,0.5160910058463353,0.720084809591195,0.7798736807621999,0.6944565897618578
156,8.0,1.0,1.0,1.0,2,0.4507812500000001,0.2322126661454261,0.18203125,0.6807014346122742,0.521611213684082,0.8714617611639462,0.5184077159977928,0.6803116629817468,0.8523583571786979,0.730634874330546
157,7.0,1.0,1.0,0.5555555555555556,1,0.5390450691655511,0.2295667708798571,0.2177599286033021,0.6382604837417603,0.7156932950019836,0.7521586630310665,0.6010075182296888,0.7194573178410415,0.6614299380995949,0.6835133593003478
158,8.0,1.0,0.0,1.0,3,0.5247813411078717,0.2475189725627554,0.21807580174927116,0.6511622667312622,0.6592152714729309,0.585174856386579,0.539431664062481,0.6088550477732063,0.45234373151294605,0.5464513249338031
159,6.0,2.0,1.0,1.0,2,0.5743440233236152,0.3362573099415205,0.2623906705539359,0.6532236337661743,0.7530282139778137,0.594458095068305,0.8127811774435636,0.7574835971716404,0.4245818555491099,0.6473261813081548
160,1.0,1.0,0.0,0.6666666666666666,1,0.5787401574803149,0.24178712220762155,0.2204724409448819,0.681921660900116,0.7308460474014282,0.06086702266800402,0.6603308693750867,0.8018513806650298,0.0752744255377023,0.39958092456145566
161,1.0,1.0,1.0,1.0,2,0.6649842271293376,0.33354390397978523,0.25110410094637226,0.689265787601471,0.6663462519645691,0.7635078895603854,0.5108799730117577,0.7664960806562827,0.8068653846334382,0.7119373319654659
162,3.0,1.0,0.0,1.0,1,0.5920770877944327,0.28938906752411575,0.26766595289079226,0.644478440284729,0.5734851360321045,0.8811957254630118,0.6149548410780267,0.5994687219118005,0.8387965010207835,0.7336039473684056
163,8.0,2.0,1.0,1.0,2,0.5615942028985508,0.19105199516324062,0.2113526570048309,0.6293978691101074,0.725099503993988,0.7793076728672043,0.5749874827053214,0.7257024906945324,0.8574224945964599,0.7343550352158795
164,5.0,2.0,1.0,0.6666666666666666,3,0.5570539419087137,0.23260643821391486,0.2354771784232365,0.65950608253479,0.6696321964263916,0.9087341138264513,0.5369971250890414,0.6598690142148829,0.8876911652928896,0.7483228546058163
165,9.0,2.0,0.0,1.0,3,0.465979381443299,0.24088093599449414,0.21168384879725086,0.6332889795303345,0.6400520205497742,0.2686227862746083,0.5774812215002693,0.7573913584874569,0.16700478959088136,0.4426250389633039
166,8.0,2.0,1.0,1.0,2,0.610770279481936,0.27167235494880543,0.26448534423994546,0.6675623655319214,0.7882509827613831,0.7962416537820095,0.6840702403470881,0.7544195340069111,0.8473317185433917,0.77051578666985
167,1.0,1.0,0.0,1.0,1,0.5307692307692309,0.2079589216944801,0.22307692307692312,0.6609882712364197,0.7059530019760132,0.9206268247684094,0.739364312825315,0.8689604099456223,0.9098948675118546,0.8597116037628003
168,2.0,2.0,0.0,1.0,2,0.43239795918367346,0.24904214559386975,0.22704081632653061,0.616356611251831,0.6640220880508423,0.855981795996517,0.6875456589718434,0.7124454968473074,0.7516488142754518,0.7519054415227799
169,5.0,1.0,1.0,1.0,1,0.5295068714632175,0.23462783171521034,0.2255456750202102,0.6402752995491028,0.7740195393562317,0.8842423842709202,0.5733968808292155,0.7769117791238224,0.8631864728889848,0.7744343792782357
170,3.0,1.0,1.0,0.5555555555555556,1,0.4617962466487936,0.22132796780684103,0.20710455764075067,0.6421498656272888,0.7455971240997314,0.9057442314832014,0.5845206723746911,0.7478393324781761,0.8746241467430894,0.7781820957697895
171,8.0,2.0,1.0,1.0,2,0.5680612846199175,0.25014749262536873,0.27224513847967,0.674745500087738,0.564574658870697,0.7172548460368245,0.5232254863315139,0.6671746669001617,0.6639811640692019,0.6429090408344256
172,2.0,2.0,0.0,0.5555555555555556,3,0.5550604710375556,0.21414913957934992,0.22151495862507958,0.6606008410453796,0.78252112865448,0.07458659733465073,0.6538353420640879,0.8007612785412113,0.06609983733655443,0.39882076381912607
173,9.0,1.0,1.0,1.0,3,0.5742232451093211,0.2684331797235023,0.23475258918296896,0.6707057952880859,0.6377167701721191,0.44971012778446207,0.5254426874878851,0.7116258126103039,0.4112902636961872,0.5245172228947096
174,13.0,1.0,0.0,1.0,3,0.5163763066202091,0.3131101813110181,0.2202090592334495,0.6397826075553894,0.7359735369682312,0.8314328764079753,0.6412007461369414,0.678952989005882,0.817846873684076,0.7423583713087186
175,8.0,2.0,1.0,1.0,2,0.5237467018469657,0.2866578599735799,0.21240105540897097,0.5918182730674744,0.6068462133407593,0.6405184891839162,0.6365854068482256,0.8434781485717728,0.5675527226369556,0.6720336918102175
176,10.0,2.0,1.0,1.0,3,0.48962213943587024,0.2557272242940863,0.24374667376263964,0.6824018359184265,0.6512728333473206,0.13280139152220272,0.7138222220472645,0.7916598871060552,0.13613617126384725,0.44360491798484236
177,6.0,2.0,1.0,1.0,3,0.4890756302521008,0.260942760942761,0.253781512605042,0.6061885952949524,0.8039923310279846,0.12466301377342259,0.5052974918079794,0.6694006170396922,0.09956306447241171,0.3497310467733765
178,8.0,1.0,1.0,0.5555555555555556,1,0.4841002618780397,0.25608386372145264,0.21249532360643475,0.6473037004470825,0.6790779232978821,0.8901126467615061,0.7199791639670106,0.7393034364033251,0.8705802513617054,0.8049938746233867
179,8.0,2.0,1.0,0.6666666666666666,4,0.5375362919950227,0.26567040265670405,0.1999170468685193,0.6109087467193604,0.6763139963150024,0.8819913800527744,0.5627626619236603,0.8101835532433649,0.8959738886995476,0.7877278709798368
180,2.0,1.0,1.0,1.0,2,0.6296103896103896,0.2870514820592823,0.22961038961038957,0.6306755542755127,0.7252469062805176,0.765940087721391,0.5618782088084792,0.7061204343189881,0.7255641191779912,0.6898757125067124
181,8.0,2.0,1.0,1.0,3,0.5932692307692308,0.26179018286814243,0.25769230769230766,0.6491765379905701,0.6405631303787231,0.8173463582000473,0.513842988017241,0.6515756129570723,0.7816975279326766,0.6911156217767593
182,1.0,1.0,0.0,0.5555555555555556,1,0.5763473053892215,0.31784107946026985,0.3038922155688623,0.6798056960105896,0.7577952146530151,0.9012605523489582,0.6578757384238727,0.7603293371779682,0.887097810792274,0.8016408596857683
183,1.0,2.0,1.0,1.0,1,0.5083969465648855,0.23071046600458367,0.1954198473282443,0.6179957389831543,0.7401907444000244,0.8830789042349353,0.6001502063258037,0.7253798483470904,0.8529363037436818,0.7653863156628778
184,1.0,1.0,0.0,1.0,1,0.5812356979405034,0.24598930481283424,0.22730739893211288,0.6466526389122009,0.6953902840614319,0.095618183342181,0.7198076891893648,0.8319498220994213,0.12125674499468869,0.4421581099064139
185,1.0,2.0,1.0,0.7777777777777778,1,0.638993710691824,0.26700251889168763,0.2440251572327044,0.6802612543106079,0.6360021233558655,0.5582355403771442,0.6552078788463215,0.7910937442282888,0.5657887937069574,0.642581489289678
186,7.0,1.0,0.0,1.0,3,0.49089767733835526,0.21998742928975487,0.24482109227871937,0.6328139901161194,0.7226832509040833,0.05720729566000119,0.6395798135741216,0.8321617393741224,0.10905327173971474,0.40950053008699
187,2.0,1.0,1.0,0.75,2,0.40963120999695213,0.205550472705093,0.1804327948796099,0.6399867534637451,0.7601385116577148,0.8574694895365034,0.5654846586579448,0.6992975327248323,0.8010336063630974,0.7308213218205944
188,2.0,1.0,1.0,0.5555555555555556,2,0.4948958758677011,0.20678381691867595,0.17149857084524298,0.6175427436828613,0.6948369145393372,0.8688136954186871,0.5440476143674299,0.7791149613754287,0.8554448602167278,0.7618552828445685
189,9.0,2.0,1.0,1.0,3,0.5985401459854015,0.267566048341765,0.23245367770915218,0.6202811002731323,0.6618166565895081,0.881849146995804,0.5570541470596477,0.6516468307764632,0.8615639541532975,0.7380285197463031
190,9.0,2.0,1.0,1.0,2,0.5800865800865801,0.2760115606936416,0.23809523809523808,0.669405460357666,0.7317413687705994,0.21231477323871026,0.534436442630567,0.6722612605619094,0.18287215521791936,0.4004711579122765
191,3.0,1.0,1.0,0.5555555555555556,2,0.5445420326223338,0.2293846797823357,0.19406106231702216,0.6325961947441101,0.8591863512992859,0.7572350394014009,0.557158317070515,0.7728436714663725,0.7626997814344857,0.7124842023431934
192,1.0,1.0,1.0,1.0,2,0.6856450635978195,0.3662825955124318,0.2483343428225318,0.673213005065918,0.6859874129295349,0.7667652047661105,0.5039737552127652,0.8147855559352568,0.752586677792217,0.7095277984265873
193,1.0,1.0,1.0,1.0,2,0.5621780721118468,0.2549742078113486,0.22222222222222224,0.6747246980667114,0.6689093112945557,0.6675586399039329,0.5046270035486596,0.6910258472771772,0.5171046176936387,0.5950790271058521
194,12.0,2.0,1.0,1.0,3,0.570427470217239,0.24842105263157896,0.23265592151366501,0.6487767696380615,0.7221043109893799,0.9022470909554526,0.628739088443765,0.6197697087244907,0.8130201358703236,0.740944005998508
195,12.0,2.0,1.0,1.0,2,0.6342890579286133,0.2659636789689514,0.235225277940316,0.6346052885055542,0.7158874273300171,0.8422955074461344,0.6000553264874037,0.6936782766678699,0.8174412963803095,0.7383676017454293
196,8.0,2.0,0.0,0.7777777777777778,1,0.5595238095238095,0.2840119165839126,0.26190476190476186,0.6294182538986206,0.6561872363090515,0.8784788441278184,0.5151434976064414,0.7145006571229103,0.8562594613004546,0.7410956150394061
197,4.0,2.0,1.0,1.0,2,0.6240753194351042,0.25993265993265996,0.23806321452589105,0.6500608921051025,0.7345867156982422,0.8533062241268113,0.7028038798052122,0.7715314031229564,0.8481021906457317,0.7939359244251779
198,1.0,1.0,1.0,0.6666666666666666,2,0.644780039395929,0.3103221564760026,0.28890347997373605,0.6703410148620605,0.8033842444419861,0.6843961393646574,0.5836951702974764,0.7294668977914142,0.6910822436044788,0.6721601127645067
199,3.0,1.0,1.0,1.0,2,0.5958016971862439,0.30308448815377736,0.2876284055381867,0.6766619682312012,0.7963243722915649,0.916083861220265,0.6001538445158197,0.7655123732981332,0.8119174562713849,0.7734168838264006
200,8.0,2.0,1.0,0.7777777777777778,3,0.46201074443591705,0.25365103766333585,0.29623944742900993,0.6328361630439758,0.7511146664619446,0.8915310127438438,0.6965252335333444,0.6977872946936543,0.776642604381542,0.7656215363380962
201,2.0,2.0,1.0,0.5555555555555556,1,0.5830164765525983,0.3103594080338266,0.20870299957752428,0.6414518356323242,0.7020233273506165,0.8574156693825601,0.5990012972072084,0.707460080185708,0.8357018071704775,0.7498947134864885
202,2.0,2.0,0.0,0.5555555555555556,1,0.557650153441473,0.2843352347520843,0.21131082858395442,0.6186156272888184,0.6844415068626404,0.9037080104924381,0.4751129907024261,0.5568328039133298,0.8745876232004374,0.7025603570771578
203,9.0,1.0,1.0,0.5555555555555556,2,0.5541666666666666,0.24478442280945759,0.2958333333333334,0.6276310086250305,0.7585783004760742,0.7974466604363439,0.6086148253503517,0.70941094109855,0.8466510664496171,0.7405308733337156
204,8.0,1.0,1.0,0.7777777777777778,3,0.5680751173708921,0.18801410105757932,0.20070422535211266,0.6403424143791199,0.6725410223007202,0.8857952940859511,0.5134965836378739,0.7821032481087971,0.8637418477874165,0.7612842434050096
205,6.0,1.0,0.0,0.6666666666666666,3,0.5552699228791774,0.2303732303732304,0.21722365038560412,0.6302258968353271,0.6879099607467651,0.5220838406151691,0.6321230394756283,0.7850506105006314,0.3105887483235164,0.5624615597287363
206,1.0,2.0,0.0,0.5555555555555556,2,0.5230769230769232,0.28291316526610644,0.2825174825174826,0.676875650882721,0.6797882914543152,0.7518727532161966,0.6597454821914973,0.7890452861041789,0.5705876199527744,0.6928127853661619
207,2.0,1.0,0.0,1.0,1,0.5635451505016723,0.3149078726968174,0.342809364548495,0.6942325234413147,0.680311918258667,0.6222388957916711,0.650709363036189,0.7964997063492079,0.36214285099073207,0.60789770404195
208,8.0,1.0,0.0,0.5555555555555556,2,0.500662251655629,0.22413793103448273,0.22913907284768215,0.6200335621833801,0.7714018821716309,0.6154677600646001,0.6298677738367173,0.6853471148592974,0.8623334218715133,0.6982540176580321
209,9.0,2.0,1.0,0.5555555555555556,2,0.6286644951140065,0.2967391304347826,0.2790445168295331,0.7136321067810059,0.7074834108352661,0.8786692464623792,0.5931995746081621,0.7432678943193167,0.8557963852155971,0.7677332751513637
210,1.0,1.0,1.0,0.5555555555555556,2,0.562322140011383,0.25413105413105413,0.21172453044963005,0.6772426962852478,0.6345016360282898,0.3248805345984517,0.6123463586551494,0.7528648691483574,0.1808225031260476,0.4677285663820015
211,3.0,2.0,0.0,0.7777777777777778,2,0.6457204767063922,0.3047722342733189,0.26977248104008666,0.6622222661972046,0.6231919527053833,0.9031994889289966,0.5051246097416456,0.8587701821362049,0.8917931069572603,0.7897218469410269
212,8.0,1.0,1.0,1.0,1,0.5645805592543276,0.232,0.27163781624500666,0.661236584186554,0.6828566193580627,0.8988494858260688,0.6891977848774291,0.7545918316638729,0.8414154071479181,0.7960136273788222
213,1.0,2.0,1.0,0.8888888888888888,1,0.6153846153846154,0.3144857296715132,0.23023130715438409,0.6034687161445618,0.7245089411735535,0.8692107560034034,0.5553351034073526,0.7754204445895521,0.706370528541143,0.7265842081353628
214,2.0,2.0,1.0,0.8888888888888888,3,0.4882629107981221,0.2351097178683386,0.18622848200312989,0.6361283659934998,0.7240699529647827,0.8551142444385197,0.6404328346814804,0.8285563228224138,0.8616462468893195,0.7964374122079333
215,9.0,2.0,1.0,1.0,2,0.6451612903225806,0.3137254901960784,0.2373271889400922,0.6613112688064575,0.6248019337654114,0.8859277346713513,0.516163015434817,0.7378056835922615,0.8813196630973336,0.7553040241989408
216,1.0,1.0,0.0,0.5555555555555556,1,0.31041009463722397,0.17561591914087177,0.18422712933753943,0.6363614201545715,0.7295185923576355,0.2580728167182843,0.7368332840558248,0.7054913355152033,0.3763291705304731,0.5191816517049463
217,8.0,2.0,0.0,1.0,2,0.5789056304520221,0.23351866560762508,0.22204599524187155,0.6227608323097229,0.7425431609153748,0.11785565275492076,0.6564700620353346,0.7782229599488503,0.08337049525715057,0.4089797924990641
218,1.0,1.0,0.0,0.8888888888888888,1,0.613649182177101,0.27216261998870694,0.24591088550479415,0.6396083235740662,0.6858547925949097,0.8523213217079492,0.5909330487500261,0.7292399019030801,0.8524290613913258,0.7562308334380953
219,1.0,2.0,1.0,1.0,1,0.6173503698722259,0.25858585858585853,0.2178883658372562,0.6582041382789612,0.70760577917099,0.9051635183317384,0.6741502194319902,0.6510002941528966,0.8525003081590258,0.7707035850189128
220,3.0,2.0,1.0,1.0,1,0.6205571565802113,0.2932692307692307,0.2439961575408261,0.6642047166824341,0.7262357473373413,0.9203139536833008,0.5569897650958567,0.8144771606415542,0.8889112341604418,0.7951730283952884
221,7.0,1.0,1.0,1.0,2,0.5187901008249313,0.3397612488521579,0.35747021081576535,0.6798368096351624,0.7228037714958191,0.9452189374784808,0.7793278388715809,0.6752775935834466,0.8818282655530079,0.820413158871629
222,8.0,2.0,1.0,1.0,0,0.6578366445916115,0.34734513274336276,0.32891832229580575,0.7121673226356506,0.7318836450576782,0.08489273967313998,0.7789702261366027,0.6985897280955945,0.06648212675547027,0.40723370516520185
223,4.0,2.0,1.0,0.8888888888888888,1,0.6027568922305764,0.3023839397741531,0.2468671679197995,0.6250682473182678,0.7246664762496948,0.8048145313807683,0.565207770038821,0.767793403337271,0.7625393336975315,0.725088759613598
224,8.0,1.0,1.0,1.0,2,0.6102425876010782,0.2514840798704803,0.23288409703504043,0.6413670182228088,0.7111290097236633,0.887010425984207,0.6470547896058305,0.7838201299414672,0.8783174520380471,0.7990506993923879
225,2.0,1.0,1.0,0.5555555555555556,2,0.5341772151898734,0.19518377693282635,0.22658227848101267,0.6476760506629944,0.6843129992485046,0.6938180390681449,0.6085339829337244,0.7252041911523629,0.7072137375050381,0.6836924876648176
226,12.0,2.0,0.0,0.6666666666666666,1,0.4453676776069796,0.26860706860706857,0.23348566680515162,0.588801920413971,0.694674015045166,0.5380952283029067,0.6421298458210517,0.8372761021031618,0.29467218976381243,0.5780433414977332
227,2.0,2.0,1.0,0.5555555555555556,1,0.5816023738872403,0.2659732540861812,0.23887240356083086,0.6421632766723633,0.771652102470398,0.10979086831347498,0.6713762877193507,0.7855985635005138,0.13426308814316223,0.4252572019191254
228,8.0,1.0,1.0,1.0,2,0.5712484237074402,0.3396464646464647,0.30264817150063056,0.6390858292579651,0.6263597011566162,0.7050326281582078,0.5278077371419092,0.6865653529656663,0.7191305720826827,0.6596340725871165
229,9.0,2.0,1.0,1.0,1,0.5740291262135921,0.2539489671931956,0.24635922330097088,0.6433272361755371,0.6390948295593262,0.6626189542294908,0.6651337977602708,0.7470268537180051,0.5959809588603688,0.667690141142034
230,2.0,2.0,1.0,0.7777777777777778,1,0.6182643221781056,0.26121521862578084,0.23369256948383438,0.6422809958457947,0.6970577836036682,0.7564717735941895,0.5828750206830325,0.8148752444746061,0.7588625763436362,0.7282711537738661
231,4.0,2.0,1.0,0.5555555555555556,1,0.4739845585767036,0.2794759825327511,0.2007385028533065,0.6251914501190186,0.6753070950508118,0.9088273021204395,0.49925201909587014,0.6270312418671243,0.8599649137828537,0.7237688692165719
232,1.0,1.0,1.0,1.0,2,0.6586750788643533,0.3133291219204043,0.2763406940063092,0.647998571395874,0.6875383853912354,0.7107016441165768,0.6134627475210733,0.7391902389912498,0.6934969113207702,0.6892128854874174
233,8.0,1.0,1.0,1.0,3,0.6115261472785485,0.2670940170940171,0.2550693703308431,0.6109946370124817,0.7336063385009766,0.7979322451584829,0.7065959961290105,0.802900431914866,0.7787207112348783,0.7715373461093095
234,10.0,1.0,0.0,0.7777777777777778,4,0.5690376569037656,0.2764811490125673,0.21637776449491933,0.6533102989196777,0.6598339676856995,0.8977526226981618,0.610011158595088,0.8052885090853195,0.8623325779426118,0.7938462170802952
235,7.0,2.0,1.0,1.0,0,0.6058700209643606,0.2906610703043022,0.2222222222222222,0.6609740257263184,0.6458137035369873,0.7238330823672817,0.5309917644238052,0.6249839666314063,0.801268034732283,0.670269212038694
236,3.0,2.0,1.0,1.0,1,0.5177961969770845,0.26744753538311367,0.24573378839590443,0.6325680017471313,0.7068724632263184,0.7776974117867598,0.7067649579398689,0.741913263275161,0.8249040774904626,0.762819927623063
237,9.0,2.0,1.0,0.8888888888888888,1,0.557556773688332,0.20862745098039215,0.22709475332811274,0.6662258505821228,0.7091290950775146,0.43249713997325256,0.6490392223346322,0.793702865677687,0.3518477031925438,0.556771732794529
238,1.0,2.0,1.0,0.6666666666666666,1,0.6197530864197531,0.3238566131025958,0.2987654320987654,0.6364500522613525,0.611487627029419,0.1441922510099377,0.6238063863496298,0.7886306936777125,0.28198818287503946,0.4596543784780799
239,8.0,1.0,1.0,0.6666666666666666,1,0.5311812179016875,0.2689199118295371,0.26705796038151136,0.6546780467033386,0.7738233804702759,0.7061148281219466,0.7809610277522067,0.9048539331441052,0.4267133729290284,0.7046607904868217
240,8.0,1.0,1.0,0.7777777777777778,3,0.4940813175501801,0.2782071097372488,0.24601132269686055,0.6500670313835144,0.7947037816047668,0.5770626822513677,0.565971760971335,0.7615827688859136,0.5309457305363955,0.608890735661253
241,2.0,2.0,0.0,0.5555555555555556,3,0.5478991596638655,0.27670311185870483,0.25630252100840334,0.6555643677711487,0.7199234962463379,0.9105754315760662,0.6143209600438614,0.7444005937108734,0.8988175736400837,0.7920286397427212
242,8.0,2.0,1.0,1.0,3,0.650974025974026,0.3626016260162602,0.29383116883116883,0.7149436473846436,0.6851610541343689,0.8053856018202548,0.6332707751323013,0.7724799366696853,0.5887538124274801,0.6999725315124304
243,8.0,2.0,1.0,1.0,3,0.6597510373443984,0.389196675900277,0.3499308437067773,0.6798993945121765,0.6556887626647949,0.053967121968582395,0.6005734278354875,0.7726482212089898,0.05996995912392974,0.3717896825342474
244,8.0,1.0,0.0,0.5555555555555556,2,0.5921849201981287,0.23581267217630855,0.24215740231150248,0.6706451773643494,0.7441284656524658,0.921815730189205,0.6939674922003298,0.8615436776980958,0.9058136542940578,0.8457851385954221
245,3.0,1.0,1.0,0.5555555555555556,3,0.5683856502242152,0.3288439955106622,0.3071748878923767,0.6904364824295044,0.8565158247947693,0.3121748930096286,0.6442902398030436,0.8681447819680755,0.21841411794501697,0.5107560081814412
246,1.0,1.0,0.0,1.0,2,0.618042226487524,0.28955797565663033,0.2763915547024952,0.6927107572555542,0.683074951171875,0.9151593562148559,0.5852219091415571,0.6340494066101737,0.8992519622398493,0.758420658551609
247,9.0,2.0,1.0,0.6666666666666666,3,0.4661944623309723,0.23855577047066404,0.23052157115260788,0.6221595406532288,0.5865888595581055,0.8794119718114936,0.5788371637266655,0.8313228473974968,0.840645779356584,0.78255444057306
248,1.0,1.0,0.0,1.0,1,0.5828295042321645,0.32242424242424245,0.38452237001209194,0.6738541722297668,0.7313519716262817,0.12449478794152702,0.7379549260345418,0.7229603266196438,0.2667966719807851,0.4630516781441244
249,3.0,2.0,0.0,0.5555555555555556,2,0.5466342254663421,0.29220779220779225,0.23600973236009734,0.6999543905258179,0.7085811495780945,0.6021435765645762,0.5739033809734642,0.7267650942711281,0.6052349070456243,0.6270117397136982
250,1.0,2.0,1.0,0.5555555555555556,1,0.5647298674821611,0.28469387755102044,0.2762487257900102,0.616321325302124,0.7363755702972412,0.7465972137429503,0.6504274172863211,0.6305108341382917,0.7371261215002696,0.6911653966669582
251,2.0,2.0,1.0,0.6666666666666666,3,0.5604026845637584,0.26952141057934514,0.23825503355704694,0.6423154473304749,0.7544508576393127,0.8710969301396186,0.6250675983356855,0.7666989922219073,0.8386217749651488,0.77537132391559
252,13.0,2.0,0.0,0.6666666666666666,1,0.5281927710843374,0.23540762180414854,0.2178313253012048,0.6519604325294495,0.7263854742050171,0.7136109994174179,0.5663083435319475,0.7695909151956134,0.6899012678710155,0.6848528815039986
253,9.0,1.0,0.0,1.0,3,0.5508072174738841,0.2207421503330162,0.23741690408357075,0.6342834234237671,0.7594878077507019,0.4731918482874292,0.6818748015216475,0.6620264987538544,0.3285946789604926,0.5364219568808559
254,8.0,2.0,0.0,0.75,2,0.5992217898832685,0.2704507512520868,0.21011673151750973,0.653611421585083,0.670784592628479,0.9226121587786702,0.4792585405780306,0.656600881444605,0.9035025858900462,0.740493541672838
255,1.0,1.0,0.0,1.0,1,0.55049786628734,0.245014245014245,0.22190611664295876,0.6237426400184631,0.6977440118789673,0.8811867301959009,0.6115391008012891,0.7467256909069967,0.8401755126843767,0.7699067586471409
256,1.0,2.0,1.0,0.875,1,0.4826599928494816,0.21538461538461537,0.19163389345727566,0.6201515793800354,0.6707903146743774,0.9079680689030598,0.6579183296272493,0.7632109111831991,0.8845386640279014,0.8034089934353523
257,2.0,1.0,0.0,1.0,1,0.6437587657784011,0.36376404494382014,0.3338008415147265,0.6833814978599548,0.6523520350456238,0.9038951331845988,0.5534985449351775,0.7197565095831785,0.8849911009246364,0.7655353221568978
258,9.0,2.0,0.0,0.6666666666666666,2,0.638525564803805,0.2773809523809524,0.24613555291319855,0.6593735218048096,0.6407618522644043,0.8745846229773928,0.5967913574095635,0.7094578851890736,0.8677029585798993,0.7621342060389823
259,2.0,1.0,1.0,1.0,1,0.660149511213341,0.3166378814047208,0.24841863139735482,0.6271221041679382,0.7112329602241516,0.9098054518965427,0.6492039575630624,0.798390054539286,0.8962817893102158,0.8134203133272767
260,8.0,2.0,0.0,0.75,1,0.5680473372781065,0.26970387243735766,0.23941738734638138,0.6864412426948547,0.7096906304359436,0.8799221731165356,0.6713477706061988,0.7560675074825941,0.8713412896332194,0.794669685209637
261,9.0,1.0,0.0,0.75,2,0.6083198271204755,0.3061114115738237,0.28200972447325773,0.6538419723510742,0.6319700479507446,0.1424516795462101,0.6989144053065565,0.817802029390194,0.20678746107155682,0.46648889382862935
262,8.0,1.0,1.0,0.6666666666666666,2,0.49588138385502467,0.2392739273927393,0.22075782537067548,0.6504383683204651,0.6251433491706848,0.42494971923686786,0.6107460873592785,0.6061960232447625,0.19532713813526575,0.45930474199404364
263,7.0,1.0,1.0,0.75,2,0.5365535248041775,0.36209150326797385,0.33942558746736295,0.6650936603546143,0.7257807850837708,0.8795286981450642,0.5746968898622818,0.6433325273887534,0.7139701346442341,0.7028820625100833
264,2.0,2.0,0.0,1.0,1,0.6637770897832816,0.33849969001859886,0.30835913312693497,0.6939241290092468,0.6685413122177124,0.8532754464208148,0.5160572626244672,0.7953349886856006,0.8224646207849938,0.7467830796289691
265,8.0,2.0,1.0,0.75,3,0.3553854565336249,0.17405582922824303,0.1902679059595407,0.6283361911773682,0.6992065906524658,0.18253905976072535,0.6662236641106967,0.5706924326297784,0.11262290272150131,0.3830195148056755
266,2.0,2.0,0.0,0.5714285714285714,1,0.46714522363335176,0.24322830292979547,0.2540033130866924,0.619852602481842,0.6822176575660706,0.07667127972949116,0.5025984647635989,0.7441324269977341,0.0805429061607838,0.350986269412902
267,1.0,2.0,1.0,0.875,1,0.5488493269648285,0.25554106910039115,0.22926617455492834,0.6375764012336731,0.7437366247177124,0.7886213278992787,0.6186141558731968,0.8534781198572702,0.7637840390404285,0.7561244106675435
268,8.0,1.0,1.0,0.75,2,0.6308900523560209,0.307994757536042,0.2827225130890052,0.6753711104393005,0.7316752672195435,0.8875409097623791,0.6332189194247475,0.6551501854012921,0.8815513076316441,0.7643653305550157
269,10.0,2.0,0.0,0.75,3,0.6049204052098409,0.2623188405797101,0.2532561505065123,0.628354549407959,0.722871720790863,0.6690614362376732,0.5862142411113558,0.7430015914977924,0.5556712830989036,0.6384871379864313
270,2.0,2.0,1.0,0.875,1,0.6213712168004941,0.300556586270872,0.25447807288449653,0.6646339297294617,0.6096411347389221,0.1900250175657024,0.7008788807049179,0.7238085950895895,0.20553571211969987,0.45506205136997746
271,8.0,1.0,1.0,1.0,3,0.6079919069296914,0.3250632911392405,0.2883156297420334,0.6712446808815002,0.6142240166664124,0.9111554119960318,0.632956005691578,0.7735533284309825,0.8966003299463646,0.8035662690162393
272,2.0,2.0,0.0,1.0,1,0.2401500938086304,0.09962406015037595,0.1294559099437148,0.5749050974845886,0.610134482383728,0.40748205584662683,0.7543599803428879,0.6482651079238919,0.46658722828896354,0.5691735931005926
273,3.0,2.0,1.0,0.75,1,0.5837479270315092,0.3438538205980066,0.3946932006633499,0.6598873138427734,0.7221691012382507,0.8558545093706857,0.6986178770228247,0.7164974894317492,0.7712973342557844,0.7605668025202611
274,10.0,2.0,0.0,1.0,3,0.6277128547579299,0.3008356545961003,0.28603227601558157,0.5971285700798035,0.6338385939598083,0.8708863030524834,0.5363323596649713,0.6651756796821124,0.8576797290613065,0.7325185178652184
275,1.0,2.0,1.0,0.8888888888888888,1,0.6754221388367729,0.343143393863494,0.2589118198874297,0.6916497945785522,0.6889376044273376,0.8927544434910298,0.48450757420623186,0.6985827409110792,0.8916934476691453,0.7418845515693715
276,8.0,1.0,1.0,0.875,2,0.4495837187789084,0.23540315106580165,0.19611470860314523,0.6661958694458008,0.660437822341919,0.4869164185632627,0.739757343083458,0.6926771337421462,0.45343570892058266,0.5931966510773624
277,1.0,1.0,1.0,0.8888888888888888,2,0.6025200458190149,0.2580275229357798,0.21420389461626574,0.6294078826904297,0.6840614676475525,0.7955604025304499,0.6333432281289377,0.7312373165171195,0.795139612069543,0.7388201398115125
278,8.0,1.0,1.0,1.0,1,0.6158499697519662,0.3113264688067837,0.29159104658197216,0.6616096496582031,0.6762480139732361,0.8987339908554085,0.5899649204153917,0.7579362301705319,0.8879349447730333,0.7836425215535913
279,6.0,2.0,1.0,1.0,3,0.6043165467625901,0.23047091412742385,0.22136137244050913,0.6501328349113464,0.8327596187591553,0.8909293980438222,0.6797720594069434,0.8450408357668254,0.8838883905825056,0.8249076709500242
280,3.0,1.0,0.0,0.75,1,0.5923566878980893,0.24744897959183673,0.22038216560509558,0.6385518908500671,0.6584802865982056,0.828735732467965,0.5336681599498596,0.6760249464277112,0.8365798185339957,0.7187521643448829
281,1.0,2.0,1.0,0.625,1,0.4425974025974026,0.21424856994279773,0.20571428571428568,0.6424859762191772,0.6318825483322144,0.8084730269205154,0.6704408686184822,0.7666961741559,0.6661428161600034,0.7279382214637252
282,1.0,1.0,0.0,0.625,1,0.6040914560770156,0.23975903614457833,0.21660649819494585,0.632125735282898,0.7523437738418579,0.8838385136599788,0.7324628608116404,0.8328648423360909,0.8700649749035784,0.8298077979278221
283,1.0,2.0,1.0,0.625,1,0.5968911917098445,0.2966804979253112,0.24352331606217623,0.6702757477760315,0.8341708183288574,0.5696196254161313,0.7078687767728024,0.8419775913009807,0.5880528237130322,0.6768797043007366
284,1.0,2.0,1.0,1.0,1,0.13233923578751164,0.06902985074626866,0.08201304753028892,0.5638265609741211,0.6301328539848328,0.8868895510940338,0.800820749850731,0.8172810924823781,0.7377089321200836,0.8106750813868067
285,2.0,1.0,0.0,1.0,1,0.6123680241327301,0.24924471299093656,0.23378582202111617,0.6647844910621643,0.7448122501373291,0.20758468418085688,0.6970474164664714,0.7147290499125876,0.2301675199618501,0.46238216763044143
286,9.0,1.0,0.0,1.0,2,0.6308884913536077,0.3319402985074627,0.31007751937984496,0.6451664566993713,0.7043543457984924,0.7962353163889272,0.6421446125228687,0.6934489570077524,0.8118367554036385,0.7359164103307967
287,1.0,2.0,1.0,1.0,1,0.6670360110803324,0.3427620632279534,0.30360110803324103,0.6787024736404419,0.821244478225708,0.899154368970963,0.666837296837062,0.9013600658411713,0.886700942904245,0.8385131686383602
288,8.0,2.0,1.0,0.8888888888888888,3,0.6563614744351962,0.294047619047619,0.27348394768133183,0.6510164141654968,0.7288882732391357,0.8316204976651522,0.629427163692237,0.745554477274192,0.8399093468719258,0.7616278713758767
289,1.0,2.0,1.0,0.6666666666666666,1,0.641298833079655,0.340274250888776,0.22729578893962454,0.6643425226211548,0.7341865301132202,0.8470387492576567,0.41209963284213247,0.8163146538288253,0.8355014339255992,0.7277386174635534
290,1.0,1.0,0.0,1.0,1,0.6365237815619496,0.3209876543209877,0.30886670581327075,0.6513343453407288,0.7239298224449158,0.8901798415483199,0.6260068717382602,0.6558717206412246,0.867285775885455,0.7598360524533149
291,2.0,2.0,0.0,1.0,4,0.5892972275951,0.2788896061975468,0.2669245647969052,0.6235594749450684,0.6863576769828796,0.7892063491117374,0.3687346368194781,0.7406343365381147,0.7214859425303278,0.6550153162499145
292,1.0,2.0,1.0,1.0,1,0.6381909547738693,0.3238255033557047,0.28475711892797323,0.6950808763504028,0.5852152705192566,0.44443362926911495,0.702404994091246,0.739815456562834,0.5538802134215434,0.6101335733361846
293,8.0,1.0,1.0,1.0,2,0.5926876202694035,0.2440590879897238,0.21039127645926878,0.6357702612876892,0.5772734880447388,0.8516632772461539,0.47311824089278254,0.7424379570974388,0.8398679661276737,0.7267718603410123
294,1.0,1.0,0.0,0.625,1,0.624484181568088,0.32920110192837465,0.25722145804676755,0.6894402503967285,0.7700309753417969,0.8019522419328488,0.5782270074248503,0.7259109793347006,0.759110576304814,0.7163002012493034
295,8.0,1.0,0.0,0.7142857142857143,2,0.5777233782129744,0.24754901960784315,0.20930232558139536,0.6450269818305969,0.6247749924659729,0.9014515131827004,0.6257977453127783,0.7473996448993474,0.8772872039158488,0.7879840268276688
296,1.0,2.0,0.0,0.75,2,0.4385342789598109,0.20236686390532546,0.2009456264775414,0.6168166995048523,0.7523319125175476,0.5988547251283385,0.6482635288133315,0.5620096180146524,0.5016776666823727,0.5777013846596738
297,8.0,1.0,1.0,0.5714285714285714,1,0.3061491495856956,0.1580096027935399,0.16746620148277364,0.6498680710792542,0.695538341999054,0.8946338650348801,0.7900658306994546,0.8687728302570569,0.8186976876786833,0.8430425534175188
298,2.0,1.0,1.0,1.0,1,0.42729591836734687,0.23371647509578547,0.211734693877551,0.6580443382263184,0.7282712459564209,0.22579017722443712,0.7525431395322681,0.758982529681585,0.2428555545768623,0.49504285025378814
299,9.0,2.0,1.0,1.0,1,0.5876543209876544,0.2868920032976092,0.2518518518518518,0.6528611779212952,0.5382257699966431,0.8708479386802376,0.6549910661480878,0.8214483609002551,0.8825445978191518,0.807457990886933
300,2.0,1.0,1.0,1.0,2,0.6110444177671069,0.2932692307692308,0.28331332533013204,0.636932909488678,0.6552747488021851,0.52529931266361,0.5773226427278318,0.7155940884276142,0.5125272647850783,0.5826858271510336
301,8.0,2.0,0.0,1.0,2,0.6105499438832772,0.30898876404494385,0.2615039281705948,0.6856564283370972,0.5859699249267578,0.8847401127596344,0.6701470919404887,0.6972035603083828,0.8583667718101123,0.7776143842046546
302,9.0,1.0,1.0,0.75,2,0.42637759710930445,0.2316742081447964,0.20776874435411022,0.6248879432678223,0.6695490479469299,0.43552588898289335,0.8074724214941461,0.7059803133244703,0.28455870624691393,0.558384332512106
303,8.0,1.0,1.0,1.0,1,0.48732718894009225,0.27797001153402534,0.2603686635944701,0.6470749974250793,0.6877598166465759,0.7811584857599907,0.5560688705588462,0.7697269983594238,0.7284238102905903,0.7088445412422129
304,1.0,1.0,0.0,0.875,1,0.6173044925124792,0.2766666666666667,0.2695507487520799,0.6623959541320801,0.7589264512062073,0.12194047603756046,0.6030680847415589,0.7844963259348944,0.17440626550806274,0.4209777880555191
305,7.0,2.0,0.0,0.75,2,0.5842588121680348,0.250362493958434,0.19797199420569772,0.6062690615653992,0.7582354545593262,0.9022956125099264,0.6085330863611277,0.8500824317387884,0.8859833192987246,0.8117236124771418
306,8.0,1.0,0.0,1.0,3,0.6140254003313086,0.3007186290768381,0.24295969077857538,0.5935832262039185,0.699212372303009,0.8958874761447527,0.6171816053267098,0.6992440974467088,0.8780685933495181,0.7725954430669224
307,1.0,1.0,1.0,1.0,3,0.6504592112371691,0.33856138453217954,0.24311183144246354,0.6524739861488342,0.745479941368103,0.9274349252252987,0.6711357632212603,0.8264339488351794,0.906043638336452,0.8327620689045476
308,8.0,1.0,1.0,1.0,1,0.5903555772040915,0.34032179424670894,0.23088163662932296,0.6422119140625,0.7840614914894104,0.9004816826604308,0.6202120626484721,0.7833054135045271,0.8757773854908675,0.7949441360760744
309,1.0,1.0,1.0,0.625,2,0.63689776733255,0.24000000000000002,0.22326674500587546,0.6616595387458801,0.7897248268127441,0.9131380071895798,0.6274456575798659,0.7727174149891777,0.9094473995546422,0.8056871198283164
310,1.0,1.0,0.0,0.75,1,0.6079510703363914,0.2645437844458053,0.26177370030581043,0.6874942779541016,0.6035376191139221,0.8496667313680273,0.5830705460341555,0.6573136493426693,0.8347951128232696,0.7312115098920304
311,1.0,2.0,1.0,0.875,1,0.6306532663316583,0.2679245283018868,0.21608040201005024,0.661673903465271,0.7240955829620361,0.7598402454585652,0.5361650580094429,0.7832445173528358,0.7589389419896195,0.7095471907026158
312,5.0,2.0,1.0,0.625,1,0.47706422018348627,0.23461407684461064,0.18552497451580022,0.6462646722793579,0.75837242603302,0.8829337116777591,0.5502374890276513,0.788787591413853,0.8540312863446929,0.7689975196159891
313,4.0,2.0,1.0,0.625,1,0.6363636363636364,0.34285714285714286,0.2938689217758986,0.6723853349685669,0.8269864916801453,0.7881535650672614,0.610601335392519,0.7094147367178569,0.6964368023066844,0.7011516098710804
314,9.0,1.0,0.0,1.0,2,0.5609934258582907,0.25896122896854423,0.24543462381300218,0.6363672614097595,0.5692567229270935,0.8357390158789234,0.5444924069997391,0.7511918151553718,0.7385107459300091,0.7174834959910108
315,8.0,1.0,1.0,1.0,2,0.638970157987127,0.31048623315758633,0.2761849034523113,0.6792904138565063,0.707697868347168,0.8767646407638457,0.6282939477705072,0.743904151715267,0.878419094849782,0.7818454587748505
316,9.0,2.0,1.0,0.625,1,0.45830969937606353,0.24758659852356615,0.2336925694838344,0.6387958526611328,0.6441168189048767,0.1512539636662659,0.6231575493039603,0.6655489742891326,0.0953856626929849,0.38383653748808594
317,1.0,1.0,0.0,1.0,1,0.5084306095979247,0.2714285714285714,0.23476005188067445,0.6800141930580139,0.671212911605835,0.44973649425192297,0.6048857893785864,0.7572760062921716,0.3268983263229845,0.5346991540614164
318,2.0,2.0,1.0,1.0,1,0.6301369863013698,0.4095532950022114,0.3119752540874945,0.6751972436904907,0.8177567720413208,0.8976899940207834,0.7156459258598232,0.7279231867976517,0.8720576772938131,0.8033291959930178
319,4.0,1.0,1.0,0.8888888888888888,2,0.6520517144463182,0.3421496904895892,0.25407532321528953,0.6326760053634644,0.706718921661377,0.9109929437150122,0.6401561541146459,0.6621445429817481,0.8952691823779786,0.7771407057973461
320,1.0,1.0,0.0,1.0,1,0.6024096385542169,0.3125,0.2256297918948521,0.6315842866897583,0.7585164308547974,0.8696562679853568,0.5356001024858831,0.8404662339439574,0.8571846786083916,0.7757268207558972
321,4.0,1.0,1.0,0.8888888888888888,2,0.6217506631299735,0.3653744025491237,0.27904509283819623,0.6559324264526367,0.7323856949806213,0.8739176786125055,0.6701180849435153,0.6396512915515282,0.8542863795214677,0.7594933586572541
322,1.0,2.0,1.0,0.75,1,0.5238279736536227,0.23885226832105472,0.20457187136768692,0.5995064377784729,0.7611863613128662,0.8886376275322418,0.6069170976225994,0.6793330333327112,0.8575549408752232,0.758110674840694
323,9.0,1.0,0.0,0.5555555555555556,3,0.5706051873198847,0.30984754841367945,0.2741869081926719,0.6443098783493042,0.6567173004150391,0.856980399191433,0.5624728334681257,0.6180462149469579,0.8490755840706488,0.7216437579192914
324,2.0,2.0,0.0,1.0,2,0.18633093525179856,0.11663066954643628,0.11654676258992805,0.627238929271698,0.7151079177856445,0.6761454244935298,0.6376221610983771,0.6375515535251971,0.6995717395871273,0.6627227196760578
325,2.0,1.0,1.0,1.0,2,0.651270207852194,0.3734104046242775,0.25866050808314084,0.6393640041351318,0.797780454158783,0.8903473530083483,0.5736610128653359,0.7330670860086729,0.8454683814534282,0.7606359583339464
326,10.0,2.0,1.0,1.0,2,0.6131639722863741,0.3132947976878612,0.23441108545034642,0.6435953378677368,0.6520349383354187,0.8441581643049747,0.529155512624108,0.6822187524862362,0.8224011801827644,0.7194834023995208
327,8.0,1.0,1.0,0.75,3,0.5653746770025839,0.2048629073978272,0.1994832041343669,0.5933352708816528,0.6659862995147705,0.8462323586939025,0.5469613115275486,0.7673387011266715,0.8219552247626648,0.7456218990276968
328,1.0,1.0,0.0,0.5555555555555556,1,0.6372847011144884,0.3407707910750507,0.281661600810537,0.6630171537399292,0.7603832483291626,0.7763871970248286,0.556418687574421,0.6632361796835429,0.7768341326596171,0.6932190492356024
329,1.0,2.0,1.0,1.0,1,0.5886889460154242,0.31145431145431146,0.2879177377892031,0.6416476964950562,0.5395290851593018,0.05655527270967978,0.613242775013944,0.7222707877177426,0.09875439955185936,0.37270580874830644
330,2.0,2.0,1.0,1.0,1,0.6214482126489459,0.3165137614678899,0.2676443629697525,0.6489297151565552,0.759680449962616,0.8414970509097017,0.6640602912639706,0.7105341608828735,0.8264345707662628,0.7606315184557022
331,2.0,2.0,1.0,1.0,1,0.6614420062695926,0.33263598326359833,0.251828631138976,0.6607590913772583,0.5983465909957886,0.9129897476351623,0.6248401542596523,0.6936663559937482,0.8943907132231584,0.7814717427779303
332,3.0,2.0,1.0,1.0,1,0.6001348617666891,0.32275489534098584,0.29534726904922454,0.7111835479736328,0.6680784225463867,0.731551282422668,0.552837704748226,0.641024490331048,0.7425916577286131,0.6670012838076388
333,2.0,2.0,1.0,1.0,1,0.560377358490566,0.2644003777148253,0.21415094339622642,0.6121129393577576,0.766157865524292,0.8363203542367575,0.7185458977800604,0.69388713536212,0.8068256385867111,0.7638947564914123
334,9.0,1.0,1.0,1.0,2,0.6433090024330901,0.34486117876278616,0.3124087591240876,0.6474640965461731,0.7416207790374756,0.9265550358194611,0.7024629850626927,0.8532607019507825,0.9172380974448952,0.8498792050694578
335,8.0,1.0,0.0,1.0,2,0.6157718120805368,0.2638655462184874,0.29697986577181207,0.6391076445579529,0.7428144216537476,0.5152339287853165,0.6594489202756203,0.7304525350466825,0.4243910277864388,0.5823816029735146
336,8.0,1.0,1.0,1.0,1,0.3650190114068441,0.2552380952380952,0.24904942965779467,0.6926873326301575,0.7454272508621216,0.9067216231625287,0.8173861936126471,0.8847469655472532,0.7543330480030246,0.8407969575813634
337,10.0,2.0,1.0,1.0,2,0.6912144702842377,0.3829236739974127,0.3062015503875969,0.6658037900924683,0.512693464756012,0.8741532041846019,0.5347661459427393,0.571980665455373,0.8509756979026283,0.7079689283713356
338,8.0,2.0,1.0,1.0,2,0.4293745607870696,0.2848101265822785,0.258608573436402,0.6385066509246826,0.7131896018981934,0.755127575242989,0.6018663794317846,0.7996791594349982,0.8156105187522147,0.7430709082154967
339,8.0,1.0,1.0,0.875,2,0.6469165659008465,0.3365617433414043,0.29866989117291415,0.6467911005020142,0.7685231566429138,0.7591422924009464,0.6900154063156,0.8051195496520425,0.7356427539023396,0.7474800005677321
340,8.0,1.0,1.0,1.0,1,0.44042728019720623,0.2090534979423868,0.20213640098603122,0.6555873155593872,0.674644410610199,0.48628722049942485,0.6586062123966472,0.6814630277886695,0.4211227761126854,0.5618698091993567
341,1.0,2.0,1.0,0.75,1,0.645550527903469,0.3402113739305485,0.2604323780794369,0.6281280517578125,0.7817609906196594,0.905970463170054,0.5970808590334965,0.7816159367519364,0.8811564719996915,0.7914559327387947
342,2.0,1.0,1.0,1.0,3,0.5412107950401167,0.2951059167275384,0.29175784099197666,0.69364994764328,0.7163478136062622,0.6135939997606842,0.6218701427546259,0.6020272835987781,0.6077699797642527,0.6113153514695853
343,8.0,2.0,1.0,1.0,2,0.6161403508771929,0.31201686577652843,0.2989473684210527,0.6838802099227905,0.6927177309989929,0.23975400409730907,0.6227552884035713,0.7688747203150038,0.517548174520098,0.5372330468339955
344,9.0,2.0,1.0,1.0,0,0.571773220747889,0.28140096618357496,0.26537997587454765,0.6913706660270691,0.6594688296318054,0.873777816838902,0.475435819066791,0.7207190438122857,0.8522222104833421,0.7305387225503301
345,9.0,1.0,0.0,0.75,1,0.6763990267639903,0.38976857490864797,0.36739659367396593,0.735084056854248,0.7543176412582397,0.8475310081882341,0.7079612506300816,0.6855296002472843,0.8366444056576736,0.7694165661808183
346,1.0,2.0,1.0,0.75,1,0.613022113022113,0.23124231242312424,0.22481572481572484,0.6381017565727234,0.6818879842758179,0.6664111375412192,0.466462509995563,0.7359796972145264,0.7722275826487645,0.6602702318500182
347,2.0,2.0,1.0,1.0,1,0.5747021081576534,0.2990825688073394,0.22548120989917506,0.6234652400016785,0.7298435568809509,0.8922107701662588,0.5678050077315934,0.7977381808310567,0.8691618098793386,0.7817289421520619
348,3.0,2.0,0.0,1.0,2,0.4854986094557012,0.22664015904572565,0.17798967024235202,0.6251630187034607,0.7001015543937683,0.8794532275846763,0.5482957336344397,0.7929136325194285,0.8587621258809792,0.7698561799048809
349,9.0,1.0,1.0,0.875,1,0.524701873935264,0.28766344513928366,0.2612152186257808,0.6412625312805176,0.6495618224143982,0.06172619408974716,0.6381996683113734,0.7557071378859169,0.12514851946056257,0.3951953799369
350,1.0,2.0,1.0,0.5555555555555556,1,0.6923890063424947,0.37142857142857144,0.2463002114164905,0.6393078565597534,0.7932263016700745,0.8626097592159296,0.513297419727866,0.7015621225105617,0.8349146225422047,0.7280959809991405
351,9.0,1.0,1.0,1.0,2,0.4227353463587922,0.22643746295198577,0.21551213735938426,0.6223229169845581,0.7165049314498901,0.800246085595569,0.6251229044962177,0.7023195821467477,0.4934049703372008,0.6552733856439338
352,2.0,1.0,1.0,0.625,3,0.5716019417475727,0.30133657351154314,0.25,0.6199443936347961,0.749808669090271,0.10973679521522656,0.5214059837527234,0.7404465771422947,0.11907629195933785,0.3726664120173956
353,1.0,2.0,1.0,0.625,1,0.565636087176888,0.2465753424657534,0.21084642676127724,0.6317625641822815,0.6774890422821045,0.8806179994614087,0.6187575971183601,0.6419171905353679,0.8634176463091148,0.7511776083560628
354,4.0,2.0,0.0,0.625,1,0.5800865800865801,0.2807625649913345,0.25367965367965367,0.6255491971969604,0.7404667139053345,0.9101765930137435,0.6955304698553096,0.7925125595382329,0.8677382400676923,0.8164894656187447
355,13.0,1.0,0.0,0.75,3,0.5180817610062892,0.27222659323367426,0.24528301886792456,0.6747081875801086,0.7306538224220276,0.8286974986455885,0.5889731582697666,0.6996567497157387,0.8042546770634889,0.7303955209236457
356,4.0,2.0,1.0,0.875,1,0.6495535714285714,0.3307262569832402,0.2767857142857143,0.6443641185760498,0.6803754568099976,0.866743397390459,0.572306789201922,0.7924220811979905,0.8539514784561907,0.7713559365616405
357,3.0,2.0,1.0,1.0,1,0.6139852188743604,0.3232783153101878,0.2944855031267765,0.6578224897384644,0.765365481376648,0.7292337954454698,0.5428550798283566,0.8020409469817147,0.5035253552043701,0.6444137943649778
358,1.0,2.0,1.0,0.625,1,0.5821325648414986,0.3683559950556243,0.22231370934540964,0.6543154120445251,0.7651770710945129,0.6769544734226758,0.5801318250203434,0.6656717924928958,0.6855792724505299,0.6520843408466113
359,9.0,2.0,1.0,0.7777777777777778,1,0.6084441873915557,0.3057324840764331,0.29381145170618855,0.7054167985916138,0.679559051990509,0.875962183757795,0.533669870684705,0.7252553043123329,0.8573005976120077,0.7480469890917102
360,1.0,1.0,0.0,1.0,1,0.6113924050632912,0.31051964512040553,0.2632911392405063,0.6779143810272217,0.7195772528648376,0.33804940370014547,0.5635592871524515,0.6391302811412566,0.23043973860915257,0.44279467765075153
361,8.0,2.0,1.0,1.0,3,0.6462346760070052,0.356140350877193,0.29772329246935203,0.665207028388977,0.7073571085929871,0.1954923283804311,0.7481704842982517,0.7201205494406128,0.2421670169132549,0.47648759475813757
362,8.0,2.0,1.0,1.0,2,0.44626593806921677,0.22060164083865086,0.19854280510018216,0.6617544293403625,0.6452051401138306,0.7110075526618318,0.6377718471574797,0.7433162145177625,0.3146367503059182,0.601683091160748
363,8.0,2.0,1.0,0.875,2,0.5329186106791084,0.2812662169174883,0.24157594608605495,0.659557044506073,0.5664269924163818,0.7766848158742653,0.5735591537402377,0.6185728188653685,0.744874257563897,0.6784227615109422
364,2.0,2.0,1.0,1.0,2,0.4056562085726912,0.21141088014153028,0.22271321254971277,0.6448267102241516,0.6084755659103394,0.525392578361443,0.5609458516463629,0.6510567098018688,0.37864909602943425,0.5290110589597773
365,1.0,1.0,1.0,1.0,1,0.5388127853881279,0.3033536585365853,0.2815829528158295,0.6775641441345215,0.7247028946876526,0.86600564084192,0.649561549454256,0.5845605571861645,0.9367307966504153,0.759214636033189
366,8.0,1.0,0.0,0.75,3,0.5983827493261455,0.322841726618705,0.23809523809523808,0.6813786625862122,0.7246345281600952,0.8337087445468093,0.6333061220140449,0.7098251914956304,0.8386066208334766,0.7538616697224902
367,8.0,2.0,0.0,1.0,2,0.5944444444444444,0.29143492769744156,0.2888888888888889,0.6137189269065857,0.6302334666252136,0.8889800779888833,0.5948069228161422,0.5552139529414452,0.8697920460285158,0.7271982499437466
368,9.0,1.0,1.0,1.0,2,0.6055734190782422,0.3293991416309013,0.2679528403001072,0.7029241323471069,0.5526543259620667,0.8389181483050586,0.5958146085039027,0.6260547559224919,0.838265200110484,0.7247631782104843
369,9.0,1.0,1.0,1.0,3,0.6395422759059123,0.34118395926161676,0.3305785123966942,0.6949931979179382,0.6555254459381104,0.8003583116383496,0.6677044587445558,0.726390700818041,0.764142584731559,0.7396490139831262
370,3.0,2.0,1.0,0.7777777777777778,1,0.4917874396135266,0.2901353965183753,0.2222222222222222,0.6272326707839966,0.7158694267272949,0.5140047062786951,0.5818472310958945,0.6335060205487464,0.405159435704378,0.5336293484069285
371,1.0,1.0,0.0,0.75,1,0.5421764327108821,0.28497743391360414,0.23696072118480363,0.6127701997756958,0.802262008190155,0.06716154864179691,0.637637271033325,0.6195396241434623,0.05236119042504019,0.3441749085609061
372,9.0,1.0,1.0,1.0,3,0.5881197839960727,0.28697788697788695,0.2523318605792833,0.6454885005950928,0.7449994683265686,0.9274475571302332,0.6336814629512872,0.8619848152149043,0.9188043003948762,0.8354795339228253
373,9.0,2.0,1.0,1.0,2,0.6147945205479451,0.29182665935271535,0.19945205479452058,0.6009433269500732,0.6497390270233154,0.327739280954666,0.5189849730138155,0.7409546312535779,0.33992227843463346,0.4819002909141732
374,2.0,1.0,0.0,0.7777777777777778,1,0.5834710743801653,0.3490488006617039,0.23801652892561984,0.6671126484870911,0.7761950492858887,0.9096160694133119,0.6368127633098103,0.7395962769966525,0.8807592043694968,0.7916960785223178
375,2.0,1.0,1.0,0.6666666666666666,2,0.47778149014366844,0.22333667669675694,0.17574340126962915,0.614905595779419,0.7749846577644348,0.8704761431043739,0.6047546122032194,0.7562836572370736,0.8169326680842899,0.7621117701572391
376,2.0,1.0,1.0,0.5555555555555556,2,0.4772326156018355,0.23878488166725537,0.20896576067772676,0.6014476418495178,0.7075794339179993,0.7924390276176547,0.47375961674771544,0.7309904436685811,0.7959684595793476,0.6982893869033248
377,9.0,2.0,1.0,1.0,3,0.6436663233779608,0.34020618556701027,0.2687950566426365,0.6620557904243469,0.7620884776115417,0.9146097233944323,0.6775144335576292,0.7422690449230996,0.890889750966671,0.806320738210458
378,9.0,2.0,1.0,0.5555555555555556,1,0.6021955044432828,0.3275771847200419,0.2686879247255619,0.681472659111023,0.6139527559280396,0.616890735763613,0.5109482812508501,0.7529221073006321,0.6346198424254801,0.6288452416851438
379,2.0,2.0,1.0,1.0,1,0.652218782249742,0.33161157024793386,0.2662538699690402,0.6426466107368469,0.672182023525238,0.8858448239770239,0.4872171885600378,0.8288521556611677,0.8782023185562553,0.770029121688621
380,1.0,2.0,1.0,1.0,1,0.5983379501385041,0.31835829173599556,0.30692520775623267,0.6893481016159058,0.8304905891418457,0.06992704898474875,0.6454128444961158,0.5901490965632479,0.0717664268034464,0.3443138542118897
381,1.0,2.0,1.0,0.5555555555555556,1,0.544874715261959,0.2553579571363429,0.22414578587699316,0.640928328037262,0.7247994542121887,0.8733881130767225,0.6740417434376356,0.6859790108082612,0.8699233454760813,0.7758330531996751
382,1.0,1.0,0.0,0.625,1,0.5716189207195203,0.28819212808539024,0.27581612258494337,0.6521302461624146,0.806130588054657,0.41826847595685657,0.7274423462075792,0.7072643079717026,0.4452116361646192,0.5745466915751894
383,9.0,1.0,1.0,1.0,2,0.6241780475467881,0.3270886075949367,0.28629236216489634,0.6674278974533081,0.7497435808181763,0.8817942192342212,0.5739325118590298,0.6855615722241364,0.8516687767398164,0.748239270014301
384,1.0,2.0,1.0,0.6666666666666666,1,0.616577221228384,0.3056716417910448,0.2313655336911151,0.6433387994766235,0.6754692196846008,0.7882937203478171,0.5416815455163547,0.6019286927343721,0.7469071881362673,0.6697027866837028
385,1.0,2.0,1.0,0.8888888888888888,1,0.6050156739811913,0.29916317991631797,0.21839080459770116,0.6034601926803589,0.7197530269622803,0.762875656362899,0.47758302425170845,0.7784287519722934,0.7520749836085117,0.6927406040488531
386,1.0,1.0,0.0,0.5555555555555556,1,0.6127281697089295,0.3160493827160494,0.2792303897385298,0.6684368848800659,0.6930395364761353,0.821264575423425,0.4215113312600094,0.8206543833356476,0.8295721596795437,0.7232506124246564
387,8.0,2.0,0.0,1.0,2,0.48252279635258355,0.23498098859315586,0.2142857142857143,0.6046535968780518,0.6574764847755432,0.5102392421385744,0.5822766139089216,0.7065307916693692,0.6679932032039654,0.6167599627302076
388,1.0,1.0,0.0,1.0,1,0.43405051449953225,0.17057169634489222,0.20018709073900845,0.639295756816864,0.8377851843833923,0.5652037831125616,0.7210888356011625,0.8453770243442519,0.45620566640858506,0.6469688273666403
389,8.0,1.0,1.0,1.0,2,0.5972222222222222,0.3512511584800741,0.27592592592592596,0.6844685077667236,0.6900283694267273,0.8827419123652815,0.6929850254871656,0.781563025490137,0.8556431470903486,0.8032332776082332
390,8.0,1.0,1.0,1.0,2,0.5869910100475939,0.26892535733192163,0.23056583818085669,0.6492721438407898,0.7581145167350769,0.8700860626726612,0.6852327220190156,0.7722863272321312,0.8519574043917979,0.7948906290789015
391,7.0,1.0,1.0,0.5555555555555556,2,0.5803858520900322,0.3590982286634461,0.37620578778135044,0.6309393048286438,0.7577539086341858,0.7740763187552944,0.7012832759606071,0.8427658921283467,0.4224920691285586,0.6851543889932017
392,7.0,1.0,1.0,0.5555555555555556,2,0.5019505851755527,0.1900216919739696,0.17598612917208498,0.6323944330215454,0.6739561557769775,0.9011125765166161,0.5991545842197896,0.7243601065638713,0.8731377868976176,0.7744412635494736
393,9.0,1.0,1.0,1.0,2,0.550761421319797,0.26756985605419137,0.25126903553299496,0.6493389010429382,0.7925147414207458,0.8679770774523651,0.679810998787002,0.7697375167274607,0.8195016423970222,0.7842568088409624
394,9.0,2.0,1.0,1.0,2,0.5401540154015402,0.3039647577092511,0.28822882288228824,0.6852813959121704,0.6759436726570129,0.8464056498891227,0.6832709139791396,0.6874517060311802,0.8130403129108136,0.7575421457025641
395,9.0,2.0,1.0,1.0,3,0.6384105960264901,0.30106100795755963,0.25298013245033113,0.6534363031387329,0.5618671178817749,0.8002443109510128,0.6690892083831985,0.6785892156233804,0.8016499100809557,0.7373931612596369
396,1.0,2.0,1.0,0.6666666666666666,1,0.5754245754245755,0.345,0.2837162837162837,0.6693806648254395,0.7554100155830383,0.21645762263054988,0.6491781708485408,0.7706437217646099,0.19400796221159244,0.45757186936382327
397,2.0,1.0,1.0,0.5555555555555556,2,0.5765673175745119,0.2962962962962963,0.27543679342240496,0.6588343381881714,0.6544128656387329,0.6817474778580835,0.6074080537429345,0.7478549715994586,0.4346307354147879,0.6179103096538161
398,7.0,1.0,1.0,0.5555555555555556,3,0.34938320732192596,0.16806053365193152,0.15439713489852766,0.6053096055984497,0.8118811845779419,0.1520056002975389,0.619380217739172,0.6835543588810329,0.15813284825584778,0.40326825629339785
399,2.0,1.0,1.0,0.625,2,0.5149501661129569,0.20116375727348296,0.1926910299003322,0.6235824227333069,0.6599089503288269,0.8898186094875982,0.6329912019077145,0.737239886821912,0.8861323615667036,0.7865455149459821
400,9.0,1.0,0.0,0.5555555555555556,3,0.39621016365202405,0.19994254524561905,0.16652311225954639,0.6574971079826355,0.7249012589454651,0.8749893381486258,0.5054089460124551,0.6643928866387412,0.8274808310817596,0.7180680004703954
401,1.0,1.0,0.0,1.0,1,0.6845637583892618,0.37768817204301075,0.2805369127516778,0.6946130990982056,0.7126018404960632,0.8431809488966125,0.6254478967368482,0.5579943622213931,0.8205252474076448,0.7117871138156247
402,1.0,2.0,1.0,1.0,1,0.6603053435114504,0.34140127388535035,0.24809160305343514,0.6486502289772034,0.7151866555213928,0.8931993740614687,0.7090008005324336,0.7809829587857459,0.8727387819296122,0.8139804788273151
403,8.0,2.0,0.0,1.0,2,0.5661874070401587,0.26004962779156326,0.23401090728805157,0.6542125344276428,0.6646954417228699,0.9059487719614988,0.6111173674661503,0.6834021774162659,0.8869153623172296,0.7718459197902862
404,3.0,2.0,1.0,0.8888888888888888,1,0.5898661567877629,0.31866028708133975,0.3011472275334608,0.5942937135696411,0.7308083176612854,0.8470979630759506,0.5050543125258243,0.5885419391908512,0.846936624554932,0.6969077098368895
405,1.0,2.0,1.0,0.7777777777777778,1,0.2791762013729977,0.13750954927425516,0.15408085430968727,0.6476674675941467,0.7278318405151367,0.9597083396225664,0.8723580763812732,0.8789676225264632,0.8972593431061687,0.9020733454091179
406,2.0,1.0,1.0,0.7777777777777778,1,0.4947257383966245,0.2523759239704329,0.22784810126582275,0.6387916207313538,0.6455114483833313,0.3918493606776323,0.5523369337481134,0.7408598337265769,0.18506695855931807,0.4675282716779102
407,1.0,2.0,1.0,0.6666666666666666,1,0.630025445292621,0.3464085583290881,0.21475826972010179,0.6399443745613098,0.7160323262214661,0.8068500699318206,0.6456685351477168,0.7105502808916083,0.7898730065206666,0.7382354731229531
408,8.0,2.0,0.0,1.0,3,0.34660925726587727,0.20258620689655174,0.18945102260495156,0.618553876876831,0.623155415058136,0.5159284515062321,0.5853258250570497,0.8222248049565554,0.6420509665389984,0.6413825120147089
409,3.0,2.0,1.0,0.7777777777777778,1,0.5178205653420729,0.23698236982369822,0.21466612044244163,0.6245488524436951,0.7360904216766357,0.8825676481854027,0.5309067429355738,0.8002563744539691,0.8615963014419301,0.7688317667542189
410,10.0,1.0,1.0,0.7777777777777778,3,0.5567176186645213,0.28421900161030594,0.23330651649235717,0.6457247734069824,0.6179611086845398,0.8873626413131112,0.5468762552278366,0.8639095050112042,0.8703837514482372,0.7921330382500973
411,6.0,1.0,0.0,0.5555555555555556,1,0.585531914893617,0.27109974424552435,0.2672340425531915,0.6761674880981445,0.7781504988670349,0.5043922555157077,0.6556844965909108,0.6847595998610153,0.4973811532081253,0.5855543762939397
412,9.0,1.0,1.0,1.0,1,0.29379157427937913,0.16981132075471697,0.17960088691796008,0.643571674823761,0.7404729723930359,0.619705764087931,0.8164571596730877,0.8321704192184821,0.6573052917271651,0.7314096586766665
413,5.0,1.0,1.0,0.5555555555555556,1,0.5701906412478337,0.2896790980052038,0.2339688041594454,0.6730208396911621,0.6992368698120117,0.7336245205215024,0.4297387091954025,0.7757507446494781,0.747114402300032,0.6715570941666038
414,8.0,1.0,0.0,0.5555555555555556,2,0.5575522098105876,0.24987846378220707,0.22438076736279747,0.5646771192550659,0.721845269203186,0.5528368274359176,0.5043123417551219,0.7923522482109264,0.6725707286838654,0.6305180365214578
415,8.0,2.0,0.0,0.7777777777777778,3,0.5981500513874615,0.31893004115226337,0.26207605344295987,0.6552503705024719,0.7392492294311523,0.9087658236628515,0.5798003923596333,0.8152988529610792,0.8767791631721035,0.7951610580389168
416,9.0,1.0,0.0,0.6666666666666666,1,0.5395462906192521,0.2197667280540209,0.18761496014714898,0.6322639584541321,0.5623390674591064,0.8835062830777711,0.5916462034573496,0.8102342549323415,0.8659328163897643,0.7878298894643065
417,2.0,2.0,1.0,0.8888888888888888,1,0.5823986194995686,0.342832469775475,0.3175150992234685,0.6647476553916931,0.6703493595123291,0.9068161904540302,0.6789231514140772,0.8001618836879386,0.8910824672266675,0.8192459231956783
418,1.0,2.0,1.0,0.7777777777777778,1,0.5564478034955125,0.28747044917257686,0.22201228153046765,0.618563175201416,0.6433702707290649,0.8604948442910065,0.5718651284915477,0.7014197350638014,0.8187790219740949,0.7381396824551125
419,8.0,1.0,0.0,1.0,1,0.61667488899852,0.3407407407407408,0.29107054760730144,0.6825101375579834,0.6497357487678528,0.8844243297185835,0.5489808525875953,0.6472024654756078,0.8630882097449897,0.735923964381694
420,8.0,2.0,1.0,0.5555555555555556,1,0.6614437604924455,0.3137254901960784,0.2842753217683268,0.6680617332458496,0.7726088762283325,0.6509377876717864,0.5904661728848779,0.8024269535684234,0.6120467786097961,0.663969423183721
421,4.0,2.0,0.0,0.5555555555555556,2,0.45283018867924524,0.2345679012345679,0.20682148040638604,0.6485198140144348,0.6673405170440674,0.8849354767647576,0.6131119693717108,0.8201811716691599,0.8682348821767092,0.7966158749955844
422,8.0,2.0,1.0,0.5555555555555556,3,0.5206831119544592,0.30839346752753516,0.23225806451612904,0.6324939727783203,0.644365668296814,0.9066525796130833,0.4999650018939583,0.760796891182131,0.8944570799282614,0.7654678881543585
423,8.0,2.0,1.0,0.8888888888888888,2,0.5399484536082474,0.3367741935483871,0.365979381443299,0.6513822078704834,0.7380883097648621,0.6604750435097974,0.7064769871566056,0.7869776159178096,0.710029536820173,0.7159897958510963
424,2.0,1.0,1.0,0.5555555555555556,1,0.4357169321971101,0.2335928809788654,0.18303075213041867,0.597999632358551,0.7538610696792603,0.6084478235243155,0.5621342375157146,0.7652100943475465,0.3719114278302782,0.5769258958044636
425,8.0,2.0,0.0,1.0,3,0.45817633760361715,0.19924528301886793,0.2185380557648832,0.574211061000824,0.757544219493866,0.12616595100669611,0.773578262059366,0.7724704598821838,0.0944925313562486,0.4416768010761236
426,9.0,1.0,1.0,1.0,2,0.6272189349112426,0.3104265402843602,0.26627218934911245,0.6351030468940735,0.749672532081604,0.8505626463881527,0.6065069795208065,0.7845880364977165,0.8411643931882791,0.7707055138987386
427,2.0,2.0,1.0,0.7777777777777778,2,0.49723756906077343,0.23477297895902546,0.26519337016574585,0.6306867599487305,0.7609729170799255,0.2513636804582721,0.7202258121084851,0.8786447000352013,0.15217021943671766,0.5006011030096691
428,8.0,1.0,1.0,0.7777777777777778,3,0.404163052905464,0.20330147697654213,0.22723330442324374,0.6538234353065491,0.5421074032783508,0.6575773879696992,0.7429783436462761,0.8323190253598068,0.6237890512494302,0.7141659520563031
429,1.0,2.0,1.0,0.6666666666666666,1,0.6304347826086957,0.3555018137847642,0.31400966183574874,0.6891906261444092,0.6607970595359802,0.4589204848427916,0.6081113107595342,0.84397080162441,0.5159953601884535,0.6067494893537974
430,12.0,1.0,1.0,0.5555555555555556,1,0.4923076923076922,0.2808219178082192,0.30256410256410254,0.6281044483184814,0.669349193572998,0.6048439465152602,0.7881791931721007,0.7702258188550531,0.3854157955612591,0.6371661885259183
431,14.0,2.0,0.0,0.6666666666666666,2,0.5661080074487895,0.3480422622747048,0.35009310986964615,0.6986334919929504,0.751422107219696,0.3542691307193851,0.6863558178650082,0.7704748152582301,0.1915892125193227,0.5006722440904865
432,8.0,2.0,0.0,0.5555555555555556,2,0.668254913639071,0.35301132975551586,0.30017867778439544,0.70490962266922,0.777714729309082,0.9237514299390619,0.5840356742540403,0.8596990246220045,0.907236325473482,0.8186806135721472
433,9.0,2.0,0.0,0.875,4,0.3298131600324939,0.1676159479251424,0.1884646628757108,0.5763289928436279,0.75568687915802,0.1925324903443734,0.8347803232375559,0.8851787005254448,0.07787785421472164,0.49759234208052394
434,2.0,1.0,0.0,0.6666666666666666,1,0.5845311430527037,0.24263193968471558,0.2874743326488706,0.6294200420379639,0.75727379322052,0.8740702306465473,0.6302911766075704,0.7917493995576742,0.8474935584946621,0.7859010913266136
435,12.0,2.0,1.0,0.7777777777777778,2,0.5972906403940886,0.32799013563501855,0.269704433497537,0.667522668838501,0.524702250957489,0.3896826714534725,0.4462983618762094,0.6335588361430562,0.3674686028459807,0.4592521180796797
436,1.0,1.0,0.0,0.5555555555555556,1,0.5932539682539681,0.2542204568023833,0.2172619047619047,0.6535156965255737,0.7312928438186646,0.8803797760438102,0.5553349672941537,0.8302616695797047,0.8553900654962261,0.7803416196034737
437,9.0,2.0,0.0,1.0,1,0.42466822794691644,0.2220484753713839,0.20608899297423888,0.6897301077842712,0.7964015603065491,0.8880873956753952,0.7798264783673744,0.9446843746296505,0.8682007742848707,0.8701997557393227
438,6.0,2.0,1.0,1.0,1,0.6574585635359116,0.27939142461964034,0.23895027624309392,0.6558598279953003,0.6029969453811646,0.8783395244472587,0.6082539331822384,0.7209834320956816,0.8473000503693089,0.7637192350236218
439,10.0,1.0,1.0,1.0,1,0.566412213740458,0.26146788990825687,0.2549618320610687,0.681813657283783,0.8015469312667847,0.8206590700456106,0.6640145150105666,0.765838786062183,0.8401895146795854,0.7726754714494863
440,9.0,2.0,0.0,0.5555555555555556,1,0.3337178008458285,0.20238553289726818,0.19300269127258748,0.5878621935844421,0.7475199103355408,0.864310950419904,0.6138350311635052,0.6954621837165194,0.8472124039494768,0.7552051423123514
441,1.0,2.0,1.0,0.7777777777777778,1,0.5904664274730907,0.29040533606977936,0.2419272168118913,0.6793719530105591,0.6441383957862854,0.6689176166664913,0.5367832635202101,0.6982147013640719,0.767333340287267,0.6678122304595101
442,5.0,1.0,1.0,0.6666666666666666,3,0.6306406685236768,0.2911321807027329,0.24623955431754874,0.6684482097625732,0.7020531892776489,0.8569234549341964,0.553716837625115,0.8556932121802704,0.8535051607963301,0.779959666383978
443,2.0,2.0,0.0,1.0,2,0.6160771704180065,0.2421120412105602,0.25594855305466235,0.6268806457519531,0.6929269433021545,0.9253473774690697,0.6975047861585533,0.7725404648384385,0.9124540643260816,0.8269616731980358
444,8.0,2.0,0.0,1.0,3,0.63107822410148,0.3322751322751323,0.2547568710359408,0.6764897704124451,0.7280263900756836,0.870405101619065,0.6121321250319591,0.712341702373019,0.8766510523300716,0.7678824953385287
445,8.0,2.0,1.0,0.5555555555555556,2,0.4784358826912018,0.21991940126655152,0.25416906267970096,0.6336394548416138,0.7209852933883667,0.5465683601016779,0.724381508392073,0.6903458698265152,0.5915767227607326,0.6382181152702497
446,1.0,1.0,0.0,0.7777777777777778,1,0.5653206650831354,0.21759809750297263,0.19358669833729217,0.6177431344985962,0.6233172416687012,0.760624333633594,0.5165949936327997,0.5547815696489427,0.7561635817490019,0.6470411196660846
447,1.0,2.0,1.0,0.6666666666666666,1,0.5970636215334422,0.26456178551986936,0.23708537248504621,0.6891075968742371,0.6783671379089355,0.8694470048575652,0.6126123841552363,0.6650582108754385,0.8446120986942627,0.7479324246456257
448,8.0,2.0,0.0,1.0,3,0.6392830470500372,0.3275991024682124,0.34652725914861837,0.7155731320381165,0.6409705877304077,0.7738440813283991,0.6318062066439313,0.6960906547932455,0.6416329854881226,0.6858434820634247
449,8.0,1.0,1.0,1.0,3,0.6262319939347991,0.3067577828397874,0.25473843821076575,0.6523174047470093,0.5796446800231934,0.41016359760348126,0.5434144887427815,0.6756108882020638,0.35086885969377474,0.49501445856052534
450,2.0,2.0,1.0,0.5555555555555556,1,0.5840356965790778,0.29975186104218365,0.23797719385225583,0.6779550313949585,0.7397135496139526,0.7969639755971721,0.5376673799094394,0.7253564020026483,0.8248789280372755,0.7212166713866338
451,9.0,2.0,0.0,0.5555555555555556,2,0.6418604651162791,0.3166999334664006,0.23122923588039868,0.6492603421211243,0.6833661794662476,0.8390653853687569,0.6123437124334853,0.7561572362817901,0.8225985040749418,0.7575412095397436
452,3.0,2.0,0.0,0.6666666666666666,2,0.4469160768452983,0.22897669706180346,0.19211324570273,0.6395907402038574,0.61839759349823,0.6008681080257241,0.6043541679534692,0.577760589775631,0.5569622237492434,0.584986272376017
453,9.0,2.0,1.0,0.875,1,0.6423766816143498,0.33894500561167235,0.2713004484304932,0.6434004306793213,0.7149198651313782,0.9162572197341251,0.6016280666420752,0.8373178499366366,0.8573031438517056,0.8031265700411356
454,9.0,2.0,1.0,1.0,1,0.48392036753445633,0.25057471264367814,0.20137825421133235,0.6544138789176941,0.6798852682113647,0.8835509196741228,0.6517964711334645,0.7895262171331474,0.8589733647913322,0.7959617431830168
455,4.0,1.0,1.0,0.5555555555555556,1,0.601418439716312,0.3095125414103171,0.26099290780141843,0.6840355396270752,0.7925738096237183,0.8801102711212209,0.6129152711866264,0.7647053791995798,0.8628612801347172,0.7801480504105361
456,7.0,1.0,1.0,0.5555555555555556,2,0.5788581119276428,0.2727787209960385,0.1921989824759751,0.6192920804023743,0.7178640961647034,0.8881374413810396,0.6061063989764317,0.7161768353670649,0.8607651689939328,0.7677964611796172
457,8.0,2.0,0.0,0.75,1,0.5915637860082306,0.33264675592173015,0.2685185185185185,0.6605534553527832,0.6029255986213684,0.6266043254327331,0.6092659572788028,0.6804827821622431,0.6321284728350417,0.6371203844272052
458,1.0,2.0,1.0,0.625,1,0.4737704918032787,0.27093596059113295,0.22950819672131148,0.6141113638877869,0.7433288097381592,0.7811475484708968,0.797416441989267,0.863217048955746,0.5125905027790774,0.7385928855487468
459,3.0,1.0,1.0,0.5555555555555556,3,0.644808743169399,0.3679890560875513,0.2527322404371585,0.656507670879364,0.8592655062675476,0.03661188652484806,0.7364181539847142,0.712183333348563,0.03600361420509726,0.3803042470158056
460,2.0,2.0,1.0,0.6666666666666666,1,0.6180878552971576,0.28763579927573724,0.23772609819121449,0.6741400361061096,0.6606425642967224,0.8126142437838797,0.48957098763907,0.7296665861831589,0.7718300671534815,0.7009204711898975
461,10.0,1.0,1.0,1.0,2,0.5284423179160022,0.2565194252261842,0.23179160021265283,0.6456462740898132,0.7655112743377686,0.8362916593936008,0.6902038786403845,0.6996930565219412,0.8165390154301463,0.7606819024965182
462,8.0,2.0,1.0,0.8888888888888888,2,0.5112781954887219,0.20783132530120482,0.2451127819548872,0.6395750045776367,0.6062832474708557,0.13374483990064762,0.6372522163452661,0.7319210425429038,0.33849940448112015,0.4603543758174844
463,1.0,1.0,1.0,0.5555555555555556,1,0.6112886048988285,0.28997867803837957,0.22257720979765708,0.6387302279472351,0.8104719519615173,0.8516909251834806,0.6518482490234118,0.695903582911987,0.8486848471639628,0.7620319010707106
464,1.0,1.0,0.0,0.5555555555555556,1,0.6611295681063122,0.3237250554323725,0.27574750830564787,0.6535178422927856,0.7393074631690979,0.8967758494152238,0.6398302158994111,0.6663403510271126,0.8662856289311635,0.7673080113182278
465,2.0,2.0,0.0,1.0,2,0.6174724342663274,0.30246389124893797,0.2578456318914334,0.6585546731948853,0.6018529534339905,0.6092466243942697,0.587542208421793,0.6803145226180382,0.41412765976723415,0.5728077538003338
466,7.0,2.0,0.0,1.0,2,0.5378973105134474,0.2582619339045288,0.23227383863080686,0.6417328119277954,0.7297039031982422,0.05387560671854695,0.7892513595476629,0.7663103041869618,0.08841567312508648,0.42446323589456453
467,2.0,1.0,1.0,0.5555555555555556,2,0.5250790781744239,0.19448213478064225,0.17894261183913243,0.6399752497673035,0.6712256669998169,0.8944468185426584,0.6541690762980451,0.7142779049961889,0.8669309623601485,0.7824561905492603
468,3.0,1.0,1.0,0.8888888888888888,2,0.5869158878504672,0.2899906454630496,0.23364485981308414,0.6341694593429565,0.74835205078125,0.9083909384090918,0.5825549977869635,0.7928542331663753,0.9029412053307773,0.7966853436733019
469,8.0,1.0,0.0,1.0,2,0.688268156424581,0.3881431767337808,0.29832402234636873,0.658786416053772,0.7295987010002136,0.85728653956985,0.6596662658366331,0.6195573060624564,0.8300052841504558,0.7416288489048488
470,9.0,1.0,1.0,1.0,2,0.6735483870967742,0.33204134366925064,0.31741935483870964,0.6948933601379395,0.7367982864379883,0.35474194466506825,0.5136364378035492,0.5695720488142118,0.384070032344817,0.45550511590691156
471,8.0,1.0,0.0,1.0,2,0.6585365853658537,0.3244186046511628,0.2822299651567944,0.6510650515556335,0.605072021484375,0.841753542745895,0.6470776316756682,0.7968723858211842,0.8687621612375561,0.7886164303700759
472,10.0,1.0,1.0,1.0,2,0.5125260960334029,0.2852664576802508,0.26304801670146133,0.6927044987678528,0.6595914363861084,0.7436151676102509,0.662884563034971,0.8132731788154772,0.7793458217789146,0.7497796828099035
473,9.0,2.0,1.0,1.0,2,0.6444906444906445,0.3913948646773074,0.27997227997228,0.6438033580780029,0.6749706864356995,0.8515949082681968,0.5796257882401131,0.6289855931114527,0.8444182049503832,0.7261561236425365
474,1.0,1.0,0.0,1.0,1,0.6876254180602007,0.3576691225720026,0.294314381270903,0.6849278807640076,0.5725710391998291,0.8302655719766737,0.5526053118048583,0.7107473253623912,0.8328090144746099,0.7316068059046332
475,1.0,2.0,1.0,0.7777777777777778,1,0.5739130434782609,0.3033381712626996,0.2956521739130435,0.6761559844017029,0.6601641178131104,0.07094483008546273,0.7564827539128051,0.7115551394992905,0.10663961134694715,0.41140558371112634
476,8.0,1.0,1.0,0.8888888888888888,2,0.5546731826511913,0.27889908256880735,0.2712278558338424,0.6619530320167542,0.7712761163711548,0.18898184725264208,0.5497176983464422,0.8449450771503113,0.11414350426161689,0.4244470317527531
477,8.0,1.0,1.0,0.6666666666666666,1,0.5697503671071953,0.3008329250367467,0.2692119432207538,0.6354279518127441,0.7333644032478333,0.9022956510478978,0.669363168207025,0.7932583143496944,0.8832688509624925,0.8120464961417775
478,8.0,2.0,1.0,1.0,3,0.6930051813471502,0.3450064850843061,0.29922279792746115,0.6959554553031921,0.7006896138191223,0.3430845361675196,0.5450627798358895,0.6492169544805874,0.42883708149717537,0.4915503379952929
479,2.0,1.0,1.0,0.5555555555555556,2,0.4823175319789315,0.23042168674698793,0.1926260346124906,0.6173244714736938,0.7226762771606445,0.8815032804271232,0.4938234044642565,0.7491761107721517,0.8602191716448376,0.7461804918270922
480,9.0,2.0,1.0,1.0,1,0.5866666666666668,0.2787938704893722,0.24987654320987654,0.7083233594894409,0.7305336594581604,0.6097823043513052,0.6581866348251122,0.7364767408950171,0.696283117331473,0.6751821993507268
481,1.0,1.0,0.0,0.5555555555555556,1,0.6389061528899939,0.3298070939639079,0.2597886886264761,0.6376035213470459,0.6721761226654053,0.9002135551741545,0.5694586498668296,0.6339219554358447,0.8872253981570493,0.7477048896584695
482,8.0,1.0,1.0,1.0,1,0.5399205999117777,0.21368653421633554,0.20996912218791355,0.6214259266853333,0.6809253692626953,0.923388796323787,0.5077458233251015,0.8563478672375767,0.9138967102178209,0.8003447992760715
483,8.0,2.0,1.0,1.0,2,0.6381074168797953,0.3444302176696543,0.2877237851662404,0.6629126071929932,0.6626393795013428,0.8569003141623021,0.6898336075048906,0.701484217570572,0.8431185241861123,0.7728341658559693
484,8.0,2.0,0.0,0.7777777777777778,1,0.5159309021113244,0.28428736073761046,0.22341650671785027,0.6516239643096924,0.7790467739105225,0.9123292777257169,0.7024144353127316,0.7702073087356107,0.8959843734630745,0.8202338488092834
485,8.0,2.0,1.0,1.0,1,0.6126656848306333,0.2949852507374632,0.2709867452135494,0.658512532711029,0.6976256966590881,0.06550936004837027,0.4178989207110853,0.7497126068067549,0.056731886161266516,0.32246319343186924
486,3.0,1.0,1.0,0.7777777777777778,2,0.36023835319609965,0.1766937669376694,0.14626218851570963,0.5547533631324768,0.6846877336502075,0.891427284813192,0.5008683647654816,0.8007375388154819,0.8338773922455269,0.7567276451599206
487,8.0,1.0,1.0,0.6666666666666666,2,0.6408237431859479,0.29957550030321406,0.2204724409448819,0.6307939291000366,0.617098331451416,0.711078051368375,0.5634400511433147,0.7306131700701478,0.718262693795943,0.6808484915944452
488,4.0,2.0,1.0,1.0,1,0.6825106642291285,0.35143380109823064,0.27787934186471663,0.6466131806373596,0.6569169759750366,0.8328207715372924,0.5393799973285582,0.7130115060447405,0.8139045299923516,0.7247792012257357
489,4.0,2.0,0.0,0.5555555555555556,2,0.5151515151515151,0.2594142259414226,0.23928944618599796,0.6677376627922058,0.6832848191261292,0.6980394728077753,0.6853106284247644,0.8395134213427796,0.637370448956898,0.7150584928830543
490,1.0,2.0,1.0,0.5555555555555556,2,0.5244492208490059,0.20118343195266272,0.19344438473938746,0.6410382986068726,0.7076296210289001,0.7669302398611487,0.6974563592022092,0.7545469599161854,0.7518390364838964,0.7426931488658599
491,1.0,1.0,1.0,1.0,2,0.49738219895287966,0.2517482517482518,0.29668411867364747,0.6705051064491272,0.7527145743370056,0.5851415362845616,0.6873604203578331,0.8887309990125581,0.34957812534878807,0.6277027702509352
492,9.0,1.0,0.0,0.5555555555555556,2,0.68690275435638,0.40630275745638716,0.3822372119168072,0.7055138945579529,0.8370704650878906,0.7622885835173897,0.6804429081078714,0.7716336980573503,0.7788610670780668,0.7483065641901695
493,10.0,1.0,0.0,0.6666666666666666,1,0.5223880597014925,0.24604569420035144,0.2589991220368744,0.6789222359657288,0.6820387840270996,0.8112192974414649,0.6383870366001884,0.7786890052818317,0.8149773884771871,0.760818181950168
494,2.0,2.0,0.0,0.5555555555555556,3,0.517825311942959,0.22479928635147192,0.19518716577540104,0.667337954044342,0.7096441388130188,0.7630845399306567,0.6210141148618755,0.6842689962922761,0.6716497577388386,0.6850043522059118
495,8.0,1.0,1.0,1.0,1,0.6252747252747253,0.33003300330033003,0.2824175824175824,0.6324693560600281,0.7000402808189392,0.8182846794006438,0.5229189074417154,0.7480993919169429,0.8161485150300061,0.7263628734473271
496,10.0,1.0,0.0,1.0,1,0.27613727055067844,0.15187849720223823,0.15323224261771748,0.6233994960784912,0.6888129711151123,0.9007401272954545,0.7403259858686568,0.67493372611235,0.6638181623976456,0.7449545004185267
497,8.0,1.0,1.0,0.7777777777777778,2,0.559508124725516,0.28923076923076924,0.2626262626262626,0.6269537806510925,0.661430835723877,0.8146618756212817,0.5281335018894137,0.6761029339499449,0.7979725621093368,0.7042177183924943
498,2.0,2.0,1.0,0.8888888888888888,1,0.2393980848153215,0.16849315068493154,0.13132694938440492,0.6783267259597778,0.6577144861221313,0.8298755740729151,0.7074147855307692,0.7090873785073193,0.8522179785260053,0.7746489291592522
499,1.0,2.0,1.0,0.7777777777777778,1,0.4526184538653366,0.2209737827715356,0.2219451371571072,0.6487684845924377,0.6443337202072144,0.8634757716634762,0.6790875267481832,0.703831234537008,0.3618107439810357,0.6520513192324258
500,3.0,2.0,0.0,0.6666666666666666,3,0.5562913907284768,0.2386980108499096,0.23479831426851294,0.6547991037368774,0.5947783589363098,0.8652260026909333,0.5094693721191308,0.7390270826326576,0.8373838679879136,0.7377765813576588
501,2.0,1.0,0.0,0.5555555555555556,1,0.6327193932827736,0.29175704989154005,0.2296858071505959,0.6704316735267639,0.7276058197021484,0.9049758549650572,0.6355101115998926,0.7256613161926166,0.8548552080406008,0.7802506226995418
502,2.0,2.0,1.0,0.6666666666666666,1,0.41236240474174424,0.22627118644067798,0.18204911092294665,0.6049536466598511,0.7636339068412781,0.10559821249522552,0.5953040231737315,0.6528860935835378,0.12533411026904,0.3697806098803837
503,2.0,2.0,0.0,1.0,1,0.42740134028294857,0.23415361670395227,0.2710349962769918,0.6464443206787109,0.8277611136436462,0.7827297420466504,0.6950394290592542,0.8786194113322255,0.4150454030504777,0.6928584963721519
504,8.0,2.0,0.0,0.7777777777777778,4,0.3904761904761904,0.2073897497020262,0.2142857142857143,0.6186637282371521,0.752257764339447,0.46979228265909523,0.7371570311250576,0.6691924781998566,0.37165407741310585,0.5619489673492788
505,2.0,1.0,1.0,1.0,3,0.5732730794060684,0.22107304460245636,0.22207876049063913,0.6508111357688904,0.6639890074729919,0.6560016727719206,0.5647815009576149,0.7032827100164327,0.4967054024854539,0.6051928215578556
506,8.0,2.0,1.0,0.6666666666666666,3,0.5172413793103448,0.25119846596356665,0.22030651340996169,0.5978226065635681,0.6795566082000732,0.13113979470232248,0.5141113181004612,0.7301772742230753,0.1622995512064211,0.38443198455807004
507,2.0,2.0,0.0,0.5555555555555556,1,0.45514374783512296,0.19064124783362218,0.20297887080013854,0.660237193107605,0.7599615454673767,0.8266995644679248,0.5996103913599335,0.9123068209834805,0.8154746552826735,0.7885228580235031
508,2.0,1.0,1.0,0.7777777777777778,2,0.6017885323513941,0.23802001053185887,0.18937401367701212,0.6184022426605225,0.7063343524932861,0.8526219003444336,0.5913733285027517,0.7352852757428509,0.8224680777711488,0.7504371455902963
509,3.0,2.0,1.0,0.5555555555555556,1,0.5874439461883408,0.2716049382716049,0.2309417040358744,0.6592539548873901,0.6297807693481445,0.8092076544643427,0.4573629104494124,0.7960515170881005,0.7796706407331302,0.7105731806837465
510,10.0,2.0,1.0,1.0,2,0.5487465181058495,0.2899628252788104,0.2311977715877437,0.6189213991165161,0.7325793504714966,0.7424059901692717,0.6401342400699552,0.7126609028200891,0.7899773426108674,0.7212946189175458
511,8.0,1.0,1.0,1.0,3,0.5650118203309693,0.31124260355029587,0.2600472813238771,0.6196097731590271,0.6329501271247864,0.4603926593696196,0.5757616497651163,0.7102971801037232,0.21786591051151025,0.4910793499374923
512,8.0,2.0,0.0,0.5555555555555556,3,0.5724346076458752,0.2547834843907351,0.26156941649899396,0.6206563711166382,0.7576537132263184,0.6971069848172732,0.5217249148594678,0.7048533926306826,0.6767584186265251,0.6501109277334871
513,2.0,2.0,1.0,0.7777777777777778,1,0.5544642857142857,0.2957998212689901,0.28214285714285714,0.6597989201545715,0.5967124700546265,0.8888129985404685,0.6358353379772141,0.6813608663588807,0.881928276121433,0.7719843697494991
514,8.0,1.0,0.0,0.5555555555555556,2,0.5794195250659631,0.24933967247754887,0.21530343007915567,0.621986448764801,0.7167515754699707,0.8007941190013221,0.5569540916692562,0.7648889067294768,0.7763135548674303,0.7247376680668713
515,1.0,2.0,1.0,1.0,1,0.6535211267605634,0.37799717912552894,0.3197183098591549,0.6767480969429016,0.7287054061889648,0.75410172932767,0.6463963487641065,0.5312763111917442,0.7351067404520855,0.6667202824339016
516,8.0,2.0,0.0,1.0,2,0.5543130990415335,0.2752,0.292332268370607,0.6720283031463623,0.7520239949226379,0.07714618821999313,0.6870981966331163,0.7654223434031582,0.08019937299397445,0.4024665253125605
517,5.0,2.0,1.0,0.5555555555555556,1,0.4966190833959429,0.24812030075187969,0.2118707738542449,0.6461656093597412,0.6659366488456726,0.9102696620420079,0.48382841116203124,0.7495859787789156,0.8910224980532059,0.7586766375090401
518,4.0,1.0,0.0,0.6666666666666666,1,0.375186846038864,0.16766467065868262,0.2092675635276532,0.6147692799568176,0.859045147895813,0.9362401033877858,0.7507886514525521,0.8094878030527347,0.8560951667068578,0.8381529311499827
519,10.0,1.0,1.0,0.5555555555555556,2,0.5790645879732739,0.3102987070887204,0.27260579064587975,0.621370255947113,0.6981024146080017,0.8556565332696593,0.6083380348151258,0.7581299810877385,0.8375288490178963,0.7649133495476049
520,1.0,1.0,1.0,0.8888888888888888,2,0.5870809484873263,0.25389025389025394,0.2714636140637776,0.6314709782600403,0.7582952976226807,0.4091859229688308,0.6499256583685172,0.776097339127265,0.44706829277902294,0.5705693033109089
521,1.0,2.0,1.0,1.0,1,0.5375626043405677,0.24916387959866224,0.21702838063439064,0.6051129698753357,0.7386568784713745,0.7146722285483221,0.7268757506630753,0.6299578790105816,0.7165222478991202,0.6970070265302748
522,9.0,1.0,1.0,0.7777777777777778,1,0.5767754318618042,0.2439961575408261,0.21017274472168904,0.6462656855583191,0.6567496061325073,0.8415900889874607,0.5704883952112919,0.7074425470709171,0.8312093341145995,0.7376825913460673
523,8.0,1.0,1.0,0.8888888888888888,1,0.5257332595462091,0.23711911357340718,0.2379634753735473,0.6578841209411621,0.7338316440582275,0.8964129185215985,0.4490081882831925,0.7011826346348569,0.8786438581887064,0.7313118999070884
524,2.0,1.0,0.0,1.0,1,0.6262341325811002,0.3192090395480226,0.31875881523272215,0.7165905833244324,0.6764991283416748,0.8387087064310015,0.5450713232096104,0.7267479324255086,0.8033226650665409,0.7284626567831654
525,8.0,2.0,1.0,1.0,3,0.585820895522388,0.26525529265255293,0.21268656716417914,0.5570504665374756,0.7435154914855957,0.7907998117303956,0.5869904507060993,0.7084913925934156,0.7852027197849006,0.7178710937037027
526,8.0,1.0,1.0,0.8888888888888888,1,0.5475658776239393,0.2601698703620921,0.2233139794551139,0.6484690308570862,0.747797966003418,0.8187174138610123,0.5922102371414466,0.6972977432581441,0.8155878798849757,0.7309533185363947
527,2.0,2.0,1.0,0.5555555555555556,1,0.5859333685880486,0.2011646373742721,0.1946060285563194,0.6149501800537109,0.765640377998352,0.6950340473598399,0.5616843025278858,0.7204067326386688,0.7019841966543204,0.6697773197951787
528,1.0,1.0,0.0,0.5555555555555556,1,0.5799457994579945,0.25158371040723976,0.22944896115627825,0.6962668299674988,0.7665466070175171,0.8713262531603657,0.6492136981960468,0.682099155152303,0.830959334772667,0.7583996103203456
529,2.0,2.0,1.0,0.7777777777777778,1,0.6270330902972518,0.2975856260527793,0.2512619181155356,0.6524563431739807,0.5773477554321289,0.7052953517247454,0.46655742317120363,0.7214843808267771,0.7058065453664595,0.6497859252722964
530,8.0,2.0,1.0,1.0,1,0.5135356849876949,0.20870994248151192,0.24446267432321572,0.6067865490913391,0.782398521900177,0.8226402253361553,0.7102021945877759,0.8995078606251693,0.5497569361814236,0.7455268041826311
531,3.0,2.0,1.0,0.7777777777777778,2,0.424633431085044,0.19495008807985909,0.19706744868035192,0.6151403784751892,0.768435001373291,0.1002486208779235,0.6258510184829789,0.6973893846909918,0.05845541427214754,0.37048610958101047
532,6.0,1.0,0.0,1.0,2,0.5975103734439835,0.30055401662049863,0.29875518672199175,0.7013960480690002,0.6674435138702393,0.2920871203846453,0.692400021835538,0.6524610066400742,0.14402719750237455,0.445243836590658
533,1.0,2.0,1.0,0.6666666666666666,1,0.5176243360695316,0.1962300628322861,0.20569773056494448,0.6399673223495483,0.6952340006828308,0.8613900023311606,0.590446235335489,0.7414991826606167,0.7781462613189428,0.7428704204115523
534,8.0,2.0,0.0,1.0,2,0.6246882793017455,0.2621722846441948,0.22568578553615962,0.5922914147377014,0.7582295536994934,0.672614988760766,0.6863918928021343,0.791292829147254,0.684572466016502,0.7087180441816641
535,8.0,1.0,1.0,1.0,3,0.5873836608066185,0.21554404145077719,0.2233712512926577,0.632603108882904,0.6341477632522583,0.19500872275742998,0.6741124860425328,0.735929313223129,0.1971244078163812,0.45054373245986823
536,8.0,1.0,0.0,0.8888888888888888,2,0.5673003802281369,0.32444782939832445,0.3482889733840304,0.7221924066543579,0.704334557056427,0.8374054048544599,0.48246968501823134,0.5711051877595358,0.829170155620101,0.6800376083130819
537,13.0,2.0,1.0,0.5555555555555556,1,0.3405545927209705,0.16652211621856028,0.17764298093587522,0.5997328162193298,0.7880887389183044,0.14379909973874866,0.6906853067433948,0.7079597313714818,0.39242583024046485,0.48371749202352254
538,1.0,1.0,0.0,1.0,1,0.6710763680096212,0.3299217338952438,0.26337943475646425,0.6729590892791748,0.6072925329208374,0.8439931455898163,0.5009672845553134,0.617254302751079,0.8315879610882273,0.6984506734961089
539,8.0,1.0,0.0,0.5555555555555556,0,0.5835579514824797,0.27125506072874495,0.2439353099730458,0.6407151818275452,0.7930050492286682,0.8608318851172562,0.5659939841884124,0.8440949669790366,0.7553038790567977,0.7565561788353757
540,8.0,2.0,1.0,0.7777777777777778,3,0.6051660516605165,0.3054187192118227,0.24108241082410822,0.6697033643722534,0.6276969909667969,0.8107472112551548,0.5038060873779924,0.7929979875887113,0.7706573661793301,0.7195521631002972
541,13.0,2.0,1.0,0.7777777777777778,3,0.3785780240073869,0.24214417744916825,0.2299168975069252,0.6335380673408508,0.7199158668518066,0.2901831018459258,0.6425057453247182,0.7418180198912835,0.1286052906144183,0.45077803941908645
542,1.0,1.0,0.0,0.7777777777777778,1,0.5243223171184552,0.28836863619472314,0.23393984404010396,0.6755404472351074,0.7100085020065308,0.8966981685741595,0.5901533477001818,0.7803000300676594,0.8815556662040545,0.7871768031365138
543,8.0,1.0,0.0,0.8888888888888888,3,0.6274247491638796,0.2692565304755526,0.25551839464882947,0.6596651077270508,0.673194408416748,0.8780427334735788,0.6231832902609294,0.7358015986637486,0.8741510721910859,0.7777946736473357
544,3.0,1.0,1.0,0.625,2,0.5503822098679638,0.2922755741127349,0.24878387769284227,0.650722086429596,0.6443665027618408,0.524254184612927,0.6694725434703294,0.6917491409128648,0.5815990708213784,0.6167687349543749
545,8.0,1.0,1.0,0.7777777777777778,3,0.6677215189873417,0.34424498416050686,0.2689873417721519,0.6821903586387634,0.7208365797996521,0.32457176096428636,0.4376874431077798,0.7530264127696479,0.34512393392777385,0.465102387692372
546,9.0,1.0,1.0,1.0,2,0.34062140391254314,0.2629757785467128,0.2991944764096663,0.6335656046867371,0.7415913939476013,0.8041720273282316,0.8109659085104963,0.7222971517599012,0.5969147892061313,0.7335874692011901
