index,issueArea,decisionDirection,partyWinning,voteDistribution,respondentType,rouge1,rouge2,rougeL,bert_f1,align_score,unieval_coherence,unieval_consistency,unieval_fluency,unieval_relevance,unieval_overall
0,10.0,2.0,0.0,0.625,1,0.5034965034965034,0.293124742692466,0.24928013163307283,0.6472188234329224,0.7466923594474792,0.7168498441306962,0.6685822381447524,0.7986778543820163,0.7241679104299685,0.7270694617718583
1,8.0,1.0,0.0,0.6666666666666666,1,0.5512679162072768,0.23178807947019867,0.23153252480705624,0.6087323427200317,0.7864943146705627,0.8626050620146068,0.468898004995879,0.6120347520091104,0.8504362044784807,0.6984935058745192
2,2.0,1.0,1.0,1.0,2,0.4847870182555781,0.2781725888324873,0.2515212981744422,0.6761336326599121,0.5951211452484131,0.46995804489665455,0.7107643677725798,0.7776002159556914,0.17250534776690218,0.532706994097957
3,1.0,1.0,0.0,0.6666666666666666,1,0.6186291739894553,0.3343108504398826,0.29173989455184535,0.6460455656051636,0.7237024307250977,0.7748734261860439,0.5211784916902535,0.7304729065314767,0.8055807354767552,0.7080263899711323
4,8.0,2.0,1.0,1.0,3,0.5324057121933359,0.2821546353975815,0.2153057488099597,0.646223783493042,0.6615738272666931,0.8208800550288274,0.5909158001860434,0.8127798866490605,0.8312280610516419,0.7639509507288933
5,7.0,1.0,0.0,0.5555555555555556,3,0.5166854143232096,0.28142589118198874,0.2617172853393326,0.5866299867630005,0.6592541933059692,0.7821759938305983,0.5724470202374768,0.7499959176391832,0.756455132244448,0.7152685159879266
6,10.0,1.0,0.0,0.5555555555555556,1,0.4962311557788945,0.24402515723270438,0.23366834170854267,0.6241043210029602,0.7315706610679626,0.664209481342226,0.7145415375527886,0.7971106932078595,0.8243329587905315,0.7500486677233514
7,8.0,1.0,1.0,0.8888888888888888,2,0.5884244372990353,0.24798711755233493,0.2572347266881029,0.6620249152183533,0.6832942962646484,0.7087378669711305,0.6199075767629552,0.7396660854162656,0.6679438681825037,0.6840638493332138
8,8.0,1.0,1.0,1.0,2,0.5800000000000001,0.32264529058116237,0.336,0.6496106386184692,0.6660369038581848,0.19454465166249077,0.6517948491915934,0.6615131241860771,0.0501409118532292,0.3894983842233476
9,1.0,2.0,1.0,0.5555555555555556,1,0.584110075454949,0.3047534429142604,0.22814025743453173,0.632643461227417,0.7187772393226624,0.8054986468752064,0.48232099463541495,0.7131485029605802,0.8054796890882272,0.7016119583898572
10,2.0,2.0,1.0,0.5555555555555556,2,0.6155580608793687,0.2765237020316027,0.24464487034949267,0.6210695505142212,0.6220759153366089,0.8920075375649078,0.4884209119473013,0.7460909072948232,0.8850383368464297,0.7528894234133654
11,9.0,1.0,0.0,0.6666666666666666,1,0.5722789115646258,0.3310638297872341,0.2695578231292517,0.6428314447402954,0.7133586406707764,0.8620744409679421,0.5951787671026798,0.767815845455579,0.8313664697528153,0.764108880819754
12,5.0,1.0,1.0,0.625,2,0.5959390862944163,0.29166666666666663,0.26802030456852793,0.6640622615814209,0.6553253531455994,0.7970483650629698,0.5897324569142139,0.6695311728261474,0.7680302476536177,0.7060855606142372
13,4.0,2.0,0.0,1.0,3,0.6117867165575304,0.32677902621722843,0.25724976613657624,0.5848912596702576,0.7316877841949463,0.8659422308547011,0.5040104136269001,0.834359841015024,0.8533591129919474,0.7644178996221432
14,2.0,1.0,1.0,1.0,1,0.5739964050329539,0.27714457108578283,0.23487118034751348,0.5521819591522217,0.8548301458358765,0.10952882749922795,0.5983576798505577,0.803824604736239,0.08877704420840185,0.4001220390736066
15,1.0,1.0,0.0,0.5555555555555556,1,0.6119815668202765,0.33394833948339486,0.2737327188940092,0.625311553478241,0.7562900185585022,0.7242287927735922,0.6135348158446923,0.7192466098299571,0.7078707617675807,0.6912202450539556
16,8.0,1.0,0.0,1.0,2,0.6188925081433224,0.26353555120678407,0.26970684039087944,0.6916130185127258,0.6844580769538879,0.7504903750120105,0.609260385099364,0.7200806780177879,0.7435714110729523,0.7058507123005286
17,8.0,1.0,0.0,0.75,1,0.2560411311053985,0.16572310859495626,0.1789203084832905,0.6321495771408081,0.9199099540710449,0.688411409294704,0.8275526644413018,0.8128209861484069,0.15838033028121395,0.6217913475414067
18,9.0,1.0,0.0,0.8888888888888888,1,0.6086538461538462,0.2964388835418672,0.2586538461538462,0.6864087581634521,0.6154670119285583,0.9005001846151536,0.6604699587224053,0.8373707710468554,0.8840170847165563,0.8205894997752428
19,1.0,1.0,0.0,1.0,1,0.555921052631579,0.2817133443163097,0.24999999999999994,0.6724869012832642,0.7020449042320251,0.7376121428853276,0.5199553937975071,0.71231908599606,0.7543901673495674,0.6810691975071155
20,12.0,2.0,0.0,0.5555555555555556,1,0.6501103752759381,0.3082872928176796,0.3013245033112582,0.6697949171066284,0.6209331750869751,0.8952904540725333,0.5740586438695295,0.6989670699270353,0.8801978237913685,0.7621284979151166
21,2.0,1.0,1.0,1.0,2,0.5063424947145878,0.2941798941798942,0.2230443974630021,0.6705626845359802,0.6826871633529663,0.17877954446621383,0.5539017661209737,0.7864312786381076,0.13704995464861833,0.41404063596847834
22,3.0,2.0,1.0,1.0,1,0.531521328803322,0.33320740460899134,0.3405058512646282,0.6572161912918091,0.6739514470100403,0.8793228616305637,0.5396349093412888,0.7467079896357627,0.857559901481657,0.755806415522318
23,1.0,1.0,1.0,0.6666666666666666,2,0.6606060606060606,0.3437815975733064,0.2787878787878788,0.6489852666854858,0.7640510201454163,0.8626981162569736,0.6511200325853208,0.810451788090527,0.8667778193242157,0.7977619390642592
24,2.0,2.0,1.0,1.0,1,0.4137548530227399,0.20544142143253746,0.17970049916805325,0.6504883766174316,0.6792860627174377,0.34408548217013896,0.6041793961538516,0.6969150525369234,0.34118359519764513,0.4965908815146398
25,8.0,2.0,0.0,1.0,2,0.6636103151862465,0.3396442914515204,0.2361031518624642,0.6328528523445129,0.7067393660545349,0.8484341570373846,0.6061029048732473,0.6761585163118133,0.8437953632222814,0.7436227353611817
26,2.0,1.0,0.0,0.6666666666666666,1,0.629757785467128,0.3094688221709007,0.23414071510957324,0.6958022117614746,0.5454078912734985,0.8821993749129486,0.4804600540788629,0.6296410019283731,0.8587616345675901,0.7127655163719437
27,9.0,1.0,0.0,1.0,3,0.2426229508196721,0.1691297208538588,0.1918032786885246,0.6529903411865234,0.5655288100242615,0.07121541995185719,0.797104185369514,0.848106089484184,0.06486280316530456,0.4453221244927149
28,7.0,1.0,1.0,0.7777777777777778,3,0.39964633068081346,0.18849557522123891,0.1768346595932803,0.6155723333358765,0.7449458837509155,0.5064176556088137,0.627863316992994,0.827760713449734,0.5997441120590098,0.6404464495276379
29,10.0,2.0,0.0,0.6666666666666666,3,0.31911532385466035,0.17721518987341772,0.20537124802527648,0.6282491683959961,0.5655970573425293,0.5170637335955097,0.7347212848153283,0.5928386774271225,0.602054232777702,0.6116694821539156
30,2.0,2.0,1.0,0.5555555555555556,1,0.5935806586077533,0.32290362953692114,0.2884535223009588,0.6941664218902588,0.7394425868988037,0.8995808453015051,0.6756835529395935,0.8500068947938695,0.8869636822368222,0.8280587438179476
31,2.0,2.0,1.0,0.7777777777777778,1,0.5529759392148587,0.2340515420363329,0.19839594765723934,0.5978284478187561,0.6455678939819336,0.8923076489794077,0.5375135241005194,0.7615441706498802,0.8568518303277394,0.7620542935143867
32,2.0,1.0,1.0,1.0,2,0.5818759936406995,0.32060461416070013,0.27980922098569155,0.6342176198959351,0.7500961422920227,0.8859100516021735,0.5225874895569272,0.8307315598632437,0.885258133620729,0.7811218086607683
33,2.0,2.0,1.0,0.7777777777777778,1,0.6285714285714287,0.26528599605522685,0.2354679802955665,0.6747922301292419,0.7365144491195679,0.8575061596056708,0.6008199124424135,0.8089020234967615,0.8451911609077061,0.778104814113138
34,9.0,1.0,0.0,0.8888888888888888,2,0.6172043010752688,0.29601722282023685,0.2870967741935484,0.6613723635673523,0.7090719938278198,0.853290588439179,0.4655229511153829,0.6961267415028562,0.8558252069553102,0.7176913720031821
35,8.0,2.0,1.0,1.0,2,0.3230088495575222,0.16943521594684383,0.1891592920353982,0.6167027950286865,0.7238133549690247,0.07402758068448026,0.6465074773828791,0.7672061301679952,0.07860244751870603,0.39158590893851514
36,2.0,1.0,1.0,0.6666666666666666,2,0.5863655374320368,0.2712431979907911,0.20995399414470933,0.5791386365890503,0.7322561740875244,0.8691377968124758,0.5918106748222616,0.7688230942471383,0.8315764713981653,0.7653370093200103
37,1.0,2.0,1.0,0.5555555555555556,1,0.376274328081557,0.19480519480519481,0.20481927710843373,0.62263423204422,0.5389949679374695,0.6282060704268411,0.5933915255238091,0.6956564983386113,0.5187862238540712,0.6090100795358332
38,8.0,2.0,1.0,1.0,2,0.6223776223776224,0.362,0.2887112887112887,0.6558295488357544,0.7499439716339111,0.9072326244372231,0.6410217475460682,0.7258673232405259,0.8924714942033535,0.7916482973567927
39,1.0,1.0,1.0,0.8888888888888888,2,0.4615384615384615,0.25830815709969784,0.25188536953242835,0.633365273475647,0.5668768286705017,0.4796092685833684,0.6219959262203107,0.7096238854325517,0.5197169724695861,0.5827365131764543
40,2.0,2.0,1.0,0.5555555555555556,2,0.6261723983921393,0.3513634331694233,0.2965609647163912,0.7101006507873535,0.7127299308776855,0.9031721841002566,0.660797665975055,0.6291400418891888,0.8773339619678127,0.7676109634830782
41,8.0,1.0,0.0,1.0,1,0.6547831253713607,0.30696014277215944,0.2756981580510992,0.6489120125770569,0.7441519498825073,0.7834814385038793,0.5878193878042237,0.6687517160797559,0.778554497826892,0.7046517600536877
42,10.0,2.0,0.0,0.5555555555555556,1,0.411764705882353,0.2072348252605763,0.1727941176470588,0.5922766923904419,0.6627514362335205,0.8267215579848657,0.42992196751151485,0.6443215977341055,0.8135055844110947,0.6786176769103952
43,10.0,2.0,1.0,1.0,1,0.5998911268372346,0.24523160762942778,0.21992378878606425,0.6153867244720459,0.6166302561759949,0.8581224163597723,0.5024905044706787,0.7983077246894956,0.842219046196472,0.7502849229291046
44,8.0,2.0,0.0,1.0,2,0.5702851425712857,0.24737105658487732,0.2251125562781391,0.6692520976066589,0.5677128434181213,0.894539219542627,0.5483067813097927,0.7952855312975609,0.8851425099437887,0.7808185105234423
45,1.0,1.0,0.0,0.8888888888888888,1,0.5610902255639099,0.3057384760112888,0.27725563909774437,0.6394122838973999,0.6023743152618408,0.8606359251868815,0.5580792306760496,0.7070219373584495,0.840963331109954,0.7416751060828337
46,8.0,1.0,1.0,1.0,1,0.24801587301587302,0.11320754716981132,0.1378968253968254,0.6068687438964844,0.7032496333122253,0.8971227827070904,0.638769191865073,0.8480360405221986,0.80788714432228,0.7979537898541604
47,2.0,1.0,0.0,1.0,0,0.48901098901098894,0.25688073394495414,0.25824175824175827,0.6770355701446533,0.6377791166305542,0.8605699350201258,0.8296315247475968,0.7964683726119484,0.6767448686670778,0.7908536752616873
48,2.0,1.0,0.0,1.0,1,0.5993298228817616,0.33732630570196454,0.2613690761129727,0.643448531627655,0.7341957688331604,0.9036136324271636,0.684118016534046,0.7836124992849642,0.8924957425605601,0.8159599727016835
49,2.0,1.0,1.0,1.0,2,0.6594663278271918,0.3053435114503817,0.2922490470139771,0.6634691953659058,0.612867534160614,0.755274811381631,0.48371115083547883,0.5767252719027836,0.8101135853096829,0.6564562048573941
50,1.0,2.0,1.0,0.7777777777777778,1,0.6824797843665767,0.37776578521316784,0.35902964959568734,0.6597925424575806,0.7458449602127075,0.8123322157589389,0.5741847627880049,0.6149413477565792,0.8036994209041386,0.7012894368019154
51,8.0,1.0,0.0,0.8888888888888888,3,0.6012566457225713,0.3338171262699564,0.3112614789753504,0.6587475538253784,0.62486332654953,0.8518855778717013,0.5681579921537582,0.7483544821572098,0.8413116679832445,0.7524274300414784
52,8.0,2.0,1.0,1.0,1,0.6211278792692613,0.3293556085918854,0.32088959491660046,0.6589841842651367,0.5961333513259888,0.10313345117758682,0.5619755976308884,0.7997711977297379,0.10355144306373894,0.39210792240048803
53,2.0,2.0,0.0,0.5555555555555556,3,0.6381514257620452,0.3838582677165355,0.33431661750245817,0.6845292448997498,0.7274836301803589,0.8526513067026206,0.6786458752557172,0.6974770158524605,0.8311323140752921,0.7649766279715225
54,9.0,2.0,0.0,0.6666666666666666,1,0.6163265306122448,0.2724795640326976,0.2775510204081633,0.6635153293609619,0.6853500008583069,0.8017691022942235,0.6102035473230353,0.7890464560357598,0.7815386204558475,0.7456394315272165
55,1.0,2.0,1.0,0.8888888888888888,1,0.6157894736842106,0.3614775725593668,0.35000000000000003,0.7093427777290344,0.8179036378860474,0.06510090153134755,0.7902684703476199,0.6172105985419902,0.07476746236451834,0.386836858196369
56,1.0,2.0,1.0,0.6666666666666666,1,0.46674057649667405,0.2641509433962264,0.25055432372505543,0.6503226161003113,0.6511301398277283,0.09543998925738148,0.5796300646510308,0.6794423554172722,0.18703583287398834,0.3853870605499182
57,9.0,1.0,1.0,0.6666666666666666,4,0.5426251691474967,0.2791327913279133,0.2706359945872801,0.64628666639328,0.7233883738517761,0.6496327945475778,0.6990074461206609,0.7206437230461908,0.6293304524050783,0.674653604029877
58,3.0,2.0,0.0,0.6666666666666666,2,0.5598326359832636,0.2445561139028476,0.20083682008368198,0.6055763363838196,0.7976633906364441,0.8302700773430042,0.5680058796473031,0.7696185730104267,0.8022301643835466,0.7425311735960701
59,12.0,1.0,0.0,0.5555555555555556,2,0.6087560806115359,0.30340988169798194,0.26268241834607364,0.6759008765220642,0.6372408270835876,0.8646426859217874,0.6501155330880382,0.6462990338299963,0.855232912997971,0.7540725414594481
60,1.0,2.0,0.0,1.0,2,0.5938206480783723,0.2913207547169811,0.31198191409193676,0.6997203230857849,0.7622244954109192,0.6602202442233985,0.6788055961701224,0.6736299876783582,0.6853183074809887,0.674493533888217
61,2.0,2.0,1.0,0.6666666666666666,1,0.5113524185587364,0.2559288537549407,0.23099703849950642,0.6106750965118408,0.6390630602836609,0.372561328698818,0.45380545088190827,0.7952039546435917,0.35583451140613387,0.49435131140761296
62,1.0,1.0,0.0,0.5555555555555556,1,0.4396899224806201,0.2060192367359603,0.16496124031007753,0.6249352693557739,0.7727313041687012,0.8868992680463799,0.5851370406960311,0.7127713883389447,0.8776510338662061,0.7656146827368904
63,1.0,2.0,1.0,1.0,1,0.5995893223819302,0.3139136394790953,0.30527036276522923,0.6615866422653198,0.7611476182937622,0.6702589958559149,0.6481556626167562,0.7329795497896288,0.529613695456273,0.6452519759296432
64,13.0,2.0,1.0,0.8888888888888888,1,0.5944664031620552,0.29136975455265246,0.2624505928853755,0.6496392488479614,0.6471034288406372,0.36636545492335254,0.7096510461592332,0.746249234829538,0.3345220222867854,0.5391969395497272
65,2.0,1.0,1.0,0.5555555555555556,2,0.5485841199333704,0.2990550305725403,0.25652415324819544,0.6311047077178955,0.7496485114097595,0.08781381807491885,0.6343723279481938,0.7139946595642869,0.08157418414710656,0.3794387474336265
66,3.0,2.0,0.0,0.75,2,0.4496124031007752,0.2582921665490473,0.2917547568710359,0.6334460377693176,0.8076539039611816,0.15085478351236256,0.5971730209913777,0.7275061816381377,0.08541108138952538,0.39023626688285085
67,1.0,2.0,1.0,0.5555555555555556,1,0.3139664804469273,0.21588366890380314,0.18212290502793296,0.5953526496887207,0.824269711971283,0.35262317771136403,0.6214312645222452,0.6632452883879671,0.38504298029110345,0.50558567772817
68,8.0,1.0,0.0,1.0,3,0.5210810810810811,0.2867965367965368,0.292972972972973,0.6399604678153992,0.7711226940155029,0.877974543132929,0.680087644717608,0.7038103833634706,0.7210771107469285,0.7457374204902341
69,8.0,1.0,1.0,0.625,3,0.5719844357976653,0.27012987012987016,0.27626459143968873,0.6601070761680603,0.657931923866272,0.9246819946907572,0.5649502896032463,0.724180708982026,0.9077709844020979,0.7803959944195318
70,10.0,2.0,1.0,1.0,1,0.6384922901199315,0.28473413379073753,0.2512849800114221,0.6609205007553101,0.8104592561721802,0.806599382901175,0.5750594476693002,0.7618713077663929,0.7841609898460444,0.7319227820457281
71,8.0,2.0,0.0,0.6666666666666666,3,0.3881401617250674,0.18353576248313092,0.1752021563342318,0.6092173457145691,0.7445130348205566,0.5756677992283608,0.8017066141669664,0.8251806996610744,0.49702526515178497,0.6748950945520467
72,2.0,2.0,0.0,0.7777777777777778,3,0.645422943221321,0.25290023201856143,0.23870220162224798,0.6530380249023438,0.6903608441352844,0.9067995132263585,0.5037551310237568,0.702604088985409,0.889381537929678,0.7506350677913005
73,4.0,1.0,1.0,1.0,1,0.4508534432018835,0.2875662934590454,0.26486168334314303,0.623024582862854,0.7765713334083557,0.2703282937710027,0.7193504243002465,0.7717115852135986,0.48215084691547133,0.5608852875500798
74,1.0,1.0,1.0,1.0,2,0.6362637362637363,0.29262926292629265,0.21868131868131868,0.6245318651199341,0.5869840383529663,0.8020761203291118,0.5246512036266519,0.5988692950033713,0.8002076406960028,0.6814510649137844
75,1.0,2.0,1.0,0.6666666666666666,1,0.6339044183949504,0.30956678700361007,0.25788999098286747,0.6625312566757202,0.8190578818321228,0.8955729681981734,0.6657037087963195,0.8434948325216068,0.8893477741626216,0.8235298209196803
76,8.0,1.0,0.0,1.0,4,0.6346666666666666,0.26969292389853133,0.2746666666666666,0.6649252772331238,0.7769733667373657,0.784331512379901,0.7123717872030271,0.8380942930884057,0.83192905655465,0.7916816623064958
77,8.0,2.0,1.0,1.0,2,0.5702066999287242,0.3040685224839401,0.33927298645759085,0.6586861610412598,0.7133923172950745,0.1019913045175064,0.6369260717039646,0.6922310723862836,0.10476269623184535,0.3839777862099
78,2.0,2.0,1.0,1.0,2,0.5732828555976203,0.30319436924742826,0.2704164413196322,0.581519603729248,0.7546775937080383,0.046046697346186015,0.5970715660371829,0.6039375751944107,0.04598919522894431,0.323261258451681
79,1.0,1.0,0.0,0.7777777777777778,1,0.6420209488601356,0.3133867982726712,0.29574861367837335,0.6706615686416626,0.6419998407363892,0.8993872216353542,0.426370210176583,0.871134420997115,0.865907629264817,0.7656998705184673
80,9.0,1.0,0.0,0.6666666666666666,1,0.5533691115086464,0.2555223880597015,0.26237328562909956,0.6505332589149475,0.7685982584953308,0.6494110086300443,0.6628086445451128,0.8058480352137481,0.6051488884403928,0.6808041442073245
81,9.0,1.0,1.0,0.5555555555555556,3,0.6331877729257642,0.3278688524590164,0.26419213973799127,0.667041003704071,0.703399121761322,0.8707081841811504,0.6183036815438125,0.7939615667259629,0.8730780825688241,0.7890128787549375
82,9.0,1.0,1.0,0.5555555555555556,2,0.611353711790393,0.2835727670206121,0.2694946974422957,0.6706807017326355,0.6844519972801208,0.8770778218863248,0.5649049728119421,0.8634757746739717,0.8600678734784765,0.7913816107126788
83,10.0,2.0,0.0,1.0,2,0.5692233478051134,0.26943505552873004,0.2662807525325615,0.651077151298523,0.6918463706970215,0.7470453351993768,0.6167480445579314,0.6908141577261999,0.7063031529131072,0.6902276725991539
84,8.0,2.0,1.0,0.875,3,0.5750636132315522,0.2893530310748854,0.23918575063613232,0.6447779536247253,0.6790918707847595,0.8949905784531587,0.5715087438397208,0.7817541953683186,0.8463106760194117,0.7736410484201524
85,1.0,2.0,1.0,0.8888888888888888,1,0.5673965936739659,0.23380418899171945,0.229683698296837,0.6532750725746155,0.6839718818664551,0.8957924416898243,0.6138103342970022,0.8216006750890381,0.8702871392486692,0.8003726475811335
86,1.0,2.0,1.0,0.8888888888888888,1,0.620021528525296,0.3017241379310345,0.24650161463939718,0.6873880624771118,0.7304290533065796,0.9051201792347048,0.5773976776501777,0.8174710665477065,0.8860431107424471,0.796508008543759
87,2.0,1.0,1.0,0.875,1,0.6439628482972136,0.3564049586776859,0.2837977296181631,0.687092125415802,0.754313051700592,0.908299589799568,0.5368618518770657,0.7214594636437175,0.8921779550431905,0.7646997150908854
88,1.0,1.0,1.0,1.0,2,0.6515679442508712,0.2732558139534883,0.22764227642276422,0.6551640629768372,0.8276532888412476,0.9038155782251069,0.639128334242298,0.7578454819583401,0.8807978788208964,0.7953968183116603
89,1.0,2.0,0.0,0.5555555555555556,2,0.49112426035502965,0.2251851851851852,0.2396449704142012,0.6076924800872803,0.7417178750038147,0.8308081561800714,0.5782507095455395,0.7798646036732114,0.849257126484435,0.7595451489708144
90,1.0,2.0,1.0,0.625,3,0.55713630105553,0.22508038585209,0.21661312528682883,0.5736401081085205,0.6957128643989563,0.8972023363838577,0.5385493276660708,0.8033716173689722,0.8831839028950146,0.7805767960784789
91,8.0,2.0,1.0,1.0,4,0.3603603603603604,0.17678893565844858,0.18978978978978978,0.5863473415374756,0.7450317144393921,0.5107927253956981,0.6975956053113525,0.7609475519946178,0.4402495721754812,0.6023963637192874
92,8.0,2.0,1.0,1.0,1,0.6047565118912797,0.2789115646258503,0.2740656851642129,0.6402608752250671,0.7027072906494141,0.8813184123427267,0.5687758277385652,0.7386703005804144,0.8656112564532615,0.7635939492787419
93,7.0,1.0,1.0,0.5555555555555556,2,0.655002733734281,0.32512315270935965,0.2624384909786769,0.7039101123809814,0.7475389838218689,0.835233190671488,0.6921246174458028,0.7354269368643287,0.8217492697494219,0.7711335036827603
94,10.0,1.0,1.0,1.0,2,0.5733422638981917,0.30449362843729044,0.2679169457468185,0.6746675372123718,0.7378730773925781,0.09935959149779673,0.6079908564794018,0.7083816234305466,0.09691622784290789,0.37816207481266323
95,1.0,2.0,1.0,0.6666666666666666,1,0.6281732205077153,0.2969606377678126,0.2628173220507715,0.6885140538215637,0.7286051511764526,0.7773974549087523,0.5991119643366752,0.7562688317865282,0.7082102684951312,0.7102471298817717
96,10.0,2.0,0.0,1.0,2,0.5932109070673345,0.23398328690807801,0.2404006677796327,0.6702848672866821,0.6231263279914856,0.8666707973024028,0.49198791284760107,0.6990900277725797,0.8537887898436628,0.7278843819415616
97,9.0,1.0,0.0,0.5555555555555556,2,0.5989804587935429,0.3273809523809524,0.2285471537807986,0.6506587266921997,0.6749269962310791,0.837090201599852,0.4649981094021476,0.7384807522432713,0.8352736936276529,0.718960689218231
98,4.0,2.0,1.0,1.0,1,0.5682382133995038,0.29440993788819875,0.2866004962779157,0.6436619162559509,0.7177083492279053,0.11755288737187602,0.6266515900231823,0.8174225837642016,0.1517310617006867,0.42833953071498665
99,1.0,1.0,1.0,1.0,2,0.6414899120538023,0.3169342309684101,0.3072943610967408,0.6589794754981995,0.6676228046417236,0.8754918747564902,0.4577135220164488,0.7772356255440834,0.8469822358555033,0.7393558145431314
100,8.0,2.0,1.0,0.6666666666666666,3,0.5437828371278459,0.2865907099035933,0.2600700525394045,0.6406410336494446,0.67631596326828,0.8932414928188649,0.5811654999597223,0.7128939043931172,0.8804156343259079,0.7669291328744031
101,2.0,2.0,1.0,1.0,1,0.6275324675324675,0.34841393655746233,0.3002597402597402,0.659763753414154,0.5875709652900696,0.9218670384440235,0.5294986803835483,0.735561941818059,0.9080061807919801,0.7737334603594026
102,4.0,2.0,1.0,0.5555555555555556,1,0.5643656716417911,0.25583566760037346,0.2248134328358209,0.6132349371910095,0.6955933570861816,0.919171825957658,0.6730495846154613,0.7444719519280232,0.8893901673426624,0.8065208824609512
103,8.0,1.0,1.0,1.0,1,0.5219874357509994,0.2881646655231561,0.2844089091947459,0.6662736535072327,0.6792506575584412,0.3667904540714972,0.5814107755077049,0.6987994563328235,0.27052027607293216,0.47938024049623945
104,8.0,1.0,1.0,1.0,3,0.6393861892583119,0.3808710503842869,0.3052003410059676,0.7068918347358704,0.6562677025794983,0.16916666821889037,0.6380552410431981,0.6066408999921321,0.16802941161569276,0.39547305521747833
105,4.0,2.0,1.0,0.7777777777777778,1,0.5877352762598664,0.3112462006079027,0.28536733454766244,0.6245538592338562,0.7068573236465454,0.12097017853586772,0.7170423285965805,0.681354961916124,0.11609510627336063,0.40886564383048324
106,6.0,1.0,1.0,0.5555555555555556,2,0.599396291504959,0.2848511005610703,0.24493316084519193,0.6936742067337036,0.7892550230026245,0.8687361202917511,0.6295431666882723,0.8587064778392651,0.8673533750715691,0.8060847849727144
107,8.0,1.0,0.0,0.7777777777777778,3,0.6386003280481137,0.3711001642036124,0.2963367960634226,0.691567063331604,0.6653901934623718,0.9157752344767409,0.5785272848971618,0.6702591557182018,0.9068406757795091,0.7678505877179035
108,1.0,1.0,1.0,0.5555555555555556,2,0.4081247047709022,0.16359338061465722,0.16910722720831364,0.6059392690658569,0.770209789276123,0.6076798315691043,0.6852796932817776,0.7788591451123628,0.4276492286580942,0.6248669746553348
109,5.0,1.0,0.0,1.0,1,0.5962059620596205,0.2897449810092241,0.23414634146341462,0.6196330785751343,0.7360233664512634,0.8981458821941817,0.562170048497929,0.6170798404333495,0.8702796562095259,0.7369188568337465
110,1.0,2.0,1.0,0.5555555555555556,1,0.6006961710591745,0.30960676953708316,0.2744903033316758,0.6431660056114197,0.7151007056236267,0.8854958808580141,0.6415562965543938,0.7345450357822642,0.8700125850282153,0.7829024495557219
111,1.0,1.0,1.0,1.0,2,0.53056884635832,0.30228845130388504,0.25199362041467305,0.6567237377166748,0.568185567855835,0.6218389806714136,0.4846313580074309,0.6635355621226958,0.5613331102490404,0.5828347527626452
112,8.0,1.0,1.0,1.0,1,0.6052356020942409,0.31899265477439664,0.3015706806282722,0.6985164284706116,0.7475900650024414,0.29609129818291935,0.6800584764505042,0.8170288475972383,0.10135341392454766,0.47363300903880234
113,1.0,2.0,0.0,0.5555555555555556,2,0.5462868769074263,0.30651731160896134,0.271617497456765,0.6867624521255493,0.722698450088501,0.33748853444818466,0.750366700068632,0.8316556778237715,0.3351131035350126,0.5636560039689003
114,2.0,2.0,1.0,0.7777777777777778,1,0.5838440111420612,0.28443948689347465,0.252924791086351,0.6584306955337524,0.6404162645339966,0.22235429977914514,0.7180970265541823,0.8210744546834922,0.25483606280846594,0.5040904609563214
115,10.0,2.0,1.0,0.5555555555555556,2,0.47386286490156143,0.22841604350781786,0.2131704005431093,0.5943127870559692,0.7046579122543335,0.6585553843290952,0.672120407988438,0.824667818983272,0.4222071976461524,0.6443877022367395
116,8.0,1.0,0.0,1.0,2,0.5903271692745377,0.2706552706552707,0.25177809388335703,0.6787146329879761,0.7451465129852295,0.8456325482533888,0.6106230857516761,0.753842349769714,0.8325486207203827,0.7606616511237905
117,1.0,2.0,1.0,0.5555555555555556,1,0.59765625,0.30400782013685235,0.267578125,0.669837474822998,0.7336443662643433,0.896460091335451,0.6352412936587799,0.7236388294939009,0.8731941015333634,0.7821335790053737
118,12.0,2.0,1.0,1.0,1,0.5782178217821783,0.24983476536682087,0.22970297029702968,0.6353632807731628,0.7875922918319702,0.559516959864853,0.6355915725448518,0.8589115387175263,0.5548989874033846,0.6522297646326538
119,1.0,1.0,1.0,1.0,2,0.5942523136872869,0.26913700633837156,0.23672674135411592,0.6668856143951416,0.5678624510765076,0.8751001348612191,0.5149739768404763,0.6949950212912557,0.8604188799455542,0.7363720032346263
120,1.0,1.0,0.0,0.5555555555555556,1,0.6031573217201959,0.27465940054495913,0.23843222645617856,0.6618910431861877,0.7826312780380249,0.8349699035715926,0.623675010553595,0.7101610950186007,0.8204907512696301,0.7473241901033546
121,9.0,2.0,1.0,1.0,2,0.5934690014197823,0.30980577925153957,0.2735447231424515,0.6614652276039124,0.79974764585495,0.8338920436985595,0.546220223308633,0.7453537298129528,0.8515240828722851,0.7442475199231076
122,6.0,2.0,0.0,1.0,2,0.6533907427341227,0.3566810344827586,0.3218514531754575,0.6351950168609619,0.7697395086288452,0.4485965356969309,0.6342373927794597,0.6063845781853208,0.6144911392664612,0.5759274114820432
123,1.0,2.0,1.0,1.0,1,0.6082725060827251,0.2778229082047116,0.2871046228710462,0.6467369794845581,0.630355715751648,0.7842611139208365,0.5868808904751422,0.5956399643579889,0.6912577972333532,0.6645099414968303
124,2.0,1.0,1.0,0.5555555555555556,1,0.4323342415985468,0.22727272727272727,0.25158946412352406,0.6079704761505127,0.7722686529159546,0.4757848557081209,0.5987813717216066,0.658075102229293,0.3024103890096895,0.5087629296671775
125,1.0,1.0,0.0,1.0,1,0.5681159420289854,0.2757619738751815,0.25942028985507243,0.6806364059448242,0.7614158987998962,0.9040196598601483,0.6414597872640881,0.789022556158035,0.8605359764580943,0.7987594949350915
126,9.0,2.0,1.0,1.0,2,0.6200432588320115,0.3090252707581228,0.3143475126171593,0.6427706480026245,0.6960176229476929,0.9134402350640513,0.7188438499191016,0.8394982933156999,0.8884954233604827,0.8400694504148338
127,10.0,2.0,0.0,1.0,1,0.23483583750695605,0.14261838440111418,0.16917084028937118,0.652746319770813,0.694893479347229,0.7016828552554935,0.624229122855385,0.8719960501076583,0.6601077595481715,0.7145039469416771
128,2.0,2.0,1.0,0.5555555555555556,2,0.5944862155388471,0.3542398394380331,0.29172932330827067,0.6746287941932678,0.6521986126899719,0.8714491207258571,0.6757178040325619,0.6774897609781578,0.8525778310555554,0.7693086291980331
129,5.0,1.0,1.0,1.0,2,0.6121416526138281,0.28547297297297297,0.24957841483979765,0.6845933198928833,0.5606287121772766,0.8169342177532498,0.6929588869956471,0.7069814938620028,0.6485354451440063,0.7163525109387265
130,1.0,1.0,1.0,1.0,2,0.4196721311475409,0.23741794310722097,0.2448087431693989,0.6117018461227417,0.6155635118484497,0.30812462465250323,0.6605298678318763,0.7664935194830125,0.19157011885850475,0.48167953270647423
131,1.0,1.0,1.0,0.7777777777777778,2,0.6312849162011174,0.3300699300699301,0.30726256983240224,0.6531383395195007,0.7330501675605774,0.7918892473545129,0.5758458781351686,0.6609386365460714,0.7147387692673485,0.6858531328257754
132,4.0,2.0,0.0,0.5555555555555556,2,0.4847658026375625,0.218479745106964,0.20645748067303324,0.6447717547416687,0.7365636825561523,0.5485141670839798,0.5797944306636866,0.7496406699145582,0.41144230740287774,0.5723478937662757
133,2.0,1.0,1.0,0.5555555555555556,2,0.27355623100303955,0.17407181984175288,0.1629179331306991,0.579768180847168,0.7148292064666748,0.4035332469484909,0.6811883703187832,0.7629445385167614,0.1999153121331731,0.5118953669793022
134,8.0,1.0,0.0,0.5555555555555556,2,0.5477415666094911,0.24155695477962222,0.230989136649514,0.6429162621498108,0.7385657429695129,0.3778021298456298,0.7211097218473898,0.7342052628393184,0.3855895599167695,0.5546766686122768
135,2.0,1.0,0.0,0.5555555555555556,1,0.5319148936170213,0.24715909090909088,0.25673758865248225,0.6226320266723633,0.6200571656227112,0.655652427884687,0.6864914286163267,0.7430569420924664,0.5820081391311605,0.6668022344311602
136,10.0,2.0,0.0,0.6666666666666666,2,0.6149131767109294,0.3047034764826176,0.2808988764044944,0.65510493516922,0.6431105732917786,0.9081368614930775,0.5486941978868831,0.6993710704569679,0.8996791003538612,0.7639703075476975
137,8.0,1.0,1.0,0.6666666666666666,4,0.5804772234273319,0.3308727746417716,0.25943600867678956,0.6675223112106323,0.7296545505523682,0.8927957747720293,0.597595213941391,0.7755430710893133,0.8402188175512285,0.7765382193384905
138,1.0,2.0,0.0,0.5555555555555556,1,0.5703001579778831,0.22151898734177217,0.21958925750394945,0.6485028266906738,0.6367615461349487,0.5902889082460523,0.6014096619955882,0.8020910274066555,0.6203905086719405,0.6535450265800591
139,3.0,2.0,1.0,0.6666666666666666,2,0.17153284671532848,0.1023142509135201,0.12895377128953772,0.5239142775535583,0.6971704959869385,0.599939631577382,0.8203763789681635,0.7348779284879672,0.4489021570615468,0.6510240240237649
140,8.0,2.0,0.0,1.0,0,0.5778781038374718,0.3276836158192091,0.2595936794582393,0.6869441866874695,0.7333338856697083,0.17396793348096176,0.7161066669073622,0.7789167978676057,0.14470848396120758,0.4534249705542843
141,5.0,2.0,0.0,0.875,2,0.5365148228488793,0.2389572773352643,0.22270426608821403,0.6405499577522278,0.7263270616531372,0.7789977662905074,0.6709531192912815,0.7943827016488264,0.5861760907074016,0.7076274194845042
142,9.0,2.0,1.0,1.0,4,0.6226765799256506,0.36372093023255814,0.24163568773234198,0.686920166015625,0.6428730487823486,0.8736732467837538,0.6518562056729779,0.8167598648148519,0.8428883734883421,0.7962944226899815
143,8.0,1.0,1.0,0.7777777777777778,1,0.5897554222427318,0.3408775981524249,0.30364559298569455,0.6345767378807068,0.6917607188224792,0.9183331685132071,0.6577503711892779,0.7358970620619883,0.9172049723283483,0.8072963935232055
144,1.0,2.0,1.0,1.0,1,0.4077669902912621,0.20090732339598183,0.19805825242718447,0.5594601035118103,0.8501430153846741,0.3822509203746474,0.7398261240629986,0.8074789919396245,0.2011389485557885,0.5326737462332647
145,1.0,2.0,1.0,1.0,1,0.5743660041124059,0.25531914893617025,0.21247429746401647,0.65849769115448,0.651417076587677,0.8791657138562178,0.6708437154352858,0.7334610184488703,0.8723093786027981,0.788944956585793
146,1.0,1.0,1.0,1.0,2,0.6019529006318208,0.2794709603220242,0.23664560597357842,0.6729482412338257,0.6784570217132568,0.9013326333339652,0.7239329685977114,0.8709248530686018,0.8924652479517956,0.8471639257380186
147,3.0,2.0,0.0,0.5555555555555556,3,0.3178025034770515,0.16423103688239385,0.16063977746870656,0.6089380979537964,0.6291916370391846,0.6687042564165853,0.5586928546768227,0.6157217887050107,0.6802203699181436,0.6308348174291406
148,8.0,2.0,0.0,0.7777777777777778,2,0.6121654501216545,0.33122260107160256,0.3094890510948905,0.6623917818069458,0.7278466820716858,0.8658905611985304,0.5635212328177216,0.7644767135398939,0.846831109480712,0.7601799042592144
149,10.0,2.0,1.0,0.7777777777777778,2,0.548472775564409,0.22340425531914893,0.21646746347941567,0.6406039595603943,0.6583439707756042,0.6501518587101399,0.6091540350964705,0.769032653307339,0.61724967220607,0.6613970548300049
150,4.0,2.0,1.0,1.0,3,0.5638245441103993,0.26640355204736066,0.23854115327747658,0.6469810009002686,0.660285472869873,0.844799000159995,0.5060848161758493,0.6438424660394736,0.8192656793143159,0.7034979904224085
151,8.0,2.0,1.0,0.75,3,0.49037037037037035,0.24314306893995558,0.18444444444444447,0.6546457409858704,0.5959916710853577,0.9051008139198072,0.5831727598557196,0.7264591938990246,0.8842617160702467,0.7747486209361995
152,8.0,2.0,0.0,1.0,2,0.6361386138613863,0.31722428748451054,0.2896039603960396,0.6545827388763428,0.6090847253799438,0.7852785583855856,0.722539317735676,0.7092752889240429,0.6460260304048371,0.7157797988625354
153,1.0,1.0,0.0,0.6666666666666666,1,0.6390670553935861,0.26152948044366603,0.24606413994169096,0.6304781436920166,0.7304314970970154,0.8102830628535611,0.6861890432884836,0.7869316541542583,0.838010504977895,0.7803535663185495
154,8.0,1.0,1.0,1.0,2,0.5817978782802903,0.2258244829513695,0.23450586264656617,0.6747387051582336,0.6606612801551819,0.7979633633633544,0.6919709527102754,0.8172568229142171,0.7959386334159904,0.7757824431009593
155,1.0,2.0,1.0,0.5555555555555556,1,0.5698134539287734,0.2705149971703452,0.2577727529677784,0.6525751948356628,0.8075999021530151,0.428573991607131,0.5338470486437056,0.8478954196695978,0.417475142519164,0.5569479006098996
156,8.0,1.0,1.0,1.0,2,0.5225830533781262,0.2719462084422861,0.1948488241881299,0.6939216256141663,0.6951380372047424,0.9154457083367572,0.588216435984683,0.7525619086662102,0.8755200120163965,0.7829360162510117
157,7.0,1.0,1.0,0.5555555555555556,1,0.5023255813953489,0.207635009310987,0.21488372093023253,0.6345623135566711,0.6889391541481018,0.54246604802356,0.6221430911776453,0.64670514964077,0.5585964343414505,0.5924776807958564
158,8.0,1.0,0.0,1.0,3,0.4367373153500321,0.22250803858520898,0.21066152858060372,0.6672587990760803,0.7892810106277466,0.8792785154755043,0.7454328210200909,0.7766747856509112,0.78819601746229,0.797395534902199
159,6.0,2.0,1.0,1.0,2,0.5847797062750333,0.29718875502008035,0.2910547396528705,0.6438480019569397,0.7531151175498962,0.17401304735974923,0.6426242039087241,0.7712607686755887,0.11711993119614632,0.4262544877850521
160,1.0,1.0,0.0,0.6666666666666666,1,0.5807692307692308,0.24133504492939664,0.24487179487179486,0.6814632415771484,0.6914628744125366,0.7319217626932191,0.6288840469165528,0.7745203223464894,0.7338446301038841,0.7172926905150363
161,1.0,1.0,1.0,1.0,2,0.4731750219876869,0.2607929515418502,0.25329815303430075,0.6761950254440308,0.7046489715576172,0.3990504018271214,0.621506553238716,0.7720085527202012,0.4213396379983424,0.5534762864460953
162,3.0,1.0,0.0,1.0,1,0.6113821138211382,0.29734129137276183,0.28509485094850945,0.6495277285575867,0.6779282689094543,0.877273707030631,0.6484806568594207,0.6762118304128462,0.842823458888282,0.761197413297795
163,8.0,2.0,1.0,1.0,2,0.5755127408328153,0.2165525824517735,0.2063393412057178,0.6362196803092957,0.6671066284179688,0.48267459776582883,0.5544348320612548,0.6000714912470883,0.45448552345380105,0.5229166111319933
164,5.0,2.0,1.0,0.6666666666666666,3,0.4217092950717405,0.21486570893191756,0.25077978789769184,0.6480726003646851,0.7618876099586487,0.9059847188363978,0.5451741428994502,0.9177721269412721,0.9022387247417488,0.8177924283547172
165,9.0,2.0,0.0,1.0,3,0.5240174672489083,0.19737663960024984,0.198378041172801,0.595238983631134,0.5822439193725586,0.7883795039578887,0.6364546453925678,0.810097821646843,0.5805473987131776,0.7038698424276193
166,8.0,2.0,1.0,1.0,2,0.5836200963523743,0.24259131633356307,0.2477632484514797,0.6558170914649963,0.7206180095672607,0.8070641461596934,0.6835753290656154,0.7004065451108947,0.794292894827332,0.7463347287908839
167,1.0,1.0,0.0,1.0,1,0.5203357004519045,0.20426632191338076,0.23111684958037446,0.6646395921707153,0.6976137161254883,0.6764280991614848,0.7182169715771579,0.8530783017126331,0.6319314866287064,0.7199137147699955
168,2.0,2.0,0.0,1.0,2,0.4275774826059456,0.23432552248258395,0.2061986084756483,0.6074024438858032,0.6542764902114868,0.15855731079139454,0.6613686525782287,0.6627630267253252,0.09875336074866692,0.3953605877109039
169,5.0,1.0,1.0,1.0,1,0.48896434634974534,0.24468988954970264,0.22156196943972833,0.6487829089164734,0.8113741874694824,0.23210547721278058,0.5751057530427262,0.7429047085002636,0.15751405160863796,0.4269074975911021
170,3.0,1.0,1.0,0.5555555555555556,1,0.4510465901417961,0.21554054054054056,0.2025658338960162,0.6512190699577332,0.7437371015548706,0.8713369774920573,0.508674317002316,0.7083850246522898,0.8596631504095843,0.7370148673890619
171,8.0,2.0,1.0,1.0,2,0.5685218432076601,0.25524266027561415,0.26092160383004187,0.6580775380134583,0.5523534417152405,0.8696904583663807,0.48527360552451565,0.7066261997814384,0.7711462630822743,0.7081841316886524
172,2.0,2.0,0.0,0.5555555555555556,3,0.5963091118800462,0.22979214780600463,0.20645905420991922,0.6538363099098206,0.7093143463134766,0.8965591711592591,0.6596291164370681,0.8492890902132316,0.8890298347291062,0.8236268031346663
173,9.0,1.0,1.0,1.0,3,0.5168682367918523,0.2549394518801784,0.23424570337364733,0.6275497674942017,0.6486345529556274,0.8450784012013494,0.6672536151213602,0.7361317810928877,0.689839001002619,0.734575699604554
174,13.0,1.0,0.0,1.0,3,0.4880617977528089,0.286718200983837,0.19592696629213482,0.639378547668457,0.6890338063240051,0.846795769281852,0.5570739109602003,0.6375636006168376,0.8313946031661402,0.7182069710062575
175,8.0,2.0,1.0,1.0,2,0.48135593220338974,0.2593346911065852,0.26440677966101694,0.5998724102973938,0.6510801911354065,0.2537102839554376,0.5826201421765732,0.6490561632253906,0.23433407825884248,0.429930166904061
176,10.0,2.0,1.0,1.0,3,0.62,0.3193517635843661,0.26095238095238094,0.6855265498161316,0.6918683648109436,0.7411574998266962,0.6011904739930123,0.7317594983749572,0.7483388666199081,0.7056115847036435
177,6.0,2.0,1.0,1.0,3,0.5403677058353318,0.28182546036829464,0.23980815347721823,0.6441470980644226,0.6863190531730652,0.1922416108602666,0.6205362010046626,0.6013320795627012,0.13583508439456496,0.3874862439555488
178,8.0,1.0,1.0,0.5555555555555556,1,0.5048183839881394,0.25816023738872407,0.20311341734618238,0.6509926915168762,0.7725478410720825,0.882945484158055,0.6167666395943425,0.8254028152930389,0.8745795714921658,0.7999236276344005
179,8.0,2.0,1.0,0.6666666666666666,4,0.5123762376237624,0.21882741535920724,0.18234323432343233,0.6258566379547119,0.705348551273346,0.9280904534848536,0.6435195540142072,0.8392338452493049,0.9117409914375247,0.8306462110464727
180,2.0,1.0,1.0,1.0,2,0.46947765890497173,0.2344045368620038,0.24417872876022656,0.6225891709327698,0.6478046178817749,0.6957525129900853,0.6508909899385256,0.5967705744229147,0.768561195881706,0.677993818308308
181,8.0,2.0,1.0,1.0,3,0.4774678111587983,0.19978517722878625,0.23497854077253222,0.6639653444290161,0.7074002027511597,0.85958065622908,0.607292637328442,0.7038658107278595,0.7769311487133473,0.7369175632496822
182,1.0,1.0,0.0,0.5555555555555556,1,0.5324675324675325,0.26734104046242774,0.240981240981241,0.6831243634223938,0.7312416434288025,0.6533308974493851,0.6160706608066906,0.6394277413712348,0.6390549188114225,0.6369710546096833
183,1.0,2.0,1.0,1.0,1,0.4266994266994266,0.21885245901639347,0.18673218673218672,0.6102967262268066,0.715082585811615,0.415421814603982,0.5787843837434656,0.7059436377166148,0.2541370751511021,0.48857172780379116
184,1.0,1.0,0.0,1.0,1,0.607936507936508,0.28457869634340216,0.2841269841269841,0.6555299758911133,0.7450517416000366,0.29369930047859355,0.7537486078540664,0.8085135458418059,0.24560749731358344,0.5253922378720123
185,1.0,2.0,1.0,0.7777777777777778,1,0.6266094420600857,0.30802292263610315,0.3204577968526466,0.6913212537765503,0.6663439273834229,0.9105289858122353,0.7501988144195463,0.7470462470381478,0.8629999504831145,0.817693499438261
186,7.0,1.0,0.0,1.0,3,0.5677867902665122,0.25638051044083526,0.2340672074159907,0.6389808058738708,0.6776694059371948,0.5242616434269508,0.6750277661456989,0.830361278387213,0.5290566989622525,0.6396768467305287
187,2.0,1.0,1.0,0.75,2,0.4299969761112791,0.2281391830559758,0.19171454490474749,0.6300226449966431,0.8323862552642822,0.9067335606168172,0.49789723647429285,0.8402263054313522,0.8623959510472592,0.7768132633924303
188,2.0,1.0,1.0,0.5555555555555556,2,0.28824397442203636,0.16445100935499754,0.15051647811116575,0.6287859678268433,0.6756398677825928,0.2854383980367424,0.641636356602255,0.7116700376775243,0.27283546717811985,0.4778950648736604
189,9.0,2.0,1.0,1.0,3,0.6201209455744914,0.29609246009906437,0.2726772952171523,0.6435538530349731,0.6317451000213623,0.8345542350305157,0.5522553204961069,0.7463511068293235,0.8280482823669421,0.7403022361807221
190,9.0,2.0,1.0,1.0,2,0.6328320802005013,0.2609786700125471,0.2280701754385965,0.6545249819755554,0.7484878301620483,0.8265507521009778,0.6457450771732685,0.7135746317488096,0.8337860045584818,0.7549141163953844
191,3.0,1.0,1.0,0.5555555555555556,2,0.5417891642167156,0.23287095418242962,0.21083578328433433,0.6442432999610901,0.869469940662384,0.7954837433925331,0.5727271920236207,0.8212520175817759,0.8395506362978685,0.7572533973239496
192,1.0,1.0,1.0,1.0,2,0.6828675577156743,0.34549878345498786,0.2490886998784933,0.6681256294250488,0.6777046322822571,0.697501098453796,0.5009691094855286,0.7037749299764954,0.71410674473547,0.6540879706628225
193,1.0,1.0,1.0,1.0,2,0.585,0.26908635794743424,0.215,0.6833531260490417,0.6638659834861755,0.8980004065802825,0.4409441524021586,0.7280658000314425,0.8704494866798976,0.7343649614234453
194,12.0,2.0,1.0,1.0,3,0.5919778699861687,0.257617728531856,0.23236514522821577,0.6562876105308533,0.582122802734375,0.826327270637849,0.6409976401441573,0.6303907793172524,0.6450854898774363,0.6857002949941737
195,12.0,2.0,1.0,1.0,2,0.6306818181818181,0.25483503981797495,0.2318181818181818,0.6115129590034485,0.7138582468032837,0.809679732908347,0.5925657121212998,0.7985447308649504,0.8508872535949544,0.7629193573723879
196,8.0,2.0,0.0,0.7777777777777778,1,0.5635933806146572,0.2479886417415996,0.2222222222222222,0.6277305483818054,0.6166969537734985,0.8982094739848939,0.5406758001665166,0.6718249756594282,0.8683020239236233,0.7447530684336156
197,4.0,2.0,1.0,1.0,2,0.6058201058201057,0.25430463576158946,0.25529100529100535,0.6508285999298096,0.6848050951957703,0.7926954352311519,0.6549580455913809,0.8190260825292337,0.8150188050971764,0.7704245921122357
198,1.0,1.0,1.0,0.6666666666666666,2,0.586132952108649,0.24194702934860415,0.2673338098641887,0.6517983078956604,0.7992071509361267,0.8623386715998268,0.7167750245356249,0.7428754102774481,0.7893042610875389,0.7778233418751097
199,3.0,1.0,1.0,1.0,2,0.6078083407275954,0.31527531083481347,0.28127772848269744,0.6776547431945801,0.7752403616905212,0.9243726661579045,0.6501099230471085,0.7625604430206592,0.9130347276857415,0.8125194399778535
200,8.0,2.0,1.0,0.7777777777777778,3,0.5495867768595042,0.23448275862068965,0.2327823691460055,0.6615146398544312,0.734991192817688,0.8877024807622167,0.6898332144309621,0.8624827777901404,0.6322465306841606,0.7680662509168699
201,2.0,2.0,1.0,0.5555555555555556,1,0.5628997867803838,0.2825437473324797,0.19786780383795308,0.6193400621414185,0.6835594773292542,0.9157653741860249,0.5757796089030794,0.7468531458236671,0.8726207325081144,0.7777547153552214
202,2.0,2.0,0.0,0.5555555555555556,1,0.4658595641646489,0.22976248182258843,0.1956416464891041,0.630538284778595,0.777973473072052,0.5526136753915741,0.6000072002025534,0.5611843129195788,0.42430899992298976,0.5345285471091741
203,9.0,1.0,1.0,0.5555555555555556,2,0.5484293193717277,0.25557011795543905,0.2670157068062827,0.6399853229522705,0.5951020121574402,0.896577344503112,0.5842049338823424,0.7795198682277623,0.8779750999345567,0.7845693116369433
204,8.0,1.0,1.0,0.7777777777777778,3,0.5318450426789233,0.18408941485864563,0.20879842416283653,0.644650399684906,0.6410707831382751,0.6600344637876907,0.6138963778137948,0.6423344346073682,0.4915032848815221,0.601942140272594
205,6.0,1.0,0.0,0.6666666666666666,3,0.5988764044943821,0.25646794150731156,0.2202247191011236,0.6549737453460693,0.7710344791412354,0.8921336861380778,0.6615049775142058,0.8048705865544453,0.8795152535230115,0.8095061259324351
206,1.0,2.0,0.0,0.5555555555555556,2,0.5826036193812026,0.26767971946230273,0.23934617629889085,0.6618437767028809,0.5333488583564758,0.6778083111505595,0.5239008437887408,0.7409057691137158,0.7448277605019198,0.6718606711387339
207,2.0,1.0,0.0,1.0,1,0.5485625485625485,0.2599221789883268,0.2843822843822844,0.6824779510498047,0.693668007850647,0.45878449973436813,0.5992694827766011,0.7501695951461437,0.5161650108389416,0.5810971471240136
208,8.0,1.0,0.0,0.5555555555555556,2,0.6282947821409359,0.2735595045772752,0.23130715438407748,0.6289011240005493,0.7338807582855225,0.9170250813686714,0.6445822448599208,0.6944474276388655,0.8880734464447047,0.7860320500780406
209,9.0,2.0,1.0,0.5555555555555556,2,0.5890570430733411,0.3146853146853147,0.28870779976717115,0.7158688306808472,0.6726901531219482,0.8634599482965021,0.6966636899665738,0.6200946531339779,0.8288652561922752,0.7522708868973323
210,1.0,1.0,1.0,0.5555555555555556,2,0.6000000000000001,0.2724458204334365,0.2175257731958763,0.6558544039726257,0.7197607159614563,0.28460662183515234,0.5349576382410904,0.7817309496053898,0.352905958016605,0.48855029192455934
211,3.0,2.0,0.0,0.7777777777777778,2,0.5236875800256082,0.26666666666666666,0.2919334186939821,0.6574187874794006,0.7297384738922119,0.3459544690551422,0.5882006921710816,0.8013113116254738,0.1836700086186592,0.47978412036758916
212,8.0,1.0,1.0,1.0,1,0.4919043947571319,0.23938223938223938,0.27602158828064766,0.6730395555496216,0.5911392569541931,0.7559689532044249,0.6341776094922825,0.6200514922395867,0.623637206888727,0.6584588154562553
213,1.0,2.0,1.0,0.8888888888888888,1,0.6000000000000001,0.29925452609158676,0.2638297872340426,0.6288015842437744,0.7462730407714844,0.8343425373121651,0.6501494061011552,0.8031659620900843,0.8317859781245935,0.7798609709069995
214,2.0,2.0,1.0,0.8888888888888888,3,0.5132890365448505,0.23128119800332778,0.19435215946843853,0.6450610756874084,0.6915419101715088,0.7912502692667754,0.6279029176766975,0.7101172020560915,0.7513940085523818,0.7201660993879865
215,9.0,2.0,1.0,1.0,2,0.6243781094527363,0.2889165628891656,0.24626865671641796,0.6522986888885498,0.6739572286605835,0.07839993915505411,0.6447415763935676,0.7856947827408116,0.08984196917990862,0.39966956686733546
216,1.0,1.0,0.0,0.5555555555555556,1,0.36033857315598544,0.19249394673123488,0.15840386940749698,0.6608151197433472,0.7987829446792603,0.2671266539656805,0.5957944348457851,0.738758959615589,0.3413060284425614,0.48574651921740397
217,8.0,2.0,0.0,1.0,2,0.5531295487627366,0.24635568513119532,0.22416302765647744,0.6527113914489746,0.7527679800987244,0.9028649921594788,0.5946077985808992,0.6890126774032878,0.8762719089885854,0.7656893442830628
218,1.0,1.0,0.0,0.8888888888888888,1,0.6031746031746031,0.27545615067686874,0.23985890652557318,0.6346545815467834,0.7695285677909851,0.08420906387433662,0.6204347096377607,0.8819664736220049,0.13233460273875725,0.42973621246821486
219,1.0,2.0,1.0,1.0,1,0.5088852988691438,0.16828478964401297,0.21970920840064623,0.6581388711929321,0.6864854097366333,0.7854828600830955,0.698250906096951,0.5882169734405144,0.7458587470215261,0.7044523716605218
220,3.0,2.0,1.0,1.0,1,0.6256607400288323,0.3001443001443002,0.245074483421432,0.6699449419975281,0.5833073258399963,0.8986558785299127,0.554343893097929,0.7893353232157481,0.8681752996777237,0.7776275986303283
221,7.0,1.0,1.0,1.0,2,0.5446428571428572,0.3559928443649374,0.3678571428571428,0.6754944920539856,0.7511624097824097,0.9453546763311805,0.7375371042237581,0.7151765283017448,0.9036777400510525,0.825436512226934
222,8.0,2.0,1.0,1.0,0,0.6510480887792849,0.3658838071693448,0.34771886559802717,0.6996210813522339,0.7623141407966614,0.14667135322638658,0.8506491980988912,0.7030671878956847,0.28207999804494654,0.49561693431647724
223,4.0,2.0,1.0,0.8888888888888888,1,0.6100433973961562,0.29671011793916824,0.23558586484810912,0.6225473284721375,0.7519012689590454,0.7880408106767913,0.5410036529762599,0.6398774043863276,0.7803606926017271,0.6873206401602765
224,8.0,1.0,1.0,1.0,2,0.6018468223791419,0.24796084828711257,0.2303096143400326,0.6594696044921875,0.660847544670105,0.7346181934011197,0.6663750269262046,0.7488895174314794,0.7646590668079093,0.7286354511416783
225,2.0,1.0,1.0,0.5555555555555556,2,0.5654008438818565,0.22253521126760564,0.24472573839662445,0.6472119688987732,0.6640380620956421,0.13577086286590398,0.6443343032905401,0.6713371474805069,0.07104447594124405,0.38062169739454876
226,12.0,2.0,0.0,0.6666666666666666,1,0.5311171240819481,0.318762088974855,0.2620796289137997,0.5939868688583374,0.6544026136398315,0.9039221862827316,0.6126269342823214,0.7818601133173063,0.8725430671386571,0.7927380752552541
227,2.0,2.0,1.0,0.5555555555555556,1,0.6225523295070898,0.2907369844489521,0.2322754895340986,0.648818850517273,0.7654485106468201,0.15000824419998365,0.6614051072240904,0.8390559970897613,0.1624669849455554,0.45323408336484766
228,8.0,1.0,1.0,1.0,2,0.4649595687331537,0.25371120107962214,0.24393530997304583,0.6362158060073853,0.6329070329666138,0.5571123112748484,0.6688814265477918,0.5572922614744484,0.5009095659383076,0.5710488913088491
229,9.0,2.0,1.0,1.0,1,0.5934195064629848,0.24117647058823527,0.2514688601645123,0.6414371728897095,0.6927593946456909,0.4649029097524596,0.6479731928219618,0.7903111555665713,0.5201364841064038,0.6058309355618491
230,2.0,2.0,1.0,0.7777777777777778,1,0.5986959098992294,0.26706231454005935,0.27148784825133376,0.6338285803794861,0.6688233017921448,0.8660617261206878,0.5682388395873124,0.7734212639784773,0.8550426713059003,0.7656911252480945
231,4.0,2.0,1.0,0.5555555555555556,1,0.3899280575539568,0.2548596112311015,0.20791366906474823,0.650356113910675,0.7503560781478882,0.5754929209758819,0.5734811885028968,0.6326250919551472,0.5217704231810465,0.575842406153743
232,1.0,1.0,1.0,1.0,2,0.5651857246904589,0.2815463165572575,0.29715950473415875,0.6696476340293884,0.780011773109436,0.6813255208647658,0.7382242587984761,0.7120074789927302,0.6700955868038878,0.700413211364965
233,8.0,1.0,1.0,1.0,3,0.6044303797468354,0.25343189017951423,0.21413502109704638,0.608552098274231,0.7458899021148682,0.7418815399006453,0.6955470383506291,0.7158068582918825,0.7027215364502633,0.7139892432483551
234,10.0,1.0,0.0,0.7777777777777778,4,0.5096085409252669,0.23521026372059872,0.18505338078291816,0.624759316444397,0.7734341621398926,0.7515134529490445,0.6401967705260302,0.6923466733953618,0.5583382038395593,0.660598775177499
235,7.0,2.0,1.0,1.0,0,0.5015142337976983,0.2692540933899333,0.2325863113264688,0.6488677263259888,0.6786671876907349,0.5875654139127993,0.6113747754636725,0.7848530349321351,0.5461188259203245,0.6324780125572328
236,3.0,2.0,1.0,1.0,1,0.48515349773527944,0.24886649874055417,0.24760946149974836,0.6335042119026184,0.7435234785079956,0.9059948083787934,0.6634019649286652,0.7169275720936076,0.8966919336295782,0.7957540697576612
237,9.0,2.0,1.0,0.8888888888888888,1,0.5803389830508474,0.21045485403937542,0.2264406779661017,0.6636650562286377,0.7635670900344849,0.8239773273710244,0.66866141412347,0.7920049702291198,0.8266966854406195,0.7778350992910584
238,1.0,2.0,1.0,0.6666666666666666,1,0.6598523566155594,0.35702103467879476,0.3225440090857467,0.6422227025032043,0.7142983675003052,0.8467077433810827,0.5953937367117083,0.7432499266952612,0.8447748679602847,0.7575315686870842
239,8.0,1.0,1.0,0.6666666666666666,1,0.5292397660818713,0.26939970717423134,0.26315789473684215,0.6559352874755859,0.7741981148719788,0.6723300813179678,0.792241076392575,0.9062180764763165,0.47220946079716547,0.7107496737460062
240,8.0,1.0,1.0,0.7777777777777778,3,0.5546300832925036,0.30995586071603726,0.2586967172954434,0.6596202254295349,0.770327091217041,0.21947986573705894,0.6294367474681078,0.7905707285342832,0.3236044268664257,0.49077294215146894
241,2.0,2.0,0.0,0.5555555555555556,3,0.5435984687367078,0.2750106428267348,0.25946405784772436,0.6690840125083923,0.6753917932510376,0.912114734609339,0.6156614182447846,0.740717063458112,0.8978388124891626,0.7915830072003496
242,8.0,2.0,1.0,1.0,3,0.6266416510318948,0.3533834586466166,0.2870544090056285,0.7156704068183899,0.6374958157539368,0.8855746163973682,0.5421169111991132,0.707562806667213,0.7786084450379473,0.7284656948254105
243,8.0,2.0,1.0,1.0,3,0.6434349719975109,0.3003115264797508,0.24268823895457373,0.6747015118598938,0.6205517053604126,0.8394384370064361,0.4915669018396829,0.5794914371558434,0.7979525925094542,0.6771123421278542
244,8.0,1.0,0.0,0.5555555555555556,2,0.5529131985731273,0.2273809523809524,0.2532699167657551,0.6574965715408325,0.6236803531646729,0.8377341758423881,0.5741809318186732,0.7506560873328179,0.7309434451476196,0.7233786600353748
245,3.0,1.0,1.0,0.5555555555555556,3,0.6413586413586414,0.35,0.2747252747252747,0.6764205694198608,0.8241443037986755,0.9064963742320019,0.6063473093188292,0.6429564152887807,0.8946225305962415,0.7626056573589634
246,1.0,1.0,0.0,1.0,2,0.6007326007326008,0.26772616136919314,0.23809523809523808,0.6681457757949829,0.6842800378799438,0.8751572456188338,0.5728269192579112,0.6986529503568135,0.856153198406098,0.7506975784099142
247,9.0,2.0,1.0,0.6666666666666666,3,0.5158968206358728,0.23183183183183184,0.22795440911817638,0.6181980967521667,0.6655274629592896,0.707595005971867,0.5903862419108333,0.6705827958351741,0.6753909038413028,0.6609887368897943
248,1.0,1.0,0.0,1.0,1,0.5685019206145966,0.3106546854942233,0.379001280409731,0.6694374084472656,0.6710365414619446,0.16561869361887493,0.722762555821509,0.6073829178824136,0.2078905692119461,0.4259136841336859
249,3.0,2.0,0.0,0.5555555555555556,2,0.5318107667210441,0.3028571428571428,0.26182707993474713,0.6793770790100098,0.6509572863578796,0.7791888710541671,0.5532196659120424,0.6785213897404186,0.7892877434698753,0.7000544175441259
250,1.0,2.0,1.0,0.5555555555555556,1,0.5905150433452321,0.29606942317508933,0.23661397246302907,0.6151503920555115,0.6374654173851013,0.12726868057744,0.56819770873939,0.6201147712392837,0.12256694697324853,0.3595370268823405
251,2.0,2.0,1.0,0.6666666666666666,3,0.5780201342281879,0.3224181360201511,0.25922818791946306,0.6598395109176636,0.7647616267204285,0.8870705329805125,0.6043771381070822,0.7311618291804266,0.870907199531981,0.7733791749500006
252,13.0,2.0,0.0,0.6666666666666666,1,0.5716903344021989,0.25767996331957815,0.21530004580852038,0.6389020085334778,0.7257154583930969,0.9184369475877657,0.6328535605083766,0.7594526209871563,0.6879590572307727,0.7496755465785179
253,9.0,1.0,0.0,1.0,3,0.4696774193548387,0.1914618369987063,0.2064516129032258,0.6444014310836792,0.6352701783180237,0.5654776440676138,0.7075205263923687,0.7220736116780724,0.7839049671637277,0.6947441873254456
254,8.0,2.0,0.0,0.75,2,0.6430578976953344,0.3320202588632527,0.266441821247892,0.660599946975708,0.7639544010162354,0.8836516251565816,0.5279299911783837,0.6226687387505155,0.8496513442848415,0.7209754248425806
255,1.0,1.0,0.0,1.0,1,0.5387045813586099,0.254746835443038,0.22906793048973143,0.643467903137207,0.5784212350845337,0.15733894831633435,0.5437248509158459,0.639854346106503,0.253523941643282,0.3986105217454913
256,1.0,2.0,1.0,0.875,1,0.49310222851078883,0.23292035398230088,0.17403608065086665,0.6032952666282654,0.7268999218940735,0.8685169919622341,0.5682731310519916,0.7892225742314775,0.8557270267572333,0.7704349310007341
257,2.0,1.0,0.0,1.0,1,0.6392757660167131,0.35146443514644354,0.3008356545961003,0.6841970682144165,0.5861256122589111,0.9127209753015258,0.5257101232292735,0.612469054939968,0.8574963368549385,0.7270991225814264
258,9.0,2.0,0.0,0.6666666666666666,2,0.5705003248862898,0.23292127521145087,0.22612085769980506,0.6144234538078308,0.6863382458686829,0.8571338993716596,0.5851918944172769,0.6275585574628438,0.860111119407788,0.7324988676648921
259,2.0,1.0,1.0,1.0,1,0.641487507263219,0.27574171029668404,0.22777454968041838,0.5790097713470459,0.8063230514526367,0.9097827344975264,0.6466242686400601,0.736259470609712,0.8970683762080274,0.7974337124888314
260,8.0,2.0,0.0,0.75,1,0.5533453887884268,0.2542986425339367,0.25678119349005424,0.6861392855644226,0.7326251268386841,0.8979997241631892,0.6089834932058464,0.7863298285862695,0.887918194284915,0.795307810060055
261,9.0,1.0,0.0,0.75,2,0.6310626702997276,0.31751227495908346,0.2779291553133515,0.6476778388023376,0.6734427213668823,0.19617083908355584,0.7144699211341174,0.6864347928303467,0.22886114277377143,0.4564841739554479
262,8.0,1.0,1.0,0.6666666666666666,2,0.493573264781491,0.2866952789699571,0.23821765209940018,0.6501560807228088,0.7061457633972168,0.8165209837805159,0.6115739299001386,0.6441443779980618,0.26656519247755045,0.5847011210390667
263,7.0,1.0,1.0,0.75,2,0.47481021394064865,0.2750518313752592,0.27329192546583847,0.6730676293373108,0.7769128084182739,0.8695204125478845,0.7107871090229041,0.8193208777425494,0.766855993567171,0.7916210982201273
264,2.0,2.0,0.0,1.0,1,0.6449826989619377,0.3686763686763687,0.30311418685121105,0.6967609524726868,0.6433793306350708,0.8174253415079877,0.6262222940024491,0.7485003864338441,0.8199357513546639,0.7530209433247362
265,8.0,2.0,1.0,0.75,3,0.5354838709677419,0.2546125461254613,0.2377880184331797,0.6240662336349487,0.7179980278015137,0.8777221441781234,0.679490482040754,0.5983951878370305,0.8356931795409953,0.7478252483992258
266,2.0,2.0,0.0,0.5714285714285714,1,0.5842482100238664,0.25322503583373146,0.2252983293556086,0.6268697381019592,0.7999476790428162,0.9073600555434785,0.5639202606751721,0.7718284152618995,0.8809870289232599,0.7810239401009526
267,1.0,2.0,1.0,0.875,1,0.5246338215712383,0.28698356286095067,0.24056813138038172,0.6162945628166199,0.6741142272949219,0.7772990879680592,0.6201652044455677,0.7466238018604714,0.7785945306171945,0.7306706562228232
268,8.0,1.0,1.0,0.75,2,0.6248366013071895,0.32591623036649214,0.29411764705882354,0.6488212943077087,0.7053986191749573,0.9053937974607841,0.5874890208231988,0.6380062153688482,0.8456430765475659,0.7441330275500992
269,10.0,2.0,0.0,0.75,3,0.556923076923077,0.26964560862865944,0.3230769230769231,0.6623905301094055,0.7545628547668457,0.4481501476952229,0.5514478998748855,0.756864741358774,0.35620691288156775,0.5281674254526125
270,2.0,2.0,1.0,0.875,1,0.6440677966101694,0.30656108597285064,0.23502824858757063,0.656015157699585,0.6547358632087708,0.9195110625569953,0.6293302735971836,0.7150808583512891,0.8944004880932207,0.7895806706496722
271,8.0,1.0,1.0,1.0,3,0.5679558011049723,0.3606194690265487,0.28729281767955805,0.6705139875411987,0.7367686629295349,0.05636741923996014,0.5590640986019395,0.7846878607451926,0.04967080961744023,0.36244754705113313
272,2.0,2.0,0.0,1.0,1,0.6459701492537313,0.3227734608487747,0.2650746268656716,0.6192469000816345,0.7000665068626404,0.8820042411374598,0.5467011338730492,0.7098683589802618,0.8692143120448204,0.7519470115088978
273,3.0,2.0,1.0,0.75,1,0.4995678478824546,0.2510822510822511,0.2834917891097666,0.642225444316864,0.8361750841140747,0.6883927048563192,0.6843991463009678,0.83040143509876,0.47264346447123157,0.6689591876818196
274,10.0,2.0,0.0,1.0,3,0.6235827664399093,0.3030646992054484,0.28571428571428575,0.6125596165657043,0.6326152086257935,0.8982626848994704,0.5183502700155351,0.5848643966249614,0.8679090472740687,0.7173465997035089
275,1.0,2.0,1.0,0.8888888888888888,1,0.6489164086687307,0.30254184748915064,0.2551083591331269,0.672525942325592,0.7220996618270874,0.817931878513496,0.525491332054836,0.6664448376575504,0.8494064951483659,0.7148186358435621
276,8.0,1.0,1.0,0.875,2,0.6287927695287283,0.2779573367808662,0.26468689477081986,0.6534214615821838,0.5775264501571655,0.5278688398538356,0.5697325259471453,0.7330178422397569,0.5589675396142272,0.5973966869137413
277,1.0,1.0,1.0,0.8888888888888888,2,0.6440049443757725,0.34529702970297027,0.28924598269468477,0.639165461063385,0.6567237973213196,0.3832095476091488,0.6536089671593855,0.6455123327554063,0.40151255258425617,0.5209608500270492
278,8.0,1.0,1.0,1.0,1,0.5818181818181819,0.27450980392156865,0.2713286713286713,0.6549447178840637,0.5959492325782776,0.30023332855396884,0.6390087644565002,0.6600520623283864,0.3127295012099445,0.4780059141372
279,6.0,2.0,1.0,1.0,3,0.588963963963964,0.25591882750845546,0.22747747747747746,0.6463059186935425,0.8252655267715454,0.8869691292450851,0.7144506633860922,0.8120385636743204,0.8688746426318088,0.8205832497343266
280,3.0,1.0,0.0,0.75,1,0.44579358196010405,0.18245004344048654,0.21335646140503034,0.6371662020683289,0.6684008240699768,0.4986857236489216,0.6531491321513672,0.6425718794340655,0.32966048877904425,0.5310168060033497
281,1.0,2.0,1.0,0.625,1,0.501980198019802,0.267591674925669,0.21089108910891088,0.6623598337173462,0.6580567955970764,0.7390782272175777,0.6337419520486438,0.7040052435825576,0.7199886750391903,0.6992035244719923
282,1.0,1.0,0.0,0.625,1,0.5881635143380111,0.21991447770311548,0.21842586943258085,0.6331675052642822,0.7343904376029968,0.9009056207012573,0.7301329975993606,0.7522150689305076,0.8923978447142307,0.818912882986339
283,1.0,2.0,1.0,0.625,1,0.6143856143856145,0.316,0.2827172827172827,0.63407301902771,0.7210740447044373,0.7157268507519071,0.6547846916399821,0.8171282935799377,0.7335181072827774,0.730289485813651
284,1.0,2.0,1.0,1.0,1,0.13233923578751164,0.06902985074626866,0.08201304753028892,0.5638265609741211,0.6301328539848328,0.8868895510940338,0.800820749850731,0.8172810924823781,0.7377089321200836,0.8106750813868067
285,2.0,1.0,0.0,1.0,1,0.598145285935085,0.2585139318885448,0.25502318392581147,0.6580486297607422,0.8042205572128296,0.23551097235784918,0.6367187059489564,0.7830599495478736,0.19992501650881067,0.46380366109087245
286,9.0,1.0,0.0,1.0,2,0.4150943396226414,0.2297808012093727,0.24452830188679245,0.6367619633674622,0.7536618709564209,0.8897184370778854,0.6996034636202616,0.7078516893633164,0.7582712662738135,0.7638612140838192
287,1.0,2.0,1.0,1.0,1,0.654945054945055,0.31683168316831684,0.2714285714285714,0.6255143880844116,0.6977083683013916,0.7138692176326698,0.6467166035168385,0.7526085677020757,0.6968665850191682,0.702515243467688
288,8.0,2.0,1.0,0.8888888888888888,3,0.6666666666666666,0.31957547169811323,0.303886925795053,0.6632972359657288,0.6877482533454895,0.9074476545523064,0.5404558324618977,0.8128152102329196,0.9010982354556515,0.7904542331756939
289,1.0,2.0,1.0,0.6666666666666666,1,0.6228513650151668,0.2925101214574899,0.21435793731041453,0.6583701372146606,0.719840407371521,0.8769772311116749,0.3897325798542815,0.8107078479440383,0.8431300429858047,0.7301369254739498
290,1.0,1.0,0.0,1.0,1,0.6505598114319388,0.31976401179941005,0.30524454920447847,0.6519429087638855,0.7110010385513306,0.8788502765885639,0.633661766807322,0.6148117805592398,0.8509290881796954,0.7445632280337052
291,2.0,2.0,0.0,1.0,4,0.6431054461181924,0.30162412993039445,0.28157589803012745,0.6513705253601074,0.7333051562309265,0.8648814431476519,0.3819866376760238,0.8105145005244283,0.853932404784267,0.7278287465330928
292,1.0,2.0,1.0,1.0,1,0.6373959121877366,0.3078089461713419,0.27252081756245267,0.6661213040351868,0.6070606708526611,0.15482037198059917,0.5901927585430322,0.709699105041843,0.1655277690277888,0.4050600011483158
293,8.0,1.0,1.0,1.0,2,0.6150870406189556,0.2853453841187863,0.2540296582849774,0.650283932685852,0.6374701857566833,0.8494202149360784,0.5731815821389792,0.6904466873964078,0.8317193492509164,0.7361919584305955
294,1.0,1.0,0.0,0.625,1,0.6085164835164836,0.32599724896836313,0.271978021978022,0.695712685585022,0.7550087571144104,0.8144226042058572,0.6314581224658122,0.6892691497738872,0.7946254245453829,0.7324438252477348
295,8.0,1.0,0.0,0.7142857142857143,2,0.5895249695493301,0.2560975609756098,0.22898903775883067,0.670103907585144,0.6827659010887146,0.926059680595921,0.49987314407723105,0.7275953667542386,0.9084740760955615,0.765500566880738
296,1.0,2.0,0.0,0.75,2,0.5036572622779519,0.19351464435146443,0.1818181818181818,0.6176419854164124,0.7084531188011169,0.8494744236121055,0.5408569401091285,0.6879206885678381,0.8143973124495414,0.7231623411846534
297,8.0,1.0,1.0,0.5714285714285714,1,0.33968657348581105,0.17465027554048326,0.18297331639135958,0.6542358994483948,0.6173458099365234,0.8313217152028668,0.827217620580299,0.8881484098139081,0.7185512129964461,0.81630973964838
298,2.0,1.0,1.0,1.0,1,0.20165537998495106,0.10851544837980408,0.13995485327313767,0.6124135851860046,0.7294653654098511,0.9359534654165999,0.8281160053170094,0.6242183065777765,0.81504677324679,0.8008336376395438
299,9.0,2.0,1.0,1.0,1,0.5712260807937634,0.3094393186657204,0.2282069454287739,0.6559102535247803,0.5000373721122742,0.6888978376806401,0.5474322190281125,0.6629246962486729,0.6397736841143729,0.6347571092679496
300,2.0,1.0,1.0,1.0,2,0.6207317073170733,0.2844932844932844,0.25121951219512195,0.6550854444503784,0.6818488240242004,0.8042205896020479,0.5564938379373511,0.5786421791384277,0.7849850882648951,0.6810854237356805
301,8.0,2.0,0.0,1.0,2,0.6002239641657334,0.30829596412556054,0.2586786114221724,0.6456786394119263,0.6654055118560791,0.7968435354427233,0.6597568868029666,0.635001909457973,0.8116486223998297,0.7258127385258731
302,9.0,1.0,1.0,0.75,2,0.6545226130653267,0.3358490566037735,0.2449748743718593,0.6531194448471069,0.746902346611023,0.7954213267860307,0.43503002202403646,0.6783876192580459,0.8199003888591699,0.6821848392318207
303,8.0,1.0,1.0,1.0,1,0.4484777517564402,0.25674091441969515,0.2377049180327869,0.6405615210533142,0.7133415341377258,0.04753985378536706,0.5442675367397145,0.7331392207109104,0.040119506776457585,0.34126652950311237
304,1.0,1.0,0.0,0.875,1,0.5079051383399209,0.23960396039603957,0.2312252964426878,0.6519439220428467,0.7307297587394714,0.15860265658192474,0.6350957155583262,0.7706713418927477,0.3810264067734065,0.48634903020160125
305,7.0,2.0,0.0,0.75,2,0.5213270142180094,0.2076963626779125,0.1885202738283307,0.6245481371879578,0.7364609837532043,0.5446582986653458,0.5738881715613454,0.8480045929637298,0.41692808130565995,0.5958697861240202
306,8.0,1.0,0.0,1.0,3,0.581081081081081,0.3050430504305043,0.3022113022113022,0.6015438437461853,0.7224225401878357,0.8063730710398721,0.6174484596239974,0.6840369463955766,0.7689321728596398,0.7191976624797715
307,1.0,1.0,1.0,1.0,3,0.5207253886010362,0.26718547341115434,0.21502590673575128,0.6856130957603455,0.6613485813140869,0.4570933068993841,0.6596920487685809,0.866113545405962,0.2023913031686728,0.54632255106065
308,8.0,1.0,1.0,1.0,1,0.6164978292329956,0.3235152100434573,0.23733719247467439,0.6315456628799438,0.7858809232711792,0.8396055886245037,0.5786921861490685,0.6910886083320863,0.8030713336520036,0.7281144291894155
309,1.0,1.0,1.0,0.625,2,0.6108140225787284,0.25580011897679955,0.24361259655377301,0.6486685276031494,0.6939375400543213,0.8612873153524913,0.5919109441285916,0.7609913641094442,0.857431440126158,0.7679052659291712
310,1.0,1.0,0.0,0.75,1,0.6246819338422391,0.32356687898089176,0.3066157760814249,0.6853383183479309,0.6741721034049988,0.7605623078053859,0.6386552077495832,0.7712378438920323,0.7997048112432441,0.7425400426725615
311,1.0,2.0,1.0,0.875,1,0.6027918781725888,0.23506988564167727,0.2055837563451777,0.628043532371521,0.7274547815322876,0.8366297871833147,0.5022342125719613,0.704427416732737,0.8237995495872726,0.7167727415188214
312,5.0,2.0,1.0,0.625,1,0.48111602585913577,0.2383384405856316,0.1810139503232392,0.6534061431884766,0.7518483996391296,0.8331844447218731,0.4925956265625908,0.6744075446452114,0.7979312706220931,0.6995297216379421
313,4.0,2.0,1.0,0.625,1,0.6645468998410176,0.35119363395225456,0.30736618971913093,0.6358190774917603,0.7825707793235779,0.9038760829809365,0.5695414630345745,0.8048930104970264,0.8856016685217469,0.7909780562585711
314,9.0,1.0,0.0,1.0,2,0.5413105413105413,0.24393723252496435,0.25071225071225073,0.6491472721099854,0.6148818731307983,0.8354770446330366,0.4888306915816272,0.7185262474622078,0.8286438236707153,0.7178694518368967
315,8.0,1.0,1.0,1.0,2,0.5484089370345294,0.27932203389830507,0.2870683818551117,0.6689186692237854,0.7262176871299744,0.7084626164732919,0.8286384544615786,0.7366759581639463,0.47438107119461975,0.6870395250733591
316,9.0,2.0,1.0,0.625,1,0.575098814229249,0.27200791295746785,0.22134387351778656,0.6310644745826721,0.7335408329963684,0.8430476204554357,0.5421937058256862,0.687686447363187,0.8562329552655419,0.7322901822274626
317,1.0,1.0,0.0,1.0,1,0.5966913861950942,0.27755568246716167,0.24073017683970335,0.6916730403900146,0.6507838368415833,0.8900702213093907,0.6028638331296448,0.6196153636439456,0.8617958497447011,0.7435863169569206
318,2.0,2.0,1.0,1.0,1,0.6264848218213814,0.404227212681638,0.29916410030796303,0.6751972436904907,0.8258032202720642,0.8879958055880838,0.6811564614814538,0.8057378139320979,0.8729966023431347,0.8119716708361925
319,4.0,1.0,1.0,0.8888888888888888,2,0.6062717770034844,0.3,0.2508710801393728,0.6267525553703308,0.7082983255386353,0.817482930623061,0.6086147531327907,0.5388632183305591,0.6797524037977244,0.6611783264710338
320,1.0,1.0,0.0,1.0,1,0.5080745341614906,0.2711442786069652,0.21987577639751552,0.638348400592804,0.769587516784668,0.7853930198385621,0.6053583190320314,0.7438015733839416,0.7293660980454637,0.7159797525749998
321,4.0,1.0,1.0,0.8888888888888888,2,0.5832349468713105,0.3581560283687943,0.3152302243211334,0.6638703942298889,0.7393783330917358,0.8608646790376026,0.6665229909797038,0.5722349295807736,0.8044394595372925,0.7260155147838431
322,1.0,2.0,1.0,0.75,1,0.5401629802095459,0.26951456310679617,0.22041133100504462,0.6096323132514954,0.7556626796722412,0.7994279561402244,0.618404864518669,0.7023935451617174,0.8034692557506201,0.7309239053928077
323,9.0,1.0,0.0,0.5555555555555556,3,0.5771592304543594,0.29496108152396555,0.283258288988948,0.6421843767166138,0.7259441018104553,0.6644739651790993,0.5178765401607237,0.6973025288651117,0.73706721487457,0.6541800622698761
324,2.0,2.0,0.0,1.0,2,0.18004338394793928,0.11432706222865413,0.10845986984815618,0.6466460227966309,0.7638491988182068,0.7380294509463821,0.6712706882074746,0.6601509238647554,0.7075272608224835,0.6942445809602739
325,2.0,1.0,1.0,1.0,2,0.6533957845433255,0.33294255568581477,0.29274004683840754,0.6655075550079346,0.8019489049911499,0.7945977901581417,0.625256985161008,0.7445870357948842,0.8600717553384627,0.7561283916131241
326,10.0,2.0,1.0,1.0,2,0.6200115673799884,0.31615518239722057,0.24522845575477156,0.7057173252105713,0.7031314373016357,0.8124251481011655,0.5798529822534677,0.664172786905379,0.7894300250436787,0.7114702355759227
327,8.0,1.0,1.0,0.75,3,0.4587597832630945,0.19047619047619047,0.19385912101143887,0.5890840888023376,0.6765307188034058,0.18977738879252176,0.6086128833912935,0.6877693924604787,0.18033265632257167,0.41662308024171646
328,1.0,1.0,0.0,0.5555555555555556,1,0.6012145748987855,0.2765957446808511,0.23987854251012147,0.6586202383041382,0.7424600720405579,0.7921202968232891,0.6140690249212445,0.6995777505068275,0.7998639566822674,0.7264077572334071
329,1.0,2.0,1.0,1.0,1,0.5433911882510014,0.2887700534759358,0.24299065420560748,0.6532542705535889,0.5337504744529724,0.5726920421965057,0.6384299189151614,0.7059757879894591,0.5542166398204018,0.617828597230382
330,2.0,2.0,1.0,1.0,1,0.6197701149425286,0.3534284399447768,0.30528735632183907,0.6436381936073303,0.7244784235954285,0.8837441869061051,0.6552584565204268,0.7216165922834344,0.8697173579624541,0.7825841484181051
331,2.0,2.0,1.0,1.0,1,0.6461055933089388,0.3223443223443223,0.25300575013068477,0.6657254099845886,0.666990339756012,0.9017664791822702,0.6772309898929937,0.726029467201105,0.8751454467882519,0.7950430957661552
332,3.0,2.0,1.0,1.0,1,0.6132075471698113,0.300944669365722,0.27897574123989216,0.690737783908844,0.7511584162712097,0.399505153803467,0.6369371118442653,0.6675337571096823,0.4684063656692106,0.5430955971066563
333,2.0,2.0,1.0,1.0,1,0.5641263940520447,0.2688372093023255,0.22955390334572492,0.6232626438140869,0.7357597947120667,0.7706763520221561,0.6926088587862578,0.797189259964902,0.7079748808504588,0.7421123379059437
334,9.0,1.0,1.0,1.0,2,0.5785288270377734,0.27761194029850744,0.27634194831013914,0.6497982144355774,0.7179176807403564,0.8942276004917089,0.6128693916388175,0.784378983815199,0.8939032497984455,0.7963448064360427
335,8.0,1.0,0.0,1.0,2,0.5964642582628747,0.24172440338722093,0.25518831667947733,0.6561933159828186,0.697381317615509,0.7123733528505568,0.6031278222612221,0.7340821156600129,0.6242177902125345,0.6684502702460815
336,8.0,1.0,1.0,1.0,1,0.5748148148148149,0.29821958456973297,0.2711111111111111,0.6839163899421692,0.7478229403495789,0.7910948049621511,0.6322696165922451,0.8217560573950194,0.8814578684465866,0.7816445868490005
337,10.0,2.0,1.0,1.0,2,0.6486137975499678,0.35377663008392507,0.25918762088974856,0.6573829054832458,0.547834038734436,0.9148797168597608,0.5375387424835362,0.6147081694731924,0.8985830890615736,0.7414274294695158
338,8.0,2.0,1.0,1.0,2,0.4924924924924925,0.3131886477462438,0.24290957624290957,0.636159360408783,0.7284640669822693,0.907732974201584,0.6007051712874116,0.8802026151347927,0.8983404595276633,0.8217453050378629
339,8.0,1.0,1.0,0.875,2,0.6493998736576122,0.3314358001265022,0.2918509159823121,0.636343240737915,0.7146700024604797,0.500874056264809,0.6039419025342984,0.7701041606307403,0.5521095094148211,0.6067574072111672
340,8.0,1.0,1.0,1.0,1,0.5077720207253886,0.2223869532987398,0.23538119911176905,0.6622308492660522,0.5352261066436768,0.5977833442148373,0.6650790256494781,0.6490516967745171,0.4046157066684723,0.5791324433268262
341,1.0,2.0,1.0,0.75,1,0.5952512424075096,0.31730237700386954,0.26725565985643296,0.6359736919403076,0.7875628471374512,0.6075301754197736,0.5695554275786215,0.8233952302147172,0.3987962934153416,0.5998192816571135
342,2.0,1.0,1.0,1.0,3,0.6694661067786443,0.33993993993993993,0.30113977204559084,0.6989551782608032,0.6676837205886841,0.8799536624434233,0.5726690968046043,0.6959107446976113,0.8722492012850013,0.75519567630766
343,8.0,2.0,1.0,1.0,2,0.6161403508771929,0.30077301475755447,0.25122807017543863,0.6797159910202026,0.6880930662155151,0.3655064490794761,0.6454250590941563,0.7080973871097498,0.5011633637761086,0.5550480647648727
344,9.0,2.0,1.0,1.0,0,0.5065123010130246,0.25652173913043474,0.25180897250361794,0.658185601234436,0.7190514802932739,0.049234511979419034,0.5881742849620804,0.7023971461948104,0.0376991231265523,0.3443762665657155
345,9.0,1.0,0.0,0.75,1,0.6216742375081116,0.3417803768680962,0.3140817650876055,0.7046251893043518,0.6704431176185608,0.066281606976869,0.6189775195129361,0.6177006790636923,0.061574749005854704,0.34113363863983803
346,1.0,2.0,1.0,0.75,1,0.6065472513897467,0.24860853432282,0.23965410747374924,0.636380672454834,0.7027817964553833,0.8882751688417243,0.5191957286408384,0.6647874362976754,0.8488287829677508,0.7302717791869973
347,2.0,2.0,1.0,1.0,1,0.5867276887871854,0.304168575355016,0.25263157894736843,0.6348928213119507,0.6713234782218933,0.9010843987568554,0.618320569600718,0.7684088278539539,0.8762446585962677,0.7910146137019487
348,3.0,2.0,0.0,1.0,2,0.4978337928318236,0.22467481277098938,0.18274911382434028,0.6186483502388,0.683624267578125,0.8376435187000933,0.5177749305612447,0.7534506156896945,0.7080324392770889,0.7042253760570303
349,9.0,1.0,1.0,0.875,1,0.5491891891891892,0.28354978354978355,0.2810810810810811,0.6502377390861511,0.6451234221458435,0.8454206750893138,0.6613013122422542,0.731360311033388,0.7088150496602788,0.7367243370063088
350,1.0,2.0,1.0,0.5555555555555556,1,0.6733935209771641,0.36363636363636365,0.2740308019118428,0.6542489528656006,0.6770970225334167,0.8798841498517552,0.5150436871498373,0.6746465370461767,0.8314724833568083,0.7252617143511444
351,9.0,1.0,1.0,1.0,2,0.44793484584060494,0.21665695981362842,0.21291448516579406,0.621418297290802,0.6456810235977173,0.7833235799673293,0.5774046391490573,0.7432523092780879,0.7832870691775132,0.7218168993929969
352,2.0,1.0,1.0,0.625,3,0.49182561307901906,0.2469304229195089,0.2615803814713896,0.6354228258132935,0.7941136360168457,0.14986470756575915,0.6900109897821989,0.7260008645920587,0.20078026882963088,0.4416642076924119
353,1.0,2.0,1.0,0.625,1,0.5810055865921788,0.2907981698017285,0.24276282376841035,0.6502819061279297,0.5782796144485474,0.8846627333605818,0.6666415951296367,0.7802313347870281,0.8788064972357565,0.8025855401282508
354,4.0,2.0,0.0,0.625,1,0.5955249569707401,0.29026701119724374,0.24526678141135974,0.6389506459236145,0.8061970472335815,0.899120343081755,0.6634770272224291,0.8254176945242039,0.8742877558468618,0.8155757051688124
355,13.0,1.0,0.0,0.75,3,0.3365876336587634,0.19171707771056307,0.18317061831706186,0.6751082539558411,0.760729968547821,0.8581708055557733,0.684849130480331,0.7662608922062736,0.8562566154138861,0.791384360914066
356,4.0,2.0,1.0,0.875,1,0.6546071226681741,0.33503112620260334,0.30864895421141886,0.6429054737091064,0.6830607056617737,0.8678942101294009,0.611303232531044,0.7940466201016998,0.8671647708856095,0.7851022084119386
357,3.0,2.0,1.0,1.0,1,0.5869565217391305,0.3325272067714631,0.3176328502415459,0.6321690082550049,0.804608166217804,0.12070860077427353,0.499533480712945,0.8042466322070418,0.17083347495844717,0.3988305471631769
358,1.0,2.0,1.0,0.625,1,0.318297009630005,0.20903094875697617,0.22098327420172326,0.6465844511985779,0.6827474236488342,0.4576213853731808,0.8114921241907902,0.7774250277238813,0.13227404612831112,0.5447031458540409
359,9.0,2.0,1.0,0.7777777777777778,1,0.6206896551724137,0.29919447640966634,0.28160919540229884,0.6902672052383423,0.6225953698158264,0.9087476699026718,0.5514000886808123,0.7601338751200818,0.8976703338289211,0.7794879918831218
360,1.0,1.0,0.0,1.0,1,0.6764872521246459,0.33919455473624505,0.2640226628895184,0.6655978560447693,0.6742165088653564,0.7818088820379229,0.5447582117270289,0.658618182070911,0.7493726085198162,0.6836394710889198
361,8.0,2.0,1.0,1.0,3,0.38852672750977835,0.21437908496732025,0.18252933507170793,0.6194294095039368,0.6482057571411133,0.7568829673739466,0.8239950504555253,0.8563803273931445,0.683840756254486,0.7802747753692757
362,8.0,2.0,1.0,1.0,2,0.5144144144144144,0.3146979260595131,0.2801801801801802,0.6523584723472595,0.5629576444625854,0.04138793875560693,0.5878004570638964,0.7158444751154323,0.06064750430813374,0.35142009381076733
363,8.0,2.0,1.0,0.875,2,0.593643031784841,0.2750856583455703,0.22200488997555012,0.7003868222236633,0.6931855082511902,0.8988252915793836,0.5810256401511864,0.7676820514205696,0.8772640044808688,0.7811992469080021
364,2.0,2.0,1.0,1.0,2,0.22690763052208837,0.12060301507537688,0.142570281124498,0.6423830389976501,0.6719334125518799,0.1778382257512609,0.5167826266503153,0.8365478651908864,0.2689588097389084,0.45003188183284276
365,1.0,1.0,1.0,1.0,1,0.5868347338935574,0.28751753155680226,0.25770308123249297,0.6509949564933777,0.6821677684783936,0.9109206168211015,0.6752789425055167,0.7035316734372512,0.8498514076354166,0.7848956600998215
366,8.0,1.0,0.0,0.75,3,0.48226950354609927,0.27079107505070993,0.2350557244174266,0.6905368566513062,0.6448169350624084,0.7988490844986944,0.7029142000283709,0.5929467180142283,0.8212096364913051,0.7289799097581496
367,8.0,2.0,0.0,1.0,2,0.6205714285714284,0.3169336384439359,0.2571428571428572,0.6019995808601379,0.6056922674179077,0.7013211571107042,0.5911650061148197,0.6599052718125823,0.8332090417513917,0.6964001191973745
368,9.0,1.0,1.0,1.0,2,0.5712589073634204,0.34363852556480384,0.28622327790973867,0.6986426711082458,0.4985329806804657,0.44758374079573665,0.5470827057484405,0.8151118076744225,0.4011824254348547,0.5527401699133636
369,9.0,1.0,1.0,1.0,3,0.6751592356687899,0.41836734693877553,0.3681528662420382,0.6826735138893127,0.7378457188606262,0.7764400394670535,0.6494284055662903,0.7105886022977141,0.7698224156558707,0.7265698657467322
370,3.0,2.0,1.0,0.7777777777777778,1,0.5366726296958855,0.2775290957923008,0.20304114490161,0.624602735042572,0.7199727296829224,0.8430864700128687,0.5948831978191045,0.696963258510398,0.8265256003815097,0.7403646316809701
371,1.0,1.0,0.0,0.75,1,0.5679463741620963,0.25381330079316655,0.2425350396099939,0.6081623435020447,0.7877758145332336,0.6989230388445418,0.6073115513589032,0.6076697185382488,0.5566009769136302,0.6176263214138311
372,9.0,1.0,1.0,1.0,3,0.6064769381746811,0.29469548133595286,0.239450441609421,0.6451178789138794,0.7292887568473816,0.9127341223931559,0.7043743820417572,0.7864278877583081,0.9050981249533219,0.8271586292866357
373,9.0,2.0,1.0,1.0,2,0.4942233632862645,0.2814910025706941,0.22593068035943517,0.6404673457145691,0.5990831851959229,0.24632706087308195,0.6537261251370762,0.746489558643154,0.325899069276529,0.4931104534824603
374,2.0,1.0,0.0,0.7777777777777778,1,0.4281742354031511,0.23376623376623373,0.2103799814643188,0.6442304849624634,0.7762165069580078,0.9199852260422172,0.6635229442592914,0.604901265850202,0.9041610219012799,0.7731426145132476
375,2.0,1.0,1.0,0.6666666666666666,2,0.4751085867023054,0.2086258776328987,0.1810892081523555,0.614996612071991,0.7252983450889587,0.8811104752498666,0.5664748510681256,0.7522218191206768,0.8540805435221159,0.7634719222401962
376,2.0,1.0,1.0,0.5555555555555556,2,0.48214916931778007,0.24973470109656878,0.20784729586426298,0.6033290028572083,0.7431114315986633,0.8883610539793566,0.49576861861677524,0.6604870658534148,0.8663609396022178,0.727744419512941
377,9.0,2.0,1.0,1.0,3,0.6395348837209303,0.3343915343915344,0.2167019027484144,0.6144325137138367,0.7147660255432129,0.9080768677044986,0.5143568351591782,0.5140503381477638,0.8609359466353191,0.6993549969116899
378,9.0,2.0,1.0,0.5555555555555556,1,0.5490830636461704,0.2818574514038877,0.24056094929881336,0.692022442817688,0.5607153177261353,0.9027217157978153,0.4256222218941546,0.7885636991573162,0.9022526440608521,0.7547900702275345
379,2.0,2.0,1.0,1.0,1,0.6188992731048806,0.26507276507276506,0.23364485981308408,0.6384597420692444,0.6319281458854675,0.8572158137042284,0.4628435536707861,0.7202910954922866,0.8381589894713201,0.7196273630846552
380,1.0,2.0,1.0,1.0,1,0.6157813305827746,0.3004646360351058,0.2444559051057246,0.6811451315879822,0.8066626787185669,0.8285111153361271,0.5892110262331813,0.6167999942945248,0.8301533164928778,0.7161688630891777
381,1.0,2.0,1.0,0.5555555555555556,1,0.5553047404063206,0.2711251694532309,0.24830699774266368,0.6601219177246094,0.742960512638092,0.8789627737776373,0.6439817530179316,0.7639277019986971,0.8636162408141999,0.7876221174021165
382,1.0,1.0,0.0,0.625,1,0.5948785292186474,0.3247863247863248,0.3086014445173999,0.6478034853935242,0.8598528504371643,0.21994968518295605,0.6864366967850006,0.8389683420082819,0.334389901483037,0.5199361563648189
383,9.0,1.0,1.0,1.0,2,0.5660759493670886,0.2676127724277749,0.21772151898734177,0.6310718655586243,0.6187212467193604,0.7885638457585944,0.5511730783232588,0.6181460192887401,0.7635448574785034,0.6803569502122742
384,1.0,2.0,1.0,0.6666666666666666,1,0.5765877957658779,0.2892768079800499,0.2540473225404732,0.6583722829818726,0.6799910664558411,0.7614632041757604,0.5422505130669218,0.5235621578265053,0.7442731218912171,0.6428872492401012
385,1.0,2.0,1.0,0.8888888888888888,1,0.3665454545454545,0.20538965768390385,0.21672727272727274,0.5909441709518433,0.7099223732948303,0.624521274336758,0.6504933957270762,0.4370749884042381,0.3109044844683808,0.5057485357341133
386,1.0,1.0,0.0,0.5555555555555556,1,0.5783132530120482,0.26030150753768844,0.21586345381526106,0.6534485220909119,0.7074032425880432,0.8052265554986987,0.5178244037875852,0.7328394730321913,0.7702564639624262,0.7065367240702254
387,8.0,2.0,0.0,1.0,2,0.47798268724124954,0.2395480225988701,0.22958223560406468,0.6045635342597961,0.6901735663414001,0.799849544962472,0.5822517412604793,0.6638419002089792,0.7378099624841685,0.6959382872290247
388,1.0,1.0,0.0,1.0,1,0.4359214218896165,0.17432052483598875,0.2020579981290926,0.6393930912017822,0.8378122448921204,0.5663375301063616,0.7210899373048796,0.8454813055793046,0.45614147135480504,0.6472625610863377
389,8.0,1.0,1.0,1.0,2,0.5112331502745882,0.2938530734632684,0.26260609086370446,0.6773515939712524,0.7174751162528992,0.7292351670142361,0.6673463406019756,0.6570002765538541,0.6327602848655116,0.6715855172588943
390,8.0,1.0,1.0,1.0,2,0.5860271115745569,0.2703549060542797,0.23670490093847754,0.6337471604347229,0.751078724861145,0.8622387815898676,0.7383300563840721,0.7855056480721679,0.8572279477255844,0.8108256084429231
391,7.0,1.0,1.0,0.5555555555555556,2,0.6440677966101696,0.3489477257298031,0.328135593220339,0.6306788325309753,0.7299649715423584,0.6843898701027458,0.5987985503773869,0.7473132408741455,0.6624844250760924,0.6732465216075927
392,7.0,1.0,1.0,0.5555555555555556,2,0.38648782911078,0.17503729487817007,0.1758569299552906,0.6340379118919373,0.6484501957893372,0.36524955455154356,0.6628058116284057,0.7040265575464538,0.08362587002153042,0.45392694843698334
393,9.0,1.0,1.0,1.0,2,0.5499153976311336,0.29974597798475866,0.2495769881556684,0.6456496715545654,0.7634511590003967,0.45403762046042817,0.6203905851206201,0.8199727484085314,0.502214084396729,0.5991537595965772
394,9.0,2.0,1.0,1.0,2,0.49311926605504597,0.26865671641791045,0.2603211009174312,0.6915975213050842,0.6643603444099426,0.7084308510566962,0.6735795212950589,0.7097466892994723,0.6273280313570704,0.6797712732520744
395,9.0,2.0,1.0,1.0,3,0.6449864498644986,0.2971506105834464,0.2262872628726287,0.66819828748703,0.6299996972084045,0.6525411494474306,0.5730675494349518,0.6839878249683241,0.6957095349971651,0.6513265147119679
396,1.0,2.0,1.0,0.6666666666666666,1,0.6330868761552679,0.34967622571692875,0.2698706099815157,0.6460179090499878,0.7652599811553955,0.8265586973973431,0.6591537320314541,0.8365095903699602,0.8088831890349178,0.7827763022084188
397,2.0,1.0,1.0,0.5555555555555556,2,0.6233766233766234,0.29850746268656714,0.24819624819624816,0.6649028062820435,0.6833829879760742,0.900562035988459,0.4949559078390663,0.7186217187144195,0.8778331069049471,0.7479931923617229
398,7.0,1.0,1.0,0.5555555555555556,3,0.1825576140985088,0.09226594301221168,0.10483506552191595,0.576725959777832,0.8113017082214355,0.25674488235102677,0.6262171310558642,0.6592352251424566,0.1730767442603455,0.4288184957024233
399,2.0,1.0,1.0,0.625,2,0.5048137295939724,0.20611646418098029,0.200920887400586,0.6103999018669128,0.6734601855278015,0.6345935907731605,0.6836311127081338,0.7068823549023265,0.6571957714911469,0.670575707468692
400,9.0,1.0,0.0,0.5555555555555556,3,0.4194097616345063,0.21692220329358317,0.18274687854710556,0.625693142414093,0.7232943177223206,0.8897576972414919,0.5181934973547797,0.733485698700182,0.8580560998985105,0.7498732482987411
401,1.0,1.0,0.0,1.0,1,0.6280587275693311,0.3398692810457516,0.2707993474714519,0.6833965182304382,0.6653760075569153,0.83761733751548,0.6676908518625401,0.6363482812176862,0.8106637819386676,0.7380800631335934
402,1.0,2.0,1.0,1.0,1,0.5676784249384741,0.28759244042728016,0.251025430680886,0.6578447222709656,0.7219066023826599,0.14615670837225708,0.7257438226506763,0.8262930523170127,0.4022484624233328,0.5251105114408197
403,8.0,2.0,0.0,1.0,2,0.5879446640316206,0.29376854599406527,0.2658102766798419,0.6495733261108398,0.7099796533584595,0.7435733728252751,0.6601997789763574,0.6934660234451383,0.8060782782517095,0.7258293633746201
404,3.0,2.0,1.0,0.8888888888888888,1,0.5065547981122182,0.2813648293963255,0.2863135815416885,0.644676923751831,0.6911190748214722,0.5485570176621557,0.5558961685947399,0.6207362498165364,0.4127935542272697,0.5344957475751754
405,1.0,2.0,1.0,0.7777777777777778,1,0.5987892129884425,0.2953168044077135,0.2630709961474959,0.6574178338050842,0.8087388277053833,0.896234212166844,0.6758310239759903,0.705080820158476,0.8713526429119827,0.7871246748033233
406,2.0,1.0,1.0,0.7777777777777778,1,0.38767042086544157,0.18991097922848663,0.2133965619442798,0.6025772094726562,0.6705681681632996,0.11004762572270936,0.572486641834757,0.6505133242633573,0.1494792308976574,0.3706317056796202
407,1.0,2.0,1.0,0.6666666666666666,1,0.5352907961603615,0.2815149802148106,0.31055900621118016,0.6774720549583435,0.7441937923431396,0.1674463150668054,0.687395261099836,0.7752533446828159,0.1877063556704575,0.4544503191299787
408,8.0,2.0,0.0,1.0,3,0.48759541984732824,0.28175740210124167,0.2547709923664122,0.6288976669311523,0.6160053610801697,0.5086003769115368,0.6938278624857346,0.7133813905218589,0.5327940848288792,0.6121509286870024
409,3.0,2.0,1.0,0.7777777777777778,1,0.5304276315789473,0.26913580246913577,0.22286184210526316,0.6176457405090332,0.7770635485649109,0.858021130319032,0.4716646242434217,0.7213168748013795,0.823776076388357,0.7186946764380476
410,10.0,1.0,1.0,0.7777777777777778,3,0.547070707070707,0.2943792964011322,0.21818181818181817,0.626286506652832,0.7025967836380005,0.8816871438397124,0.5856087695860516,0.7939488677655663,0.8656725429863908,0.7817293310444303
411,6.0,1.0,0.0,0.5555555555555556,1,0.5531914893617021,0.26420454545454547,0.2539007092198582,0.7039675712585449,0.6983236074447632,0.9106264180344383,0.6378279532338992,0.7943840472292395,0.911082109991399,0.813480132122244
412,9.0,1.0,1.0,1.0,1,0.26318711826762914,0.12340188993885493,0.14103275957801223,0.6110872626304626,0.6724604964256287,0.5001634233287688,0.7204898024845738,0.7952180679201875,0.2803361261390943,0.5740518549681561
413,5.0,1.0,1.0,0.5555555555555556,1,0.5624461670973299,0.28706896551724137,0.25839793281653745,0.6758117079734802,0.6908764243125916,0.7893101295897204,0.45525208241211823,0.7050605671521043,0.7966718840465509,0.6865736658001235
414,8.0,1.0,0.0,0.5555555555555556,2,0.5814292659212446,0.2773722627737226,0.2722411278561011,0.5727002024650574,0.7205995917320251,0.8313820360365749,0.5533373094848388,0.7095359110728318,0.8436460550119841,0.7344753279015573
415,8.0,2.0,0.0,0.7777777777777778,3,0.5679405520169851,0.2996811902231668,0.27176220806794055,0.6541585922241211,0.7159181833267212,0.11490262959356208,0.6049887393087315,0.7903021296710796,0.08914396932327225,0.3998343669741614
416,9.0,1.0,0.0,0.6666666666666666,1,0.592292089249493,0.24915368991198372,0.2123056118999324,0.6461155414581299,0.6052197813987732,0.7326843964054779,0.5262482249239534,0.7478438476971082,0.5769101264940775,0.6459216488801542
417,2.0,2.0,1.0,0.8888888888888888,1,0.5703056768558952,0.32604895104895104,0.27074235807860264,0.6952899694442749,0.6044108867645264,0.8466900985327797,0.6871032268373941,0.7945468245708353,0.841287298947457,0.7924068622221164
418,1.0,2.0,1.0,0.7777777777777778,1,0.5686724850711988,0.2970114942528736,0.22691777675700503,0.6399117112159729,0.7260597944259644,0.8479981887188051,0.5929527884566224,0.7100749739372704,0.8283146667954934,0.7448351544770477
419,8.0,1.0,0.0,1.0,1,0.4617210682492582,0.28401663695781343,0.2741839762611276,0.6907901763916016,0.6653317213058472,0.21496373712905126,0.6197079440048844,0.7167676786097346,0.23277468277327681,0.44605351062923676
420,8.0,2.0,1.0,0.5555555555555556,1,0.6386651323360184,0.3099078341013825,0.27963176064441886,0.6723201870918274,0.7203492522239685,0.8093982247733409,0.6494597603618592,0.747868058538194,0.8057222028289801,0.7531120616255936
421,4.0,2.0,0.0,0.5555555555555556,2,0.4767779390420899,0.2505446623093682,0.21988388969521044,0.6453850269317627,0.7365103960037231,0.8545007959445385,0.6139377617105236,0.841708425711207,0.8591825046928198,0.7923323720147721
422,8.0,2.0,1.0,0.5555555555555556,3,0.4066945606694561,0.2269681742043551,0.2075313807531381,0.6460097432136536,0.6533792614936829,0.127597399926781,0.5350005613541327,0.7304946667088167,0.15670685003465976,0.3874498695060975
423,8.0,2.0,1.0,0.8888888888888888,2,0.5884498480243161,0.35666463785757757,0.35866261398176286,0.6449561715126038,0.7244226932525635,0.7853754324573486,0.7129107586793418,0.8423694083257856,0.712769909150807,0.7633563771533207
424,2.0,1.0,1.0,0.5555555555555556,1,0.4792626728110599,0.24973394820858458,0.19283941864587026,0.5980969071388245,0.7555397152900696,0.8714511438219086,0.5816437645105647,0.77237736557113,0.7942789150365268,0.7549377972350325
425,8.0,2.0,0.0,1.0,3,0.601521357519017,0.24370240187463385,0.22586307782328846,0.6048234701156616,0.7365939617156982,0.8366050763489654,0.6522064074940492,0.8784398264026514,0.8353721031298211,0.8006558533438718
426,9.0,1.0,1.0,1.0,2,0.5780346820809249,0.24437299035369775,0.2491971740526654,0.6527190208435059,0.7581794261932373,0.5129497612991449,0.5864791636221292,0.7178001158656837,0.36108450397132175,0.5445783861895699
427,2.0,2.0,1.0,0.7777777777777778,2,0.5204731574158324,0.21330902461257978,0.22565969062784347,0.620438814163208,0.7826874256134033,0.3517809199651021,0.5275230509292405,0.840717863799149,0.3382061509226366,0.5145569964040321
428,8.0,1.0,1.0,0.7777777777777778,3,0.5967741935483871,0.33186490455212925,0.28739002932551316,0.689092218875885,0.6129944324493408,0.6739346102044627,0.6259420559803572,0.8094925385961379,0.4481219321472375,0.6393727842320489
429,1.0,2.0,1.0,0.6666666666666666,1,0.5741565881604074,0.30465264499681327,0.3017186505410567,0.6918632388114929,0.7000772356987,0.2049292987043982,0.6494830987398637,0.7605540694055687,0.21240294903590648,0.4568423539714343
430,12.0,1.0,1.0,0.5555555555555556,1,0.5949367088607596,0.2676056338028169,0.2841068917018284,0.6384836435317993,0.6713096499443054,0.7856439026453165,0.7746924672786973,0.7116775940073725,0.5218766813352339,0.6984726613166551
431,14.0,2.0,0.0,0.6666666666666666,2,0.6445040214477212,0.35319377348362857,0.3367292225201072,0.6823258996009827,0.7722664475440979,0.9249287547664679,0.6474075224008022,0.8055667194600039,0.8983566197980966,0.8190649041063426
432,8.0,2.0,0.0,0.5555555555555556,2,0.6481601032924467,0.35423400129282484,0.2879276952872821,0.6917691826820374,0.82496178150177,0.36174359541376505,0.5590153455722712,0.8134642282752798,0.24437348420654137,0.4946491633669643
433,9.0,2.0,0.0,0.875,4,0.5133418043202034,0.22010178117048346,0.21346886912325286,0.5785591006278992,0.658287763595581,0.2603359401652458,0.6547202599987617,0.7442845434902751,0.11404020029770084,0.4433452359879958
434,2.0,1.0,0.0,0.6666666666666666,1,0.6036217303822937,0.24445936870382806,0.24413145539906103,0.6356741189956665,0.7113692164421082,0.8374617291490313,0.5771568973241051,0.766082516042337,0.8262909564039926,0.7517480247298665
435,12.0,2.0,1.0,0.7777777777777778,2,0.6121247792819305,0.30170889805539186,0.21659799882283698,0.6325018405914307,0.5162162780761719,0.8986494023203548,0.4932910925934768,0.6975814007891838,0.8848170716905986,0.7435847418484035
436,1.0,1.0,0.0,0.5555555555555556,1,0.6056056056056057,0.3006012024048096,0.24924924924924927,0.631956934928894,0.7065108418464661,0.695242387134247,0.5422990865343138,0.7829457740561402,0.7341024766888122,0.6886474311033783
437,9.0,2.0,0.0,1.0,1,0.3971291866028707,0.22523961661341851,0.20893141945773527,0.6589624285697937,0.6970863342285156,0.8859003827986344,0.750921308053637,0.897386835956634,0.6508826285010162,0.7962727888274804
438,6.0,2.0,1.0,1.0,1,0.6344160331720802,0.2657439446366782,0.2543192812715964,0.6557470560073853,0.6285452842712402,0.7059044175096281,0.5702750983641688,0.6854023036000085,0.7023115415547141,0.66597334025713
439,10.0,1.0,1.0,1.0,1,0.6371463714637146,0.2844827586206896,0.2706027060270602,0.6804229617118835,0.7924400568008423,0.9064679266592915,0.6270364277904056,0.8459878593619437,0.8987177420873804,0.8195524889747553
440,9.0,2.0,0.0,0.5555555555555556,1,0.41921708185053386,0.22364672364672364,0.23629893238434163,0.6146160364151001,0.741746723651886,0.6201381824621363,0.6844236627275662,0.6129321023916458,0.5950995198250176,0.6281483668515914
441,1.0,2.0,1.0,0.7777777777777778,1,0.5891864578069732,0.27314112291350534,0.25871652349671553,0.6688194870948792,0.7249720692634583,0.9101545930816682,0.5341246695923297,0.7228154288161018,0.8923445258772303,0.7648598043418325
442,5.0,1.0,1.0,0.6666666666666666,3,0.6146572104018913,0.3491124260355029,0.2789598108747045,0.6821343898773193,0.7028541564941406,0.8550180605538736,0.5934622845808838,0.7985435915001395,0.8586040386022495,0.7764069938092867
443,2.0,2.0,0.0,1.0,2,0.6263020833333333,0.2633637548891786,0.25651041666666663,0.624367356300354,0.6567872762680054,0.9107512673333151,0.7398359516247855,0.7800088569755166,0.9039572861363825,0.8336383405174999
444,8.0,2.0,0.0,1.0,3,0.5233758348512446,0.28085106382978725,0.22586520947176683,0.6769030690193176,0.632861852645874,0.15030030652037535,0.6950645613100348,0.7381750459398461,0.1793922144704024,0.4407330320601647
445,8.0,2.0,1.0,0.5555555555555556,2,0.45508982035928147,0.21223021582733814,0.2526946107784431,0.6245219111442566,0.7658260464668274,0.12943527340759198,0.719693389384752,0.7728313326036053,0.11823435904496461,0.43504858861022844
446,1.0,1.0,0.0,0.7777777777777778,1,0.49858757062146897,0.21923620933521926,0.2344632768361582,0.6301774978637695,0.6509637236595154,0.6333206294149792,0.6099498858212161,0.6214461778351769,0.5945921040585028,0.6148271992824688
447,1.0,2.0,1.0,0.6666666666666666,1,0.47448641484426773,0.23357664233576642,0.2836315440689199,0.6509478092193604,0.740448534488678,0.5630764852978088,0.7771188548566975,0.7968741310561018,0.6108628369024717,0.68698307702827
448,8.0,2.0,0.0,1.0,3,0.6543385490753912,0.36182336182336183,0.33712660028449504,0.7162107229232788,0.6212811470031738,0.6147057598111604,0.5613854945436358,0.6288701914665749,0.5889768149974197,0.5984845652046977
449,8.0,1.0,1.0,1.0,3,0.5934640522875817,0.306282722513089,0.23006535947712417,0.6265389323234558,0.693228542804718,0.8307861054575587,0.5393121942776583,0.6666093831365546,0.8374077651815943,0.7185288620133415
450,2.0,2.0,1.0,0.5555555555555556,1,0.6327130264446621,0.36274509803921573,0.28697355533790403,0.6967726945877075,0.714460551738739,0.9155946777306785,0.5429371673685254,0.747828643314396,0.8879219972676793,0.7735706214203197
451,9.0,2.0,0.0,0.5555555555555556,2,0.6685714285714286,0.33333333333333337,0.2957142857142857,0.6824464797973633,0.6401511430740356,0.5612842051568218,0.6273216504361185,0.7134683536091552,0.4749070597348239,0.5942453172342298
452,3.0,2.0,0.0,0.6666666666666666,2,0.5848119233498936,0.3084577114427861,0.2739531582682754,0.6402445435523987,0.7265506982803345,0.8641904912251156,0.5752320602008656,0.6545751632522737,0.8423595664508915,0.7340893202822867
453,9.0,2.0,1.0,0.875,1,0.5997409326424871,0.35927367055771725,0.2810880829015544,0.6482589840888977,0.6847848892211914,0.6890237638396443,0.6718944511287159,0.8122943700420058,0.3388163674905662,0.6280072381252331
454,9.0,2.0,1.0,1.0,1,0.4958301743745262,0.2503793626707132,0.19863532979529946,0.6866415739059448,0.7640541791915894,0.8998860085161763,0.669525425314833,0.7855189942633692,0.8769969813681172,0.8079818523656239
455,4.0,1.0,1.0,0.5555555555555556,1,0.613861386138614,0.33600755073147714,0.2593116454502593,0.6832966208457947,0.7458443641662598,0.8504960287258608,0.5446438955850854,0.7552388017818689,0.8151635066913089,0.741385558196031
456,7.0,1.0,1.0,0.5555555555555556,2,0.5795778665145465,0.27869788692175895,0.24757558471192248,0.6608696579933167,0.7068730592727661,0.8659775975908084,0.5404612387202916,0.7058749946007432,0.8636728446774686,0.743996668897328
457,8.0,2.0,0.0,0.75,1,0.579650565262076,0.32098765432098764,0.26002055498458376,0.6718446612358093,0.5238731503486633,0.8869587785670999,0.6655136110459057,0.844719746703107,0.8714265303783252,0.8171546666736095
458,1.0,2.0,1.0,0.625,1,0.6393244873341375,0.30193236714975846,0.20868516284680338,0.6336385011672974,0.7368009090423584,0.6369905543548611,0.635948434527331,0.6602514601870584,0.6181284749007248,0.6378297309924938
459,3.0,1.0,1.0,0.5555555555555556,3,0.6515513126491645,0.37037037037037035,0.2852028639618138,0.6840651035308838,0.7261788845062256,0.5118884448463458,0.6414318866705088,0.756991955671021,0.5240483536373457,0.6085901602063053
460,2.0,2.0,1.0,0.6666666666666666,1,0.6008316008316008,0.27055150884495316,0.2162162162162162,0.6764251589775085,0.6818810701370239,0.8747578712816307,0.5381676909836194,0.8202761054020654,0.8456779817657195,0.7697199123582588
461,10.0,1.0,1.0,1.0,2,0.4856641310708016,0.2577621558289397,0.23171445289643067,0.6275845766067505,0.7955447435379028,0.9037454154668253,0.7460619785181583,0.6694692446072915,0.8408123277570411,0.790022241587329
462,8.0,2.0,1.0,0.8888888888888888,2,0.5494505494505495,0.18581907090464547,0.1916971916971917,0.633105993270874,0.6500800848007202,0.897931079936676,0.6049010555622049,0.7994142277280333,0.8690294971468158,0.7928189650934325
463,1.0,1.0,1.0,0.5555555555555556,1,0.48507462686567165,0.21544209215442092,0.22263681592039802,0.6260342597961426,0.7843104004859924,0.8613418376863962,0.7199073640552807,0.7839955276580667,0.5748478116773426,0.7350231352692715
464,1.0,1.0,0.0,0.5555555555555556,1,0.6859009254218835,0.3400544959128065,0.28307022318998365,0.650532066822052,0.7676178216934204,0.8586856738377383,0.5977490844019017,0.7859086096717179,0.8274923143192596,0.7674589205576543
465,2.0,2.0,0.0,1.0,2,0.5813630041724617,0.298050139275766,0.22670375521557717,0.6439864635467529,0.5509310960769653,0.8925935681820921,0.580559473155101,0.7205660030322603,0.8796098957708451,0.7683322350350748
466,7.0,2.0,0.0,1.0,2,0.5422705314009661,0.23941958887545345,0.2282608695652174,0.6327770948410034,0.746199369430542,0.02994081211171105,0.6457808080958348,0.7634204423763102,0.05210429624910238,0.37281158970823963
467,2.0,1.0,1.0,0.5555555555555556,2,0.5529622980251346,0.20575022461814918,0.18402154398563733,0.6548783183097839,0.7584334015846252,0.7303594373425041,0.5571423129486727,0.7087432697033033,0.7731112282023528,0.6923390620492081
468,3.0,1.0,1.0,0.8888888888888888,2,0.5791940018744143,0.29831144465290804,0.2596063730084348,0.6382132768630981,0.7490633130073547,0.833743233041235,0.5917443937602174,0.7827032788786246,0.8450695737890251,0.7633151198672755
469,8.0,1.0,0.0,1.0,2,0.49925037481259377,0.30180180180180183,0.2833583208395802,0.6650806069374084,0.778153121471405,0.7178075269410372,0.7576952646099621,0.8046592352497596,0.5199898813779923,0.7000379770446877
470,9.0,1.0,1.0,1.0,2,0.6096423017107309,0.30996884735202485,0.33748055987558323,0.6801319718360901,0.6705859303474426,0.9038076978291646,0.7257478566788975,0.7118366832365869,0.8510968433122004,0.7981222702642123
471,8.0,1.0,0.0,1.0,2,0.6505190311418685,0.3290993071593533,0.28143021914648214,0.6494150161743164,0.6966890096664429,0.9140966249372229,0.6402274662503158,0.7884081633371057,0.8905735888090669,0.8083264608334277
472,10.0,1.0,1.0,1.0,2,0.559841740850643,0.2881188118811881,0.22848664688427298,0.6499075293540955,0.6296601891517639,0.8092616839250295,0.5776191939927969,0.6362581207847043,0.8018299151816617,0.7062422284710481
473,9.0,2.0,1.0,1.0,2,0.6401137980085349,0.37606837606837606,0.28591749644381226,0.6401687860488892,0.5859954953193665,0.8165109534690281,0.5424908042083338,0.4938672071231545,0.8033519048427193,0.664055217410809
474,1.0,1.0,0.0,1.0,1,0.4737344794651385,0.2641148325358852,0.24450811843361983,0.6794942617416382,0.6698514223098755,0.5140903861857673,0.8386367651409785,0.7685537902392651,0.43195090664799896,0.6383079620535025
475,1.0,2.0,1.0,0.7777777777777778,1,0.6650689035350509,0.32393521295740857,0.3079688436189335,0.6925039887428284,0.6841604709625244,0.7913602036688357,0.5838198822668327,0.7149039417871201,0.7254279896886278,0.7038780043528541
476,8.0,1.0,1.0,0.8888888888888888,2,0.6426332288401254,0.30020920502092047,0.27586206896551724,0.6468289494514465,0.6472930312156677,0.8014096189691897,0.6069360286599088,0.7755118676253497,0.7755976830742257,0.7398637995821684
477,8.0,1.0,1.0,0.6666666666666666,1,0.5324407826982492,0.28350515463917525,0.266735324407827,0.6385505199432373,0.7070339322090149,0.9097564334027536,0.7494166955303145,0.7721510389388079,0.8897990447739211,0.8302808031614493
478,8.0,2.0,1.0,1.0,3,0.6354556803995006,0.33249999999999996,0.264669163545568,0.6879246234893799,0.7288913130760193,0.8736589185803628,0.6417018326265155,0.7286726818306685,0.861093457672221,0.7762817226774419
479,2.0,1.0,1.0,0.5555555555555556,2,0.4915572232645404,0.24108148704468643,0.19962476547842403,0.6086962819099426,0.6918129920959473,0.8969214289928681,0.5682288235625134,0.7617270881714848,0.8792406238115301,0.7765294911345991
480,9.0,2.0,1.0,1.0,1,0.4737732656514383,0.2303783173348391,0.23237450648618163,0.675689160823822,0.7756761312484741,0.17427962381667844,0.7624097126300318,0.8230799080758091,0.12635197706533696,0.47153030539696406
481,1.0,1.0,0.0,0.5555555555555556,1,0.6308470290771175,0.32151898734177214,0.24652338811630847,0.6519089341163635,0.7090471982955933,0.8587814806831602,0.5418125025190526,0.5800142057178089,0.8447881057723441,0.7063490736730914
482,8.0,1.0,1.0,1.0,1,0.5492643780650914,0.22936189201249446,0.21310744538564422,0.6310418844223022,0.7429719567298889,0.9234333738770538,0.6097842553560083,0.7565993885879987,0.9021874210141346,0.7980011097087989
483,8.0,2.0,1.0,1.0,2,0.6238532110091742,0.2992125984251969,0.27260812581913496,0.6576740741729736,0.5819160342216492,0.8904096986246223,0.6173372847000503,0.6724297500441012,0.8863147899903976,0.7666228808397929
484,8.0,2.0,0.0,0.7777777777777778,1,0.5196671709531014,0.24753974261922784,0.22995461422087743,0.6286675333976746,0.7367196679115295,0.9206320241179529,0.6334503713959159,0.74919249832084,0.9001009841984443,0.8008439695082882
485,8.0,2.0,1.0,1.0,1,0.6519823788546255,0.3579080025204789,0.28319697923222154,0.640815794467926,0.7456235885620117,0.41862362734541647,0.5435524262335468,0.641830629443302,0.47074707261509613,0.5186884389093404
486,3.0,1.0,1.0,0.7777777777777778,2,0.37574445046020577,0.20043336944745394,0.14943151055766107,0.5798002481460571,0.7069046497344971,0.8597966264386345,0.6214434577753116,0.6417222341129966,0.8927891655360104,0.7539378709657383
487,8.0,1.0,1.0,0.6666666666666666,2,0.3554006968641115,0.1849912739965096,0.15853658536585366,0.6119878888130188,0.6404075622558594,0.44671201097714464,0.6890160514094135,0.60769844835149,0.5016077066923097,0.5612585543575894
488,4.0,2.0,1.0,1.0,1,0.6829566279780085,0.38287461773700304,0.2834453268173488,0.6391729712486267,0.7356738448143005,0.8850615493287999,0.6045320756712418,0.6294510236801821,0.8339277009273756,0.7382430874018999
489,4.0,2.0,0.0,0.5555555555555556,2,0.5331230283911672,0.2831578947368421,0.2681388012618296,0.6780523061752319,0.6352689862251282,0.48928504830169134,0.6836524928398978,0.8246313143954968,0.3901894427785247,0.5969395745789027
490,1.0,2.0,1.0,0.5555555555555556,2,0.5446762974852863,0.23888591322978042,0.22792937399678972,0.6509243845939636,0.7114958763122559,0.2986856084754261,0.6891721181773561,0.7737190580878678,0.3160984638680277,0.5194188121521695
491,1.0,1.0,1.0,1.0,2,0.6496577473553204,0.30280373831775703,0.2675793403858121,0.6733840703964233,0.6559895277023315,0.8006961647578006,0.5158390203640452,0.7538565599980253,0.7943253576249196,0.7161792756861977
492,9.0,1.0,0.0,0.5555555555555556,2,0.6612623045744065,0.3605797101449275,0.3532136653155761,0.7002144455909729,0.6404765248298645,0.8268455928600589,0.6777403531917466,0.6833248280387182,0.7880546791771599,0.7439913633169208
493,10.0,1.0,0.0,0.6666666666666666,1,0.5403508771929825,0.2528533801580334,0.25789473684210523,0.6700057983398438,0.7484833598136902,0.9197697651368122,0.619712242772222,0.8776719102190115,0.8958823429660958,0.8282590652735354
494,2.0,2.0,0.0,0.5555555555555556,3,0.5274336283185841,0.23383525243578387,0.20619469026548676,0.6707031726837158,0.680355429649353,0.8731592060414429,0.5689202580095097,0.7272684459748513,0.814632770111858,0.7459951700344155
495,8.0,1.0,1.0,1.0,1,0.6652719665271967,0.3633507853403141,0.2751046025104602,0.6568908095359802,0.6465035080909729,0.8192704053551275,0.48619048785157676,0.7751953424348126,0.8267849806335301,0.7268603040687618
496,10.0,1.0,0.0,1.0,1,0.27613727055067844,0.15187849720223823,0.15323224261771748,0.6233994960784912,0.6888129711151123,0.9007401272954545,0.7403259858686568,0.67493372611235,0.6638181623976456,0.7449545004185267
497,8.0,1.0,1.0,0.7777777777777778,2,0.5689876121315677,0.28559213339033773,0.21956428876548487,0.6426074504852295,0.6986126899719238,0.855844842482585,0.5302587736294848,0.7723409622712692,0.8463623551921464,0.7512017333938713
498,2.0,2.0,1.0,0.8888888888888888,1,0.47038724373576307,0.29076396807297605,0.24487471526195898,0.6588050723075867,0.6817725300788879,0.5207034358922777,0.5720725095948641,0.569893321656528,0.606415574320596,0.5672712103660665
499,1.0,2.0,1.0,0.7777777777777778,1,0.43840808591282365,0.2125237191650854,0.19204042956411876,0.6767621040344238,0.7375644445419312,0.5832613399039184,0.7835349290585466,0.8151758797146756,0.39426561058248255,0.6440594398149059
500,3.0,2.0,0.0,0.6666666666666666,3,0.6032123735871505,0.2608695652173913,0.24985127900059487,0.6831757426261902,0.700404942035675,0.8974025159876503,0.4339944197609459,0.8148657372218753,0.844672844637916,0.7477338794020969
501,2.0,1.0,0.0,0.5555555555555556,1,0.6292868807838867,0.2790190735694823,0.23189983669025588,0.6445140838623047,0.6873855590820312,0.9146219541375181,0.6237217994150346,0.7770014951380424,0.8872184772493897,0.8006409314849962
502,2.0,2.0,1.0,0.6666666666666666,1,0.5267958950969214,0.2791936097375428,0.201444317749905,0.614319384098053,0.6806248426437378,0.7671403135699997,0.5208009073732607,0.7674068456021857,0.781254596124984,0.7091506656676075
503,2.0,2.0,0.0,1.0,1,0.4714989444053484,0.2424242424242424,0.27867698803659396,0.6569942235946655,0.7462142705917358,0.7217865925153906,0.7746950390217987,0.8161865078880958,0.5442826353327307,0.714237693689504
504,8.0,2.0,0.0,0.7777777777777778,4,0.4402730375426621,0.2220956719817768,0.22525597269624573,0.6166365146636963,0.7727153897285461,0.4125785196710494,0.6543302964279886,0.7375631702825335,0.29465729126817863,0.5247823194124375
505,2.0,1.0,1.0,1.0,3,0.5168067226890756,0.23422159887798039,0.21008403361344535,0.6196203827857971,0.6325093507766724,0.7626600533514152,0.594474215692726,0.6894132850449058,0.6308586904130693,0.6693515611255291
506,8.0,2.0,1.0,0.6666666666666666,3,0.5307443365695793,0.24988431281813975,0.22098936662043459,0.6125067472457886,0.6892327070236206,0.8622985691117412,0.46935994863105196,0.6196588179480436,0.8427084774258554,0.698506453279173
507,2.0,2.0,0.0,0.5555555555555556,1,0.4649703729522482,0.2204394837809557,0.20704078075984664,0.6575514674186707,0.7055057883262634,0.6279721132131423,0.5892645920616328,0.8189425188362937,0.6308992687497379,0.6667696232152017
508,2.0,1.0,1.0,0.7777777777777778,2,0.6082365364308342,0.26004228329809725,0.20908130939809924,0.6451167464256287,0.6214011907577515,0.9016296194945803,0.5492991029396801,0.8279559419454627,0.8650031519939072,0.7859719540934076
509,3.0,2.0,1.0,0.5555555555555556,1,0.6012621916236375,0.25387708213670307,0.23063683304647162,0.6454935669898987,0.7230281233787537,0.8579883504031991,0.5020204270869111,0.7007042310999992,0.8491325972110734,0.7274614014502957
510,10.0,2.0,1.0,1.0,2,0.49580246913580245,0.24715768660405338,0.21234567901234566,0.6103262901306152,0.7578197717666626,0.10918493511587431,0.5943654830031617,0.653170191579035,0.15142168149023794,0.3770355727970772
511,8.0,1.0,1.0,1.0,3,0.6230223677032187,0.3495357728017477,0.270594653573377,0.6780613660812378,0.6486527323722839,0.38812422719510864,0.7467149907498829,0.7802210953632339,0.40661118148204467,0.5804178736975676
512,8.0,2.0,0.0,0.5555555555555556,3,0.5825734549138805,0.28600405679513186,0.26443768996960487,0.6502180695533752,0.6967908143997192,0.8500092514610595,0.5998994777920225,0.6590678193366123,0.8480103340937355,0.7392467206708575
513,2.0,2.0,1.0,0.7777777777777778,1,0.5552560646900271,0.32553956834532377,0.3018867924528302,0.6543852090835571,0.6855466961860657,0.8778543204999784,0.6623317242954171,0.6766450150602047,0.87247140127615,0.7723256152829375
514,8.0,1.0,0.0,0.5555555555555556,2,0.5135290731145654,0.21440922190201728,0.19573978123200922,0.6074910163879395,0.8057494163513184,0.6618356726298743,0.6388064684139665,0.8181207991090341,0.6064350784215149,0.6812995046435975
515,1.0,2.0,1.0,1.0,1,0.6208026208026208,0.3314191960623462,0.28501228501228504,0.6556539535522461,0.6437403559684753,0.07530721808580892,0.5888246299539295,0.5762810092931976,0.11184467808728801,0.338064383855056
516,8.0,2.0,0.0,1.0,2,0.5822454308093995,0.29803921568627445,0.2793733681462141,0.6696609854698181,0.7468756437301636,0.8597297539100818,0.5865976559911719,0.802313531018033,0.8403578482849253,0.772249697301053
517,5.0,2.0,1.0,0.5555555555555556,1,0.4861215303825956,0.237987987987988,0.2078019504876219,0.6460029482841492,0.6909370422363281,0.871374736218198,0.4976084755572585,0.834161931053093,0.8441107372031931,0.7618139700079356
518,4.0,1.0,0.0,0.6666666666666666,1,0.5506898620275944,0.22342342342342345,0.20995800839832035,0.6136526465415955,0.7049762010574341,0.5879204599725667,0.5708361430975227,0.6081291091923948,0.5240140942243542,0.5727249516217096
519,10.0,1.0,1.0,0.5555555555555556,2,0.5706666666666667,0.2927046263345196,0.224,0.6238310933113098,0.688068687915802,0.8806939630912581,0.5881583712327986,0.7858314435045436,0.8612158864171193,0.7789749160614299
520,1.0,1.0,1.0,0.8888888888888888,2,0.5306828003457217,0.22683982683982684,0.236819360414866,0.6462780237197876,0.6753801107406616,0.6195464387536389,0.6433609556266092,0.7450065109350807,0.5270375091460989,0.633737853615357
521,1.0,2.0,1.0,1.0,1,0.6175386882829771,0.2878228782287823,0.26676492262343404,0.6253308057785034,0.8138687014579773,0.6060501245557429,0.6546400595731795,0.807932142775873,0.23714176095934922,0.5764410219660361
522,9.0,1.0,1.0,0.7777777777777778,1,0.5793573515092503,0.25925925925925924,0.22200584225900682,0.6481387615203857,0.6681517362594604,0.88104834897238,0.5950677771337832,0.7408152408227572,0.8237720317091356,0.760175849659514
523,8.0,1.0,1.0,0.8888888888888888,1,0.5970619097586568,0.27731092436974786,0.2591815320041973,0.6566202640533447,0.7188118696212769,0.9146866114243416,0.4767224078843106,0.7878391217910624,0.8992739849046295,0.769630531501086
524,2.0,1.0,0.0,1.0,1,0.6784343821949348,0.3781706379707917,0.38986953184957795,0.722507894039154,0.6447100043296814,0.19029024864573735,0.6719286587323424,0.5898151935805093,0.18699988607972468,0.4097584967595784
525,8.0,2.0,1.0,1.0,3,0.5760649087221095,0.24373730534867977,0.2123056118999324,0.5702521204948425,0.6968185305595398,0.7160116386334896,0.5430580791295191,0.7675821110919854,0.748754989808561,0.6938517046658887
526,8.0,1.0,1.0,0.8888888888888888,1,0.5446348061316502,0.2752707581227437,0.22272317403065828,0.642663300037384,0.6643469333648682,0.8917920010408217,0.5320219384732029,0.6251274187608202,0.8710073481062577,0.7299871765952756
527,2.0,2.0,1.0,0.5555555555555556,1,0.5871848739495797,0.2008412197686646,0.19957983193277312,0.6059902906417847,0.679622232913971,0.7935617578391204,0.5786799571723138,0.8049633162926246,0.7782599542978299,0.7388662464004722
528,1.0,1.0,0.0,0.5555555555555556,1,0.4855769230769231,0.2674698795180723,0.2548076923076923,0.6950590014457703,0.7671672701835632,0.7338056044896953,0.7074712373739499,0.7365499558884238,0.7066375208547857,0.7211160796517136
529,2.0,2.0,1.0,0.7777777777777778,1,0.6447963800904978,0.30690826727066817,0.2590497737556561,0.6843228340148926,0.5213016271591187,0.8703418883006723,0.49219428749777167,0.7903836926743556,0.8613281309663241,0.7535619998597809
530,8.0,2.0,1.0,1.0,1,0.44894366197183094,0.1904761904761905,0.24823943661971828,0.613639235496521,0.844694197177887,0.8754237569238106,0.7429873471269179,0.8077449520854318,0.5840034668754517,0.752539880752903
531,3.0,2.0,1.0,0.7777777777777778,2,0.610586011342155,0.28098391674550616,0.21550094517958412,0.6474704742431641,0.6043855547904968,0.850778368960592,0.5160693110236846,0.7388084208407102,0.8254032429009155,0.7327648359314756
532,6.0,1.0,0.0,1.0,2,0.596153846153846,0.30536451169188444,0.29258241758241754,0.6954986453056335,0.6389397978782654,0.3732494494846757,0.7340584261834322,0.7348625213350488,0.21308544878559985,0.5138139614471892
533,1.0,2.0,1.0,0.6666666666666666,1,0.5521180390290338,0.2372558361124345,0.22179914326511185,0.6456834673881531,0.6721664071083069,0.8909760520218468,0.5915537077676962,0.8160398285876578,0.8663512487018021,0.7912302092697507
534,8.0,2.0,0.0,1.0,2,0.5287691187181354,0.19839533187454414,0.19664967225054625,0.596677839756012,0.7251359820365906,0.11464414391780457,0.7597003067748475,0.7371726367273249,0.18488552253696636,0.4491006524892358
535,8.0,1.0,1.0,1.0,3,0.430806257521059,0.11821471652593488,0.16365824308062574,0.618770182132721,0.7062132358551025,0.3132783379847593,0.8146936721908975,0.8256871862617864,0.13385840335404411,0.5218793999478718
536,8.0,1.0,0.0,0.8888888888888888,2,0.5797101449275363,0.319327731092437,0.30663615560640733,0.7013952136039734,0.7172183394432068,0.8145034749514352,0.5229901215953141,0.6749877893330096,0.8588642852459603,0.7178364177814297
537,13.0,2.0,1.0,0.5555555555555556,1,0.30947087594486433,0.1593235425011126,0.1680746998666074,0.5927743315696716,0.7303673624992371,0.3807460689009249,0.7322138171077466,0.7386960870068197,0.5481840871735194,0.5999600150472526
538,1.0,1.0,0.0,1.0,1,0.6654501216545011,0.32277710109622415,0.3077858880778589,0.6844431161880493,0.6980330348014832,0.9151217783217451,0.579683297112636,0.6202372465937157,0.8989053892462198,0.7534869278185792
539,8.0,1.0,0.0,0.5555555555555556,0,0.5858585858585859,0.2658959537572254,0.240981240981241,0.6451460123062134,0.7533842325210571,0.14249851523378482,0.5441270490992676,0.7557929231001133,0.20334258069526817,0.41144026703210845
540,8.0,2.0,1.0,0.7777777777777778,3,0.5900621118012422,0.28606965174129356,0.27329192546583847,0.6791363954544067,0.6403900384902954,0.8811517549196777,0.6020712041005643,0.7092809496060728,0.8586667662468083,0.7627926687182808
541,13.0,2.0,1.0,0.7777777777777778,3,0.41459074733096085,0.26625111308993765,0.2588967971530249,0.63044673204422,0.744540274143219,0.6727264393340946,0.6212732505597129,0.7332274209065917,0.5625336659400556,0.6474401941851137
542,1.0,1.0,0.0,0.7777777777777778,1,0.4838332684067005,0.3001949317738791,0.23763147643163224,0.6819295287132263,0.667926013469696,0.9249589290169091,0.6034491384768451,0.783708776875087,0.9050728861696512,0.804297432634623
543,8.0,1.0,0.0,0.8888888888888888,3,0.49207673060884066,0.1854636591478697,0.21851542952460384,0.6607722640037537,0.743778645992279,0.13697487613081552,0.6655992040362113,0.7389067710532471,0.16120175369357445,0.42567065122846204
544,3.0,1.0,1.0,0.625,2,0.5605839416058394,0.25292397660818716,0.23065693430656933,0.6261570453643799,0.7170758843421936,0.8079292786654608,0.6204508546138418,0.711720531527537,0.8206044855319694,0.7401762875847022
545,8.0,1.0,1.0,0.7777777777777778,3,0.6424116424116424,0.30697190426638915,0.24012474012474014,0.6297742128372192,0.6982859373092651,0.7657409278623378,0.4724686412278601,0.7206624187058358,0.747323131150957,0.6765487797367477
546,9.0,1.0,1.0,1.0,2,0.6065573770491803,0.2859097127222982,0.226775956284153,0.6168618202209473,0.7008687853813171,0.8647731311643115,0.6191947966280631,0.6171349885497891,0.8210253556547306,0.7305320679992237
