index,issueArea,decisionDirection,partyWinning,voteDistribution,respondentType,rouge1,rouge2,rougeL,bert_f1,align_score,unieval_coherence,unieval_consistency,unieval_fluency,unieval_relevance,unieval_overall
0,10.0,2.0,0.0,0.625,1,0.45856590811507086,0.27159432746024925,0.2593387720051524,0.6473706364631653,0.7124207615852356,0.6825797737316966,0.6651023769883594,0.7944495087136121,0.4798348446840856,0.6554916260294384
1,8.0,1.0,0.0,0.6666666666666666,1,0.5884907709011943,0.2619565217391304,0.2269272529858849,0.6144840121269226,0.7392042279243469,0.887658501564491,0.6014217495785219,0.5921654078433599,0.879170489591244,0.7401040371444043
2,2.0,1.0,1.0,1.0,2,0.5998160073597056,0.34530386740331487,0.23551057957681693,0.675492525100708,0.5259767174720764,0.8881816496623678,0.5752957173193719,0.7556473114696362,0.8579777196297333,0.7692755995202774
3,1.0,1.0,0.0,0.6666666666666666,1,0.6212121212121212,0.36989498249708286,0.28787878787878785,0.6480588316917419,0.7145510911941528,0.8665123410338593,0.5837619485895995,0.6581039117576774,0.8153127905478641,0.7309227479822501
4,8.0,2.0,1.0,1.0,3,0.5395894428152493,0.280997798972854,0.2214076246334311,0.646223783493042,0.6971210837364197,0.8721918674920025,0.6212910415068245,0.8321046820406506,0.8017282285940036,0.7818289549083702
5,7.0,1.0,0.0,0.5555555555555556,3,0.5114704776231666,0.2882950696273993,0.2542309138773975,0.5866299867630005,0.6657243371009827,0.8259646160005444,0.588093755001393,0.7322487324114947,0.790556784005262,0.7342159718546736
6,10.0,1.0,0.0,0.5555555555555556,1,0.5401288810779146,0.2510263929618768,0.22847100175746926,0.6179419755935669,0.700931191444397,0.6396346582771404,0.6769359965575426,0.7245470823033464,0.6639207460614924,0.6762596207998806
7,8.0,1.0,1.0,0.8888888888888888,2,0.5524222704266089,0.28530050687907316,0.26174981923355023,0.670027494430542,0.7589307427406311,0.9053733547532684,0.6874043697146687,0.7862766569106282,0.8789895508708591,0.814510983062356
8,8.0,1.0,1.0,1.0,2,0.3945409429280397,0.2537313432835821,0.2779156327543424,0.6399938464164734,0.5123209357261658,0.0741002343875619,0.6771604605648447,0.6553327505647933,0.18804141530248297,0.39865871520492074
9,1.0,2.0,1.0,0.5555555555555556,1,0.5855855855855856,0.2957619477006312,0.25675675675675674,0.6326022148132324,0.7165945172309875,0.8413534402292823,0.5166253152167661,0.6482149264408326,0.8284971864322236,0.7086727170797761
10,2.0,2.0,1.0,0.5555555555555556,2,0.5675977653631284,0.2483221476510067,0.21564245810055865,0.6443060040473938,0.594589114189148,0.860925957651799,0.4240357276158422,0.5484140388234566,0.8206258545684436,0.6635003946648854
11,9.0,1.0,0.0,0.6666666666666666,1,0.4788213627992634,0.29400921658986173,0.23388581952117865,0.6332278251647949,0.7464606165885925,0.6276455079082819,0.5789715306509086,0.6801831014263031,0.5680240498666789,0.6137060474630431
12,5.0,1.0,1.0,0.625,2,0.6051697921946274,0.29731100963977675,0.24835276229092756,0.6645300388336182,0.7080368995666504,0.8922078570573132,0.5886700345452012,0.7289095047416998,0.8893863592460793,0.7747934388975735
13,4.0,2.0,0.0,1.0,3,0.6253547776726585,0.36363636363636365,0.27057710501419113,0.5848912596702576,0.7488932013511658,0.8536034439853193,0.5699644497597222,0.7953169899596046,0.8241707894917619,0.760763918299102
14,2.0,1.0,1.0,1.0,1,0.5160883280757098,0.24257738471257106,0.19936908517350158,0.5475680232048035,0.7625313401222229,0.6892089523895129,0.6051453620667326,0.6946848512594215,0.4243526700450472,0.6033479589401786
15,1.0,1.0,0.0,0.5555555555555556,1,0.5515610217596973,0.26325757575757575,0.22800378429517504,0.6209184527397156,0.6923121809959412,0.8258728763237198,0.640500344165234,0.6662713520802455,0.7825353189097793,0.7287949728697446
16,8.0,1.0,0.0,1.0,2,0.6072607260726073,0.2590879048248512,0.26138613861386134,0.6884127855300903,0.5852565169334412,0.8536996306866272,0.6211981061971624,0.7822758071753477,0.8365596345723371,0.7734332946578686
17,8.0,1.0,0.0,0.75,1,0.2560411311053985,0.16572310859495626,0.1789203084832905,0.6321495771408081,0.9199099540710449,0.688411409294704,0.8275526644413018,0.8128209861484069,0.15838033028121395,0.6217913475414067
18,9.0,1.0,0.0,0.8888888888888888,1,0.5872093023255814,0.2977691561590689,0.2577519379844961,0.7240455150604248,0.7396082282066345,0.8888158263983965,0.629793028069582,0.743461424295429,0.869846716899193,0.7829792489156502
19,1.0,1.0,0.0,1.0,1,0.5869394177812746,0.2915681639085894,0.2612116443745083,0.6680836081504822,0.5837724208831787,0.769368847151948,0.5237523428058134,0.5986559926349042,0.7634553401396439,0.6638081306830773
20,12.0,2.0,0.0,0.5555555555555556,1,0.5892215568862276,0.29856115107913667,0.2802395209580838,0.6762669682502747,0.6919317841529846,0.4940155505918764,0.5748425413362462,0.7156954647208474,0.5684789301021484,0.5882581216877796
21,2.0,1.0,1.0,1.0,2,0.580952380952381,0.3079122974261201,0.21047619047619048,0.7036074995994568,0.5944463610649109,0.8913909829528744,0.5389014125913139,0.6604326421298182,0.8698872535986827,0.7401530728181723
22,3.0,2.0,1.0,1.0,1,0.49395239953179865,0.2967590784849668,0.30511119781506046,0.657129168510437,0.7098020911216736,0.9079577155971328,0.6237365668427604,0.829322805357127,0.8598152828171636,0.805208092653546
23,1.0,1.0,1.0,0.6666666666666666,2,0.6488395560040364,0.3555555555555555,0.27547931382441976,0.6489852666854858,0.7626259922981262,0.8886004988377982,0.7042549491597014,0.8140919473404414,0.8647271717884061,0.8179186417815868
24,2.0,2.0,1.0,1.0,1,0.5480494766888678,0.23142857142857143,0.192197906755471,0.6421177983283997,0.5666320323944092,0.8538290930245311,0.456004431407253,0.6835650504824461,0.8544994846317041,0.7119745148864836
25,8.0,2.0,0.0,1.0,2,0.6581691772885284,0.3294663573085847,0.2502896871378911,0.6313687562942505,0.7044496536254883,0.8794938160884891,0.5798706476482998,0.6377035035993391,0.8634489224338616,0.7401292224424975
26,2.0,1.0,0.0,0.6666666666666666,1,0.5874384236453202,0.2885326757090012,0.27216748768472904,0.6787635087966919,0.5408443808555603,0.8528327209974453,0.48794232019393885,0.6541618127577642,0.8215277168582662,0.7041161427018536
27,9.0,1.0,0.0,1.0,3,0.2426229508196721,0.1691297208538588,0.1918032786885246,0.6529903411865234,0.5655288100242615,0.07121541995185719,0.797104185369514,0.848106089484184,0.06486280316530456,0.4453221244927149
28,7.0,1.0,1.0,0.7777777777777778,3,0.39964633068081346,0.18849557522123891,0.1768346595932803,0.6155723333358765,0.7449458837509155,0.5064176556088137,0.627863316992994,0.827760713449734,0.5997441120590098,0.6404464495276379
29,10.0,2.0,0.0,0.6666666666666666,3,0.5826589595375723,0.29166666666666663,0.2184971098265896,0.6462196111679077,0.660584032535553,0.8400781138659265,0.5843193872593111,0.577469189493801,0.8077570895512157,0.7024059450425636
30,2.0,2.0,1.0,0.5555555555555556,1,0.5979035639412997,0.33235417540914813,0.2867924528301887,0.6928132176399231,0.7251155972480774,0.7985108334988373,0.7137504047709392,0.8014500699738955,0.8402119188734893,0.7884808067792903
31,2.0,2.0,1.0,0.7777777777777778,1,0.605830164765526,0.3120507399577167,0.2720743557245458,0.6385772824287415,0.7201582193374634,0.8821866330283624,0.5223269689094766,0.772070088072817,0.8499693957780657,0.7566382714471804
32,2.0,1.0,1.0,1.0,2,0.5345733926405176,0.28166734115742614,0.2628386575010109,0.6725772023200989,0.7102053761482239,0.7256656858938257,0.5298630886102511,0.6982752430604389,0.6556925172645247,0.6523741337072602
33,2.0,2.0,1.0,0.7777777777777778,1,0.5651027938850817,0.25540897097625326,0.22878228782287824,0.6747922301292419,0.7537851929664612,0.8041141538944387,0.6639037518079816,0.8190863012288799,0.786744083476543,0.7684620726019609
34,9.0,1.0,0.0,0.8888888888888888,2,0.6130599028602266,0.2766072393300918,0.266594711279007,0.6617499589920044,0.6613988280296326,0.8689250330696355,0.42917331633950756,0.6618028220828694,0.8616006012607766,0.7053754431881973
35,8.0,2.0,1.0,1.0,2,0.3230088495575222,0.16943521594684383,0.1891592920353982,0.6167027950286865,0.7238133549690247,0.07402758068448026,0.6465074773828791,0.7672061301679952,0.07860244751870603,0.39158590893851514
36,2.0,1.0,1.0,0.6666666666666666,2,0.4183070866141732,0.2206896551724138,0.2263779527559055,0.5856767296791077,0.7754653692245483,0.41150710743239094,0.6970952501515485,0.8532069166757107,0.3468214657705931,0.5771576850075608
37,1.0,2.0,1.0,0.5555555555555556,1,0.3432906590801328,0.16041765543426675,0.1896633475580844,0.6278904676437378,0.5644904971122742,0.6987517480298966,0.5778700937962428,0.7197703440828761,0.7993099891195613,0.6989255437571442
38,8.0,2.0,1.0,1.0,2,0.5869336143308747,0.36392405063291144,0.27397260273972607,0.6640647649765015,0.8021242618560791,0.7513350244599325,0.6592919374256765,0.761136401336166,0.7647013444776165,0.7341161769248479
39,1.0,1.0,1.0,0.8888888888888888,2,0.5855962219598583,0.25177304964539005,0.20425029515938606,0.6345377564430237,0.6520072817802429,0.8472103773785089,0.5556797466618522,0.5497629134817604,0.8002866052844145,0.688234910701634
40,2.0,2.0,1.0,0.5555555555555556,2,0.3190394511149228,0.17515741270749857,0.18753573470554602,0.6840689182281494,0.7719175219535828,0.9511426522259642,0.8577110369808463,0.8324975531067322,0.9285530346185688,0.8924760692330279
41,8.0,1.0,0.0,1.0,1,0.6527942925089179,0.31309523809523804,0.2592152199762188,0.6520139575004578,0.7636192440986633,0.8122658437731962,0.6016744318963707,0.6644766921632803,0.7971580209353064,0.7188937471920385
42,10.0,2.0,0.0,0.5555555555555556,1,0.41136919315403425,0.20122324159021404,0.17909535452322736,0.593131959438324,0.6517464518547058,0.8355991771069469,0.476855394264827,0.6808472032299132,0.8209579336767279,0.7035649270696037
43,10.0,2.0,1.0,1.0,1,0.6117775354416576,0.2587336244541485,0.2257360959651036,0.6195060014724731,0.6090883016586304,0.8538150508100983,0.5564393789356955,0.7755967594617984,0.8458132504725427,0.7579161099200338
44,8.0,2.0,0.0,1.0,2,0.5624683864441071,0.25924050632911394,0.2205361659079413,0.6692520976066589,0.5480305552482605,0.9142282278587849,0.5985674043565932,0.8083275716665339,0.8933148154354248,0.8036095048293341
45,1.0,1.0,0.0,0.8888888888888888,1,0.5047955577990914,0.2748863062152603,0.2695608278647148,0.6346002817153931,0.6647970676422119,0.43929045123668736,0.6712687116181053,0.6936534673498199,0.48497403582055393,0.5722966665062916
46,8.0,1.0,1.0,1.0,1,0.26416954164613105,0.12925505673408977,0.1468703794972893,0.6173145771026611,0.7552563548088074,0.8008098067790487,0.6439789566360522,0.7919059267646361,0.566034463171028,0.7006822883376912
47,2.0,1.0,0.0,1.0,0,0.48901098901098894,0.25688073394495414,0.25824175824175827,0.6770355701446533,0.6377791166305542,0.8605699350201258,0.8296315247475968,0.7964683726119484,0.6767448686670778,0.7908536752616873
48,2.0,1.0,0.0,1.0,1,0.4897530215449291,0.26933193056286164,0.278507619548082,0.641541063785553,0.7741944193840027,0.886692322502979,0.7007831680618586,0.8502816060716716,0.8808387969932363,0.8296489734074364
49,2.0,1.0,1.0,1.0,2,0.5458646616541353,0.26656626506024095,0.29022556390977444,0.6499381065368652,0.6536498069763184,0.7467646325501519,0.6655087018394157,0.7143974051588294,0.5981534361039342,0.6812060439130828
50,1.0,2.0,1.0,0.7777777777777778,1,0.6817691477885653,0.3758099352051836,0.33117583603020495,0.6563398838043213,0.6811301112174988,0.8700809064100006,0.5113805110731625,0.6603664170568659,0.8618971848272635,0.7259312548418231
51,8.0,1.0,0.0,0.8888888888888888,3,0.6106796116504855,0.36054421768707484,0.2961165048543689,0.6432448029518127,0.711240291595459,0.9001090569399596,0.5758350026881005,0.8009046049190416,0.8787990861092421,0.7889119376640858
52,8.0,2.0,1.0,1.0,1,0.619865571321882,0.32161555721765145,0.3061986557132188,0.6528927683830261,0.646642804145813,0.1754296987988549,0.5385050669014428,0.8165429502445721,0.28221186067487203,0.4531723941549355
53,2.0,2.0,0.0,0.5555555555555556,3,0.522839845899835,0.3129476584022039,0.31040176114474405,0.6928716897964478,0.6902194619178772,0.8631348460272847,0.6084646142990295,0.7036326943210132,0.7298477547911685,0.726269977359624
54,9.0,2.0,0.0,0.6666666666666666,1,0.6187141947803947,0.26003824091778205,0.23042647994907703,0.6519321799278259,0.6786881685256958,0.8923830099402825,0.5396056885791602,0.7796583397461522,0.8891544228776559,0.7752003652858127
55,1.0,2.0,1.0,0.8888888888888888,1,0.6288117770767613,0.3772391991570074,0.37644584647739215,0.7292537093162537,0.7950385212898254,0.1163427012765072,0.7679269103506624,0.5880986019402069,0.028742630941184868,0.37527771112714037
56,1.0,2.0,1.0,0.6666666666666666,1,0.5236559139784946,0.3261571582346609,0.2806451612903226,0.6718127727508545,0.7073436379432678,0.73515660330023,0.661933170850192,0.8074954624993365,0.756739337584991,0.7403311435586873
57,9.0,1.0,1.0,0.6666666666666666,4,0.4879825200291333,0.2275711159737418,0.21849963583394028,0.6419469118118286,0.7978906035423279,0.12561385863499808,0.7656086785804147,0.7184313234174751,0.10660405818645764,0.42906447970483635
58,3.0,2.0,0.0,0.6666666666666666,2,0.5148430873621713,0.22495755517826826,0.1933842239185751,0.6067243814468384,0.7646439075469971,0.8353085304991449,0.5659270260915303,0.7491194228377613,0.8032715229619005,0.7384066255975842
59,12.0,1.0,0.0,0.5555555555555556,2,0.567062818336163,0.31462585034013607,0.30560271646859083,0.6759008765220642,0.6607545018196106,0.4558298613018273,0.6870025339163058,0.5197047587616688,0.574108547942769,0.5591614254806427
60,1.0,2.0,0.0,1.0,2,0.6143527833668678,0.3035594358629953,0.266934942991281,0.6970372200012207,0.7583896517753601,0.819180171561309,0.5690009716894948,0.6820774751306817,0.7806118915993746,0.7127176274952151
61,2.0,2.0,1.0,0.6666666666666666,1,0.2620519159456119,0.13861386138613863,0.17552533992583436,0.6075412034988403,0.6113714575767517,0.5408034498808989,0.5651273892708737,0.7869562426809978,0.39680585184536143,0.5724232334195329
62,1.0,1.0,0.0,0.5555555555555556,1,0.40101362052581563,0.18700475435816163,0.1444409249287298,0.6333991885185242,0.7228042483329773,0.8539973802991595,0.589161366654185,0.681022834750171,0.8325313278069141,0.7391782273776074
63,1.0,2.0,1.0,1.0,1,0.6687041564792175,0.36719706242350064,0.34718826405867975,0.6615866422653198,0.716682493686676,0.8460176747982616,0.602076994962331,0.6440613985457063,0.8634639171933364,0.7389049963749088
64,13.0,2.0,1.0,0.8888888888888888,1,0.5762483130904184,0.24594594594594593,0.2280701754385965,0.6453697681427002,0.6845280528068542,0.8654395153419695,0.6453674721614095,0.6267349771874651,0.8513450708640119,0.747221758888714
65,2.0,1.0,1.0,0.5555555555555556,2,0.628600303183426,0.31664137582195245,0.24861040929762504,0.6395606994628906,0.6160843372344971,0.6160301019835677,0.566059868832183,0.7455255534027201,0.667817965997648,0.6488583725540297
66,3.0,2.0,0.0,0.75,2,0.47933884297520657,0.2827586206896552,0.30165289256198347,0.6409769058227539,0.8426811695098877,0.12288672779547548,0.6856155736631412,0.7668692509246359,0.06347742898781371,0.40971224534276657
67,1.0,2.0,1.0,0.5555555555555556,1,0.3231197771587744,0.22197434467373117,0.18495821727019499,0.5994689464569092,0.8153213858604431,0.6667193776111029,0.6623489974716839,0.5642129395397163,0.5153765262508667,0.6021644602183425
68,8.0,1.0,0.0,1.0,3,0.5008347245409015,0.28077994428969355,0.26933778519755147,0.6353293657302856,0.7684392929077148,0.3574045892800528,0.6884640371734857,0.7646897230796491,0.2810608049946237,0.5229047886319529
69,8.0,1.0,1.0,0.625,3,0.55359394703657,0.25883838383838387,0.2547288776796974,0.6601070761680603,0.662064790725708,0.9083201561065605,0.4743688089023033,0.7274070923101347,0.8973537123352318,0.7518624424135576
70,10.0,2.0,1.0,1.0,1,0.6479679450486548,0.3197707736389685,0.29994275901545503,0.6587931513786316,0.8042241930961609,0.7483546688636602,0.6289461644454752,0.8085496988136538,0.7773633618220254,0.7408034734862037
71,8.0,2.0,0.0,0.6666666666666666,3,0.6281512605042018,0.323869610935857,0.22163865546218486,0.6296321153640747,0.7095658779144287,0.7364862766593386,0.5958986822504116,0.7520646529785541,0.701136242190112,0.696396463519604
72,2.0,2.0,0.0,0.7777777777777778,3,0.6270702455739577,0.2607204116638079,0.27070245573957735,0.6532914638519287,0.7454845309257507,0.9132832304503362,0.5784806396410849,0.6089260171197679,0.8799927037466709,0.745170647739465
73,4.0,1.0,1.0,1.0,1,0.3997627520759194,0.21496437054631826,0.22301304863582444,0.6222870349884033,0.7356956005096436,0.4951223241180084,0.7549566116845172,0.7341490158581568,0.20846925020913365,0.548174300467454
74,1.0,1.0,1.0,1.0,2,0.6189683860232945,0.28317601332593006,0.259567387687188,0.6598787307739258,0.6582197546958923,0.5329482794183446,0.5387170413492132,0.6101860762492292,0.5671539394589633,0.5622513341189376
75,1.0,2.0,1.0,0.6666666666666666,1,0.617351598173516,0.29250457038391225,0.28036529680365296,0.6625312566757202,0.7930259704589844,0.9154007626828209,0.6676789490710954,0.795457428500518,0.9038768480957474,0.8206034970875454
76,8.0,1.0,0.0,1.0,4,0.6304635761589404,0.2519893899204244,0.2556291390728477,0.6647948622703552,0.8186910152435303,0.9367384575898688,0.6583877854425335,0.8068359454131756,0.9252374033841803,0.8317998979574396
77,8.0,2.0,1.0,1.0,2,0.5626342161775233,0.3010752688172043,0.34073013600572655,0.6597656607627869,0.6869242787361145,0.09255498573935426,0.7176032051886543,0.7665863294298995,0.09543163953537252,0.4180440399733201
78,2.0,2.0,1.0,1.0,2,0.6308926780341022,0.35040160642570284,0.2587763289869609,0.567630410194397,0.7352966070175171,0.7965220559713512,0.48338395104548415,0.8116875948140455,0.7804550583173614,0.7180121650370606
79,1.0,1.0,0.0,0.7777777777777778,1,0.6308470290771175,0.28481012658227844,0.2553729456384324,0.6626091003417969,0.6981588006019592,0.9173669859204897,0.5232220438715914,0.8045277827142744,0.8999234605388149,0.7862600682612926
80,9.0,1.0,0.0,0.6666666666666666,1,0.5946248600223965,0.2780269058295964,0.2620380739081747,0.6506903767585754,0.7749919295310974,0.863120490576034,0.6849542810362259,0.7142641540102254,0.8489807097387406,0.7778299088403066
81,9.0,1.0,1.0,0.5555555555555556,3,0.6071019473081328,0.3084862385321101,0.2588774341351661,0.6740488409996033,0.7723268270492554,0.8711135671035979,0.6402411979640635,0.794781186847429,0.8265781574873322,0.7831785273506057
82,9.0,1.0,1.0,0.5555555555555556,2,0.5963590709353421,0.2602137020741672,0.23854362837413684,0.6706807017326355,0.6514827013015747,0.7013459776092603,0.5373878380588262,0.8457466396319765,0.7517107853049566,0.709047810151255
83,10.0,2.0,0.0,1.0,2,0.40497335701598586,0.24659158269116774,0.22143280047365305,0.6388828158378601,0.7193414568901062,0.7579384099235233,0.6335082686852721,0.8381004955852789,0.6778865366537201,0.7268584277119486
84,8.0,2.0,1.0,0.875,3,0.411543287327478,0.2349246231155779,0.23337515683814306,0.6416008472442627,0.5513660311698914,0.545038720814622,0.7941441233476785,0.8237170261300607,0.5738830120882902,0.6841957205951629
85,1.0,2.0,1.0,0.8888888888888888,1,0.4730603448275862,0.2308522114347357,0.21120689655172412,0.6670668125152588,0.6906929016113281,0.20960216805498805,0.5910733053820154,0.7542165421107169,0.1673647653553784,0.43056419522577466
86,1.0,2.0,1.0,0.8888888888888888,1,0.4971537001897534,0.22799240025332487,0.24794433902593294,0.6780850291252136,0.783913791179657,0.8703182700471863,0.687244662062106,0.7677145079554295,0.8511966259742181,0.794118516509735
87,2.0,1.0,1.0,0.875,1,0.6501291989664083,0.3652353854112778,0.2997416020671834,0.6891286969184875,0.7528570294380188,0.8689506459404558,0.5455614529785453,0.7383731710054344,0.8528717552274417,0.7514392562879694
88,1.0,1.0,1.0,1.0,2,0.6229898749255509,0.25879546809779364,0.23466349017272184,0.6326013803482056,0.7740190625190735,0.7926926048763066,0.6214754297753108,0.7577762649260796,0.8038827392573825,0.7439567597087698
89,1.0,2.0,0.0,0.5555555555555556,2,0.4914965986394558,0.19931856899488926,0.24829931972789118,0.6076924800872803,0.7589129209518433,0.5132425328434723,0.6507162067721166,0.7617000298446971,0.3648727146688713,0.5726328710322893
90,1.0,2.0,1.0,0.625,3,0.5253819615574175,0.23384311790823878,0.23361261705273534,0.60306715965271,0.7527645230293274,0.5896373088805138,0.5831706941251414,0.8029543063573717,0.32090220155483073,0.5741661277294644
91,8.0,2.0,1.0,1.0,4,0.43589743589743596,0.2154017857142857,0.19509476031215162,0.5998489260673523,0.6628003120422363,0.43881983811574266,0.5642873848779902,0.6252889968674584,0.31497731219629677,0.485843383014372
92,8.0,2.0,1.0,1.0,1,0.6350606394707828,0.29359823399558493,0.278941565600882,0.6359091401100159,0.7613140344619751,0.8792077284031931,0.5212714886857254,0.759805048916703,0.8824800447575005,0.7606910776907805
93,7.0,1.0,1.0,0.5555555555555556,2,0.66776135741653,0.35506849315068495,0.25834701696770657,0.6979814171791077,0.6864350438117981,0.6788909761837089,0.6268187320344896,0.7303145983602767,0.6808000311380585,0.6792060844291334
94,10.0,1.0,1.0,1.0,2,0.6513497989661114,0.3220241518113859,0.25502584721424465,0.6658841967582703,0.7805982828140259,0.8799086200281799,0.602499763389946,0.7591608941926197,0.8656785684419283,0.7768119615131684
95,1.0,2.0,1.0,0.6666666666666666,1,0.5811437403400309,0.2784940691077875,0.2545079855744462,0.6693972945213318,0.6387107372283936,0.8428916950406471,0.602076762033905,0.6497146102722565,0.8362124172145168,0.7327238711403314
96,10.0,2.0,0.0,1.0,2,0.5908584169453734,0.24107142857142858,0.2318840579710145,0.6641067862510681,0.6321976184844971,0.885921559208669,0.47604260376704277,0.8138771048611098,0.8635060097832391,0.7598368194050151
97,9.0,1.0,0.0,0.5555555555555556,2,0.34125726360274694,0.20941300898995238,0.16376122556788167,0.6588230729103088,0.7189515829086304,0.5608208878047798,0.5298410689732748,0.7548812615420012,0.7821137854478414,0.6569142509419742
98,4.0,2.0,1.0,1.0,1,0.5263843648208469,0.2700587084148728,0.23973941368078178,0.6503210067749023,0.7018347978591919,0.2755176748342626,0.607067498783838,0.7563351718515995,0.31580465424064763,0.48868124992758694
99,1.0,1.0,1.0,1.0,2,0.6352201257861635,0.30220356768100737,0.2662473794549266,0.6703814268112183,0.6265584230422974,0.8096243984575874,0.4244796686194024,0.7407378467769199,0.8080917164674586,0.6957334075803421
100,8.0,2.0,1.0,0.6666666666666666,3,0.5604539502400699,0.2699868938401049,0.24792666957660411,0.6406410336494446,0.639406681060791,0.8881299577148397,0.5706208959930018,0.7477063013882613,0.863234141219862,0.7674228240789912
101,2.0,2.0,1.0,1.0,1,0.6491769547325104,0.35633367662203913,0.3230452674897119,0.6541498303413391,0.57954341173172,0.922226017892633,0.5810767369181946,0.7622459514202562,0.8982908347426738,0.7909598852434395
102,4.0,2.0,1.0,0.5555555555555556,1,0.576255707762557,0.26508226691042047,0.26392694063926936,0.6417714953422546,0.6976531744003296,0.8828544148348215,0.6342985524999867,0.73318871765281,0.8618726726485979,0.7780535894090541
103,8.0,1.0,1.0,1.0,1,0.4801422643746296,0.26824925816023737,0.2560758743331358,0.6778627038002014,0.7135264873504639,0.5386897241153488,0.6196217383234724,0.7910806793988725,0.23050545596368524,0.5449743994503448
104,8.0,1.0,1.0,1.0,3,0.6086286594761171,0.375,0.28043143297380585,0.7062371969223022,0.6486873626708984,0.8080789368331704,0.6624845402129269,0.6083621239701371,0.7785175742046404,0.7143607938052188
105,4.0,2.0,1.0,0.7777777777777778,1,0.5516819571865443,0.25964482547458667,0.2654434250764526,0.6253313422203064,0.716161847114563,0.39448237019904236,0.6730784553856233,0.6130398375316697,0.541264947430577,0.5554664026367281
106,6.0,1.0,1.0,0.5555555555555556,2,0.5184842883548982,0.24606845513413506,0.2513863216266174,0.69389408826828,0.7387493252754211,0.9089214085498752,0.6661078653126548,0.7599671227627383,0.8623152667555269,0.7993279158451987
107,8.0,1.0,0.0,0.7777777777777778,3,0.5824800910125143,0.3143507972665148,0.2764505119453925,0.6904734969139099,0.7054643034934998,0.7835225882334779,0.6340922786693175,0.6509456813752232,0.8345294796118836,0.7257725069724754
108,1.0,1.0,1.0,0.5555555555555556,2,0.43208751139471285,0.15693430656934307,0.16590701914311762,0.6075994372367859,0.7373888492584229,0.47033854080828524,0.6606022368307177,0.7674320594524686,0.3379342819548816,0.5590767797615883
109,5.0,1.0,0.0,1.0,1,0.5156537753222836,0.2446220036877689,0.2173112338858195,0.6129739880561829,0.7582739591598511,0.7464968719306083,0.7508509033076275,0.7429460840046491,0.6586517466394847,0.7247364014705925
110,1.0,2.0,1.0,0.5555555555555556,1,0.5807407407407407,0.31438457736035597,0.268641975308642,0.6418964862823486,0.6955447793006897,0.8370913532151354,0.45743226556681293,0.7881191368356969,0.8577183361038788,0.735090272930381
111,1.0,1.0,1.0,1.0,2,0.5931372549019608,0.30814524043179586,0.2931372549019608,0.665351390838623,0.6095021367073059,0.8543649639569968,0.5144173930222403,0.7916598257915358,0.8437107141055682,0.7510382242190853
112,8.0,1.0,1.0,1.0,1,0.5905759162303665,0.3126967471143757,0.2973821989528796,0.6984649300575256,0.763002872467041,0.13546453536926215,0.6991769624088918,0.8396435872166628,0.10734961975332426,0.4454086761870353
113,1.0,2.0,0.0,0.5555555555555556,2,0.5265285497726124,0.26605968639352556,0.23951490651844365,0.6867624521255493,0.6694079637527466,0.3182250650301249,0.743070852527541,0.8385314075695105,0.335148368743581,0.5587439234676894
114,2.0,2.0,1.0,0.7777777777777778,1,0.5076923076923078,0.2571090047393365,0.2331360946745562,0.6510878205299377,0.6316234469413757,0.4546064690146647,0.7302892530654911,0.8464888869648999,0.4557661536785241,0.6217876906808949
115,10.0,2.0,1.0,0.5555555555555556,2,0.5545399146861669,0.2806589383770592,0.2620353443022548,0.594601571559906,0.6877641677856445,0.8778946665709012,0.6339137966495814,0.8144720176536798,0.865147307374355,0.7978569470621293
116,8.0,1.0,0.0,1.0,2,0.5964664310954064,0.25760792639773533,0.2346289752650177,0.6787146329879761,0.7065063714981079,0.8254712629523615,0.5163120666168182,0.7780505209467007,0.7957416371089826,0.7288938719062157
117,1.0,2.0,1.0,0.5555555555555556,1,0.5854136074400391,0.2822146006859383,0.25159079784630445,0.6693089008331299,0.6762372255325317,0.8942238190812666,0.6144156449660414,0.7415730594898159,0.869277107338582,0.7798724077189264
118,12.0,2.0,1.0,1.0,1,0.5296324081020255,0.250939143501127,0.2385596399099775,0.6398507356643677,0.720364511013031,0.19791129706195199,0.7013600685845852,0.7870695587663514,0.1914664662654699,0.46945184766958964
119,1.0,1.0,1.0,1.0,2,0.5584607794770596,0.2340740740740741,0.2348297977306364,0.649817168712616,0.6027923822402954,0.8456907750679681,0.4648726409624686,0.5776381443844416,0.8349673978115201,0.6807922395565996
120,1.0,1.0,0.0,0.5555555555555556,1,0.6157181571815719,0.28214867064568633,0.240650406504065,0.6662781834602356,0.794840395450592,0.8777998156204307,0.7222900511378786,0.7281037158674282,0.8564036033207204,0.7961492964866145
121,9.0,2.0,1.0,1.0,2,0.5811642214860389,0.2870677404073899,0.2584003786086133,0.6609697341918945,0.7796638607978821,0.8841763751360187,0.5673885518124955,0.6842219829660323,0.8820119437926529,0.7544497134267999
122,6.0,2.0,0.0,1.0,2,0.6385026737967915,0.33832976445396146,0.31229946524064167,0.6352335810661316,0.7065857648849487,0.8029871783819982,0.6180210848059898,0.7232507795344212,0.8039975110030587,0.737064138431367
123,1.0,2.0,1.0,1.0,1,0.5821371610845295,0.26517571884984026,0.25996810207336524,0.6480436325073242,0.6282579302787781,0.34965368776492584,0.5819280280468013,0.5969698146388835,0.3441308814226561,0.4681706029683167
124,2.0,1.0,1.0,0.5555555555555556,1,0.41723979825767993,0.2092703074804956,0.23292067858780377,0.6095542907714844,0.7972087860107422,0.7468798756018287,0.5735677983795618,0.7976997584088436,0.5261461121431098,0.6610733861333359
125,1.0,1.0,0.0,1.0,1,0.5777126099706744,0.2701908957415565,0.250733137829912,0.6806496977806091,0.8040122389793396,0.904451159483726,0.6961584455354495,0.7564457320778215,0.8220368903062925,0.7947730568508224
126,9.0,2.0,1.0,1.0,2,0.6111929307805596,0.3230088495575221,0.30338733431516934,0.6635014414787292,0.682875394821167,0.8503938092031266,0.6694790034652613,0.7566736611031292,0.8184503657701221,0.7737492098854098
127,10.0,2.0,0.0,1.0,1,0.545922746781116,0.2740549828178694,0.26609442060085836,0.660004198551178,0.7446918487548828,0.9014386183644147,0.5731633596165885,0.7107790109480181,0.865306116123547,0.7626717762631421
128,2.0,2.0,1.0,0.5555555555555556,2,0.6397306397306397,0.35917188252286947,0.2972582972582973,0.6746287941932678,0.6950788497924805,0.8812606949609874,0.670163530731759,0.6204929111541712,0.870670310382368,0.7606468618073213
129,5.0,1.0,1.0,1.0,2,0.6105263157894737,0.30494728304947283,0.2704453441295546,0.6845933198928833,0.609835147857666,0.5846380393549415,0.614734806380497,0.6154909183114048,0.5171599570494054,0.5830059302740622
130,1.0,1.0,1.0,1.0,2,0.2418546365914787,0.13801756587202008,0.15037593984962405,0.6238645315170288,0.5203709602355957,0.6758571065063543,0.811256252698718,0.857790590364708,0.5297785512199342,0.7186706251974286
131,1.0,1.0,1.0,0.7777777777777778,2,0.6277056277056278,0.3352601156069364,0.33766233766233766,0.651383638381958,0.6799356341362,0.9514236226050766,0.6628122225063839,0.7237369263406298,0.9317319716424334,0.8174261857736309
132,4.0,2.0,0.0,0.5555555555555556,2,0.5496246872393662,0.23288814691151918,0.22185154295246037,0.6674399971961975,0.6681759357452393,0.8266331669523593,0.5868650583833273,0.7434698261826211,0.8368212633146468,0.7484473287082387
133,2.0,1.0,1.0,0.5555555555555556,2,0.5812441968430827,0.29646840148698883,0.2135561745589601,0.5891689658164978,0.692115068435669,0.8619460027496134,0.5718694645697708,0.7213219515727386,0.8427260630954235,0.7494658704968865
134,8.0,1.0,0.0,0.5555555555555556,2,0.4323971260613978,0.18181818181818185,0.19986936642717182,0.642475962638855,0.7308643460273743,0.8730118607923653,0.7313479830657477,0.7495095212494389,0.8558001728039415,0.8024173844778733
135,2.0,1.0,0.0,0.5555555555555556,1,0.6186599874765185,0.2808777429467085,0.22291797119599246,0.6998361945152283,0.7119616866111755,0.749854726977616,0.6273727608977092,0.7747309463522739,0.699690108694269,0.7129121357304671
136,10.0,2.0,0.0,0.6666666666666666,2,0.6065659197498697,0.28482003129890454,0.27931214174048985,0.65510493516922,0.6623383164405823,0.8544655125009781,0.5125566737806119,0.734736054958457,0.8418349252496893,0.735898291622434
137,8.0,1.0,1.0,0.6666666666666666,4,0.530593607305936,0.32906764168190134,0.30045662100456616,0.6337197422981262,0.7292503118515015,0.7732126770085125,0.6173336944980224,0.7595177772891011,0.8057065596807924,0.738942677119107
138,1.0,2.0,0.0,0.5555555555555556,1,0.5559146735617324,0.18252427184466022,0.19392372333548805,0.638741672039032,0.7332116961479187,0.9038180883670989,0.5597245381959305,0.8596133852050788,0.8889745942440488,0.8030326515030393
139,3.0,2.0,1.0,0.6666666666666666,2,0.17153284671532848,0.1023142509135201,0.12895377128953772,0.5239142775535583,0.6971704959869385,0.599939631577382,0.8203763789681635,0.7348779284879672,0.4489021570615468,0.6510240240237649
140,8.0,2.0,0.0,1.0,0,0.6347055758207399,0.3766301512780386,0.2793121417404899,0.6975467205047607,0.7357195019721985,0.9174338284026649,0.6534455347424182,0.6507008008944387,0.8938088800973575,0.7788472610342199
141,5.0,2.0,0.0,0.875,2,0.5443873807776962,0.21307861866274797,0.2098312545854732,0.6407378315925598,0.7393124103546143,0.8516485843372336,0.6748213654946921,0.7610717223807086,0.8205216650074815,0.7770158343050289
142,9.0,2.0,1.0,1.0,4,0.6091899573661772,0.341394025604552,0.2510658455708195,0.6838057637214661,0.715643584728241,0.6321254341901152,0.6042296487751131,0.7489718369767784,0.7331522972868704,0.6796198043072192
143,8.0,1.0,1.0,0.7777777777777778,1,0.5986143187066975,0.34951456310679613,0.28545034642032335,0.6341280937194824,0.6803554892539978,0.8946095892510404,0.6574869359868005,0.7314174418742505,0.9015759230011853,0.7962724725283192
144,1.0,2.0,1.0,1.0,1,0.4144486692015209,0.1802030456852792,0.1926489226869455,0.5618616342544556,0.808548092842102,0.4023430579023107,0.682743694134839,0.7739159505510058,0.11679047804873861,0.4939482951592235
145,1.0,2.0,1.0,1.0,1,0.5904505716207128,0.2626262626262626,0.21654337592468056,0.65849769115448,0.6251190304756165,0.8703934748111899,0.6698080216173049,0.8359218589262746,0.8555445327453088,0.8079169720250196
146,1.0,1.0,1.0,1.0,2,0.6070398153491056,0.29924898902368574,0.24004616272360066,0.6765092015266418,0.7150381803512573,0.8830928282242995,0.7061322649018603,0.8022923349380768,0.8781845585913273,0.817425496663891
147,3.0,2.0,0.0,0.5555555555555556,3,0.31626928471248245,0.17894736842105263,0.1732117812061711,0.6109302639961243,0.6285694241523743,0.37589160864222343,0.5648581563207965,0.6476161829459843,0.49010976382483246,0.5196189279334592
148,8.0,2.0,0.0,0.7777777777777778,2,0.5370762711864406,0.28525980911983034,0.28813559322033894,0.6729001998901367,0.7224215865135193,0.32023603696464825,0.5776098740638812,0.7448983941401005,0.2391130423250266,0.4704643368734141
149,10.0,2.0,1.0,0.7777777777777778,2,0.6336753168376583,0.2767371601208459,0.2546771273385636,0.6599932312965393,0.6673925518989563,0.8848390236302068,0.6166014855860377,0.700870575604292,0.8745303376550132,0.7692103556188874
150,4.0,2.0,1.0,1.0,3,0.5696263949539059,0.24769305488101023,0.23580786026200873,0.6469810009002686,0.7095009088516235,0.7413115703778096,0.5376994635239222,0.6884319635421783,0.7933790791091517,0.6902055191382654
151,8.0,2.0,1.0,0.75,3,0.4873323397913562,0.24459358687546606,0.1922503725782414,0.6558550596237183,0.666127622127533,0.9046676657749119,0.6459894429539714,0.662719216417492,0.8811243115346921,0.7736251591702669
152,8.0,2.0,0.0,1.0,2,0.6408237431859479,0.3286840509399636,0.28346456692913385,0.6524838209152222,0.5730268955230713,0.7626006248418599,0.6781949483190718,0.6399213332119246,0.606532356514162,0.6718123157217546
153,1.0,1.0,0.0,0.6666666666666666,1,0.6228936664729808,0.24316463059918556,0.22661243463102845,0.6332294940948486,0.6973951458930969,0.9093528286180157,0.7176080916978753,0.7758022783008972,0.8871581569394542,0.8224803388890606
154,8.0,1.0,1.0,1.0,2,0.6267995570321151,0.2649667405764967,0.23698781838316724,0.6747387051582336,0.6581448912620544,0.8763520081244056,0.644215226994519,0.7433928651207954,0.8378207247243591,0.7754452062410198
155,1.0,2.0,1.0,0.5555555555555556,1,0.576587070471753,0.28221574344023326,0.22714036109493302,0.623993992805481,0.7630278468132019,0.2401975349674098,0.5464498786973541,0.7539499804646098,0.24843563330693663,0.44725825685907755
156,8.0,1.0,1.0,1.0,2,0.503003003003003,0.2659654395191585,0.20270270270270274,0.6888636350631714,0.6312471032142639,0.8421714405571722,0.5194590314887806,0.7554867353930595,0.822635875392517,0.7349382707078824
157,7.0,1.0,1.0,0.5555555555555556,1,0.5021077283372366,0.20534458509142056,0.2135831381733021,0.6256338357925415,0.6996170282363892,0.43654956463522265,0.6122010145981082,0.68111092640974,0.47310355309979796,0.5507412646857172
158,8.0,1.0,0.0,1.0,3,0.5050029429075927,0.2451384796700059,0.22012948793407888,0.6673803925514221,0.7553431391716003,0.39801033264668173,0.6870124267992761,0.7565254719297839,0.2602591977395614,0.5254518572788258
159,6.0,2.0,1.0,1.0,2,0.5,0.27674023769100164,0.1966101694915254,0.6438011527061462,0.7507443428039551,0.8958821195220431,0.6209204465325614,0.7204375197523782,0.8658461973670011,0.775771570793496
160,1.0,1.0,0.0,0.6666666666666666,1,0.6035648432698217,0.2633846153846154,0.26920712968653965,0.6821789145469666,0.6771835684776306,0.8716597765247664,0.6902250748954392,0.8439726274229874,0.8564400592274309,0.815574384517656
161,1.0,1.0,1.0,1.0,2,0.578088578088578,0.32529182879377433,0.29681429681429683,0.6785463094711304,0.7591778039932251,0.13623742735965091,0.5700238340618577,0.7691086007348026,0.20463626040204683,0.42000153063958956
162,3.0,1.0,0.0,1.0,1,0.6159574468085106,0.2779552715654952,0.274468085106383,0.6417827010154724,0.6653028726577759,0.8506464022263239,0.6408287876307417,0.7066649116563749,0.825174450662377,0.7558286380439543
163,8.0,2.0,1.0,1.0,2,0.5848595848595849,0.2310513447432763,0.2417582417582418,0.6406559348106384,0.7121196389198303,0.5030146820815554,0.5868794345518762,0.7720481106440633,0.4910694754114034,0.5882529256722245
164,5.0,2.0,1.0,0.6666666666666666,3,0.5763062596999483,0.2578974624546867,0.23797206414899122,0.6631003618240356,0.6713411808013916,0.9267725528140416,0.5198500875313691,0.7567127069458972,0.8991764640185389,0.7756279528274617
165,9.0,2.0,0.0,1.0,3,0.5767077267637178,0.23766816143497757,0.1959686450167973,0.5996186137199402,0.5755742788314819,0.8701494167110824,0.5720310084529013,0.6604512728817524,0.8455554680353672,0.7370467915202759
166,8.0,2.0,1.0,1.0,2,0.6025215660252158,0.2591362126245847,0.218978102189781,0.6553879976272583,0.7089900970458984,0.8929556881982567,0.6287790979480546,0.6925259157858906,0.8846468488803297,0.7747268877031329
167,1.0,1.0,0.0,1.0,1,0.5438144329896908,0.20774193548387096,0.2268041237113402,0.6652989983558655,0.712123453617096,0.9080466551879154,0.6260257512206778,0.8111817590330922,0.8680491060107624,0.803325817863112
168,2.0,2.0,0.0,1.0,2,0.5138248847926268,0.2606689734717416,0.22119815668202766,0.6096430420875549,0.6509369611740112,0.1459410425270438,0.6333468325925438,0.6156108650890465,0.16982105102302272,0.39117994780791415
169,5.0,1.0,1.0,1.0,1,0.5131147540983607,0.23707957342083677,0.22622950819672133,0.6154364943504333,0.765363872051239,0.9281665886600523,0.5480888376338464,0.8720071633864188,0.9068024948278361,0.8137662711270384
170,3.0,1.0,1.0,0.5555555555555556,1,0.362629246676514,0.22912047302291205,0.19497784342688332,0.6714297533035278,0.7369639873504639,0.1990285279898876,0.5902380289078125,0.7121739117571099,0.17842828379683875,0.41996718811291217
171,8.0,2.0,1.0,1.0,2,0.6104683195592286,0.27247655819084393,0.25013774104683195,0.6608383655548096,0.6844515800476074,0.8713421265398351,0.43644617950970577,0.7277046242391036,0.8712283722842238,0.726680325643217
172,2.0,2.0,0.0,0.5555555555555556,3,0.5852205005959475,0.22195704057279236,0.22884386174016685,0.6642380952835083,0.7532699704170227,0.9116454951442694,0.6565200834746127,0.8843113312075326,0.8813197307276671,0.8334491601385206
173,9.0,1.0,1.0,1.0,3,0.45139360978925896,0.21783526208304968,0.21210061182868797,0.6265885829925537,0.6263681650161743,0.5046839721399838,0.6543058588900279,0.8175185622070523,0.27530237197676455,0.5629526913034572
174,13.0,1.0,0.0,1.0,3,0.49387040280210154,0.29302488608482297,0.20245183887915938,0.639378547668457,0.6959259510040283,0.8546725779258455,0.5809654387406599,0.6363221540038466,0.8489691726180146,0.7302323358220917
175,8.0,2.0,1.0,1.0,2,0.4715558601782042,0.24159231297185998,0.22206991089787528,0.5702109336853027,0.6582930088043213,0.22462705954443757,0.6109421072449053,0.661548928330231,0.079905952605678,0.394256011931313
176,10.0,2.0,1.0,1.0,3,0.4002293577981651,0.20436280137772678,0.22018348623853212,0.6619212031364441,0.6771126985549927,0.74777421063108,0.7417771167531979,0.7272704029147131,0.6908515565757872,0.7269183217186945
177,6.0,2.0,1.0,1.0,3,0.6089743589743589,0.30551989730423623,0.2538461538461539,0.6517420411109924,0.6961787939071655,0.8679278408908622,0.5359868938815312,0.598024078786581,0.8395402162786133,0.7103697574593969
178,8.0,1.0,1.0,0.5555555555555556,1,0.5118518518518518,0.26908821349147516,0.23407407407407407,0.6484135389328003,0.7834085822105408,0.8822707059821028,0.6372473531364288,0.782977210980804,0.8616514483074035,0.7910366796016847
179,8.0,2.0,1.0,0.6666666666666666,4,0.42677448337825696,0.18345323741007194,0.1707097933513028,0.6258566379547119,0.7008598446846008,0.38921615528667725,0.7105193395098252,0.7981799729140602,0.3081282537210151,0.5515109303578944
180,2.0,1.0,1.0,1.0,2,0.6363636363636364,0.2957600827300931,0.25,0.624225378036499,0.673621416091919,0.8958019899782476,0.6822837634281458,0.7498024461209294,0.8736751792647656,0.8003908446980221
181,8.0,2.0,1.0,1.0,3,0.5348246059989833,0.24325699745547072,0.24097610574478898,0.6618344187736511,0.6680331826210022,0.6907495124812053,0.5134431544189161,0.6433328218787835,0.6561810711926518,0.6259266399928891
182,1.0,1.0,0.0,0.5555555555555556,1,0.5805168986083499,0.28685258964143423,0.3121272365805169,0.6705396175384521,0.714687168598175,0.06865587660915995,0.7142785154155296,0.7993977076535065,0.06643246173513626,0.41219114035333304
183,1.0,2.0,1.0,1.0,1,0.49543378995433796,0.2376237623762376,0.19025875190258754,0.617802083492279,0.7348494529724121,0.9164001319355674,0.5567072868983941,0.727416895957222,0.873691240638808,0.7685538888574979
184,1.0,1.0,0.0,1.0,1,0.5925925925925926,0.26290322580645165,0.25442834138486314,0.6568256616592407,0.7726535797119141,0.127552514264465,0.7721477810541374,0.8812481983110106,0.18490292572371053,0.4914628548383309
185,1.0,2.0,1.0,0.7777777777777778,1,0.6122754491017964,0.2638680659670165,0.2664670658682634,0.675232470035553,0.796206533908844,0.04066876301823813,0.6412388546905038,0.7115303455732478,0.07634586047696801,0.36744595593973944
186,7.0,1.0,0.0,1.0,3,0.2611516626115166,0.14947197400487408,0.16707218167072183,0.6606460213661194,0.6660365462303162,0.7068712590853579,0.7716292843536051,0.8556251100914825,0.2895838826996924,0.6559273840575345
187,2.0,1.0,1.0,0.75,2,0.42394919866948894,0.2281391830559758,0.19292410039310556,0.6374616026878357,0.8130605816841125,0.9057538851588689,0.5355904588054518,0.7912405157395107,0.8648550364631368,0.7743599740417421
188,2.0,1.0,1.0,0.5555555555555556,2,0.48969497114591926,0.21617161716171618,0.1863149216817807,0.6097522377967834,0.5934386849403381,0.8161114627489018,0.5911874326827328,0.6926511608634787,0.8153491450559678,0.7288248003377702
189,9.0,2.0,1.0,1.0,3,0.39059158945117606,0.17558886509635976,0.18246614397719174,0.6142679452896118,0.715463399887085,0.2988656469954104,0.7946998130475289,0.7336064540175226,0.11845249902724478,0.4864061032719267
190,9.0,2.0,1.0,1.0,2,0.6109625668449199,0.2771084337349398,0.24732620320855617,0.6538643836975098,0.736181378364563,0.8079364557346554,0.6825427065753278,0.6963408815351761,0.765932768841937,0.7381882031717741
191,3.0,1.0,1.0,0.5555555555555556,2,0.5494320572149768,0.23242105263157892,0.20109381573411866,0.6325961947441101,0.7775581479072571,0.7587414182272402,0.5452693680181233,0.7431355780280106,0.7763540423492653,0.7058751016556598
192,1.0,1.0,1.0,1.0,2,0.37222222222222223,0.19851576994434136,0.19814814814814816,0.6610619425773621,0.736277163028717,0.2618637813201526,0.6887627482335782,0.917886697348041,0.1864521576326354,0.5137413461336018
193,1.0,1.0,1.0,1.0,2,0.6096463022508039,0.26658081133290407,0.222508038585209,0.6598476767539978,0.656445324420929,0.7769547140645189,0.48697568434777677,0.7274016351905187,0.81483401762338,0.7015415128065485
194,12.0,2.0,1.0,1.0,3,0.6253948199620972,0.24288425047438328,0.24384080859128238,0.6619897484779358,0.7089272141456604,0.7861394145441792,0.658683220868501,0.7532526668549778,0.7615717038822314,0.7399117515374722
195,12.0,2.0,1.0,1.0,2,0.6282782212086659,0.2614155251141552,0.23261117445838084,0.6225370168685913,0.6480990052223206,0.8274277556886656,0.5798936976473148,0.681888446269341,0.8402893148029641,0.7323748036020713
196,8.0,2.0,0.0,0.7777777777777778,1,0.5585585585585585,0.24110109159943044,0.21052631578947367,0.6244128346443176,0.5627954602241516,0.8973570355216993,0.45622456836750425,0.8325192338186729,0.8840126447551986,0.7675283706157687
197,4.0,2.0,1.0,1.0,2,0.6264900662251656,0.279840848806366,0.25165562913907286,0.6507797837257385,0.7257906794548035,0.9239769243368781,0.7565129836980793,0.8846341860010868,0.8957768109175355,0.8652252262383949
198,1.0,1.0,1.0,0.6666666666666666,2,0.628498727735369,0.2917197452229299,0.26208651399491095,0.6538288593292236,0.7476235628128052,0.8881042740837164,0.6226932419612461,0.72726138441885,0.8837523511024572,0.7804528128915674
199,3.0,1.0,1.0,1.0,2,0.584,0.298932384341637,0.26755555555555555,0.6766619682312012,0.7324296236038208,0.7304382319562066,0.6561346361134943,0.7532881834359524,0.7677794430189493,0.7269101236311506
200,8.0,2.0,1.0,0.7777777777777778,3,0.5566870332654447,0.2420122365737593,0.24575695858791585,0.656337320804596,0.7097311615943909,0.8755608862241506,0.667525783980124,0.8519466599725393,0.814324080591863,0.8023393526921692
201,2.0,2.0,1.0,0.5555555555555556,1,0.5646661031276415,0.27580372250423013,0.2028740490278952,0.6096770763397217,0.7093043923377991,0.9130671987233953,0.5878626110377264,0.7251244962568251,0.8708831163753137,0.7742343555983151
202,2.0,2.0,0.0,0.5555555555555556,1,0.5338078291814946,0.24220837043633123,0.20818505338078291,0.6212659478187561,0.7015795111656189,0.8910292628860051,0.5516642623449725,0.6321360205822678,0.8575988655015103,0.733107102828689
203,9.0,1.0,1.0,0.5555555555555556,2,0.5643044619422573,0.26675427069645197,0.27821522309711283,0.6373096108436584,0.6114785671234131,0.7927336143071769,0.6042968098190418,0.7509754163126802,0.8131217716934548,0.7402819030330884
204,8.0,1.0,1.0,0.7777777777777778,3,0.4655052264808362,0.17306350314026517,0.20905923344947736,0.6420132517814636,0.5742678046226501,0.8601042565009438,0.5590854544626415,0.8230034705038091,0.8506475070570383,0.7732101721311082
205,6.0,1.0,0.0,0.6666666666666666,3,0.5966666666666667,0.27586206896551724,0.25333333333333335,0.6501480340957642,0.718730628490448,0.5869082528762228,0.6182265799489123,0.6783878503326377,0.5969144544796636,0.6201092844093592
206,1.0,2.0,0.0,0.5555555555555556,2,0.5115303983228512,0.2519244226731981,0.24458420684835777,0.6681537628173828,0.6716471910476685,0.8903244541632297,0.6852620031462398,0.8145273765891513,0.8006278204852436,0.7976854135959661
207,2.0,1.0,0.0,1.0,1,0.6513115802943058,0.3510570147341448,0.3506078055022393,0.7046091556549072,0.745876133441925,0.9102162695682874,0.5386168252723258,0.8022365341833478,0.8889682695660907,0.7850094746475129
208,8.0,1.0,0.0,0.5555555555555556,2,0.5225110970196575,0.21841269841269842,0.22701331642358907,0.6300708055496216,0.7676178216934204,0.1751280063638137,0.660768647986581,0.6583178940252596,0.1360672049210398,0.40757043832417356
209,9.0,2.0,1.0,0.5555555555555556,2,0.6333514394350896,0.3056008700380642,0.2618142313959804,0.7158688306808472,0.6584910750389099,0.7142711407272575,0.6837934069261528,0.651622489356463,0.789320861330323,0.7097519745850491
210,1.0,1.0,1.0,0.5555555555555556,2,0.5963824289405684,0.2576306259699948,0.19431524547803616,0.6552671790122986,0.696495532989502,0.22614124680457987,0.5037699962208723,0.8074428158065128,0.2360607175419054,0.4433536940934676
211,3.0,2.0,0.0,0.7777777777777778,2,0.5876662636033857,0.288135593220339,0.2877871825876662,0.6474378705024719,0.6621226072311401,0.3834005950165974,0.544518230306921,0.7494724389520638,0.241719526838024,0.4797776977784016
212,8.0,1.0,1.0,1.0,1,0.5776865160848733,0.2686771761480466,0.2778918548939083,0.6755987405776978,0.6009554862976074,0.5553865107057803,0.5861130241256083,0.6529379810867083,0.41897391839709985,0.5533528585787992
213,1.0,2.0,1.0,0.8888888888888888,1,0.5354330708661417,0.2922983626440267,0.28588734100545127,0.6092363595962524,0.7630048394203186,0.762295096746381,0.6387938270834236,0.6812398456598955,0.12650474975828457,0.5522083798119961
214,2.0,2.0,1.0,0.8888888888888888,3,0.501552795031056,0.24261275272161736,0.23291925465838514,0.6602194309234619,0.7858692407608032,0.8315260707939834,0.6267312239019842,0.7730303346647128,0.8401853573090333,0.7678682466674285
215,9.0,2.0,1.0,1.0,2,0.628841607565012,0.26982248520710067,0.2210401891252955,0.6522986888885498,0.6801667809486389,0.7518753838969087,0.6220150844523635,0.683779093939931,0.5576494599429808,0.6538297555580459
216,1.0,1.0,0.0,0.5555555555555556,1,0.5938989513822688,0.2958015267175573,0.22878932316491898,0.6548285484313965,0.7449508905410767,0.8052936506826003,0.5768272271889426,0.6927046120240187,0.7941976472236151,0.7172557842797942
217,8.0,2.0,0.0,1.0,2,0.5474293989862419,0.2349528643944888,0.20854453294713973,0.6527113914489746,0.7443420886993408,0.8935171416004555,0.5854077844456079,0.7019636586430372,0.8660031135039857,0.7617229245482716
218,1.0,1.0,0.0,0.8888888888888888,1,0.6354515050167224,0.28013392857142855,0.2530657748049053,0.658212423324585,0.7959675192832947,0.7860499363027257,0.5626425302646509,0.8060419911555129,0.7266094475217963,0.7203359763111714
219,1.0,2.0,1.0,1.0,1,0.6240208877284595,0.2771241830065359,0.26109660574412535,0.6595412492752075,0.7350583672523499,0.8744535457342357,0.6457195442138477,0.6984764759330292,0.86589060846632,0.7711350435868582
220,3.0,2.0,1.0,1.0,1,0.6250600096015363,0.3104276790004805,0.25348055688910226,0.6670259237289429,0.6411059498786926,0.8883837294879753,0.4841853408584134,0.7874356251190237,0.8675715673556551,0.7568940657052668
221,7.0,1.0,1.0,1.0,2,0.5446428571428572,0.3559928443649374,0.3678571428571428,0.6754944920539856,0.7511624097824097,0.9453546763311805,0.7375371042237581,0.7151765283017448,0.9036777400510525,0.825436512226934
222,8.0,2.0,1.0,1.0,0,0.6052356020942408,0.329485834207765,0.31623036649214653,0.6987704038619995,0.6963120698928833,0.7848772474640348,0.7303758479607939,0.7630323752043434,0.5461113908753941,0.7060992153761415
223,4.0,2.0,1.0,0.8888888888888888,1,0.591989137813985,0.29231815091774305,0.264765784114053,0.6265020370483398,0.6937036514282227,0.16574387373948024,0.5866872718681155,0.723620577679447,0.16176075287343689,0.4094531190401199
224,8.0,1.0,1.0,1.0,2,0.618917441224713,0.2550629447181172,0.22307271733187536,0.6391726732254028,0.7096015810966492,0.8667407737288706,0.6566098836076256,0.729798880726684,0.8514678479508268,0.7761543465035018
225,2.0,1.0,1.0,0.5555555555555556,2,0.564070351758794,0.2113207547169811,0.2185929648241206,0.6472119688987732,0.678337037563324,0.7663568743099202,0.6050452752310772,0.6249899507427178,0.7609377121574322,0.6893324531102869
226,12.0,2.0,0.0,0.6666666666666666,1,0.34234234234234234,0.19747520288548243,0.19549549549549547,0.59345543384552,0.7001961469650269,0.751562894232817,0.6707196360415046,0.7289216616574726,0.6196402712796716,0.6927111158028665
227,2.0,2.0,1.0,0.5555555555555556,1,0.6552197802197803,0.3218707015130674,0.2953296703296703,0.6652710437774658,0.7482206225395203,0.06820770834212045,0.6579981498986311,0.7513527009925521,0.06486894036746206,0.38560687490019147
228,8.0,1.0,1.0,1.0,2,0.6274292059966685,0.3479710950528071,0.26651860077734596,0.6295061111450195,0.660551130771637,0.8390903758140468,0.6795936520660599,0.6559309792431474,0.8214304777337993,0.7490113712142634
229,9.0,2.0,1.0,1.0,1,0.5731062830299471,0.2292768959435626,0.2337052260716383,0.6379474997520447,0.6093012094497681,0.717340827432523,0.6556388578919076,0.7427894455526154,0.7300647331317374,0.7114584660021959
230,2.0,2.0,1.0,0.7777777777777778,1,0.5460483344219463,0.27468933943754087,0.2442847811887655,0.6644047498703003,0.6133608818054199,0.4730763948808928,0.5747427166098842,0.6737741541199245,0.5188854457423681,0.5601196778382674
231,4.0,2.0,1.0,0.5555555555555556,1,0.40442225392296727,0.25624553890078516,0.20898716119828814,0.6500570178031921,0.6830270886421204,0.33658142608716385,0.613562537294736,0.6987188504831473,0.29831726583966744,0.4867950199261787
232,1.0,1.0,1.0,1.0,2,0.6702508960573477,0.3456937799043062,0.28793309438470727,0.6426502466201782,0.7029458284378052,0.8968984339774854,0.5957882457387076,0.730486093693899,0.8781941150272419,0.7753417221093335
233,8.0,1.0,1.0,1.0,3,0.5842217484008528,0.22411953041622196,0.2281449893390192,0.6120721101760864,0.7760199904441833,0.42274979863613193,0.7195900923935284,0.8254552748077514,0.5443096841167505,0.6280262124885406
234,10.0,1.0,0.0,0.7777777777777778,4,0.5813397129186603,0.26107784431137726,0.2332535885167464,0.6285836100578308,0.7709839940071106,0.8909988380907973,0.5795017007977296,0.7400089081171345,0.8462244037166953,0.7641834626805892
235,7.0,2.0,1.0,1.0,0,0.6066098081023453,0.3030949839914621,0.2398720682302772,0.6488677263259888,0.6274952292442322,0.9228969278831719,0.527242811166878,0.6194576340783197,0.8971028952569894,0.7416750670963397
236,3.0,2.0,1.0,1.0,1,0.5966348340154616,0.3140646335912608,0.24920418371987269,0.6335042119026184,0.7697347402572632,0.8659328391180777,0.6312465765197915,0.6821504856480577,0.8616199021934982,0.7602374508698563
237,9.0,2.0,1.0,0.8888888888888888,1,0.5036764705882353,0.2302025782688766,0.25,0.6632553935050964,0.7534081935882568,0.4915470333567763,0.8019475501685326,0.8063571045438874,0.21619279675937353,0.5790111212071425
238,1.0,2.0,1.0,0.6666666666666666,1,0.5373961218836564,0.2787794729542302,0.25207756232686984,0.5968136191368103,0.7494716048240662,0.8205060759657548,0.773538872623056,0.8750381111243019,0.7716468672928181,0.8101824817514827
239,8.0,1.0,1.0,0.6666666666666666,1,0.537463976945245,0.27561327561327564,0.27521613832853026,0.6560529470443726,0.7182365655899048,0.6706829634808242,0.7461299400392479,0.8963263441724565,0.46200732042141507,0.693786642028486
240,8.0,1.0,1.0,0.7777777777777778,3,0.5968342644320298,0.3196644920782852,0.29981378026070765,0.6624156832695007,0.7700406312942505,0.8653027451488906,0.5824759284985422,0.772935929040691,0.8621873330870052,0.7707254839437823
241,2.0,2.0,0.0,0.5555555555555556,3,0.5287060839760069,0.274442538593482,0.25021422450728364,0.6665241718292236,0.6383267641067505,0.9122819247029623,0.5471367367205425,0.617709127252926,0.8931711276265943,0.7425747290757563
242,8.0,2.0,1.0,1.0,3,0.6645109135004041,0.3821862348178138,0.2910266774454325,0.7097141742706299,0.6064356565475464,0.8072966890333536,0.6073963005180337,0.6812203961596012,0.7477949755692681,0.7109270903200642
243,8.0,2.0,1.0,1.0,3,0.6158854166666666,0.32594524119947843,0.2799479166666667,0.6587884426116943,0.5919555425643921,0.838603344427223,0.5074891268832339,0.6626056567669483,0.8040893270856675,0.7031968637907682
244,8.0,1.0,0.0,0.5555555555555556,2,0.5077208153180977,0.2102659245516388,0.24459542927733172,0.6537960171699524,0.6612257361412048,0.8452901073680311,0.6966625088597301,0.8090779172066589,0.6605791551243442,0.752902422139691
245,3.0,1.0,1.0,0.5555555555555556,3,0.4662203286670724,0.24619134673979282,0.2556299452221546,0.669300377368927,0.867097020149231,0.4957815101351791,0.6694609148731541,0.8484100835068991,0.36465916291989453,0.5945779178587817
246,1.0,1.0,0.0,1.0,2,0.6201834862385321,0.28413962033067974,0.28134556574923547,0.6669304966926575,0.6862905025482178,0.846487247466834,0.5214855768904497,0.6762412940896633,0.8316797359962395,0.7189734636107966
247,9.0,2.0,1.0,0.6666666666666666,3,0.5085324232081911,0.203872437357631,0.1956769055745165,0.618574857711792,0.5773612856864929,0.8493497484242325,0.5833092746701259,0.7308593794561076,0.8646611795348544,0.7570448955213301
248,1.0,1.0,0.0,1.0,1,0.5657894736842106,0.3113456464379947,0.3763157894736842,0.668673574924469,0.7339503169059753,0.16074996991790474,0.7651952100377754,0.7448730808648774,0.18098700602014664,0.46295131671017603
249,3.0,2.0,0.0,0.5555555555555556,2,0.5321923390383048,0.2716150081566069,0.2502037489812551,0.6819596886634827,0.7235450148582458,0.786187721507487,0.6230053234710076,0.6907451141312673,0.7816671358346416,0.7204013237361009
250,1.0,2.0,1.0,0.5555555555555556,1,0.5738693467336683,0.2776659959758551,0.24824120603015076,0.6200042366981506,0.6774347424507141,0.8837235223589102,0.6340022885516566,0.7012825691112564,0.8442993569036628,0.7658269342313715
251,2.0,2.0,1.0,0.6666666666666666,3,0.5459890802183957,0.24968474148802017,0.19319613607727845,0.6363463997840881,0.7071715593338013,0.9121421003621404,0.5688138237138672,0.8038114863640876,0.8848853372925388,0.7924131869331585
252,13.0,2.0,0.0,0.6666666666666666,1,0.5360038149737721,0.24057279236276852,0.2184072484501669,0.6389020085334778,0.7387689352035522,0.6212876656038433,0.6011188520886152,0.7459541570744228,0.5159313615190985,0.621073009071495
253,9.0,1.0,0.0,1.0,3,0.5467289719626169,0.2388758782201405,0.22663551401869156,0.644217848777771,0.7438951134681702,0.2773112244005398,0.7149594820244584,0.6807792309710726,0.21302987881533794,0.4715199540528522
254,8.0,2.0,0.0,0.75,2,0.6182432432432433,0.3134160090191657,0.2331081081081081,0.6351724863052368,0.7289536595344543,0.8921289088200276,0.5906978516918339,0.6951477352134223,0.8880451728177946,0.7665049171357696
255,1.0,1.0,0.0,1.0,1,0.5541635961680176,0.2583025830258303,0.2564480471628593,0.6559591889381409,0.6163022518157959,0.8923354922868025,0.6393498833839731,0.6994056052409278,0.8317849139351726,0.765718973711719
256,1.0,2.0,1.0,0.875,1,0.49662041977943794,0.2313990744037024,0.18285307719672714,0.627882719039917,0.6958224177360535,0.8993187768956428,0.617994758130716,0.695213863447791,0.8862024916544788,0.7746824725321572
257,2.0,1.0,0.0,1.0,1,0.6335877862595419,0.3363914373088685,0.30381679389312977,0.6848599314689636,0.5591400265693665,0.32260355001370183,0.6356045755283656,0.764537669578284,0.243749832825458,0.4916239069864523
258,9.0,2.0,0.0,0.6666666666666666,2,0.5936768149882904,0.223915592028136,0.1873536299765808,0.6215313076972961,0.7508555054664612,0.8051167536592971,0.5525726456441686,0.7857081054264892,0.819083000130297,0.740620126215063
259,2.0,1.0,1.0,1.0,1,0.6159600997506235,0.30087390761548066,0.2730673316708229,0.5795065760612488,0.8087603449821472,0.28586743807453846,0.6672425460414257,0.7258448130282398,0.22446395030104435,0.4758546868613121
260,8.0,2.0,0.0,0.75,1,0.5512878445549029,0.2722749886928991,0.25666516041572524,0.6868613958358765,0.698921263217926,0.8986205253867467,0.6372069151056671,0.7327072440471207,0.8800480733105916,0.7871456894625316
261,9.0,1.0,0.0,0.75,2,0.5444711538461539,0.27797833935018046,0.2644230769230769,0.6535393595695496,0.5505021214485168,0.061060568033960455,0.6917746518138606,0.889885361136225,0.043506969172044746,0.42155688753902265
262,8.0,1.0,1.0,0.6666666666666666,2,0.44922547332185886,0.21379310344827587,0.23063683304647156,0.6369487643241882,0.7104553580284119,0.9146642834065669,0.6398675887317211,0.5870453395615393,0.8157850284118782,0.7393405600279264
263,7.0,1.0,1.0,0.75,2,0.6063893911995177,0.35365117682558844,0.33273056057866185,0.6616699695587158,0.7399181127548218,0.38114319040480454,0.6441615446988604,0.7335320776483686,0.22195994067663016,0.495199188357166
264,2.0,2.0,0.0,1.0,1,0.6385372714486639,0.3577464788732394,0.2981715893108298,0.6967296600341797,0.726201593875885,0.819328832098053,0.5811964129709173,0.7442247238598864,0.8518436843064041,0.7491484133088152
265,8.0,2.0,1.0,0.75,3,0.521087160262418,0.23639774859287052,0.2305529522024367,0.6240510940551758,0.7013202905654907,0.33466813808714324,0.6820303460304739,0.6122445169187645,0.17662560288926993,0.45139215098141283
266,2.0,2.0,0.0,0.5714285714285714,1,0.5843344545891398,0.2491582491582491,0.23354156655454106,0.6268697381019592,0.7686738967895508,0.9016462434137177,0.5653867890476543,0.7551606068109291,0.8599686724383604,0.7705405779276654
267,1.0,2.0,1.0,0.875,1,0.3979949874686716,0.2167586552935273,0.23659147869674182,0.6257398128509521,0.7304908633232117,0.6711492863452508,0.6917055064051114,0.7860129772945605,0.6284842206222319,0.6943379976667887
268,8.0,1.0,1.0,0.75,2,0.6033898305084746,0.30821452817379497,0.28203389830508474,0.6488212943077087,0.727418839931488,0.9039761213018032,0.6304660820014678,0.6465578616147988,0.8933165895085575,0.7685791636066568
269,10.0,2.0,0.0,0.75,3,0.6196660482374768,0.2996904024767802,0.2820037105751391,0.6623677611351013,0.6866360902786255,0.8981155654330398,0.5626370822904289,0.7989328441017033,0.8880698624310082,0.786938838564045
270,2.0,2.0,1.0,0.875,1,0.6509009009009009,0.2931228861330327,0.23423423423423423,0.638516902923584,0.7287880182266235,0.8669019050091664,0.619889224496501,0.7209193189547513,0.8467200455383144,0.7636076234996833
271,8.0,1.0,1.0,1.0,3,0.6239837398373984,0.3397761953204476,0.29065040650406504,0.6731711626052856,0.6546847820281982,0.8316072322970807,0.5358809912745975,0.6489824447865489,0.8162575769907736,0.7081820613372503
272,2.0,2.0,0.0,1.0,1,0.6411483253588517,0.3245508982035928,0.26555023923444976,0.6192849278450012,0.7111782431602478,0.8819410860725205,0.5445244833037899,0.7072356226876179,0.8743071972302716,0.75200209732355
273,3.0,2.0,1.0,0.75,1,0.49783923941227304,0.2510822510822511,0.2834917891097666,0.6418339610099792,0.8264873027801514,0.5582607282740794,0.6732707124734066,0.8232801785192472,0.44230163489377977,0.6242783135401282
274,10.0,2.0,0.0,1.0,3,0.6032276015581525,0.24623955431754874,0.2159154145798553,0.597146213054657,0.6758381128311157,0.8855399728931163,0.6110426780144648,0.7411622476226097,0.8495249344712409,0.771817458250358
275,1.0,2.0,1.0,0.8888888888888888,1,0.650375939849624,0.29736511919698866,0.26566416040100255,0.6768738627433777,0.663463830947876,0.8349157297041929,0.4501546247821842,0.5774736282444013,0.7840407360894392,0.6616461797050543
276,8.0,1.0,1.0,0.875,2,0.5867507886435331,0.2543443917851501,0.2397476340694006,0.6237232089042664,0.6825760006904602,0.6214479524272788,0.6078217079772582,0.7462672481923512,0.7030712569485285,0.6696520413863543
277,1.0,1.0,1.0,0.8888888888888888,2,0.6463834672789898,0.332183908045977,0.27210103329506313,0.639165461063385,0.6267359256744385,0.8764693569947453,0.6028554356455498,0.6631826987281643,0.8704778216423746,0.7532463282527085
278,8.0,1.0,1.0,1.0,1,0.5818181818181819,0.27450980392156865,0.2713286713286713,0.6549447178840637,0.5959492325782776,0.30023332855396884,0.6390087644565002,0.6600520623283864,0.3127295012099445,0.4780059141372
279,6.0,2.0,1.0,1.0,3,0.5646794150731159,0.22747747747747749,0.2328458942632171,0.6400052309036255,0.7644981741905212,0.8307591249509952,0.7642405015525433,0.8409359394602481,0.8326411664768268,0.8171441831101534
280,3.0,1.0,0.0,0.75,1,0.46140651801029164,0.1907216494845361,0.2195540308747856,0.6357238292694092,0.6061950325965881,0.48259084178381556,0.5764856261584449,0.7243571135259547,0.34575666356834445,0.5322975612591399
281,1.0,2.0,1.0,0.625,1,0.49305555555555564,0.2611717974180735,0.21924603174603172,0.6406184434890747,0.631472647190094,0.8963019763168376,0.6432513307236117,0.7221090228615542,0.8472563502097469,0.7772296700279375
282,1.0,1.0,0.0,0.625,1,0.5610795454545454,0.2190611664295875,0.22443181818181818,0.6553728580474854,0.7722933888435364,0.7943591165171346,0.7914306252404362,0.8614215681208857,0.43258247412910017,0.7199484460018891
283,1.0,2.0,1.0,0.625,1,0.6553727008712488,0.3149224806201551,0.23717328170377544,0.6559734344482422,0.7385162115097046,0.9127679539888363,0.6637396584823123,0.7785018293833069,0.8996388215334259,0.8136620658469704
284,1.0,2.0,1.0,1.0,1,0.13233923578751164,0.06902985074626866,0.08201304753028892,0.5638265609741211,0.6301328539848328,0.8868895510940338,0.800820749850731,0.8172810924823781,0.7377089321200836,0.8106750813868067
285,2.0,1.0,0.0,1.0,1,0.5886475122634899,0.24,0.2312543798177996,0.6580486297607422,0.7290729880332947,0.8380716968747125,0.5876746179943348,0.694727950793103,0.70811494146954,0.7071473017829226
286,9.0,1.0,0.0,1.0,2,0.6378378378378379,0.34034876728803365,0.3279279279279279,0.645451545715332,0.7134010791778564,0.8407939556686409,0.6161141865782482,0.6497960068737237,0.8388697015340874,0.736393462663675
287,1.0,2.0,1.0,1.0,1,0.6540389972144848,0.3402119353039599,0.25738161559888584,0.6506730318069458,0.7223020195960999,0.8419682278479654,0.638603546209972,0.6669105808384309,0.8660039448712241,0.7533715749418981
288,8.0,2.0,1.0,0.8888888888888888,3,0.6740524781341108,0.3234092235843549,0.31020408163265306,0.6632972359657288,0.6435509324073792,0.8921852523270745,0.5426383467476786,0.7132523240117389,0.8911058825969717,0.7597954514208659
289,1.0,2.0,1.0,0.6666666666666666,1,0.6132930513595166,0.3084677419354839,0.23766364551863045,0.6598294377326965,0.7346948385238647,0.8689651376192177,0.47049596822841355,0.7896162479834605,0.8463521371852666,0.7438573727540896
290,1.0,1.0,0.0,1.0,1,0.6396713615023474,0.2796709753231493,0.2687793427230047,0.6564184427261353,0.6962753534317017,0.9052202746420317,0.6457690401243166,0.7023744902956288,0.8871826706951665,0.785136618939286
291,2.0,2.0,0.0,1.0,4,0.6,0.29844961240310075,0.27096774193548384,0.6325778365135193,0.6317447423934937,0.28008073308771786,0.3946717382370606,0.7632122511406361,0.2317601630456406,0.4174312213777638
292,1.0,2.0,1.0,1.0,1,0.6063675832127352,0.2739130434782609,0.23444283646888567,0.657646119594574,0.5706273913383484,0.7052841191928169,0.5147130325701087,0.6406087304881393,0.7149789238657396,0.6438962015292011
293,8.0,1.0,1.0,1.0,2,0.5855855855855856,0.24871134020618557,0.21492921492921493,0.6351913213729858,0.6016104817390442,0.8608820982129173,0.5178736175229413,0.7354076614237538,0.8469736309756988,0.7402842520338277
294,1.0,1.0,0.0,0.625,1,0.6390041493775934,0.335180055401662,0.28492392807745504,0.6953809857368469,0.7504478693008423,0.7546386465468382,0.657536908177999,0.7371984785321576,0.7610634974438588,0.7276093826752135
295,8.0,1.0,0.0,0.7142857142857143,2,0.5849172286940527,0.2565991405770412,0.2158185162477008,0.6693311333656311,0.6506648063659668,0.9268465337119225,0.5548061075575819,0.7610416505569189,0.9076923887321109,0.7875966701396335
296,1.0,2.0,0.0,0.75,2,0.5320409262250942,0.23504043126684637,0.21217016693591817,0.6224392056465149,0.6909549832344055,0.5226678726022516,0.6542530412455156,0.6048008503553056,0.5528813342318621,0.5836507746087338
297,8.0,1.0,1.0,0.5714285714285714,1,0.31414971873647773,0.1628410567345171,0.16096927736910427,0.6499235033988953,0.7142845988273621,0.9056440613444997,0.7633068313513494,0.8694575185071654,0.8089630366990115,0.8368428619755064
298,2.0,1.0,1.0,1.0,1,0.4128617363344051,0.22665808113329036,0.20964630225080386,0.6543877720832825,0.737117350101471,0.2718053135508825,0.7663519930761062,0.7885864878967832,0.19214116247726507,0.5047212392502592
299,9.0,2.0,1.0,1.0,1,0.5990950226244344,0.3064369900271986,0.2606334841628959,0.6520331501960754,0.5554534196853638,0.7883954506318825,0.6537648133567637,0.7314095746468134,0.7212232913089732,0.7236982824861082
300,2.0,1.0,1.0,1.0,2,0.640098099325567,0.3118477593615715,0.29429797670141017,0.6427257657051086,0.6035590767860413,0.8495584668387556,0.6036580364990127,0.6972487123281866,0.8282709331286093,0.7446840371986411
301,8.0,2.0,0.0,1.0,2,0.49634065202927474,0.2758161225849434,0.24617431803060547,0.6450531482696533,0.6666783690452576,0.18025522488663331,0.7423509441505448,0.5920737647413706,0.2583578042273641,0.4432594345014782
302,9.0,1.0,1.0,0.75,2,0.4538258575197889,0.2431718061674009,0.21459982409850484,0.6405072212219238,0.7781639695167542,0.6702129454075374,0.6791101794497203,0.706971102057729,0.5439066082799534,0.650050208798735
303,8.0,1.0,1.0,1.0,1,0.5279132791327913,0.30059685295713506,0.28184281842818426,0.6474550366401672,0.7863977551460266,0.4592986237864416,0.5984575126111303,0.8055237222416352,0.41204527900078947,0.5688312844099991
304,1.0,1.0,0.0,0.875,1,0.5709156193895871,0.24100719424460426,0.2333931777378815,0.6465525031089783,0.8183481693267822,0.18955185457317217,0.6713104620555109,0.7874747583947893,0.17257190514053258,0.45522724504100126
305,7.0,2.0,0.0,0.75,2,0.5291060291060291,0.2330905306971904,0.2079002079002079,0.6270459890365601,0.7423223257064819,0.44978639397559694,0.6109506493090696,0.743315153933444,0.41993814705391747,0.5559975860680071
306,8.0,1.0,0.0,1.0,3,0.574245224892175,0.297347316471314,0.28096118299445466,0.5912787318229675,0.7544483542442322,0.5765189306544132,0.5879342380958968,0.7241615656969419,0.19570835646219345,0.5210807727273613
307,1.0,1.0,1.0,1.0,3,0.5845238095238096,0.3289630512514899,0.2642857142857143,0.6875518560409546,0.6231051087379456,0.8601030135979058,0.622472543844113,0.828833495644386,0.8368397802750132,0.7870622083403545
308,8.0,1.0,1.0,1.0,1,0.603448275862069,0.31351869606903165,0.21551724137931036,0.6318610310554504,0.7927547693252563,0.8947263492635132,0.5638795448357875,0.7576202576517183,0.8142639665117063,0.7576225295656813
309,1.0,1.0,1.0,0.625,2,0.6516587677725119,0.265717674970344,0.24644549763033174,0.6669183969497681,0.7675495743751526,0.8569279508572417,0.6339165028902456,0.846155920163428,0.8614635268807904,0.7996159751979264
310,1.0,1.0,0.0,0.75,1,0.61875,0.2728410513141427,0.28125,0.6853383183479309,0.6953102350234985,0.9173185711970704,0.635852100609384,0.8007959216059747,0.8786217805200173,0.8081470934831116
311,1.0,2.0,1.0,0.875,1,0.6294227188081937,0.29707893101305155,0.25574177529484793,0.6506773233413696,0.7031038403511047,0.8767289128464026,0.6032205047700925,0.8297904164693576,0.8601727175218847,0.7924781379019343
312,5.0,2.0,1.0,0.625,1,0.4858987427794767,0.25161509690581435,0.1875637104994903,0.652528703212738,0.7302548289299011,0.9202680284130067,0.4652465015253556,0.7360122325887488,0.8996799364611514,0.7553016747470656
313,4.0,2.0,1.0,0.625,1,0.6740273396424816,0.3757894736842105,0.2986330178759201,0.6410186290740967,0.7813327312469482,0.8370027813726755,0.5265119446369422,0.7875062373122566,0.8352350055731625,0.7465639922237592
314,9.0,1.0,0.0,1.0,2,0.5574963609898108,0.24927113702623907,0.24890829694323147,0.6551212668418884,0.6030653715133667,0.8693405011973461,0.4468185620599813,0.6994101783893021,0.853852586948581,0.7173554571488026
315,8.0,1.0,1.0,1.0,2,0.5439446366782007,0.26195426195426197,0.24083044982698962,0.6727509498596191,0.7186811566352844,0.4893847263932514,0.7691207502547156,0.7831577116654849,0.43645888791162574,0.6195305190562693
316,9.0,2.0,1.0,0.625,1,0.4677236693091732,0.25510204081632654,0.2332955832389581,0.6237688064575195,0.741710901260376,0.19261957872962754,0.5674664517239885,0.6634846648067892,0.14649117801993433,0.3925154683200849
317,1.0,1.0,0.0,1.0,1,0.6057142857142856,0.2860411899313501,0.2651428571428571,0.6916730403900146,0.6585304737091064,0.9094124642752116,0.6319126568636054,0.7723278266520752,0.8935898730778973,0.8018107052171974
318,2.0,2.0,1.0,1.0,1,0.5702127659574469,0.39280643634642687,0.3252955082742317,0.6751972436904907,0.8734392523765564,0.18164774010652027,0.7202197254382033,0.7541145094688579,0.1613228305868713,0.4543262014001132
319,4.0,1.0,1.0,0.8888888888888888,2,0.6397759103641456,0.3140773976444195,0.2554621848739495,0.6330401301383972,0.6514450311660767,0.9025275402789735,0.6012491584486157,0.5773639620420202,0.8614590281976828,0.7356499222418231
320,1.0,1.0,0.0,1.0,1,0.5684210526315789,0.3114754098360656,0.23040935672514617,0.6550161838531494,0.7518223524093628,0.8995574518439964,0.6115793875919476,0.7418441252241672,0.8752559105330667,0.7820592187982944
321,4.0,1.0,1.0,0.8888888888888888,2,0.48078175895765474,0.2870189171559035,0.25276872964169383,0.6635656356811523,0.7958630919456482,0.7260991941056711,0.7055983644053915,0.6079750509801091,0.45379953023154307,0.6233680349306787
322,1.0,2.0,1.0,0.75,1,0.5275407292474786,0.24456521739130435,0.2055857253685027,0.597104549407959,0.6662631630897522,0.8359539145743321,0.5661298375322253,0.6876044897366229,0.8255053900814776,0.7287984079811645
323,9.0,1.0,0.0,0.5555555555555556,3,0.5776859504132231,0.3209263854425145,0.303305785123967,0.6466552019119263,0.675139307975769,0.8909540482164737,0.5588185200371516,0.7284679290504285,0.880674300537975,0.7647286994605071
324,2.0,2.0,0.0,1.0,2,0.14765596160945,0.09678611008496489,0.10040605389442597,0.6518280506134033,0.7622103691101074,0.5231133108304866,0.7363017972293484,0.7310302391518316,0.4452525189668329,0.608924466544625
325,2.0,1.0,1.0,1.0,2,0.6709677419354838,0.3487962419260129,0.22756598240469206,0.6412099599838257,0.8431434631347656,0.829079629834357,0.5173445799876638,0.6652733854003585,0.7978341706955985,0.7023829414794945
326,10.0,2.0,1.0,1.0,2,0.4649499284692419,0.2621776504297994,0.23891273247496422,0.6855979561805725,0.7011122107505798,0.1878072804934331,0.5952485585606874,0.7082080044446066,0.09937105647400836,0.3976587249931839
327,8.0,1.0,1.0,0.75,3,0.5390713476783692,0.28798185941043086,0.2332955832389581,0.591622531414032,0.6580744385719299,0.27800855102810823,0.65161771617335,0.764351776504365,0.15926660427788442,0.4633111619959269
328,1.0,1.0,0.0,0.5555555555555556,1,0.6076845298281092,0.2692307692307692,0.24165824064711833,0.6580598950386047,0.7649648785591125,0.8161841035086764,0.6542874559237501,0.7798314554267296,0.8076116540432468,0.7644786672256008
329,1.0,2.0,1.0,1.0,1,0.5047361299052774,0.24661246612466126,0.2246278755074425,0.6489322781562805,0.5058344602584839,0.5087214487476471,0.6184874296787481,0.7155945999108236,0.3497080044499101,0.5481278706967823
330,2.0,2.0,1.0,1.0,1,0.6122258516098926,0.3615133115366651,0.3201119925338311,0.6436381936073303,0.7349566221237183,0.8824985922405884,0.6650651524723191,0.7710076138958243,0.8548120570386792,0.7933458539118527
331,2.0,2.0,1.0,1.0,1,0.6514830508474577,0.34252386002120894,0.274364406779661,0.6849510073661804,0.6038375496864319,0.9155192316290595,0.596628806829274,0.7266959925984628,0.9053824597142428,0.7860566226927599
332,3.0,2.0,1.0,1.0,1,0.6152805949966192,0.3046716316858497,0.27586206896551724,0.682971179485321,0.7568989992141724,0.7418002415085037,0.5679324191419439,0.6918133509990346,0.7509987342380088,0.6881361864718727
333,2.0,2.0,1.0,1.0,1,0.5611031859248693,0.24559733460257016,0.22824536376604848,0.6258069276809692,0.7531195878982544,0.6227708112208341,0.682266223201991,0.7404521825811836,0.5471563167605172,0.6481613834411314
334,9.0,1.0,1.0,1.0,2,0.6036036036036035,0.3266533066132265,0.2692692692692693,0.6335945725440979,0.7724340558052063,0.8893374235012975,0.6013946897855569,0.7138023979581725,0.8754799931147202,0.7700036260899368
335,8.0,1.0,0.0,1.0,2,0.6115466856735566,0.278372591006424,0.2722736992159658,0.649954617023468,0.6687415242195129,0.889423095907861,0.6701574136722989,0.688585755270102,0.8588920791099115,0.7767645859900434
336,8.0,1.0,1.0,1.0,1,0.6004140786749482,0.304077401520387,0.27329192546583847,0.6832790374755859,0.7384723424911499,0.8343940066779065,0.6889688566818161,0.7755106720296762,0.8583965743740866,0.7893175274408712
337,10.0,2.0,1.0,1.0,2,0.676604018146468,0.3491239454899416,0.28256642903434864,0.6524142622947693,0.5949604511260986,0.8694621705449344,0.5919867310939069,0.5887294532481463,0.8144223913190872,0.7161501865515187
338,8.0,2.0,1.0,1.0,2,0.4824355971896956,0.2845664546367593,0.23954499832719978,0.6244426369667053,0.7759604454040527,0.8914031592723961,0.5552347097994254,0.7963486332321097,0.8872379033241967,0.7825561014070319
339,8.0,1.0,1.0,0.875,2,0.6674570243034973,0.3655786350148368,0.3224659158269117,0.6504969596862793,0.6919922232627869,0.6302119062442351,0.575233772227816,0.8315388535693033,0.6480439997825593,0.6712571329559784
340,8.0,1.0,1.0,1.0,1,0.5219941348973608,0.2511013215859031,0.2346041055718475,0.6659701466560364,0.5768681764602661,0.27049660347236365,0.7002464675555786,0.6720746739670349,0.27047283435218317,0.4783226448367901
341,1.0,2.0,1.0,0.75,1,0.6000000000000001,0.32453245324532454,0.27142857142857146,0.6359736919403076,0.7964785695075989,0.39573276370647004,0.5669937236140072,0.8234090589805687,0.26920171591241193,0.5138343155533645
342,2.0,1.0,1.0,1.0,3,0.5433357611070648,0.3078045222465354,0.3233794610342316,0.682566225528717,0.7785161137580872,0.8329588219022794,0.6217286365551743,0.7432824962883943,0.6999024618314263,0.7244681041443185
343,8.0,2.0,1.0,1.0,2,0.6200814111261872,0.2934782608695652,0.23744911804613297,0.6567149758338928,0.6728309988975525,0.5382546984865827,0.6181622054704055,0.7735801309822942,0.43204995235597915,0.5905117468238154
344,9.0,2.0,1.0,1.0,0,0.5576342788171393,0.26706948640483386,0.2546771273385637,0.6558496952056885,0.6315436363220215,0.729404955675253,0.513236227129254,0.6870156827435923,0.7484910688423921,0.6695369835976228
345,9.0,1.0,0.0,0.75,1,0.699252443933295,0.3822682786413357,0.34387579068430135,0.7166510820388794,0.7351791858673096,0.7717679105414504,0.6670950750331507,0.7177547809643838,0.7273694613861148,0.7209968069812749
346,1.0,2.0,1.0,0.75,1,0.5537130497476568,0.22815884476534296,0.25666906993511174,0.6388013362884521,0.6742693185806274,0.25171641381809684,0.5206598791283047,0.6698274008971687,0.46043099386872843,0.47565867192807465
347,2.0,2.0,1.0,1.0,1,0.5682554372975475,0.31403427512737375,0.2720962517353077,0.6348928213119507,0.6949750185012817,0.8931214232279512,0.6221796747747727,0.7900671088550447,0.857884208075606,0.7908131037333436
348,3.0,2.0,0.0,1.0,2,0.4909520062942565,0.22834645669291337,0.18095987411487016,0.6063022613525391,0.7095767855644226,0.8786389368242555,0.4757914083872546,0.7731261448199955,0.8666771025319292,0.7485583981408587
349,9.0,1.0,1.0,0.875,1,0.41869158878504675,0.19837804117280097,0.20934579439252338,0.6602329611778259,0.6475626826286316,0.35567275983900554,0.6686599082334767,0.763989612591957,0.18239270369222307,0.49267874608916556
350,1.0,2.0,1.0,0.5555555555555556,1,0.6652452025586354,0.35538954108858056,0.2697228144989339,0.6433168053627014,0.7376218438148499,0.8957037528844933,0.552997093674509,0.5953917868615296,0.8468475476107774,0.7227350452578274
351,9.0,1.0,1.0,1.0,2,0.42148760330578516,0.20094562647754136,0.17001180637544275,0.627265214920044,0.7163459062576294,0.6149769014608362,0.683553459898768,0.7676469390471169,0.6961558819006429,0.690583295576841
352,2.0,1.0,1.0,0.625,3,0.4928909952606635,0.25898305084745765,0.25863236289776576,0.6566830277442932,0.8168690204620361,0.12093632801026602,0.6812596724592791,0.7292278323070689,0.20063167240523488,0.43301387629546223
353,1.0,2.0,1.0,0.625,1,0.5942173479561316,0.28443113772455086,0.22233300099700895,0.6448004245758057,0.5565690398216248,0.8478535406687107,0.6780175039948131,0.7854234988508525,0.8631598846085535,0.7936136070307325
354,4.0,2.0,0.0,0.625,1,0.5994854202401373,0.311587982832618,0.24871355060034306,0.6465326547622681,0.8394930362701416,0.8649963570088148,0.6823557212052026,0.8181948657735387,0.8568290785883808,0.8055940056439843
355,13.0,1.0,0.0,0.75,3,0.3413284132841328,0.1966759002770083,0.17804428044280443,0.6696745157241821,0.7216176390647888,0.8731892912328519,0.6776823529159958,0.8384180254696144,0.7749149974805651,0.7910511667747568
356,4.0,2.0,1.0,0.875,1,0.6420581655480985,0.3303471444568869,0.3243847874720358,0.6460508108139038,0.6638879776000977,0.9107290923753611,0.5904299861673167,0.7581983514512741,0.8949226028336245,0.7885700082068942
357,3.0,2.0,1.0,1.0,1,0.5246113989637305,0.29571984435797666,0.2797927461139897,0.6319296956062317,0.8188480734825134,0.14060044637162714,0.5257717050609012,0.8630516196094519,0.3682621916264929,0.47442149066711825
358,1.0,2.0,1.0,0.625,1,0.318297009630005,0.20903094875697617,0.22098327420172326,0.6465844511985779,0.6827474236488342,0.4576213853731808,0.8114921241907902,0.7774250277238813,0.13227404612831112,0.5447031458540409
359,9.0,2.0,1.0,0.7777777777777778,1,0.6181384248210023,0.31899641577060933,0.30787589498806683,0.6923472881317139,0.6266834139823914,0.8935406904882542,0.5877340651612711,0.7004786825736424,0.8701028833670316,0.7629640803975498
360,1.0,1.0,0.0,1.0,1,0.3866348448687351,0.200796812749004,0.21797931583134444,0.6414332389831543,0.6511884331703186,0.7653395098595297,0.790232836546488,0.8923045907505439,0.6740780427010108,0.7804887449643931
361,8.0,2.0,1.0,1.0,3,0.38852672750977835,0.21437908496732025,0.18252933507170793,0.6194294095039368,0.6482057571411133,0.7568829673739466,0.8239950504555253,0.8563803273931445,0.683840756254486,0.7802747753692757
362,8.0,2.0,1.0,1.0,2,0.5722639933166249,0.28595317725752506,0.2481203007518797,0.6627637147903442,0.659504234790802,0.8643098724317481,0.5198100860796242,0.7622178310894091,0.8628750103470785,0.7523031999869649
363,8.0,2.0,1.0,0.875,2,0.47365501941209104,0.25874514158800666,0.21963394342762066,0.6408613324165344,0.6344279050827026,0.6070440805489075,0.6646013797255711,0.7650169707483089,0.4025826041819623,0.6098112588011875
364,2.0,2.0,1.0,1.0,2,0.5109257052046087,0.2353876739562624,0.21613031386571316,0.6320878267288208,0.6457275748252869,0.7889076612990952,0.529877238271998,0.7401202106339537,0.7815238404164561,0.7101072376553758
365,1.0,1.0,1.0,1.0,1,0.5977318212141427,0.26853707414829664,0.266844563042028,0.667165219783783,0.6272866725921631,0.7727186143750454,0.6176706958285375,0.7903110764593818,0.7544750501824025,0.7337938592113418
366,8.0,1.0,0.0,0.75,3,0.5746812386156649,0.2962625341841385,0.23132969034608378,0.6813879609107971,0.7444460391998291,0.8951718948393736,0.5966523419543651,0.654682324857402,0.867291050657561,0.7534494030771755
367,8.0,2.0,0.0,1.0,2,0.5939675174013922,0.305458768873403,0.24013921113689093,0.6081035733222961,0.6918504238128662,0.6283017143294478,0.5253619457064406,0.6485836752399895,0.5967286255678884,0.5997439902109416
368,9.0,1.0,1.0,1.0,2,0.39473684210526316,0.24965325936199725,0.22160664819944598,0.6880216002464294,0.6913026571273804,0.272519948748858,0.6995745963439304,0.7006058425201507,0.29750539772258217,0.49255144633388026
369,9.0,1.0,1.0,1.0,3,0.6704617330803289,0.4141861937935402,0.3693864642631246,0.6826735138893127,0.7162643074989319,0.7983774372353144,0.5962335401670438,0.6727031471839275,0.7927970161733913,0.7150277851899193
370,3.0,2.0,1.0,0.7777777777777778,1,0.39373368146214105,0.23314166231050706,0.20678851174934723,0.6246682405471802,0.7267672419548035,0.21932610132368488,0.6614124849127981,0.6642871361106526,0.18836466161940288,0.43334759599163464
371,1.0,1.0,0.0,0.75,1,0.6174496644295302,0.2945128779395297,0.24608501118568232,0.6147561073303223,0.720969021320343,0.8901092406779122,0.6190107395296534,0.6261277232299998,0.8691377514771632,0.751096363728682
372,9.0,1.0,1.0,1.0,3,0.5586419753086419,0.26158599382080333,0.22839506172839505,0.6635011434555054,0.7242787480354309,0.8895708234324098,0.6558883506604748,0.6456112617421782,0.8698559811209394,0.7652316042390006
373,9.0,2.0,1.0,1.0,2,0.3080459770114943,0.1995395241749808,0.15632183908045977,0.6583893299102783,0.6454388499259949,0.566474754693905,0.660898939469523,0.6888681003958537,0.3226812456797234,0.5597307600597513
374,2.0,1.0,0.0,0.7777777777777778,1,0.442429737080689,0.2459165154264973,0.20761559383499548,0.667881429195404,0.7067700028419495,0.7920985695738709,0.6566327068274284,0.7395418587517482,0.6974063986322735,0.7214198834463302
375,2.0,1.0,1.0,0.6666666666666666,2,0.47989365237620474,0.22148320585300965,0.19807244931871054,0.6413363218307495,0.686503529548645,0.8881853646916522,0.5774094425092985,0.7100030175887688,0.8518989255549513,0.7568741875861678
376,2.0,1.0,1.0,0.5555555555555556,2,0.485471296952516,0.2631205673758865,0.22537207654145994,0.6124986410140991,0.7662407755851746,0.6982958196290393,0.4892056741243145,0.5857001428096882,0.7059286102679011,0.6197825617077358
377,9.0,2.0,1.0,1.0,3,0.6576623376623377,0.3296931877275091,0.27532467532467536,0.692592203617096,0.6723422408103943,0.8846633348687841,0.5393310208852956,0.6224203320599119,0.8328778402552963,0.719823132017322
378,9.0,2.0,1.0,0.5555555555555556,1,0.6009438909281594,0.31811023622047246,0.2642894598846356,0.6847282648086548,0.6016800403594971,0.576530713970038,0.4550455195959249,0.6760098802176568,0.6173968077686741,0.5812457303880735
379,2.0,2.0,1.0,1.0,1,0.5529801324503312,0.24088397790055247,0.2240618101545254,0.6304895877838135,0.6696574091911316,0.8971673410259036,0.5786915193622139,0.7251955223766215,0.8639166405447146,0.7662427558273635
380,1.0,2.0,1.0,1.0,1,0.6032432432432432,0.2932900432900433,0.28864864864864864,0.6792482733726501,0.8070215582847595,0.7201939850149306,0.62000714091398,0.6505742567816727,0.7493510675567158,0.6850316125668248
381,1.0,2.0,1.0,0.5555555555555556,1,0.5482517482517483,0.2622491833877742,0.23776223776223773,0.6483727097511292,0.7586605548858643,0.8888590267558305,0.6617943009604723,0.7615367444036937,0.8359454721972676,0.787033886079316
382,1.0,1.0,0.0,0.625,1,0.6319056486654253,0.32318210068365444,0.2967101179391682,0.6438908576965332,0.8626551628112793,0.3234764267260164,0.6934690502969231,0.7694280719029263,0.37501804188255955,0.5403478977021063
383,9.0,1.0,1.0,1.0,2,0.6021505376344086,0.3157355202460277,0.2529441884280594,0.6352071166038513,0.6624832153320312,0.7730120792450739,0.5948338570901482,0.6436275395435459,0.7437784081993656,0.6888129710195334
384,1.0,2.0,1.0,0.6666666666666666,1,0.6197516262566529,0.30669034931912376,0.26729745712596104,0.6531923413276672,0.6979507207870483,0.6490029632892481,0.5342843057044587,0.6638922386885105,0.7379693019361783,0.6462872024045989
385,1.0,2.0,1.0,0.8888888888888888,1,0.3665454545454545,0.20538965768390385,0.21672727272727274,0.5909441709518433,0.7099223732948303,0.624521274336758,0.6504933957270762,0.4370749884042381,0.3109044844683808,0.5057485357341133
386,1.0,1.0,0.0,0.5555555555555556,1,0.5843253968253969,0.3058589870903674,0.2777777777777778,0.6646050214767456,0.6224057674407959,0.8232702185220767,0.4585707205034703,0.7719802943600093,0.788466232956259,0.7105718665854538
387,8.0,2.0,0.0,1.0,2,0.5061315496098104,0.23949423577538115,0.20958751393534,0.6039510369300842,0.5978964567184448,0.8111532115199737,0.5638695439897016,0.795408649410759,0.80664041187069,0.744267954197781
388,1.0,1.0,0.0,1.0,1,0.4359214218896165,0.17432052483598875,0.2020579981290926,0.6389195919036865,0.8542340993881226,0.5811039434419433,0.6979521344120697,0.8885766989790139,0.5589355071709629,0.6816420710009975
389,8.0,1.0,1.0,1.0,2,0.464304600740349,0.2678665960825834,0.24537281861448965,0.6788381338119507,0.6798034310340881,0.6429821992619539,0.6639141098364371,0.5997178155758427,0.33381502437964866,0.5601072872634706
390,8.0,1.0,1.0,1.0,2,0.5916666666666668,0.2711157455683003,0.24479166666666666,0.6337471604347229,0.7499523758888245,0.875138247145443,0.7419807754126488,0.7647599511963964,0.862892239493145,0.8111928033119082
391,7.0,1.0,1.0,0.5555555555555556,2,0.5943396226415094,0.35748031496063,0.369496855345912,0.6344569325447083,0.7354734539985657,0.16328670018812344,0.7210904336453566,0.821521158338347,0.10112368457849011,0.4517554941875793
392,7.0,1.0,1.0,0.5555555555555556,2,0.5136422693806842,0.20806241872561768,0.18016457340840192,0.6343827247619629,0.6405963897705078,0.45305553372496077,0.6076002974593269,0.7378396248381915,0.4537659359697155,0.5630653479980487
393,9.0,1.0,1.0,1.0,2,0.5458404074702887,0.2846219201359388,0.27334465195246177,0.6476847529411316,0.7783515453338623,0.5143633624136024,0.6277616137144488,0.787033675221632,0.5224798306760886,0.6129096205064429
394,9.0,2.0,1.0,1.0,2,0.622154779969651,0.3554430379746836,0.3085483055134042,0.6916957497596741,0.6532350778579712,0.8873957120108701,0.5956494056943215,0.7384994994855617,0.8780345080077436,0.7748947812996243
395,9.0,2.0,1.0,1.0,3,0.6526743398781314,0.31728813559322033,0.2938388625592417,0.7032886743545532,0.6593261957168579,0.7936009559751007,0.5799472467468644,0.6566566939774535,0.7764821275143082,0.7016717560534317
396,1.0,2.0,1.0,0.6666666666666666,1,0.6017781937295275,0.34660421545667447,0.28731867103416003,0.6460179090499878,0.7155765891075134,0.8652927733321869,0.6906817709330048,0.7882327670138934,0.8388319892505565,0.7957598251324104
397,2.0,1.0,1.0,0.5555555555555556,2,0.6634569090033703,0.35951807228915666,0.3110255175734232,0.6853621006011963,0.6317585706710815,0.877535247423626,0.5674301949565406,0.6421031952684084,0.8736835959666799,0.7401880584038137
398,7.0,1.0,1.0,0.5555555555555556,3,0.4838478104809763,0.20689655172413793,0.18377602297200288,0.6002417802810669,0.7669194340705872,0.6818285694258277,0.6071088120306921,0.7292387598594167,0.695940405057068,0.6785291365932512
399,2.0,1.0,1.0,0.625,2,0.4974874371859297,0.20787929589270743,0.19095477386934676,0.6326940655708313,0.6892714500427246,0.8659916779626229,0.6345315581181603,0.838116908985361,0.8678105666609356,0.8016126779317699
400,9.0,1.0,0.0,0.5555555555555556,3,0.4148359486447931,0.2146731373108764,0.17289586305278176,0.6267463564872742,0.7052181959152222,0.8912518280840439,0.5338511620156572,0.7041425685864127,0.8557008221541711,0.7462365952100712
401,1.0,1.0,0.0,1.0,1,0.6777851901267511,0.3593854375417501,0.26817878585723814,0.6821847558021545,0.6520877480506897,0.9057158571988709,0.5235334141942118,0.669917536198965,0.8921218016683351,0.7478221523150957
402,1.0,2.0,1.0,1.0,1,0.6571233810497614,0.3631399317406144,0.3449216087252897,0.6531805992126465,0.7536589503288269,0.37173076361408197,0.6912621308091286,0.7866287437822229,0.2626593674248011,0.5280702514075586
403,8.0,2.0,0.0,1.0,2,0.5824949698189136,0.32628398791540786,0.2706237424547283,0.6518749594688416,0.7118716835975647,0.8825092212366179,0.6165361340196363,0.7465300380188901,0.8630677523225438,0.777160786399422
404,3.0,2.0,1.0,0.8888888888888888,1,0.6101048617731172,0.34351145038167935,0.2897998093422307,0.6429277062416077,0.7473231554031372,0.8045879878812264,0.543954928623757,0.6835707209401242,0.7695915746532678,0.7004263030245939
405,1.0,2.0,1.0,0.7777777777777778,1,0.2791762013729977,0.13750954927425516,0.15408085430968727,0.6476674675941467,0.7278318405151367,0.9597083396225664,0.8723580763812732,0.8789676225264632,0.8972593431061687,0.9020733454091179
406,2.0,1.0,1.0,0.7777777777777778,1,0.6088193456614509,0.3132415757000475,0.2304409672830725,0.5907019972801208,0.7252432107925415,0.7306421278037564,0.5388106712448484,0.7370395164461236,0.7552087260462856,0.6904252603852536
407,1.0,2.0,1.0,0.6666666666666666,1,0.6251928020565553,0.3211528564076171,0.20051413881748073,0.6398488879203796,0.7015358209609985,0.794633025317127,0.6567420227804723,0.6369997072970272,0.821967033136351,0.7275854471327443
408,8.0,2.0,0.0,1.0,3,0.38317757009345793,0.22349272349272348,0.21495327102803738,0.616432785987854,0.6768628358840942,0.7709505704600558,0.798979858021731,0.6166972531559787,0.5914218144495306,0.694512374021824
409,3.0,2.0,1.0,0.7777777777777778,1,0.46126604692341744,0.25431989366415597,0.22930500221336877,0.5883471965789795,0.781292736530304,0.40653556156102777,0.5612388580751827,0.8264161267553053,0.3500574597543297,0.5360620015364613
410,10.0,1.0,1.0,0.7777777777777778,3,0.5483741469289443,0.2820409803133788,0.2408671216378964,0.6233670115470886,0.7387797236442566,0.7139752114420906,0.5204944161501805,0.849562173970626,0.6891236809413119,0.6932888706260523
411,6.0,1.0,0.0,0.5555555555555556,1,0.5796269727403156,0.29166666666666674,0.25968436154949787,0.7039675712585449,0.6624918580055237,0.7925561408434577,0.6830411517134388,0.7582032161326061,0.8307434249233429,0.7661359834032113
412,9.0,1.0,1.0,1.0,1,0.26318711826762914,0.12340188993885493,0.14103275957801223,0.6110872626304626,0.6724604964256287,0.5001634233287688,0.7204898024845738,0.7952180679201875,0.2803361261390943,0.5740518549681561
413,5.0,1.0,1.0,0.5555555555555556,1,0.56682629516761,0.3145969498910675,0.29255550718328255,0.6809633374214172,0.7097079753875732,0.8783405377330221,0.40752101113460193,0.6719795715656207,0.8562705701034131,0.7035279226341644
414,8.0,1.0,0.0,0.5555555555555556,2,0.3931320307874482,0.20865441612329577,0.22616933096506806,0.5877922177314758,0.7186193466186523,0.6400369172333878,0.5726135376458124,0.7920428976513114,0.5620118639070545,0.6416763041093915
415,8.0,2.0,0.0,0.7777777777777778,3,0.609271523178808,0.322284548699643,0.25674987264391236,0.6513167023658752,0.6625625491142273,0.9195045025394877,0.5418193359998585,0.7458429770009324,0.8849705031290087,0.7730343296673218
416,9.0,1.0,0.0,0.6666666666666666,1,0.5433734939759036,0.2243667068757539,0.19036144578313252,0.6411105990409851,0.6896147131919861,0.8946931743575617,0.6031041215620455,0.7163210995944604,0.8813373601806277,0.7738639389236739
417,2.0,2.0,1.0,0.8888888888888888,1,0.5763440860215054,0.3331898407232028,0.29333333333333333,0.6926827430725098,0.7085820436477661,0.8772445805532176,0.6625909624645032,0.7613720481297293,0.8535505275776633,0.7886895296812783
418,1.0,2.0,1.0,0.7777777777777778,1,0.2790138304269392,0.1794099939795304,0.16115453998797352,0.6205521821975708,0.7936550378799438,0.6911047469852674,0.6356934344438627,0.7960842702400037,0.7072834645551959,0.7075414790560824
419,8.0,1.0,0.0,1.0,1,0.6298828125,0.3401759530791789,0.25585937499999994,0.6826719641685486,0.636860728263855,0.8783188395841348,0.5227067882742096,0.7367838018722805,0.8738317914377551,0.7529103052920951
420,8.0,2.0,1.0,0.5555555555555556,1,0.41411042944785276,0.2181259600614439,0.21625766871165647,0.6846038103103638,0.7189509868621826,0.6606501812151924,0.6722690983931772,0.8122533226813502,0.6280760801414175,0.6933121706077844
421,4.0,2.0,0.0,0.5555555555555556,2,0.48225923244026064,0.2449275362318841,0.21868211440984794,0.6580086350440979,0.6798208951950073,0.9207542779295516,0.5828381464754379,0.8816380204685962,0.9022692473949928,0.8218749230671446
422,8.0,2.0,1.0,0.5555555555555556,3,0.5293005671077504,0.30192962542565266,0.2389413988657845,0.6491464972496033,0.6798861622810364,0.7457099973529191,0.4930435034084289,0.6863779504021422,0.7641965834684664,0.6723320086579891
423,8.0,2.0,1.0,0.8888888888888888,2,0.5339485827290705,0.3643564356435643,0.3599208965062624,0.6745019555091858,0.67691969871521,0.35689852406266154,0.6676297729892068,0.8182912863093567,0.4677207687483761,0.5776350880274003
424,2.0,1.0,1.0,0.5555555555555556,1,0.4869257950530036,0.251060820367751,0.18586572438162544,0.5994067788124084,0.6614452004432678,0.9010181642347228,0.5342498549791742,0.770744213539048,0.8790220187521329,0.7712585628762694
425,8.0,2.0,0.0,1.0,3,0.5935483870967743,0.24310041103934235,0.2287390029325513,0.6048234701156616,0.7155410051345825,0.8366050763489654,0.642393255325043,0.7732586061204849,0.8353721031298211,0.7719072602310787
426,9.0,1.0,1.0,1.0,2,0.5932901706886404,0.2616381850324102,0.2589758681577399,0.6359254121780396,0.6360387206077576,0.8645987702616704,0.5447053218821215,0.6868069541586571,0.8411115705175731,0.7343056542050055
427,2.0,2.0,1.0,0.7777777777777778,2,0.5204731574158324,0.21330902461257978,0.22565969062784347,0.620438814163208,0.7826874256134033,0.3517809199651021,0.5275230509292405,0.840717863799149,0.3382061509226366,0.5145569964040321
428,8.0,1.0,1.0,0.7777777777777778,3,0.6363636363636364,0.36034912718204487,0.286425902864259,0.6916357278823853,0.647242546081543,0.9118352396765051,0.5596389863722943,0.8350280871272204,0.8939430841406519,0.8001113493291679
429,1.0,2.0,1.0,0.6666666666666666,1,0.5512820512820513,0.29781771501925547,0.2705128205128205,0.7030341625213623,0.6960968971252441,0.7653380819179727,0.7317108773135381,0.8405875424203606,0.7006973808283453,0.7595834706200542
430,12.0,1.0,1.0,0.5555555555555556,1,0.3992537313432836,0.24299065420560748,0.2667910447761194,0.634451150894165,0.689592182636261,0.19976379388107357,0.844630139019384,0.8785108541636297,0.09917322317907692,0.505519502560791
431,14.0,2.0,0.0,0.6666666666666666,2,0.6339581036383682,0.35099337748344367,0.33847850055126794,0.6823258996009827,0.7538899779319763,0.9132485607786982,0.6089121905866017,0.7108284501414391,0.8912334044552384,0.7810556514904944
432,8.0,2.0,0.0,0.5555555555555556,2,0.636604774535809,0.350597609561753,0.3129973474801061,0.6917691826820374,0.8520152568817139,0.45663428522585886,0.5570229038578118,0.8142751236435792,0.30894558923706483,0.5342194754910787
433,9.0,2.0,0.0,0.875,4,0.5568760611205433,0.22096317280453256,0.19581211092246745,0.5785591006278992,0.7191015481948853,0.8151539932872505,0.6060659787490876,0.7709967552925131,0.8044423238201279,0.7491647627872448
434,2.0,1.0,0.0,0.6666666666666666,1,0.6057059253840528,0.2490842490842491,0.2648134601316753,0.6356741189956665,0.7379813194274902,0.40014492023232895,0.556691435980023,0.738989809323017,0.3083007640813716,0.5010317324041852
435,12.0,2.0,1.0,0.7777777777777778,2,0.5992822966507176,0.26706586826347306,0.21052631578947367,0.6616747975349426,0.49956151843070984,0.8716885356329754,0.5012787764640865,0.6392888882403199,0.8621119305223803,0.7185920327149407
436,1.0,1.0,0.0,0.5555555555555556,1,0.6246246246246246,0.3186372745490982,0.25625625625625625,0.6580563187599182,0.6993454694747925,0.7361769622539522,0.6037326657562928,0.7397405816503176,0.7389586934493652,0.704652225777482
437,9.0,2.0,0.0,1.0,1,0.5920529801324503,0.3302387267904509,0.2940397350993378,0.6675677299499512,0.6467853784561157,0.6632540872586893,0.660906096656012,0.6694668629604776,0.5285988640420861,0.6305564777293162
438,6.0,2.0,1.0,1.0,1,0.623641304347826,0.2693877551020408,0.2377717391304348,0.6557470560073853,0.6526927351951599,0.8642156081159413,0.6282299070746251,0.6981712470504582,0.832362192153362,0.7557447385985966
439,10.0,1.0,1.0,1.0,1,0.6769420468557338,0.35308641975308636,0.3008631319358816,0.6703163981437683,0.7747191190719604,0.8894741961856174,0.6192099012758606,0.8134322290802682,0.893069303566848,0.8037964075271486
440,9.0,2.0,0.0,0.5555555555555556,1,0.34194528875379937,0.20836501901140683,0.22188449848024314,0.6113550066947937,0.7342168688774109,0.7040317385621772,0.6937303649632595,0.6194061053846535,0.46254453009777585,0.6199281847519664
441,1.0,2.0,1.0,0.7777777777777778,1,0.5942395149065185,0.28426909458775923,0.21829206670035373,0.6371369957923889,0.7627485990524292,0.7943994808969682,0.6186690082202926,0.7339932149484226,0.8269420522714581,0.7435009390842854
442,5.0,1.0,1.0,0.6666666666666666,3,0.6497175141242938,0.37895927601809953,0.28135593220338984,0.6821343898773193,0.7436231970787048,0.8526685107392524,0.6431202313102871,0.8114683803074332,0.827718758604105,0.7837439702402693
443,2.0,2.0,0.0,1.0,2,0.6369593709043251,0.2664041994750656,0.2608125819134994,0.624367356300354,0.6733072400093079,0.8771684202434942,0.7024338380825267,0.709789468428895,0.8684669841956199,0.789464677737634
444,8.0,2.0,0.0,1.0,3,0.6638961038961039,0.3733749349973999,0.267012987012987,0.6684403419494629,0.683375895023346,0.8484673913835515,0.5383132148168455,0.6475330040522337,0.8465827563793267,0.7202240916579894
445,8.0,2.0,1.0,0.5555555555555556,2,0.5913312693498453,0.2789256198347107,0.2497420020639835,0.6528427600860596,0.7376892566680908,0.8978147285628162,0.6404687267193959,0.7176525072632058,0.8836611286944764,0.7848992728099736
446,1.0,1.0,0.0,0.7777777777777778,1,0.5370258880192655,0.19770946353224836,0.18302227573750754,0.6146793961524963,0.6611171364784241,0.8172680772613359,0.5237076595021474,0.5118389763126159,0.8045933849167939,0.6643520244982233
447,1.0,2.0,1.0,0.6666666666666666,1,0.4980595084087968,0.2357512953367876,0.278137128072445,0.6627121567726135,0.7319753766059875,0.5923325718248621,0.7667927703131375,0.7674539198571114,0.5717668928470918,0.6745865387105507
448,8.0,2.0,0.0,1.0,3,0.627939142461964,0.33518005540166207,0.313969571230982,0.7059248089790344,0.6507895588874817,0.9001171632130206,0.5965890607193479,0.6168300984034366,0.890860223249444,0.7510991363963122
449,8.0,1.0,1.0,1.0,3,0.6161011310711909,0.3077948034643571,0.23819028609447773,0.6412827372550964,0.708019495010376,0.8646675799167048,0.4873065028930778,0.6234797356198818,0.8384898745498056,0.7034859232448675
450,2.0,2.0,1.0,0.5555555555555556,1,0.6470588235294118,0.3592814371257485,0.2761714855433699,0.6967726945877075,0.7327452301979065,0.9072385456060341,0.5496749102498005,0.7896084465605021,0.8767029234185516,0.7808062064587221
451,9.0,2.0,0.0,0.5555555555555556,2,0.6415094339622642,0.2881889763779528,0.24528301886792453,0.6715123057365417,0.6767443418502808,0.3153438556752046,0.6049262330028375,0.6903281566529936,0.26785478098550575,0.46961325657913544
452,3.0,2.0,0.0,0.6666666666666666,2,0.575208913649025,0.2914923291492329,0.2910863509749303,0.6432443857192993,0.6864116191864014,0.8544634407331538,0.5046104342264895,0.6352467961801589,0.8429918063652029,0.7093281193762513
453,9.0,2.0,1.0,0.875,1,0.6,0.3507853403141361,0.30065359477124187,0.6482589840888977,0.706027626991272,0.28349830183573405,0.6556977369196856,0.7662257269787706,0.12475515023271373,0.457544228991726
454,9.0,2.0,1.0,1.0,1,0.49273144605967867,0.2557427258805513,0.20198928844682482,0.6866788864135742,0.73451167345047,0.8916754796301817,0.6209625942833982,0.7959580984432777,0.8702584525237952,0.7947136562201631
455,4.0,1.0,1.0,0.5555555555555556,1,0.5982986767485823,0.30274361400189215,0.24669187145557656,0.6984968185424805,0.7133414149284363,0.8863912583945985,0.5907504923854052,0.7712930092416699,0.8689531791896575,0.7793469848028328
456,7.0,1.0,1.0,0.5555555555555556,2,0.596964586846543,0.2858750703432752,0.2473299606520517,0.6737603545188904,0.7340277433395386,0.8699082314747665,0.6326569117920787,0.7735120223849798,0.8686832234472167,0.7861900972747604
457,8.0,2.0,0.0,0.75,1,0.5562565720294428,0.31999999999999995,0.2639327024185068,0.667564868927002,0.6316474080085754,0.8936562318218875,0.6809129538652801,0.7546871359963572,0.876766587290425,0.8015057272434875
458,1.0,2.0,1.0,0.625,1,0.6036585365853658,0.2661782661782662,0.1853658536585366,0.6093753576278687,0.6852570176124573,0.7321386501927674,0.6547089031535496,0.6653766581595952,0.7246276027070392,0.6942129535532379
459,3.0,1.0,1.0,0.5555555555555556,3,0.6299019607843137,0.3558282208588957,0.2867647058823529,0.6793334484100342,0.6764991879463196,0.7986932027418233,0.649318128203022,0.6442639123249561,0.8069251422648549,0.724800096383664
460,2.0,2.0,1.0,0.6666666666666666,1,0.4780780780780782,0.23812387251954298,0.22462462462462457,0.6654835343360901,0.6096460819244385,0.7448569690825669,0.5325094858266366,0.7533067138912797,0.7617055327681365,0.6980946753921549
461,10.0,1.0,1.0,1.0,2,0.5831663326653307,0.27683049147442323,0.24549098196392782,0.6092445254325867,0.722636878490448,0.8810404031388788,0.5886850185189888,0.6726885178108472,0.8445625407326495,0.7467441200503411
462,8.0,2.0,1.0,0.8888888888888888,2,0.5488621151271753,0.21849865951742628,0.2289156626506024,0.638219952583313,0.6283895969390869,0.7677599798760126,0.6385822630231832,0.7608356315805473,0.7776358626624282,0.7362034342855429
463,1.0,1.0,1.0,0.5555555555555556,1,0.5781584582441113,0.23365487674169347,0.22698072805139186,0.6342122554779053,0.7689324617385864,0.8395316662783376,0.6798891616173103,0.707103847942561,0.8272683396396071,0.763448253869454
464,1.0,1.0,0.0,0.5555555555555556,1,0.6615720524017467,0.3595628415300547,0.3089519650655022,0.6731150150299072,0.7622740864753723,0.8202804812143307,0.5707824310628512,0.7761781160284249,0.7967978374727636,0.7410097164445926
465,2.0,2.0,0.0,1.0,2,0.6309148264984227,0.320695102685624,0.2649842271293375,0.6464117765426636,0.6409298181533813,0.7187555274378625,0.574702793437382,0.7110999575666518,0.4253107400803145,0.6074672546305526
466,7.0,2.0,0.0,1.0,2,0.5957930642410462,0.29823562891291977,0.25014212620807275,0.6444666385650635,0.7172755002975464,0.26026357760229646,0.6316704945188577,0.6390169878545213,0.22070837345630437,0.437914858357995
467,2.0,1.0,1.0,0.5555555555555556,2,0.5203619909502263,0.20833333333333334,0.17737556561085976,0.651199996471405,0.7031424641609192,0.8184285155828457,0.5687190352405267,0.6819970822083593,0.8109059832610663,0.7200126540731995
468,3.0,1.0,1.0,0.8888888888888888,2,0.5070717653221581,0.29260618772941793,0.27239392352016767,0.6255361437797546,0.8246185183525085,0.40669691475355096,0.662667218563898,0.8794071723031447,0.18941054793400092,0.5345454633886486
469,8.0,1.0,0.0,1.0,2,0.5014970059880239,0.30134932533733133,0.282934131736527,0.6645928025245667,0.772243082523346,0.8060009134468163,0.74944120333412,0.8048977291060266,0.5279951943719601,0.7220837600647307
470,9.0,1.0,1.0,1.0,2,0.6200130804447351,0.289456450556647,0.2838456507521256,0.6664133667945862,0.7051675319671631,0.8952467409505025,0.6253622325503324,0.6823847979829576,0.8769493760003013,0.7699857868710235
471,8.0,1.0,0.0,1.0,2,0.6415094339622641,0.3258559622195986,0.28301886792452824,0.6494150161743164,0.6314578056335449,0.8955020631805691,0.6075946004639536,0.7252389933026678,0.8806141764152252,0.7772374583406039
472,10.0,1.0,1.0,1.0,2,0.41964285714285715,0.2268156424581006,0.2020089285714286,0.6358682513237,0.7490615844726562,0.4094186856870511,0.5391961062406186,0.49159988311643377,0.35986389217662546,0.4500196418051822
473,9.0,2.0,1.0,1.0,2,0.6850393700787402,0.4274447949526814,0.35118110236220473,0.6459880471229553,0.6313551068305969,0.6820709918058959,0.5964718265130691,0.6185527459059927,0.6124274897494487,0.6273807634936016
474,1.0,1.0,0.0,1.0,1,0.4777251184834123,0.26590693257359926,0.24644549763033177,0.6770118474960327,0.6393902897834778,0.6603090875202383,0.8303787925812693,0.779364674957207,0.5350316831231109,0.7012710595454563
475,1.0,2.0,1.0,0.7777777777777778,1,0.644311377245509,0.288968824940048,0.29221556886227545,0.6849125623703003,0.6455403566360474,0.7702638292774189,0.6468649286252433,0.6792778259083885,0.7583363057730688,0.7136857223960298
476,8.0,1.0,1.0,0.8888888888888888,2,0.6433054393305438,0.33298429319371725,0.2604602510460251,0.6772182583808899,0.6930594444274902,0.8101379065295139,0.6402074525648117,0.744832039059097,0.8030290242248027,0.7495516055945562
477,8.0,1.0,1.0,0.6666666666666666,1,0.5403472931562818,0.3067484662576687,0.2931562819203269,0.6385505199432373,0.7192800045013428,0.5655045703787908,0.6921141488071683,0.7466218790911556,0.49050351076260434,0.6236860272599298
478,8.0,2.0,1.0,1.0,3,0.570754716981132,0.310236220472441,0.2720125786163522,0.6853898763656616,0.7094094157218933,0.05350294519682217,0.7230920684862103,0.6546927628650153,0.1317743685741811,0.3907655362805572
479,2.0,1.0,1.0,0.5555555555555556,2,0.4941619585687382,0.26988315114964195,0.20489642184557438,0.6086962819099426,0.7367095947265625,0.8907933794255879,0.5350693168832468,0.7499483230849893,0.8706555619897539,0.7616166453458945
480,9.0,2.0,1.0,1.0,1,0.4737732656514383,0.2303783173348391,0.23237450648618163,0.675689160823822,0.7756761312484741,0.17427962381667844,0.7624097126300318,0.8230799080758091,0.12635197706533696,0.47153030539696406
481,1.0,1.0,0.0,0.5555555555555556,1,0.6264891380518571,0.3045614035087719,0.27330063069376315,0.6371695399284363,0.664008378982544,0.657755409830105,0.611917429834294,0.5708158778196607,0.5335307876959785,0.5935048762950096
482,8.0,1.0,1.0,1.0,1,0.5614808285588364,0.22232024702249667,0.2141912736888497,0.6102056503295898,0.7368770241737366,0.9191351689697524,0.6256443694155736,0.7828892261794399,0.8948807363023573,0.8056373752167808
483,8.0,2.0,1.0,1.0,2,0.6396213657876944,0.3182125930941097,0.3069641649763354,0.67559415102005,0.6834039092063904,0.6182491672702991,0.6751046364198025,0.7278809305142361,0.7984198731272528,0.7049136518328976
484,8.0,2.0,0.0,0.7777777777777778,1,0.4056761268781302,0.2172096908939014,0.19198664440734559,0.6394259929656982,0.7601277828216553,0.639912925736443,0.6210208404790962,0.8201033270138515,0.38303556819858225,0.6160181653569933
485,8.0,2.0,1.0,1.0,1,0.6331210191082803,0.26785714285714285,0.21910828025477708,0.6598171591758728,0.6436094641685486,0.43975574774476633,0.5468121448503455,0.7274681378129589,0.17215288303399212,0.47154722836051577
486,3.0,1.0,1.0,0.7777777777777778,2,0.3807733619763695,0.1982804943578721,0.15306122448979592,0.5697903633117676,0.7154380083084106,0.9147966851497061,0.592951141687811,0.7554135619413391,0.912408805350558,0.7938925485323536
487,8.0,1.0,1.0,0.6666666666666666,2,0.36034482758620684,0.18652849740932642,0.15689655172413794,0.6133090853691101,0.6696140170097351,0.5189560826093709,0.6590431647192334,0.6015735995058648,0.47666233146220865,0.5640587945741694
488,4.0,2.0,1.0,1.0,1,0.6948130277442702,0.37439613526570054,0.2979493365500603,0.6391520500183105,0.695610523223877,0.770910617454039,0.4740051993060401,0.6015681928067435,0.7904909917431049,0.659243750327482
489,4.0,2.0,0.0,0.5555555555555556,2,0.5061267980820459,0.25706666666666667,0.22056473095364945,0.6424471735954285,0.6874247193336487,0.49108544488970346,0.5891981531783526,0.8140471810690131,0.5178857198766921,0.6030541247534403
490,1.0,2.0,1.0,0.5555555555555556,2,0.5030881527231892,0.21585160202360879,0.20213363279056712,0.6507956981658936,0.7066999077796936,0.47627314656142034,0.6787824293799541,0.7588201033907004,0.4748352152935395,0.5971777236564036
491,1.0,1.0,1.0,1.0,2,0.5082108902333622,0.26493506493506497,0.29904926534140014,0.6760246157646179,0.7742063403129578,0.2981357805691863,0.6459456821754996,0.8206066729396967,0.056179090823530085,0.45521680662697817
492,9.0,1.0,0.0,0.5555555555555556,2,0.6599099099099099,0.36978579481397966,0.32545045045045046,0.7018982172012329,0.7191658616065979,0.9144065965021201,0.6742974904478006,0.7254251273527692,0.9058551348641098,0.8049960872916999
493,10.0,1.0,0.0,0.6666666666666666,1,0.5312910284463894,0.24616732369689007,0.24507658643326036,0.6693106889724731,0.7316961884498596,0.915525761355536,0.6440188312991498,0.8398717847444908,0.8849723340476862,0.8210971778617157
494,2.0,2.0,0.0,0.5555555555555556,3,0.5232815964523281,0.22725255215268528,0.20399113082039913,0.6709097623825073,0.6892344355583191,0.8852259126904284,0.5649508483022445,0.7528216409342302,0.8710436437206918,0.7685105114118986
495,8.0,1.0,1.0,1.0,1,0.6440501043841336,0.3427377220480669,0.2588726513569938,0.6568908095359802,0.6615297198295593,0.4724248615513438,0.43036676310723365,0.7398172531172367,0.45473603177486505,0.5243362273876698
496,10.0,1.0,0.0,1.0,1,0.27613727055067844,0.15187849720223823,0.15323224261771748,0.6233994960784912,0.6888129711151123,0.9007401272954545,0.7403259858686568,0.67493372611235,0.6638181623976456,0.7449545004185267
497,8.0,1.0,1.0,0.7777777777777778,2,0.5569070373588184,0.30347826086956525,0.25021720243266726,0.6326174736022949,0.6639432907104492,0.871731313719928,0.5516699160860673,0.6855548316583587,0.8467851343331845,0.7389352989493847
498,2.0,2.0,1.0,0.8888888888888888,1,0.524468085106383,0.28328008519701803,0.22765957446808507,0.6571633815765381,0.6139312386512756,0.3533192052342235,0.5296601241600041,0.587468078686278,0.36060040974525287,0.45776195445643963
499,1.0,2.0,1.0,0.7777777777777778,1,0.5489530277306168,0.24815864022662887,0.22976796830786642,0.6684204339981079,0.6917171478271484,0.7066829380844697,0.6799522431650636,0.7136918688219309,0.8125014696358263,0.7282071299268227
500,3.0,2.0,0.0,0.6666666666666666,3,0.6060968320382547,0.2776780371035308,0.2367005379557681,0.6680603623390198,0.5819363594055176,0.8433093901056603,0.4808426255441533,0.7084225070778304,0.8456600280218587,0.7195586376873757
501,2.0,1.0,0.0,0.5555555555555556,1,0.34612490594431905,0.1808590806330068,0.1986455981941309,0.641168475151062,0.6960418224334717,0.895576738789035,0.7825230025898189,0.8840271554484236,0.8875221495370804,0.8624122615910894
502,2.0,2.0,1.0,0.6666666666666666,1,0.37136659436008684,0.21971341728180632,0.18481561822125817,0.5919362902641296,0.6993010640144348,0.4428395200660715,0.5450915503516759,0.7256494310967746,0.2725558040540599,0.4965340763921455
503,2.0,2.0,0.0,1.0,1,0.4568965517241379,0.23453237410071945,0.26005747126436785,0.6587348580360413,0.7781077027320862,0.610443235898569,0.7745057771436017,0.8302541839188148,0.40040894710143565,0.6539030360156053
504,8.0,2.0,0.0,0.7777777777777778,4,0.5340793489318413,0.27087576374745415,0.25330620549338756,0.6474207639694214,0.6186257004737854,0.8972881815901383,0.643918933314471,0.7676287048074614,0.8896586683016333,0.7996236220034261
505,2.0,1.0,1.0,1.0,3,0.5752551020408163,0.23882503192848017,0.2181122448979592,0.6147209405899048,0.5976725816726685,0.609143124992214,0.5136052858066937,0.7067161855397055,0.6388961292747939,0.6170901814033518
506,8.0,2.0,1.0,0.6666666666666666,3,0.47052740434333,0.2277432712215321,0.22026887280248192,0.5992301106452942,0.7107748985290527,0.5649053926799764,0.5258310457008345,0.7875618026321521,0.20582457701498266,0.5210307045069864
507,2.0,2.0,0.0,0.5555555555555556,1,0.4607329842931937,0.21585749214111072,0.20453752181500873,0.6530367732048035,0.7249503135681152,0.6970084841167419,0.6056285952349838,0.8019768367301732,0.6700437242820584,0.6936644100909893
508,2.0,1.0,1.0,0.7777777777777778,2,0.5959318306761958,0.22894881673087508,0.18691588785046728,0.6324155926704407,0.7175036072731018,0.07616659683247859,0.5746769893464967,0.6911485710221913,0.054868543651992514,0.34921517521328976
509,3.0,2.0,1.0,0.5555555555555556,1,0.5292587776332899,0.22786458333333331,0.2106631989596879,0.6446260809898376,0.7404866814613342,0.24083049893421507,0.5427281049101121,0.6559867419114828,0.20176726996603533,0.41032815393046135
510,10.0,2.0,1.0,1.0,2,0.46907471548738244,0.22783556215948492,0.2048490846115784,0.6115293502807617,0.626962423324585,0.21952060094198939,0.6799037013492432,0.6685573837465043,0.16956413095569703,0.4343864542483585
511,8.0,1.0,1.0,1.0,3,0.45814406229720955,0.23781676413255362,0.2426995457495133,0.6634229421615601,0.5685363411903381,0.43640983046169957,0.8030057850675147,0.7863085375035139,0.467361241477421,0.6232713486275373
512,8.0,2.0,0.0,0.5555555555555556,3,0.5870546914199699,0.27825213460572573,0.27696939287506267,0.6502180695533752,0.7558369040489197,0.8124295654955135,0.5153007293645948,0.758507311964132,0.8268185444610908,0.7282640378213328
513,2.0,2.0,1.0,0.7777777777777778,1,0.5771632471008028,0.36160714285714285,0.32917038358608386,0.717519223690033,0.6593116521835327,0.938042785193521,0.6351699245658803,0.6507984849071419,0.9186680046267971,0.7856697998233351
514,8.0,1.0,0.0,0.5555555555555556,2,0.5614218504966022,0.2229199372056515,0.20595922634605332,0.6352517604827881,0.6977093815803528,0.7967194991300969,0.5659305862554211,0.8077326631173696,0.7725716810937439,0.7357386073991579
515,1.0,2.0,1.0,1.0,1,0.381294964028777,0.20432692307692307,0.2350119904076739,0.6251674294471741,0.690199613571167,0.9610098440195352,0.8441818089487918,0.653376606760479,0.960635211475388,0.8548008678010486
516,8.0,2.0,0.0,1.0,2,0.5708556149732621,0.2931726907630522,0.26604278074866305,0.6750990152359009,0.7080252766609192,0.8832711887172839,0.6482279515316481,0.7554501170274373,0.8599879672156919,0.7867343061230153
517,5.0,2.0,1.0,0.5555555555555556,1,0.49288389513108616,0.25112443778110943,0.2164794007490637,0.633913516998291,0.7871557474136353,0.8380096058820303,0.5337373918203162,0.7728756723309979,0.8302779701039325,0.7437251600343192
518,4.0,1.0,0.0,0.6666666666666666,1,0.5077319587628865,0.1935483870967742,0.20103092783505155,0.6368281841278076,0.7692379355430603,0.578022775817257,0.5757418490512068,0.6095038951356786,0.4535534486267113,0.5542054921577134
519,10.0,1.0,1.0,0.5555555555555556,2,0.5946666666666667,0.3282918149466192,0.26666666666666666,0.6250561475753784,0.736987829208374,0.8647459737541131,0.5789186028882152,0.8182361437485554,0.8264549882636052,0.7720889271636222
520,1.0,1.0,1.0,0.8888888888888888,2,0.5487305487305488,0.22805578342904018,0.24570024570024565,0.6247190833091736,0.6753730177879333,0.8331376646520436,0.6866060974546873,0.8083835932944848,0.6825902762565957,0.7526794079144529
521,1.0,2.0,1.0,1.0,1,0.6092814371257486,0.25037481259370314,0.20808383233532934,0.6327967643737793,0.7795547246932983,0.6046494564162151,0.7212818683916243,0.7094547321550762,0.3939621288580855,0.6073370464552503
522,9.0,1.0,1.0,0.7777777777777778,1,0.5573609059576563,0.23755544603252834,0.19596258000984737,0.6565096974372864,0.6620123982429504,0.8664438970787934,0.5666092975610433,0.816368656433177,0.8371562094131055,0.7716445151215299
523,8.0,1.0,1.0,0.8888888888888888,1,0.5992666317443687,0.2894598846355533,0.2682032477737035,0.6508839130401611,0.7592259049415588,0.8950714024873022,0.4597182523835361,0.7787691862245681,0.8803800763513832,0.7534847293616974
524,2.0,1.0,0.0,1.0,1,0.6269284712482469,0.34831460674157305,0.3562412342215989,0.7178677916526794,0.7073766589164734,0.8905360321504372,0.6544163768127144,0.627850868175389,0.8871227713690178,0.7649815121268896
525,8.0,2.0,1.0,1.0,3,0.4644945697577277,0.19916317991631796,0.2121971595655806,0.5665444731712341,0.6748594641685486,0.6670004366089936,0.6094139372157724,0.8196663965482313,0.4288985351140401,0.6312448263717593
526,8.0,1.0,1.0,0.8888888888888888,1,0.562132851333032,0.29398462234283124,0.23407139629462267,0.6620254516601562,0.6782391667366028,0.8990787841644945,0.557590572424611,0.6290775034775367,0.8820218912632359,0.7419421878324696
527,2.0,2.0,1.0,0.5555555555555556,1,0.609105180533752,0.212676794133054,0.21140763997906856,0.6083090901374817,0.638462483882904,0.7562338038819929,0.5541952692239297,0.7277157186950741,0.7228917228192723,0.6902591286550672
528,1.0,1.0,0.0,0.5555555555555556,1,0.4855769230769231,0.2674698795180723,0.2548076923076923,0.6950590014457703,0.7671672701835632,0.7338056044896953,0.7074712373739499,0.7365499558884238,0.7066375208547857,0.7211160796517136
529,2.0,2.0,1.0,0.7777777777777778,1,0.6389811738648948,0.3237250554323725,0.25581395348837205,0.6657504439353943,0.603385865688324,0.8987363616611369,0.4333590063990353,0.6734074550381387,0.8800370493051907,0.7213849681008754
530,8.0,2.0,1.0,1.0,1,0.44894366197183094,0.1904761904761905,0.24823943661971828,0.613639235496521,0.844694197177887,0.8754237569238106,0.7429873471269179,0.8077449520854318,0.5840034668754517,0.752539880752903
531,3.0,2.0,1.0,0.7777777777777778,2,0.3613138686131387,0.12667478684531058,0.170316301703163,0.5918267965316772,0.7374457716941833,0.10640058763624381,0.7214831910571345,0.880575566973025,0.09029975781236815,0.4496897758696929
532,6.0,1.0,0.0,1.0,2,0.6006968641114983,0.314026517794836,0.3038327526132404,0.6954986453056335,0.6160910129547119,0.203665075401831,0.6603461592744915,0.7313510268687718,0.17946971362304023,0.44370799379203363
533,1.0,2.0,1.0,0.6666666666666666,1,0.5400284225485552,0.21906116642958748,0.21411653244907627,0.6275776624679565,0.6738496422767639,0.8567154032889807,0.5431533996320184,0.7930524710756057,0.8474731931368208,0.7600986167833564
534,8.0,2.0,0.0,1.0,2,0.5928217821782179,0.241635687732342,0.21534653465346534,0.596677839756012,0.7241350412368774,0.8287514659738862,0.6751980837462647,0.7929788069432595,0.8031698249535126,0.7750245454042307
535,8.0,1.0,1.0,1.0,3,0.5193798449612403,0.2204968944099379,0.18294573643410852,0.6335563659667969,0.578336238861084,0.8979235228816038,0.5990346148979899,0.7807604055136736,0.8691805212627877,0.7867247661390138
536,8.0,1.0,0.0,0.8888888888888888,2,0.5742275810097965,0.33358490566037735,0.3526752072343633,0.7244930863380432,0.7301627397537231,0.8173157930350985,0.5878013515924553,0.668843123231108,0.8139049346720898,0.7219663006326879
537,13.0,2.0,1.0,0.5555555555555556,1,0.4783100716710676,0.2204605511513779,0.2067144473783478,0.6225607395172119,0.6210880875587463,0.9098737145315677,0.4901909376292273,0.729390373114539,0.8810555141809607,0.7526276348640737
538,1.0,1.0,0.0,1.0,1,0.624620982413584,0.2962962962962963,0.2753183747725894,0.6588180065155029,0.7425047755241394,0.7194574573786399,0.6085555159873699,0.6171712086627065,0.7323084345323594,0.669373154140269
539,8.0,1.0,0.0,0.5555555555555556,0,0.5910326086956521,0.3034013605442177,0.2554347826086957,0.6638015508651733,0.7248448729515076,0.8392900199514455,0.5744475901706921,0.699050170648705,0.7967433868448389,0.7273827919039204
540,8.0,2.0,1.0,0.7777777777777778,3,0.6246172688303736,0.29061925199264255,0.24249846907532152,0.6693955063819885,0.6647030711174011,0.9034526042607424,0.6389779599967874,0.7109171880737525,0.860666308211324,0.7785035151356516
541,13.0,2.0,1.0,0.7777777777777778,3,0.4379310344827586,0.2631578947368421,0.2413793103448276,0.6220302581787109,0.7457459568977356,0.7167142917557032,0.6155240187053962,0.7914503781752794,0.6544957870995122,0.6945461189339727
542,1.0,1.0,0.0,0.7777777777777778,1,0.38798498122653313,0.2338204592901879,0.2144347100542345,0.6617858409881592,0.7465934753417969,0.10425651082531749,0.6224068677469501,0.7824221620451515,0.19661229502787048,0.4264244589113224
543,8.0,1.0,0.0,0.8888888888888888,3,0.5021720243266724,0.2280243690165361,0.24500434404865332,0.6552284359931946,0.6820541024208069,0.08443135786657395,0.6614546294995687,0.8099098746087291,0.14447278194755533,0.42506716098060676
544,3.0,1.0,1.0,0.625,2,0.563944530046225,0.26851851851851855,0.263482280431433,0.6391168832778931,0.7625710964202881,0.146105753877436,0.6738460495136116,0.5793247981648698,0.11846100695615876,0.37943440212801904
545,8.0,1.0,1.0,0.7777777777777778,3,0.6652653704676826,0.30720673329826403,0.2511823436678928,0.6754252314567566,0.6818361282348633,0.6053984486580709,0.4868441941483498,0.7435674120732492,0.6833937507161945,0.6298009513989661
546,9.0,1.0,1.0,1.0,2,0.5656071719641402,0.2726530612244898,0.25916870415647925,0.6101313233375549,0.6049640774726868,0.06585812045826527,0.6533207291284929,0.5781760347766888,0.08911878377604218,0.34661841703487223
