index,issueArea,decisionDirection,partyWinning,voteDistribution,respondentType,rouge1,rouge2,rougeL,bert_f1,align_score,unieval_coherence,unieval_consistency,unieval_fluency,unieval_relevance,unieval_overall
0,10.0,2.0,0.0,0.625,1,0.47566652560304695,0.2676831850910631,0.24037240795598816,0.655587375164032,0.773314893245697,0.5313511779807388,0.695311716679804,0.8145332657927425,0.4438310728821316,0.6212568083338542
1,8.0,1.0,0.0,0.6666666666666666,1,0.5942422596414991,0.25666122892876564,0.21727322107550243,0.6172454357147217,0.7164867520332336,0.8774135750629681,0.5349788459762519,0.5911385585333391,0.8606198712952394,0.7160377127169496
2,2.0,1.0,1.0,1.0,2,0.48909657320872274,0.2931392931392931,0.23052959501557632,0.675492525100708,0.5615280866622925,0.8853771441622783,0.6627619088917114,0.7507093193478679,0.7999126785200857,0.7746902627304858
3,1.0,1.0,0.0,0.6666666666666666,1,0.5685131195335277,0.3883211678832117,0.3396501457725948,0.6677520871162415,0.6979715824127197,0.2292307357141565,0.7305493028354775,0.6934545479870229,0.2160507835341545,0.46732134251770285
4,8.0,2.0,1.0,1.0,3,0.522885389967045,0.28581898131183586,0.23434639326254114,0.6380550861358643,0.6973171234130859,0.8174028706627864,0.552323402092468,0.7906858788584858,0.820793042914237,0.7453012986319943
5,7.0,1.0,0.0,0.5555555555555556,3,0.5043087298613714,0.27071616047994,0.2517796927688273,0.5921045541763306,0.7156599164009094,0.8250030201307829,0.597380423694731,0.7599659229531608,0.795868225216738,0.7445543979988531
6,10.0,1.0,0.0,0.5555555555555556,1,0.47757422615287426,0.2150537634408602,0.22994314592545798,0.6159446239471436,0.7413961291313171,0.7917244537142141,0.675139231686088,0.7882909099676616,0.761367936055695,0.7541306328559148
7,8.0,1.0,1.0,0.8888888888888888,2,0.5695266272189349,0.2785185185185185,0.26775147928994086,0.6697736978530884,0.7449078559875488,0.886619439897614,0.5942078118799372,0.7942107183967108,0.8062045311093364,0.7703106253208996
8,8.0,1.0,1.0,1.0,2,0.6008583690987124,0.30659025787965616,0.2947067238912732,0.6657374501228333,0.664258599281311,0.862760589505758,0.5679307901744901,0.595006241221898,0.8339365305055911,0.7149085378519343
9,1.0,2.0,1.0,0.5555555555555556,1,0.5697726259473919,0.2757697456492637,0.2505572893446277,0.6321997046470642,0.6994901299476624,0.7216086866374712,0.5299131038845791,0.7037871426519915,0.7389574896121882,0.6735666056965575
10,2.0,2.0,1.0,0.5555555555555556,2,0.6229130685089235,0.2904899135446686,0.25331030512377667,0.620849072933197,0.7059194445610046,0.5923677348149549,0.5313295850524604,0.701584383768967,0.6168589980291511,0.6105351754163834
11,9.0,1.0,0.0,0.6666666666666666,1,0.5531732418524872,0.32274678111587984,0.21955403087478562,0.6420832872390747,0.6680929660797119,0.8468041105121856,0.5587038360558894,0.7331501867276402,0.816058749986235,0.7386792208204875
12,5.0,1.0,1.0,0.625,2,0.5977710233029382,0.26267748478701824,0.2553191489361702,0.6716311573982239,0.7084037065505981,0.8811693072979796,0.6088098568183984,0.7967176688623417,0.8728472848178894,0.7898860294491523
13,4.0,2.0,0.0,1.0,3,0.6069418386491557,0.3323943661971831,0.27204502814258913,0.5867738723754883,0.7083432078361511,0.8898375628966478,0.5829227835103419,0.7892597846944721,0.8926537560430398,0.7886684717861254
14,2.0,1.0,1.0,1.0,1,0.5839499146272054,0.2723646723646724,0.20034149117814457,0.5542208552360535,0.8369008302688599,0.3314803607225717,0.6296760793404327,0.8159141783985299,0.24882605657441548,0.5064741687589874
15,1.0,1.0,0.0,0.5555555555555556,1,0.581449007844947,0.29284064665127024,0.26303645592985697,0.6278612017631531,0.7555906772613525,0.8305020147374133,0.6351398223694616,0.7274883713309067,0.7768629664150511,0.7424982937132082
16,8.0,1.0,0.0,1.0,2,0.639686684073107,0.2980392156862745,0.29765013054830286,0.7000421285629272,0.6502255201339722,0.8585407167284816,0.6121590954330985,0.7781187503529362,0.8348870650255225,0.7709264068850097
17,8.0,1.0,0.0,0.75,1,0.36303939962476545,0.21877934272300467,0.23827392120075047,0.6210328936576843,0.7351508140563965,0.42281141688742246,0.6457110657450912,0.4840131712043834,0.2131820690593854,0.4414294307240706
18,9.0,1.0,0.0,0.8888888888888888,1,0.589087397392564,0.27936201063315613,0.25591501690004825,0.7228375673294067,0.6616272926330566,0.9058347283793339,0.6232820495718188,0.8074916515529603,0.8925515003891756,0.8072899824733221
19,1.0,1.0,0.0,1.0,1,0.4880503144654088,0.33291298865069363,0.30440251572327043,0.6791257262229919,0.625745415687561,0.6906863785268438,0.6994713943104793,0.6775906735453014,0.5454338190357791,0.653295566354601
20,12.0,2.0,0.0,0.5555555555555556,1,0.5604863221884498,0.25806451612903225,0.2723404255319149,0.6689626574516296,0.6461991667747498,0.12482302786219326,0.5906902319913674,0.6868559061551304,0.16673823750485373,0.39227685087838615
21,2.0,1.0,1.0,1.0,2,0.46212534059945504,0.27605019094380795,0.1994550408719346,0.6928520798683167,0.6196656227111816,0.7468838515683427,0.6846160375884528,0.6399615671824466,0.5809131591193945,0.6630936538646591
22,3.0,2.0,1.0,1.0,1,0.5251227805062334,0.2933837429111531,0.2931620702682282,0.6613729000091553,0.6989957094192505,0.906201448822549,0.5828482500468746,0.7248689808385907,0.8708024134023256,0.771180273277585
23,1.0,1.0,1.0,0.6666666666666666,2,0.664977192093259,0.33384069000507355,0.28180435884439936,0.6492811441421509,0.7560559511184692,0.8938745257950554,0.6334798910655896,0.8200029439406853,0.8874144652634287,0.8086929565161898
24,2.0,2.0,1.0,1.0,1,0.5519511048425012,0.22682352941176467,0.1927597555242125,0.6360548734664917,0.6466505527496338,0.2477021418800112,0.4542343255093665,0.7133916921226373,0.3757286304247007,0.4477641974841789
25,8.0,2.0,0.0,1.0,2,0.6674259681093394,0.31927023945267957,0.234624145785877,0.6518524289131165,0.7159064412117004,0.8611135358743985,0.6149276232146574,0.5826034077629998,0.8108537804562923,0.7173745868270871
26,2.0,1.0,0.0,0.6666666666666666,1,0.33679169992019153,0.1774580335731415,0.16440542697525937,0.6914157271385193,0.44573289155960083,0.8304041207277137,0.5585871527397016,0.7197600165078658,0.660210458001831,0.692240436994278
27,9.0,1.0,0.0,1.0,3,0.2426229508196721,0.1691297208538588,0.1918032786885246,0.6529903411865234,0.5655288100242615,0.07121541995185719,0.797104185369514,0.848106089484184,0.06486280316530456,0.4453221244927149
28,7.0,1.0,1.0,0.7777777777777778,3,0.4662218515429525,0.22120200333889814,0.21184320266889076,0.600925087928772,0.7376868724822998,0.1579619561245043,0.5509514181321598,0.7264278885973712,0.16419493819035932,0.39988405026109863
29,10.0,2.0,0.0,0.6666666666666666,3,0.23609923011120618,0.16109682947729217,0.16253207869974334,0.6274458169937134,0.4865681231021881,0.2904701237603225,0.6921940949532922,0.6670717977117178,0.5527329047067965,0.5506172302830322
30,2.0,2.0,1.0,0.5555555555555556,1,0.6155768429820908,0.36598582742809505,0.3256976259891712,0.6840527057647705,0.7569828033447266,0.8805678196862237,0.7338428273242499,0.7984300824549139,0.881701626317726,0.8236355889457783
31,2.0,2.0,1.0,0.7777777777777778,1,0.5739720220432386,0.29444208739923633,0.2594319626960576,0.630069375038147,0.6929206252098083,0.808831733888186,0.5659711067651386,0.790757507934943,0.8318945035661791,0.7493637130386117
32,2.0,1.0,1.0,1.0,2,0.5504587155963303,0.29221556886227545,0.24491424012764262,0.6337118744850159,0.6919670104980469,0.8496441699010342,0.5275934959536691,0.7229518777462792,0.8542365243830022,0.7386065169959962
33,2.0,2.0,1.0,0.7777777777777778,1,0.643418467583497,0.28515240904621436,0.2337917485265226,0.6747922301292419,0.783599317073822,0.8028933955584704,0.6289469216680468,0.8255622215331477,0.8040201855673378,0.7653556810817508
34,9.0,1.0,0.0,0.8888888888888888,2,0.6095853527194399,0.30619946091644207,0.29186860527732905,0.6581615805625916,0.6281350255012512,0.89165028502503,0.49278661117289213,0.7935705225538312,0.8848867345804075,0.7657235383330402
35,8.0,2.0,1.0,1.0,2,0.45697329376854606,0.24455445544554452,0.2037586547972305,0.6253079175949097,0.736666738986969,0.04620616992085853,0.6389310653130312,0.7875136005334579,0.0688969611369595,0.38538694922607675
36,2.0,1.0,1.0,0.6666666666666666,2,0.5713094245204337,0.28213689482470783,0.2535446205170976,0.5843313932418823,0.7621487975120544,0.880650748879358,0.6190958037889918,0.836730124389835,0.8562427813530177,0.7981798646028007
37,1.0,2.0,1.0,0.5555555555555556,1,0.42711564023039433,0.22172949002217296,0.2108994240141781,0.6359867453575134,0.5270208716392517,0.710684822894464,0.5145135161739655,0.8131960672322553,0.5710635049501003,0.6523644778126962
38,8.0,2.0,1.0,1.0,2,0.6118355065195586,0.3594377510040161,0.316950852557673,0.6574859619140625,0.7687888145446777,0.7497287287308468,0.6205018181125694,0.7181000157558454,0.8558347373818768,0.7360413249952845
39,1.0,1.0,1.0,0.8888888888888888,2,0.46256486286137877,0.2167780252412769,0.23276501111934764,0.6287568211555481,0.5372608304023743,0.20794706206491606,0.7669845661325966,0.6110925079473586,0.1525275453635529,0.434637920377106
40,2.0,2.0,1.0,0.5555555555555556,2,0.6449912126537786,0.3729111697449428,0.3163444639718805,0.7145535945892334,0.7532409429550171,0.7893095085502196,0.7001376460580171,0.7371870457716475,0.7788551728688485,0.7513723433121832
41,8.0,1.0,0.0,1.0,1,0.6540508574807806,0.31024274718768496,0.2720283855706683,0.6553429961204529,0.7776070237159729,0.8361242440777895,0.6386950929239456,0.6977347867284227,0.8106431510667109,0.7457993186992171
42,10.0,2.0,0.0,0.5555555555555556,1,0.4015990159901599,0.19569230769230767,0.16605166051660517,0.597296953201294,0.6570696830749512,0.8683963988901423,0.4636887403061743,0.6610802219870859,0.8593376637288982,0.7131257562280752
43,10.0,2.0,1.0,1.0,1,0.588364434687157,0.2285714285714286,0.2217343578485181,0.6082808971405029,0.6220933198928833,0.866548607813065,0.5506364588386019,0.7695061271952649,0.8556226581797509,0.7605784630066706
44,8.0,2.0,0.0,1.0,2,0.5653923541247485,0.2678751258811682,0.23541247484909456,0.6815924644470215,0.5766165256500244,0.9062636020379532,0.5833375828871303,0.6915142691852942,0.8885033965637572,0.7674047126685337
45,1.0,1.0,0.0,0.8888888888888888,1,0.5568290353390639,0.29158699808795413,0.24355300859598858,0.6032612323760986,0.5800836682319641,0.5820684681140534,0.6186909681651862,0.5519822642388174,0.43727758306739517,0.547504820896363
46,8.0,1.0,1.0,1.0,1,0.25124626121635096,0.125748502994012,0.14456630109670987,0.6230606436729431,0.6703342199325562,0.822970570870511,0.6189282017178305,0.8212607086280251,0.7557833966154799,0.7547357194579616
47,2.0,1.0,0.0,1.0,0,0.48901098901098894,0.25688073394495414,0.25824175824175827,0.6770355701446533,0.6377791166305542,0.8605699350201258,0.8296315247475968,0.7964683726119484,0.6767448686670778,0.7908536752616873
48,2.0,1.0,0.0,1.0,1,0.6004773269689737,0.3115145723841376,0.26730310262529833,0.6347599029541016,0.6376505494117737,0.9135169363283207,0.6372051534852177,0.8579408327326099,0.9014177054331766,0.8275201569948313
49,2.0,1.0,1.0,1.0,2,0.5378670788253477,0.2739938080495356,0.2782071097372489,0.6504135727882385,0.6253620386123657,0.8524078654368126,0.6538402959378056,0.7545496784662906,0.7257765297209623,0.7466435923904678
50,1.0,2.0,1.0,0.7777777777777778,1,0.6681391496410823,0.3615257048092869,0.33793484262838214,0.6664965152740479,0.681983232498169,0.8778054305439127,0.49968634621241903,0.5326608706701134,0.8359717836527363,0.6865311077697953
51,8.0,1.0,0.0,0.8888888888888888,3,0.5108179419525065,0.2746962493396725,0.26807387862796833,0.6477065682411194,0.6608313918113708,0.4547946867901172,0.5698426457386231,0.749861322486248,0.429636256888171,0.5510337279757899
52,8.0,2.0,1.0,1.0,1,0.6157929661579296,0.31627906976744186,0.2906436629064366,0.6588101983070374,0.7113643288612366,0.8463243723887655,0.5451039254310618,0.7742256403307569,0.8255519024751307,0.7478014601564287
53,2.0,2.0,0.0,0.5555555555555556,3,0.6066633515663848,0.3374813339970134,0.29935355544505216,0.6643097996711731,0.7002236247062683,0.6917532206603277,0.6077829943682004,0.7453276203424524,0.6960878543111245,0.6852379224205263
54,9.0,2.0,0.0,0.6666666666666666,1,0.5173041894353371,0.2408759124087591,0.2531876138433516,0.6592837572097778,0.7037719488143921,0.8555637860045512,0.7041982075638356,0.6614890072324864,0.734732013899802,0.7389957536751687
55,1.0,2.0,1.0,0.8888888888888888,1,0.6157894736842106,0.3614775725593668,0.35000000000000003,0.7093427777290344,0.8179036378860474,0.06510090153134755,0.7902684703476199,0.6172105985419902,0.07476746236451834,0.386836858196369
56,1.0,2.0,1.0,0.6666666666666666,1,0.5909307875894988,0.2971810797897755,0.27971360381861576,0.6503226161003113,0.5966209769248962,0.7719517070216563,0.5301263208331984,0.7425760605630581,0.759361895376038,0.7010039959484877
57,9.0,1.0,1.0,0.6666666666666666,4,0.5278350515463918,0.22573984858912596,0.24054982817869416,0.6543734073638916,0.7326076030731201,0.6500971227484493,0.704727306911714,0.7097440495518341,0.5690686881667618,0.6584092918446899
58,3.0,2.0,0.0,0.6666666666666666,2,0.5095703955763505,0.2034908471690081,0.19310931518502764,0.6033406257629395,0.7564560174942017,0.8874664942412261,0.5934849697904254,0.7796530152845894,0.8575192464958146,0.7795309314530139
59,12.0,1.0,0.0,0.5555555555555556,2,0.3229527104959631,0.22196531791907512,0.2306805074971165,0.6543707251548767,0.7347095608711243,0.8312094446902824,0.8100934603715785,0.6918792654346276,0.7751039175340873,0.7770715220076438
60,1.0,2.0,0.0,1.0,2,0.6092896174863388,0.2968536251709986,0.2800546448087432,0.6970372200012207,0.7524489760398865,0.8903515173590695,0.5870126955009282,0.7505620613341657,0.8841893621324254,0.7780289090816472
61,2.0,2.0,1.0,0.6666666666666666,1,0.5437616387337056,0.21714818266542404,0.21880819366852886,0.6323147416114807,0.6638759970664978,0.7328283031783116,0.4744693821117432,0.7262383782251712,0.7276723309830628,0.6653020986245722
62,1.0,1.0,0.0,0.5555555555555556,1,0.4272329793878825,0.198125,0.1655215490318551,0.6308109760284424,0.7463584542274475,0.848855815142266,0.6210279681951771,0.710639744750285,0.8474895659197611,0.7570032735018724
63,1.0,2.0,1.0,1.0,1,0.5869262865090403,0.2966573816155989,0.3031988873435327,0.6668631434440613,0.7770366072654724,0.8937357914366086,0.6865528037774125,0.7527002582145058,0.8691801118250139,0.8005422413133851
64,13.0,2.0,1.0,0.8888888888888888,1,0.5875706214689266,0.2877930476960388,0.2792574656981437,0.6430276036262512,0.6528964638710022,0.07005507374212407,0.7675282622144181,0.6457983457607622,0.08978022683294648,0.3932904771375627
65,2.0,1.0,1.0,0.5555555555555556,2,0.6340232205956587,0.3193532086912582,0.2523977788995457,0.6317766904830933,0.607153594493866,0.7704399338642149,0.6275255067350478,0.7547246159218723,0.7533531551161047,0.7265108029093099
66,3.0,2.0,0.0,0.75,2,0.563467492260062,0.2864228146311221,0.29721362229102166,0.6346800923347473,0.7878868579864502,0.6919860548672511,0.6676797673622293,0.7693758744003318,0.31914436048322326,0.612046514278259
67,1.0,2.0,1.0,0.5555555555555556,1,0.5790626368812964,0.3060061376589215,0.21287779237844937,0.6333281397819519,0.7570750117301941,0.7320277145663361,0.5882361154070742,0.6861002163000589,0.7527961279053901,0.6897900435447148
68,8.0,1.0,0.0,1.0,3,0.5107084019769358,0.2803738317757009,0.26468973091707854,0.6358984708786011,0.7735139727592468,0.31407267232946673,0.6832732970573395,0.8269168088832017,0.2120409837486095,0.5090759405046544
69,8.0,1.0,1.0,0.625,3,0.61606578115117,0.3419886003799873,0.3061353573687539,0.651930034160614,0.7357984185218811,0.9051873546621578,0.5723290861256075,0.6944733707577473,0.8955611695885379,0.7668877452835126
70,10.0,2.0,1.0,1.0,1,0.6369353916523728,0.2942186605609617,0.252715837621498,0.6587931513786316,0.8053284883499146,0.802633810426882,0.5917700526328696,0.7744371046655226,0.8192989189986775,0.747034971680988
71,8.0,2.0,0.0,0.6666666666666666,3,0.6207616066770997,0.2986945169712794,0.19196661450182573,0.6266664266586304,0.5876542329788208,0.6969050593926421,0.44025257011587876,0.7908244452526164,0.6750183532837469,0.650750107011221
72,2.0,2.0,0.0,0.7777777777777778,3,0.5068394528437725,0.22927180966113914,0.2404607631389489,0.6564039587974548,0.7481289505958557,0.16867847887818835,0.6050418269137634,0.6952473087055968,0.2676481348738353,0.43415393734284596
73,4.0,1.0,1.0,1.0,1,0.3900364520048603,0.25790754257907544,0.24058323207776428,0.6088463664054871,0.7905648350715637,0.15527751392134992,0.6834602968253796,0.561577794835593,0.28217912163859704,0.4206236818052299
74,1.0,1.0,1.0,1.0,2,0.5803964757709251,0.23153252480705624,0.21365638766519826,0.6078355312347412,0.6288040280342102,0.3411875137110989,0.4840476827308559,0.7608564677759801,0.37811934811080605,0.49105275308218527
75,1.0,2.0,1.0,0.6666666666666666,1,0.6193961573650503,0.30952380952380953,0.2516010978956999,0.6623885035514832,0.8071376085281372,0.9011464558644046,0.6612024267702271,0.7792565059025865,0.8840322764892045,0.8064094162566057
76,8.0,1.0,0.0,1.0,4,0.631653655074521,0.2430703624733475,0.27679205110007093,0.6519235968589783,0.8301526308059692,0.9412270996522187,0.7618526902512103,0.8702779588677004,0.9307823824667063,0.876035032809459
77,8.0,2.0,1.0,1.0,2,0.5399028452463567,0.2710215427380125,0.25121443442054125,0.6531453132629395,0.6296607255935669,0.06424057142784766,0.7244153994357058,0.744982309193771,0.06703891392738508,0.40016929849617733
78,2.0,2.0,1.0,1.0,2,0.43526510480887787,0.24938271604938275,0.26633785450061653,0.6051058769226074,0.6998082995414734,0.052248960033221534,0.5981249877798466,0.7121199706455599,0.06497725764987569,0.35686779402712593
79,1.0,1.0,0.0,0.7777777777777778,1,0.5944584382871536,0.2610340479192938,0.24181360201511337,0.6602997183799744,0.6312705278396606,0.9129624354186054,0.5331939081034436,0.7483307535739091,0.8938162444731499,0.772075835392277
80,9.0,1.0,0.0,0.6666666666666666,1,0.5891472868217054,0.27605321507760533,0.26356589147286824,0.6712787747383118,0.733901858329773,0.8426606932652784,0.6110613908989221,0.6768851942793681,0.8399633492876397,0.7426426569328021
81,9.0,1.0,1.0,0.5555555555555556,3,0.6016348773841962,0.2902345881069285,0.2833787465940054,0.6665537357330322,0.7102310061454773,0.8876835357666006,0.6082247414057013,0.8059889438896788,0.8845350509211599,0.7966080679957851
82,9.0,1.0,1.0,0.5555555555555556,2,0.6007604562737642,0.26649746192893403,0.24841571609632446,0.6375879049301147,0.7553958296775818,0.8506705069850947,0.6858825724037017,0.8386639473706875,0.8541945789405162,0.807352901425
83,10.0,2.0,0.0,1.0,2,0.5565217391304348,0.26982591876208895,0.23091787439613526,0.58854079246521,0.7137682437896729,0.8456598610423581,0.6221852760791278,0.7097400795223778,0.8252634052250963,0.7507121554672399
84,8.0,2.0,1.0,0.875,3,0.4682115270350565,0.2510410469958358,0.24361259655377307,0.6462633013725281,0.5835414528846741,0.8127099785491649,0.6906803686262231,0.7413631646882368,0.7872813455815163,0.7580087143612853
85,1.0,2.0,1.0,0.8888888888888888,1,0.5714285714285714,0.266137040714995,0.20833333333333334,0.6598467826843262,0.7581179738044739,0.8329549402029578,0.6328132506982658,0.7012014767183237,0.8238532789264084,0.7477057366364889
86,1.0,2.0,1.0,0.8888888888888888,1,0.4980744544287548,0.2480719794344473,0.2580231065468549,0.6925238966941833,0.6835957169532776,0.6871339453880986,0.6290774259496514,0.5737324244566426,0.7834858235384524,0.6683574048332113
87,2.0,1.0,1.0,0.875,1,0.6384976525821597,0.3488250652741514,0.2858633281168492,0.687092125415802,0.7440771460533142,0.9067521040158967,0.5328699004153596,0.6836888764287667,0.8866517856208203,0.7524906666202109
88,1.0,1.0,1.0,1.0,2,0.6194163192376415,0.2528324388789505,0.23585467540202504,0.6403810977935791,0.7417711615562439,0.8477462803086171,0.5856912280670038,0.6791823470712496,0.8080314104027774,0.7301628164624119
89,1.0,2.0,0.0,0.5555555555555556,2,0.4745484400656814,0.20888157894736842,0.2512315270935961,0.6246287822723389,0.8112042546272278,0.6133207121036697,0.6575794322413566,0.780177304437836,0.5993039053577365,0.6625953385351497
90,1.0,2.0,1.0,0.625,3,0.47821681864235066,0.1977687626774848,0.20466058763931103,0.5927239656448364,0.7777895331382751,0.5477634409300751,0.49206301634879773,0.7775537943287065,0.2321288184980758,0.5123772675264138
91,8.0,2.0,1.0,1.0,4,0.5684210526315789,0.2471264367816092,0.2019138755980861,0.5989548563957214,0.7534480690956116,0.5923860079157965,0.5242441725540683,0.6845348086739869,0.5915851403532117,0.5981875323742658
92,8.0,2.0,1.0,1.0,1,0.5786013150029886,0.2788749251944943,0.2618051404662283,0.6468055844306946,0.7570779919624329,0.5924410286020523,0.6009740150620939,0.7193594269128264,0.3541663909906823,0.5667352153919137
93,7.0,1.0,1.0,0.5555555555555556,2,0.6543478260869565,0.3373231773667029,0.2652173913043478,0.6786124110221863,0.7080482244491577,0.8457755663321096,0.6275771952002492,0.6899872884351353,0.8502075234579344,0.7533868933563571
94,10.0,1.0,1.0,1.0,2,0.6635997699827486,0.3465745538284399,0.25761932144910865,0.6666300296783447,0.7918136715888977,0.864968440869143,0.5585289193525046,0.7137112636159137,0.8516589768353764,0.7472169001682345
95,1.0,2.0,1.0,0.6666666666666666,1,0.5258375922771152,0.2740193291642979,0.22487223168654175,0.6813531517982483,0.7204163074493408,0.17384728765637805,0.7095714546010238,0.7095455291998756,0.12573563087789622,0.4296749755837934
96,10.0,2.0,0.0,1.0,2,0.631461923290717,0.30606566499721766,0.26459143968871596,0.6628044247627258,0.7040206789970398,0.8343180248527194,0.5858791015403784,0.7847027704753234,0.8333155411421919,0.7595538595026532
97,9.0,1.0,0.0,0.5555555555555556,2,0.5474420638390904,0.2993435448577681,0.22212505465675556,0.6538428664207458,0.6660136580467224,0.8640621799721868,0.5753489444864717,0.6595442204735131,0.8458549677557178,0.7362025781719724
98,4.0,2.0,1.0,1.0,1,0.6222473178994918,0.2769926512153759,0.2303783173348391,0.65213942527771,0.7390204071998596,0.8154151824054656,0.5202851928848128,0.6109779648712617,0.8058262947823417,0.6881261587359705
99,1.0,1.0,1.0,1.0,2,0.625065002600104,0.3071317022384175,0.29329173166926675,0.6732630133628845,0.6220424175262451,0.9102245071845981,0.5508883922695265,0.8245800646851684,0.8868510878100065,0.7931360129873248
100,8.0,2.0,1.0,0.6666666666666666,3,0.4529956161714564,0.24865919063871283,0.2513395031660983,0.6417682766914368,0.6341599225997925,0.8676797571813354,0.6720422298529758,0.6954089329948435,0.7903010785785037,0.7563579996519146
101,2.0,2.0,1.0,1.0,1,0.6231362467866324,0.32732887287699436,0.33419023136246784,0.6674119830131531,0.7047095894813538,0.9224781991697922,0.5079755911065433,0.7608424383101983,0.9126185671942676,0.7759786989452003
102,4.0,2.0,1.0,0.5555555555555556,1,0.566331198536139,0.2554945054945055,0.24977127172918573,0.6421761512756348,0.7254849076271057,0.8814850719789368,0.6686113911533379,0.7052707070871989,0.86074520122592,0.7790280928613484
103,8.0,1.0,1.0,1.0,1,0.5723172628304821,0.29475869226777374,0.2892690513219285,0.6650230288505554,0.6637119650840759,0.7388157770427882,0.6523531654405588,0.789334426296553,0.7390493984714102,0.7298881918128275
104,8.0,1.0,1.0,1.0,3,0.5944700460829493,0.36,0.2688172043010753,0.7062371969223022,0.686581552028656,0.7445409261408374,0.6645191111371492,0.6276510189545317,0.7549126072165374,0.697905915862264
105,4.0,2.0,1.0,0.7777777777777778,1,0.5640703517587939,0.2981132075471698,0.29396984924623115,0.6239904165267944,0.7461344599723816,0.3904048422025079,0.7311788595423832,0.6426739404716538,0.5524208652824408,0.5791696268747465
106,6.0,1.0,1.0,0.5555555555555556,2,0.48365384615384616,0.2146294513955727,0.2375,0.6968216300010681,0.6929324269294739,0.8607490295805361,0.6755311145055072,0.7795356273091376,0.6796844617508266,0.7488750582865018
107,8.0,1.0,0.0,0.7777777777777778,3,0.6340425531914894,0.32907348242811496,0.24680851063829784,0.6803116798400879,0.6715871095657349,0.9090432522181389,0.5925610419953783,0.7001722017556832,0.9025396782821848,0.7760790435628462
108,1.0,1.0,1.0,0.5555555555555556,2,0.32762096774193544,0.13420787083753782,0.15120967741935482,0.6111226677894592,0.7822582125663757,0.8766618229431176,0.6570167039129075,0.7075473679061235,0.4983294580622834,0.684888838206108
109,5.0,1.0,0.0,1.0,1,0.42097902097902096,0.22408963585434172,0.21538461538461537,0.6219092607498169,0.7635138630867004,0.4134566373382548,0.7406762722737461,0.7423500545738878,0.3369420470049311,0.558356252797705
110,1.0,2.0,1.0,0.5555555555555556,1,0.5569871159563925,0.26884920634920634,0.23092170465807732,0.6411263346672058,0.7118529677391052,0.891556247464085,0.47289621058652853,0.7375618397537259,0.8660882031494381,0.7420256252384444
111,1.0,1.0,1.0,1.0,2,0.5947265625,0.3255131964809384,0.2548828125,0.6636180281639099,0.6101791262626648,0.7932069354616728,0.4230648226073203,0.5894967623408807,0.726499182091999,0.6330669256254682
112,8.0,1.0,1.0,1.0,1,0.6219739292364991,0.3395522388059702,0.32588454376163867,0.6929532885551453,0.7303889989852905,0.6082661944240767,0.6409219780014691,0.860865499297861,0.35233832950369337,0.615598000306775
113,1.0,2.0,0.0,0.5555555555555556,2,0.5553359683794467,0.27398615232443124,0.23023715415019766,0.6582013368606567,0.723298966884613,0.24801033181422238,0.6936547364817703,0.6203211602705329,0.3392659518572042,0.4753130451059324
114,2.0,2.0,1.0,0.7777777777777778,1,0.5630530973451328,0.2757475083056478,0.25442477876106195,0.6565721035003662,0.6442238092422485,0.7477935305347287,0.7290049012193187,0.7383848745300744,0.739125478470543,0.7385771961886662
115,10.0,2.0,1.0,0.5555555555555556,2,0.6123167155425221,0.31004110393423373,0.2604105571847507,0.6162745356559753,0.6162401437759399,0.3305955191417016,0.7034575629872377,0.7954179489177327,0.5736950729719857,0.6007915260046645
116,8.0,1.0,0.0,1.0,2,0.5921787709497206,0.2811188811188811,0.22905027932960895,0.6830268502235413,0.7588734030723572,0.8595722629463166,0.5815556075194162,0.6754047923434588,0.8514407241385729,0.7419933467369411
117,1.0,2.0,1.0,0.5555555555555556,1,0.5902273826802129,0.26150121065375304,0.23222060957910012,0.6712958216667175,0.6544868350028992,0.8837005827665225,0.6164091537124522,0.7957725613399751,0.8552195741931786,0.7877754680030321
118,12.0,2.0,1.0,1.0,1,0.5929993136582018,0.28316151202749146,0.23884694577899795,0.6555351614952087,0.7864842414855957,0.15433117750210268,0.5956472362925418,0.7945532634825053,0.206557924929938,0.43777240055177197
119,1.0,1.0,1.0,1.0,2,0.5733788395904437,0.2469497315763787,0.2281813749390541,0.6649776697158813,0.6564039587974548,0.8477135840501681,0.463979895518261,0.6347558761419364,0.8281658223514086,0.6936537945154435
120,1.0,1.0,0.0,0.5555555555555556,1,0.6230223677032187,0.2818132168214091,0.23458810692853246,0.6810839176177979,0.8008571863174438,0.8462156362323421,0.6786662661071677,0.7305913067551777,0.8192534077843338,0.7686816542197553
121,9.0,2.0,1.0,1.0,2,0.5676691729323308,0.2850423330197554,0.2593984962406015,0.6667002439498901,0.7506065368652344,0.8824996226812761,0.6522578809918872,0.7349643611970786,0.8785547524115771,0.7870691543204547
122,6.0,2.0,0.0,1.0,2,0.6373861810391,0.34852546916890076,0.32029994643813603,0.6351950168609619,0.7626532316207886,0.9000294910388503,0.6564616766796856,0.6889144426891683,0.8867638854593263,0.7830423739667576
123,1.0,2.0,1.0,1.0,1,0.583747927031509,0.2541528239202658,0.24378109452736316,0.6471115350723267,0.64793860912323,0.691465440273317,0.6697197917326472,0.7554926001553267,0.5105598925193285,0.6568094311701548
124,2.0,1.0,1.0,0.5555555555555556,1,0.41724617524339364,0.2060324825986079,0.18729717199814558,0.6209813952445984,0.7297507524490356,0.5590024719747739,0.6680983005749745,0.7155474806929483,0.5300540323094739,0.6181755713880427
125,1.0,1.0,0.0,1.0,1,0.5676855895196506,0.2653061224489796,0.24454148471615722,0.6818159818649292,0.8139972686767578,0.8916141577198862,0.6703845548528705,0.8029098658128718,0.872298123321808,0.8093016754268592
126,9.0,2.0,1.0,1.0,2,0.6054371785451874,0.3164091243561442,0.2909625275532697,0.6417182087898254,0.6864389181137085,0.919315298203614,0.5826261455661018,0.7987065357531985,0.9002187033476923,0.8002166707176517
127,10.0,2.0,0.0,1.0,1,0.5467128027681661,0.2831168831168831,0.23442906574394465,0.6579345464706421,0.6856669783592224,0.8739905977024176,0.608376646109221,0.7695324031467278,0.8557859933301061,0.7769214100721181
128,2.0,2.0,1.0,0.5555555555555556,2,0.6283750613647522,0.35380835380835385,0.3171330387825233,0.6738167405128479,0.6855164170265198,0.7952185525530194,0.684345780186337,0.6808505840127846,0.7918580432339503,0.7380682399965228
129,5.0,1.0,1.0,1.0,2,0.6116107931316435,0.3013923013923014,0.26819296811120197,0.6845933198928833,0.612052857875824,0.3259976118482748,0.6023209777098619,0.6273255399411931,0.3653362668690148,0.4802450990920862
130,1.0,1.0,1.0,1.0,2,0.4082774049217002,0.2698768197088466,0.23042505592841164,0.6088460087776184,0.536930501461029,0.05505999140801909,0.6841386985157448,0.7303879236306895,0.07526277529237521,0.38621234721170716
131,1.0,1.0,1.0,0.7777777777777778,2,0.6055312954876274,0.30029154518950435,0.29985443959243085,0.6491578817367554,0.7930390238761902,0.9014601761046577,0.6495579819731102,0.8495238572488596,0.8442047689314254,0.8111866960645131
132,4.0,2.0,0.0,0.5555555555555556,2,0.5,0.20087336244541484,0.225130890052356,0.649990975856781,0.655153751373291,0.838883318947118,0.6153191700053818,0.6709570757209331,0.8181457285201865,0.7358263232984048
133,2.0,1.0,1.0,0.5555555555555556,2,0.5798707294552169,0.25970425138632164,0.19759926131117267,0.5740666389465332,0.7476046681404114,0.8626205839360934,0.5044918801922168,0.7263867484701779,0.8753847279122471,0.7422209851276838
134,8.0,1.0,0.0,0.5555555555555556,2,0.6291666666666667,0.2711157455683003,0.22083333333333333,0.6454952359199524,0.6810706257820129,0.8211177949738889,0.7204087739214478,0.7803190189169854,0.798638290455905,0.7801209695670568
135,2.0,1.0,0.0,0.5555555555555556,1,0.5091185410334347,0.2846270928462709,0.256838905775076,0.655094563961029,0.7974810600280762,0.2676100647674725,0.6080891304902649,0.6538425107904292,0.16032505175727368,0.42246668945136007
136,10.0,2.0,0.0,0.6666666666666666,2,0.6298003072196621,0.3065094823167606,0.2672811059907834,0.65510493516922,0.673163652420044,0.863173779792534,0.5354570532492435,0.745522000912976,0.8720103975030257,0.7540408078644448
137,8.0,1.0,1.0,0.6666666666666666,4,0.5873221216041397,0.34700043159257665,0.3009918068132816,0.6628445982933044,0.7755111455917358,0.8965768481388842,0.5979749686784981,0.8314705266285694,0.8721479529372327,0.7995425740957961
138,1.0,2.0,0.0,0.5555555555555556,1,0.5829072315558802,0.21506949524506214,0.2366691015339664,0.6645806431770325,0.6382645964622498,0.44837664053254866,0.5713251650430913,0.7147306405640181,0.3212662978323718,0.5139246859930074
139,3.0,2.0,1.0,0.6666666666666666,2,0.5674255691768827,0.26468010517090274,0.2180385288966725,0.6127001047134399,0.7025225758552551,0.8051017237983094,0.6845692130609837,0.7378820555230742,0.7876719954976558,0.7538062469700058
140,8.0,2.0,0.0,1.0,0,0.5986471251409244,0.35665914221218964,0.2593010146561443,0.6914264559745789,0.7210410237312317,0.5421333172160375,0.7011290859459295,0.7058534110930121,0.4795589808697,0.6071686987811697
141,5.0,2.0,0.0,0.875,2,0.5406593406593406,0.21716801173881145,0.22417582417582418,0.6407378315925598,0.7160847187042236,0.8647039683301776,0.6697915950298209,0.8098732059732248,0.8444922788791919,0.7972152620531038
142,9.0,2.0,1.0,1.0,4,0.6109807602064758,0.33255049318929075,0.23087752229000466,0.6816795468330383,0.658295750617981,0.8648868333858156,0.5907438639571656,0.7433251563261994,0.8373820662374438,0.7590844799766562
143,8.0,1.0,1.0,0.7777777777777778,1,0.5397614314115309,0.3213930348258706,0.3190854870775348,0.6378554701805115,0.6605892181396484,0.3496825894343426,0.7315356987512485,0.7631628572519695,0.25822681511569884,0.5256519901383149
144,1.0,2.0,1.0,1.0,1,0.580841358337557,0.2526636225266362,0.24835276229092748,0.5909697413444519,0.7741186022758484,0.8114818633306616,0.6206362313001736,0.766917615353521,0.849788452195346,0.7622060405449256
145,1.0,2.0,1.0,1.0,1,0.5665990534144693,0.25457007447528773,0.22853279242731578,0.6569421887397766,0.6163637638092041,0.891040899417363,0.5218311416954312,0.6478316257273063,0.8718884173285397,0.7331480210421601
146,1.0,1.0,1.0,1.0,2,0.657239819004525,0.3080407701019253,0.2703619909502263,0.6774333715438843,0.7564265131950378,0.8865228171573404,0.6522896331039668,0.7749013482062826,0.8695936438136165,0.7958268605703016
147,3.0,2.0,0.0,0.5555555555555556,3,0.4289818065751676,0.22740338549984032,0.17491222470475581,0.6151420474052429,0.5967404842376709,0.8894023592168786,0.4666754946052421,0.6226153167545683,0.8605688070354087,0.7098154944030244
148,8.0,2.0,0.0,0.7777777777777778,2,0.5983325159391859,0.3024054982817869,0.3109367336929868,0.6774816513061523,0.7422627210617065,0.8970433964490484,0.4902716468405599,0.6890958148487437,0.8678009027495999,0.736052940221988
149,10.0,2.0,1.0,0.7777777777777778,2,0.41494435612082675,0.16560509554140126,0.20190779014308427,0.6602340936660767,0.703326404094696,0.19518335874963763,0.6384497987204908,0.7205695550468296,0.43513472828720773,0.49733436020104144
150,4.0,2.0,1.0,1.0,3,0.5680473372781065,0.261599210266535,0.22583826429980278,0.6469296813011169,0.6815572381019592,0.8839150659618549,0.5357323959925113,0.6720479312456591,0.8360328685825036,0.7319320654456322
151,8.0,2.0,1.0,0.75,3,0.4906924795234549,0.2503725782414307,0.18912881608339538,0.6363933682441711,0.6966755390167236,0.8497639603332003,0.6649813073599532,0.695727560739316,0.8338573332278717,0.7610825404150853
152,8.0,2.0,0.0,1.0,2,0.6670448099829835,0.3248154457694492,0.2745320476460579,0.6590744853019714,0.6433064937591553,0.897003903706778,0.6390806200296714,0.6974716403019939,0.8813160140627742,0.7787180445253044
153,1.0,1.0,0.0,0.6666666666666666,1,0.6267441860465117,0.25611175785797435,0.25116279069767444,0.6222810745239258,0.6987184882164001,0.8800777130615969,0.7011580787480681,0.8203995552539017,0.8631126916962056,0.8161870096899431
154,8.0,1.0,1.0,1.0,2,0.3285939968404423,0.16139240506329114,0.18325434439178517,0.6224488615989685,0.6959042549133301,0.14793089581282876,0.6412949728419132,0.76587165395423,0.0936155312403032,0.4121782634623188
155,1.0,2.0,1.0,0.5555555555555556,1,0.6034939121228163,0.26497085320614727,0.23186871360508207,0.619688093662262,0.6727895736694336,0.6951782510972541,0.5057253321122763,0.7019779365554886,0.7117200728437416,0.6536503981521902
156,8.0,1.0,1.0,1.0,2,0.2953138815207781,0.16106194690265488,0.15649867374005305,0.677425742149353,0.6808388829231262,0.45598090668964736,0.7514510491739517,0.7453743734053282,0.3669181515084784,0.5799311201943514
157,7.0,1.0,1.0,0.5555555555555556,1,0.4927953890489914,0.2125,0.21133525456292024,0.635640561580658,0.6754269599914551,0.21700842232194942,0.5674623907250917,0.6491240705772575,0.23781008499606826,0.41785124215509173
158,8.0,1.0,0.0,1.0,3,0.5583195135433942,0.27116768123962365,0.24322830292979547,0.6718957424163818,0.7250423431396484,0.8631598293940126,0.6958296215491507,0.7934108403327628,0.854877738779301,0.8018195075138067
159,6.0,2.0,1.0,1.0,2,0.5086206896551724,0.2849740932642487,0.2103448275862069,0.6470252871513367,0.7343252897262573,0.7807665381571445,0.6103994695274495,0.5093473271549358,0.752143556824328,0.6631642229159644
160,1.0,1.0,0.0,0.6666666666666666,1,0.564625850340136,0.22888283378746593,0.23537414965986397,0.6741964221000671,0.7685840129852295,0.10776818573987407,0.6347219750529841,0.6678758404448809,0.0807241758599553,0.3727725442744236
161,1.0,1.0,1.0,1.0,2,0.6661818181818181,0.3947560087399854,0.31272727272727274,0.6776286959648132,0.8112086653709412,0.06283114441004692,0.5543159145579627,0.7316501322854845,0.09590903230624867,0.3611765558899357
162,3.0,1.0,0.0,1.0,1,0.5308432371250708,0.2356940509915014,0.2524052065647991,0.6484355330467224,0.5990086197853088,0.8526344743448432,0.4786074909592159,0.545693330203452,0.8193440572825054,0.6740698381975041
163,8.0,2.0,1.0,1.0,2,0.6079027355623101,0.25806451612903225,0.2504559270516718,0.6618359684944153,0.663722038269043,0.9024347175667005,0.5943769000540462,0.6715300512912945,0.893762431989766,0.7655260252254518
164,5.0,2.0,1.0,0.6666666666666666,3,0.5693656523981434,0.2488384099122354,0.24239298607529652,0.6594178676605225,0.6867849230766296,0.7375462499652424,0.5004985701042759,0.7139878081391697,0.7701663038599836,0.6805497330171679
165,9.0,2.0,0.0,1.0,3,0.5899280575539568,0.25041551246537397,0.2280022136137244,0.6009854078292847,0.6298815608024597,0.9006409197560824,0.6367206546097102,0.8414258618538341,0.8765307651046063,0.8138295503310582
166,8.0,2.0,1.0,1.0,2,0.5827290705339485,0.2613861386138614,0.25313117996044826,0.6553879976272583,0.7717562317848206,0.8911053025991824,0.6832160953092202,0.7707947177706062,0.8813324255881617,0.8066121353167925
167,1.0,1.0,0.0,1.0,1,0.5310580204778157,0.21189336978810666,0.22935153583617746,0.6774430871009827,0.7404401302337646,0.8518399506946381,0.6940322704606795,0.7908235592243656,0.8382482847471373,0.7937360162817051
168,2.0,2.0,0.0,1.0,2,0.38368983957219255,0.2329317269076305,0.21657754010695185,0.6074118614196777,0.6792249083518982,0.8760176834449842,0.7039385272478196,0.6920504182692963,0.7738618095353956,0.7614671096243739
169,5.0,1.0,1.0,1.0,1,0.5238289205702648,0.2503057480635956,0.2289205702647658,0.6154364943504333,0.728571891784668,0.923815658781215,0.5727577714498537,0.7500839159850443,0.8988658905823518,0.7863808091996162
170,3.0,1.0,1.0,0.5555555555555556,1,0.4458948814840261,0.253007906497078,0.21298522844383375,0.6564263701438904,0.7129504680633545,0.8712333661270452,0.5538683086410157,0.6974971430607241,0.8589020258590887,0.7453752109219683
171,8.0,2.0,1.0,1.0,2,0.576722640416908,0.24811594202898546,0.2501447596988998,0.6745023131370544,0.5685208439826965,0.8779093517228681,0.5585108593519104,0.7263775057261322,0.8764822112815828,0.7598199820206234
172,2.0,2.0,0.0,0.5555555555555556,3,0.5869439630271519,0.2220936957779063,0.19410745233968804,0.6629059910774231,0.7268776297569275,0.8224452946636641,0.5928618822438908,0.8115785425762118,0.829053673689069,0.7639848482932089
173,9.0,1.0,1.0,1.0,3,0.647872340425532,0.30564430244941426,0.24042553191489363,0.6746400594711304,0.7825199365615845,0.8912665989052094,0.6014251652672395,0.7488781603077715,0.8728953589501406,0.7786163208575902
174,13.0,1.0,0.0,1.0,3,0.494175785386516,0.3058989756269869,0.20402400282386166,0.6245877146720886,0.6509941816329956,0.8291283005820024,0.6129048094263364,0.6613895049872298,0.8413294742992412,0.7361880223237024
175,8.0,2.0,1.0,1.0,2,0.25636672325976234,0.15306122448979592,0.1426146010186757,0.5608739256858826,0.7211111783981323,0.9350254000822054,0.8633116948625293,0.8009146978326332,0.49733544459658063,0.7741468093434871
176,10.0,2.0,1.0,1.0,3,0.48734177215189867,0.24076029567053853,0.24156118143459915,0.6637601852416992,0.6727088689804077,0.7180894355403783,0.6779256416060524,0.7365955800369588,0.6777962941753398,0.7026017378396824
177,6.0,2.0,1.0,1.0,3,0.5697823303457106,0.2833333333333333,0.25096030729833546,0.6533418297767639,0.6867473721504211,0.8484147708058509,0.5854258776667683,0.5809523174350965,0.8367834299635766,0.712894098967823
178,8.0,1.0,1.0,0.5555555555555556,1,0.4975755315180902,0.2777155655095185,0.22230511003356956,0.6497789025306702,0.7329825162887573,0.9157694587323938,0.6218010490660575,0.7935784915685465,0.893035923411625,0.8060462306946556
179,8.0,2.0,1.0,0.6666666666666666,4,0.5043478260869566,0.20638209697472026,0.20703933747412007,0.6106062531471252,0.633253812789917,0.9221084689310269,0.6498149857498776,0.7898837543863898,0.9078204552472859,0.817406916078645
180,2.0,1.0,1.0,1.0,2,0.6305931321540063,0.29375,0.25806451612903225,0.6590286493301392,0.7399060130119324,0.8855762444831707,0.6382533891183654,0.698806232359213,0.8090353364611754,0.7579178006054812
181,8.0,2.0,1.0,1.0,3,0.49016480595427964,0.21394358701436936,0.2424242424242424,0.660214900970459,0.6799771785736084,0.85277065787413,0.5825230825411142,0.7056840883459313,0.7072498261390593,0.7120569137250587
182,1.0,1.0,0.0,0.5555555555555556,1,0.5182481751824817,0.26315789473684215,0.2467153284671533,0.6865034103393555,0.6531739830970764,0.8514586619875025,0.5843744495088036,0.7028344937570575,0.8382046013324824,0.7442180516464616
183,1.0,2.0,1.0,1.0,1,0.3661605206073752,0.19366044290056447,0.17266811279826463,0.6108304262161255,0.7607949376106262,0.899641756222644,0.6369779390061276,0.6171401027913405,0.856376984781101,0.7525341957003033
184,1.0,1.0,0.0,1.0,1,0.5849535080304311,0.26756985605419137,0.26711749788672867,0.6525763273239136,0.7430195212364197,0.3503753566121767,0.7080346794582263,0.8329083449574648,0.298495867146922,0.5474535620436974
185,1.0,2.0,1.0,0.7777777777777778,1,0.5612952968388589,0.2471042471042471,0.2683114880493446,0.6683393716812134,0.728900134563446,0.3263031028774488,0.7018351834440071,0.7233534253584805,0.1729497426294198,0.48111036357733905
186,7.0,1.0,0.0,1.0,3,0.2611516626115166,0.14947197400487408,0.16707218167072183,0.6606460213661194,0.6660365462303162,0.7068712590853579,0.7716292843536051,0.8556251100914825,0.2895838826996924,0.6559273840575345
187,2.0,1.0,1.0,0.75,2,0.4224924012158055,0.23661800486618007,0.1957446808510638,0.6635567545890808,0.787445604801178,0.9285765024345826,0.562451785656296,0.7581056496745121,0.890140859761807,0.7848186993817994
188,2.0,1.0,1.0,0.5555555555555556,2,0.44124071647007423,0.1958898119807608,0.1677588466579292,0.6487759947776794,0.6746641397476196,0.28667829557157953,0.6559325574335502,0.7544482584119396,0.10490943065401494,0.45049213551777106
189,9.0,2.0,1.0,1.0,3,0.5665083135391924,0.2889417360285375,0.2660332541567696,0.6217209696769714,0.7016894817352295,0.24836399496531994,0.603948441434618,0.6317738695965607,0.3242062583911164,0.4520731410969038
190,9.0,2.0,1.0,1.0,2,0.5955056179775282,0.27375000000000005,0.23845193508114856,0.6624128222465515,0.7466267347335815,0.8693279193679732,0.5980707917006841,0.7768091180207338,0.8252094626621304,0.7673543229378804
191,3.0,1.0,1.0,0.5555555555555556,2,0.5587620242576328,0.25115110925073253,0.23002927645336682,0.6351883411407471,0.7895559072494507,0.6260982107290215,0.5980258616680404,0.8196306533254715,0.8059047224430895,0.7124148620414057
192,1.0,1.0,1.0,1.0,2,0.4472573839662447,0.22147083685545227,0.21603375527426158,0.655694305896759,0.5736706852912903,0.8522035292761981,0.6574651879941427,0.807870297240349,0.8484138787579372,0.7914882233171567
193,1.0,1.0,1.0,1.0,2,0.5854271356783919,0.26540880503144654,0.2236180904522613,0.6553717255592346,0.7067700028419495,0.8300227557104227,0.5539321348261257,0.7247299217525818,0.8223293629040185,0.7327535437982873
194,12.0,2.0,1.0,1.0,3,0.5616724738675959,0.24145150034891835,0.25923344947735194,0.6540717482566833,0.6903486847877502,0.0887615414769863,0.6874630306525528,0.8037917678254068,0.0830277228219237,0.4157610156942174
195,12.0,2.0,1.0,1.0,2,0.650462962962963,0.287369640787949,0.2604166666666667,0.6390264630317688,0.6457809805870056,0.8929815234129388,0.6025127136236259,0.672351017969207,0.8685241255956491,0.7590923451503553
196,8.0,2.0,0.0,0.7777777777777778,1,0.5687293339631554,0.24586288416075655,0.22768068020784132,0.6336072087287903,0.6232630014419556,0.8801633943305336,0.4560547797590128,0.7543340029278348,0.8563708168903773,0.7367307484769396
197,4.0,2.0,1.0,1.0,2,0.6048064085447262,0.24598930481283424,0.22830440587449932,0.6500608921051025,0.7484115958213806,0.7966475794378641,0.6664570191114565,0.7309003884586266,0.7987028209596925,0.7481769519919099
198,1.0,1.0,1.0,0.6666666666666666,2,0.6249193027759846,0.26761473820297343,0.2711426726920593,0.6666111350059509,0.7241474986076355,0.8971573747392684,0.6038085435440214,0.6869274684849704,0.9086651582911403,0.77413963626485
199,3.0,1.0,1.0,1.0,2,0.6023235031277926,0.31216457960644006,0.2850759606791778,0.6751099228858948,0.7762466669082642,0.9185044859914259,0.6317523468369292,0.7164377626332847,0.9010817627119654,0.7919440895434013
200,8.0,2.0,1.0,0.7777777777777778,3,0.6008968609865472,0.2552918537524054,0.24087123638693148,0.6579231023788452,0.7721256017684937,0.8173308848189891,0.6027552061334617,0.6643427666169921,0.605224717984362,0.6724133938884512
201,2.0,2.0,1.0,0.5555555555555556,1,0.5542168674698796,0.2997416020671835,0.23235800344234078,0.6315020322799683,0.7107791304588318,0.8841446784281822,0.6551629946656626,0.7243570499346097,0.8315217617253186,0.7737966211884433
202,2.0,2.0,0.0,0.5555555555555556,1,0.5457731055628559,0.24112231477422183,0.2006132282084976,0.6328657269477844,0.7705379128456116,0.8633696886791785,0.5125030256017012,0.6680910044808358,0.8273906668766161,0.7178385964095829
203,9.0,1.0,1.0,0.5555555555555556,2,0.5285140562248996,0.20434432823813353,0.26666666666666666,0.6376674175262451,0.7267756462097168,0.8863752818503958,0.6958299042702686,0.707107742691922,0.8412166072741374,0.7826323840216809
204,8.0,1.0,1.0,0.7777777777777778,3,0.5656309448319594,0.21079365079365078,0.22067216233354472,0.6409752368927002,0.6594712138175964,0.8458163528298481,0.5821231806056696,0.6259437539930854,0.8250739811728178,0.7197393171503553
205,6.0,1.0,0.0,0.6666666666666666,3,0.6098505810736027,0.2548476454293629,0.2302158273381295,0.6590669751167297,0.745296061038971,0.9088043686214488,0.6415125880301967,0.7387907522279704,0.8857345022653318,0.7937105527862369
206,1.0,2.0,0.0,0.5555555555555556,2,0.6185804962492787,0.26112073945696124,0.2377380265435661,0.6904624700546265,0.6570968627929688,0.848112662862604,0.6006270161115433,0.6523286390428618,0.8695972098001393,0.742666381954287
207,2.0,1.0,0.0,1.0,1,0.582258064516129,0.32148626817447495,0.3258064516129032,0.6939930319786072,0.6636413335800171,0.14346891041696727,0.6679687903642754,0.8357973796186884,0.10600010030072858,0.43830879517516486
208,8.0,1.0,0.0,0.5555555555555556,2,0.5787187839305103,0.20978260869565218,0.21715526601520085,0.6315979361534119,0.747079074382782,0.87299084622994,0.5867492069416005,0.6309225922958284,0.8503947046867456,0.7352643375385286
209,9.0,2.0,1.0,0.5555555555555556,2,0.6384364820846904,0.3173913043478261,0.27361563517915305,0.7036700248718262,0.6897737383842468,0.8179189019273819,0.6285893678288138,0.6698950874843418,0.7538060698960153,0.7175523567841382
210,1.0,1.0,1.0,0.5555555555555556,2,0.6090577824049974,0.28660760812923397,0.22696512233211866,0.682745099067688,0.7026414275169373,0.6457537935744958,0.5020152562838507,0.6988090448745616,0.6635292760046061,0.6275268426843785
211,3.0,2.0,0.0,0.7777777777777778,2,0.6404736275565123,0.3135775862068966,0.271259418729817,0.6619310975074768,0.6494468450546265,0.9133641399550543,0.5537565202346053,0.8087041201029586,0.9029714788601247,0.7946990647881857
212,8.0,1.0,1.0,1.0,1,0.5821256038647343,0.23579201934703747,0.2584541062801932,0.6619032025337219,0.6016772985458374,0.8821870656563338,0.5122854193708516,0.5532368399285168,0.859947670056261,0.7019142487529908
213,1.0,2.0,1.0,0.8888888888888888,1,0.4721141374837872,0.24805194805194805,0.20103761348897534,0.6027805805206299,0.695046067237854,0.8126616299898177,0.735384452218764,0.7281474590828833,0.7887622884660358,0.7662389574393752
214,2.0,2.0,1.0,0.8888888888888888,3,0.5016129032258065,0.2148626817447496,0.18709677419354837,0.6182612180709839,0.6335755586624146,0.7378729287679089,0.6414531161141767,0.7398091896887221,0.7308390813223344,0.7124935789732856
215,9.0,2.0,1.0,1.0,2,0.5983960518198643,0.29400864731315624,0.2467612584824182,0.6515701413154602,0.6790251731872559,0.03707860764301019,0.6207331265263675,0.6974245849464795,0.04538742178737778,0.35015593522580873
216,1.0,1.0,0.0,0.5555555555555556,1,0.5741626794258372,0.2653256704980843,0.22488038277511962,0.6410218477249146,0.7198485136032104,0.8942326972214322,0.6123223296176958,0.8001087813529975,0.8724717777257427,0.7947838964794669
217,8.0,2.0,0.0,1.0,2,0.5939490445859873,0.2647527910685806,0.23566878980891723,0.6127399206161499,0.7537785172462463,0.14324140558704215,0.6152296181649999,0.7362641522885849,0.11919756862476115,0.403483186166347
218,1.0,1.0,0.0,0.8888888888888888,1,0.6258953168044077,0.26365140650854935,0.26666666666666666,0.667890191078186,0.7509225606918335,0.8701041869354862,0.5870487438053852,0.8037956147182822,0.802000840016395,0.7657373463688871
219,1.0,2.0,1.0,1.0,1,0.5482071713147411,0.21707901037509977,0.22788844621513946,0.6621032357215881,0.7794071435928345,0.8949309103364358,0.7805758657230978,0.7186091954009507,0.8482567689335007,0.8105931850984962
220,3.0,2.0,1.0,1.0,1,0.6081534772182254,0.27844455112818056,0.22350119904076737,0.663472592830658,0.6211013197898865,0.8896129246634352,0.5530372928530453,0.8940649399887568,0.8631829744216821,0.7999745329817298
221,7.0,1.0,1.0,1.0,2,0.6523736600306279,0.37730061349693245,0.3537519142419602,0.6905719637870789,0.6065748929977417,0.8424293236707864,0.6540628835378566,0.6829754013103376,0.8621553312562544,0.7604057349438088
222,8.0,2.0,1.0,1.0,0,0.6674500587544067,0.3674911660777386,0.33607520564042304,0.702256977558136,0.7068563103675842,0.24608981284749434,0.780765365627897,0.7186479864421864,0.366007919933645,0.5278777712128058
223,4.0,2.0,1.0,0.8888888888888888,1,0.5784883720930233,0.27365356622998543,0.2616279069767442,0.6119324564933777,0.7372717261314392,0.1277835035047469,0.5740766562104559,0.6634982216334804,0.15053695199404987,0.37897383333568324
224,8.0,1.0,1.0,1.0,2,0.5850487540628386,0.2266811279826464,0.22535211267605634,0.6412745714187622,0.726294994354248,0.895231707718407,0.6334387866701249,0.8393702955270875,0.877181218844587,0.8113055021900516
225,2.0,1.0,1.0,0.5555555555555556,2,0.5708712613784136,0.23567708333333331,0.26527958387516254,0.6472928524017334,0.6869506239891052,0.8071213067423586,0.6409462233303983,0.7282181054740763,0.7934028074511049,0.7424221107494845
226,12.0,2.0,0.0,0.6666666666666666,1,0.4697156983930778,0.2828865979381443,0.21672847136382367,0.5984096527099609,0.7453778386116028,0.14824472183915938,0.5515305471769603,0.826314079453222,0.03476446897228056,0.39021345436040555
227,2.0,2.0,1.0,0.5555555555555556,1,0.6578073089700996,0.3166999334664005,0.26710963455149506,0.6731089949607849,0.6972670555114746,0.7815250556193752,0.666223707754547,0.7770368680138483,0.8070379774231147,0.7579559022027212
228,8.0,1.0,1.0,1.0,2,0.6117237376668602,0.32771644392794885,0.2739408009286129,0.6289997100830078,0.6633362770080566,0.6686787733415208,0.6424482686026493,0.7061318513962885,0.5550449841748701,0.6430759693788322
229,9.0,2.0,1.0,1.0,1,0.5726341169379144,0.2582981291490645,0.26401446654611216,0.6508001089096069,0.6446537375450134,0.09915954435472554,0.6372167323942958,0.7654057010485924,0.12579247032288038,0.40689361203012353
230,2.0,2.0,1.0,0.7777777777777778,1,0.4580369843527739,0.24643874643874641,0.20910384068278806,0.6484494209289551,0.6534062027931213,0.7059073450586931,0.6349500235470016,0.8270271494357437,0.7770212716117445,0.7362264474132957
231,4.0,2.0,1.0,0.5555555555555556,1,0.4551910720324653,0.2639593908629442,0.20899560365235034,0.629397988319397,0.7114483714103699,0.8593574797968178,0.5635511704909101,0.6731571500601448,0.8268807018360035,0.7307366255459691
232,1.0,1.0,1.0,1.0,2,0.6558946738479953,0.31755542240862794,0.2597247157390784,0.6459130048751831,0.7220907807350159,0.8530832111204582,0.620245597011636,0.6920061902703,0.7974272343463624,0.7406905581871892
233,8.0,1.0,1.0,1.0,3,0.48888888888888893,0.19406674907292956,0.21481481481481485,0.6103367209434509,0.7025561332702637,0.06949831505274189,0.6693903309743039,0.7282304131684333,0.06961366330415546,0.38418318062490864
234,10.0,1.0,0.0,0.7777777777777778,4,0.5853658536585366,0.28826682549136395,0.23914336704342656,0.6532680988311768,0.6748142242431641,0.8281737036636745,0.6664784119478298,0.6935128771067854,0.8254392122015959,0.7534010512299714
235,7.0,2.0,1.0,1.0,0,0.3585038814396613,0.19929328621908127,0.21594918842625266,0.6002740263938904,0.7311258912086487,0.31054575192324946,0.7291976296078335,0.6375407103860141,0.3232285909570761,0.5001281707185433
236,3.0,2.0,1.0,1.0,1,0.5571363010555301,0.2645842903077629,0.2514915098669114,0.6355630159378052,0.796354353427887,0.8668902984893698,0.5811247000178038,0.6953896577737381,0.8348078486798445,0.744553126240189
237,9.0,2.0,1.0,0.8888888888888888,1,0.5612382234185732,0.2223719676549865,0.1911170928667564,0.6776198744773865,0.5536944270133972,0.6098075984285526,0.5001135286076103,0.767110871412803,0.6813696632526961,0.6396004154254155
238,1.0,2.0,1.0,0.6666666666666666,1,0.3446561723280862,0.19419087136929464,0.19884009942004968,0.6214335560798645,0.7629619836807251,0.4419853425053665,0.8311281369010087,0.8930464686377181,0.32536691897142345,0.6228817167538792
239,8.0,1.0,1.0,0.6666666666666666,1,0.631578947368421,0.3212045169385195,0.2656641604010025,0.6542474627494812,0.7748404741287231,0.5186835466216263,0.6972723686237603,0.7638404083672542,0.49698326935363707,0.6191948982415695
240,8.0,1.0,1.0,0.7777777777777778,3,0.5503614457831325,0.28075253256150506,0.26602409638554214,0.6576354503631592,0.7666398286819458,0.8061581138045059,0.675992262244674,0.7700584234440947,0.8228715417787991,0.7687700853180184
241,2.0,2.0,0.0,0.5555555555555556,3,0.5412569474134246,0.29867351305092,0.2736212056434374,0.6804004907608032,0.7014414668083191,0.9088104460332281,0.5926629612674986,0.7931841417895069,0.8912095595575265,0.79646677716194
242,8.0,2.0,1.0,1.0,3,0.6256335988414192,0.33792603335750543,0.2881969587255612,0.71084064245224,0.6265890002250671,0.8467102576809917,0.5855642665765167,0.6799923922147023,0.8358332017673233,0.7370250295598836
243,8.0,2.0,1.0,1.0,3,0.65569774527727,0.36607687614399026,0.3059110298598416,0.6681972742080688,0.6787899732589722,0.8108142993364565,0.5105109371792372,0.6588569389181389,0.7425009149441676,0.6806707725945
244,8.0,1.0,0.0,0.5555555555555556,2,0.5787465940054495,0.21822149481723951,0.2223433242506812,0.6646901965141296,0.680290937423706,0.9149366214491068,0.5379253764174384,0.7696927409761121,0.8946770771840915,0.7793079540066872
245,3.0,1.0,1.0,0.5555555555555556,3,0.6445872466633712,0.30084116773874314,0.2698961937716263,0.6703061461448669,0.750270426273346,0.9111079272131115,0.5573091161848042,0.7461678508118088,0.8970311244917831,0.7779040046753769
246,1.0,1.0,0.0,1.0,2,0.28846153846153844,0.11753371868978807,0.15192307692307694,0.6378045678138733,0.8595880270004272,0.9149608192722632,0.8975664443157901,0.8472980964366347,0.8837242500869039,0.885887402527898
247,9.0,2.0,1.0,0.6666666666666666,3,0.5276645311589983,0.24606413994169093,0.24694234129295284,0.6185279488563538,0.700740396976471,0.2337378262526732,0.5932771287263479,0.7090967121412236,0.1320496012750068,0.4170403170988129
248,1.0,1.0,0.0,1.0,1,0.5794871794871795,0.31362467866323906,0.3794871794871795,0.6726569533348083,0.6694758534431458,0.2133378824154076,0.706810513376011,0.5916055892087936,0.22901067073143472,0.43519116393291174
249,3.0,2.0,0.0,0.5555555555555556,2,0.5408038976857491,0.2657456318569687,0.21680876979293545,0.6823322176933289,0.6867221593856812,0.8556540146231654,0.5937163075002324,0.6863781532368566,0.8293590938386156,0.7412768922997175
250,1.0,2.0,1.0,0.5555555555555556,1,0.5625950329447542,0.25266362252663627,0.2240243284338571,0.6156345009803772,0.6709601283073425,0.8409042571223678,0.6489546905846036,0.6227417903508852,0.8339128360517727,0.7366283935274074
251,2.0,2.0,1.0,0.6666666666666666,3,0.5515507124895223,0.27432885906040266,0.20368818105616093,0.6462419629096985,0.8107386231422424,0.8595273944886354,0.6164271923550629,0.7482806183543896,0.836343076357217,0.7651445703888262
252,13.0,2.0,0.0,0.6666666666666666,1,0.48778054862842896,0.20768846729905144,0.19950124688279303,0.6270833611488342,0.7853845953941345,0.12391080473492336,0.5762443130238478,0.8203129503960237,0.16203043885319798,0.4206246267519982
253,9.0,1.0,0.0,1.0,3,0.518918918918919,0.20801733477789816,0.23351351351351352,0.6463152766227722,0.7155137658119202,0.24121433351686375,0.7412870437755547,0.7541044999685536,0.3404380180114292,0.5192609738181002
254,8.0,2.0,0.0,0.75,2,0.64440734557596,0.31643454038997215,0.2604340567612688,0.6389681696891785,0.7436046600341797,0.7691598710714473,0.569362370387712,0.7672231340717072,0.8630207526414606,0.7421915320430819
255,1.0,1.0,0.0,1.0,1,0.5473527218493662,0.24197162061239735,0.2505592841163311,0.6419076323509216,0.6690245866775513,0.7804904885677888,0.6291655653284239,0.7700043149285989,0.7502835860439486,0.7324859887171901
256,1.0,2.0,1.0,0.875,1,0.4822389666307858,0.2262118491921005,0.17294581987800503,0.5919992327690125,0.7151458859443665,0.8656117123853706,0.5701925310581666,0.7667371834309238,0.8656055530958524,0.7670367449925783
257,2.0,1.0,0.0,1.0,1,0.6546212647671995,0.3743910925539318,0.325225851285615,0.6852808594703674,0.5166702270507812,0.8236209956292622,0.5601573902138721,0.7354746831664024,0.827802054569061,0.7367637808946494
258,9.0,2.0,0.0,0.6666666666666666,2,0.5954983922829581,0.25370251126851256,0.2032154340836013,0.6202847361564636,0.7642785310745239,0.2619264683836939,0.5101904739558314,0.8098211429351998,0.39901413558315,0.4952380552144688
259,2.0,1.0,1.0,1.0,1,0.6212471131639722,0.27976878612716766,0.2263279445727483,0.5637313723564148,0.793245255947113,0.9122068501708487,0.7283605967533707,0.685522240863207,0.8981529267601192,0.8060606536368864
260,8.0,2.0,0.0,0.75,1,0.45197168857431747,0.23987854251012142,0.2517694641051567,0.6870667338371277,0.7233356237411499,0.03922701538164637,0.7642447204012873,0.8107453730467788,0.06829511659854827,0.42062805635706524
261,9.0,1.0,0.0,0.75,2,0.5924324324324325,0.29220779220779214,0.27567567567567564,0.6513527631759644,0.6095730662345886,0.09966540699189683,0.609771528109475,0.7102965999820632,0.1261443013827276,0.3864694591165407
262,8.0,1.0,1.0,0.6666666666666666,2,0.6758448060075094,0.3408521303258145,0.28410513141426785,0.6412234306335449,0.7046974301338196,0.8391638194169257,0.5439394794414116,0.679136977136558,0.8235811752944041,0.7214553628223249
263,7.0,1.0,1.0,0.75,2,0.5026666666666666,0.2923898531375167,0.2853333333333333,0.6685394644737244,0.7840558886528015,0.655940515495063,0.635482673197705,0.8356964206054375,0.6005529901178535,0.6819181498540148
264,2.0,2.0,0.0,1.0,1,0.6422385076615589,0.3362241494329553,0.3197868087941372,0.7063146233558655,0.6623696684837341,0.8580789301880262,0.5125129399113189,0.6742400422220727,0.8234654360973731,0.7170743371046977
265,8.0,2.0,1.0,0.75,3,0.4388270980788675,0.24595141700404857,0.24772497472194135,0.6203872561454773,0.7655043601989746,0.7460566198304264,0.6643824845323564,0.6162974033884855,0.3739214748129891,0.6001644956410643
266,2.0,2.0,0.0,0.5714285714285714,1,0.4414261460101868,0.25382436260623226,0.2591963780418789,0.6208446621894836,0.6961127519607544,0.16027296008832076,0.5590189003476338,0.7166356379794143,0.11880380121296782,0.38868282490708417
267,1.0,2.0,1.0,0.875,1,0.4137592137592137,0.21446138711264143,0.24275184275184272,0.6171042919158936,0.6925680041313171,0.8979898096696245,0.6584283428202267,0.8594280410222648,0.7835834653637139,0.7998574147189574
268,8.0,1.0,1.0,0.75,2,0.6281967213114754,0.30728824688115564,0.2845901639344262,0.6488212943077087,0.7435434460639954,0.9034645212316451,0.602461385866709,0.6271670819411151,0.8970449922332202,0.7575344953181724
269,10.0,2.0,0.0,0.75,3,0.6392132759680393,0.31015384615384617,0.27781192378610936,0.6636157035827637,0.7345123887062073,0.8924351318198513,0.5563445014219116,0.7469976921899907,0.8732226502443844,0.7672499939190345
270,2.0,2.0,1.0,0.875,1,0.6405895691609977,0.2746878547105561,0.21882086167800452,0.6402596831321716,0.6889872550964355,0.9139285920588037,0.6455480982655014,0.70146131096348,0.8901119513966119,0.7877624881710993
271,8.0,1.0,1.0,1.0,3,0.48982035928143713,0.3069544364508393,0.281437125748503,0.6653392314910889,0.6618425250053406,0.6489551082991585,0.5647935209804964,0.5687563890434087,0.4638614860223277,0.5615916260863478
272,2.0,2.0,0.0,1.0,1,0.6322188449848024,0.33597078514911755,0.30395136778115506,0.6352342963218689,0.8172089457511902,0.8533458416492917,0.6112887609357197,0.7874866369337659,0.846282114085218,0.7746008384009988
273,3.0,2.0,1.0,0.75,1,0.6624685138539043,0.34047919293820933,0.3198992443324937,0.6582863926887512,0.7404786944389343,0.8162782528296006,0.5547690459612244,0.6644778936993728,0.8096294350404786,0.7112886568826691
274,10.0,2.0,0.0,1.0,3,0.6596335369239312,0.34908282379099503,0.3353692393114936,0.5942915678024292,0.6262672543525696,0.89033156947095,0.5807682639837407,0.6876229135376855,0.8746741056941086,0.7583492131716213
275,1.0,2.0,1.0,0.8888888888888888,1,0.6395061728395062,0.2991347342398022,0.26049382716049385,0.6865437030792236,0.6606987118721008,0.8278861588589069,0.43933344033528576,0.6489050524910495,0.8379624155470535,0.6885217668080739
276,8.0,1.0,1.0,0.875,2,0.546644844517185,0.23606557377049178,0.2536824877250409,0.6186262965202332,0.5954936742782593,0.6279242651375846,0.5693408694969084,0.6948239392296256,0.7478041522465568,0.659973306527669
277,1.0,1.0,1.0,0.8888888888888888,2,0.6408904510837727,0.30850439882697944,0.24604569420035147,0.6601166725158691,0.5891358852386475,0.779298778437513,0.5502990805044798,0.5441559538905631,0.7821551944150611,0.6639772518119043
278,8.0,1.0,1.0,1.0,1,0.6004140786749482,0.30822391154111956,0.2650103519668737,0.6582573056221008,0.6094807386398315,0.6859143949992655,0.6151293740598545,0.7275623070571444,0.6382265309796699,0.6667081517739836
279,6.0,2.0,1.0,1.0,3,0.4778067885117494,0.19215686274509805,0.20104438642297653,0.6515209078788757,0.7600580453872681,0.7958609378249876,0.8067513717660941,0.8037081438513104,0.23423212280308253,0.6601381440613686
280,3.0,1.0,0.0,0.75,1,0.45714285714285713,0.18855218855218853,0.22016806722689075,0.638404130935669,0.7317216396331787,0.48316586721548394,0.7233113189455302,0.7703082426267812,0.4273323260349401,0.6010294387056839
281,1.0,2.0,1.0,0.625,1,0.5661764705882353,0.2667893284268629,0.21783088235294112,0.6652098298072815,0.595190167427063,0.8967747304256005,0.570155512265792,0.6353252075965714,0.8830303660671098,0.7463214540887684
282,1.0,1.0,0.0,0.625,1,0.5568345323741007,0.21613832853025938,0.2316546762589928,0.6438350677490234,0.7065182328224182,0.536543510952059,0.826750116907962,0.8617531202794201,0.23832856084385398,0.6158438272458238
283,1.0,2.0,1.0,0.625,1,0.5419354838709677,0.25618945102260493,0.27096774193548384,0.6368070840835571,0.7014435529708862,0.3618387426393675,0.7140921958154833,0.7608851573625142,0.3490321392953839,0.5464620587781872
284,1.0,2.0,1.0,1.0,1,0.31367731367731366,0.1557377049180328,0.14742014742014742,0.6169198155403137,0.7039695382118225,0.6886660870616349,0.6001736706567435,0.799349273372244,0.743907970696079,0.7080242504466754
285,2.0,1.0,0.0,1.0,1,0.6072931276297335,0.2752808988764045,0.273492286115007,0.6746228933334351,0.6822535991668701,0.6633838972216296,0.607028006948936,0.7096825589276503,0.7598499424242448,0.6849861013806152
286,9.0,1.0,0.0,1.0,2,0.6419336706014614,0.3196398424310636,0.29342327150084313,0.6451664566993713,0.693152666091919,0.8378122732816748,0.5845853895221024,0.6718726940268874,0.8313410615755912,0.7314028546015641
287,1.0,2.0,1.0,1.0,1,0.6435586366262276,0.32388663967611336,0.25303292894280766,0.6403348445892334,0.773593544960022,0.8614596397102153,0.7209705929683132,0.6417645351863523,0.8775807195330017,0.7754438718494706
288,8.0,2.0,1.0,0.8888888888888888,3,0.6495327102803737,0.30292397660818715,0.286214953271028,0.6518814563751221,0.7471039891242981,0.8452070589526276,0.666835480655891,0.7486992983550187,0.8565785231123396,0.7793300902689692
289,1.0,2.0,1.0,0.6666666666666666,1,0.6350806451612904,0.3168516649848638,0.23286290322580647,0.6794610619544983,0.6539347767829895,0.8948684506139406,0.4286733502338951,0.7848212074314145,0.8259664007859521,0.7335823522663005
290,1.0,1.0,0.0,1.0,1,0.6549502050380784,0.3214076246334311,0.29994141769185706,0.6488604545593262,0.6676840782165527,0.8436391639888488,0.6399666330816952,0.7383874800914343,0.8248101237453814,0.7617008502268399
291,2.0,2.0,0.0,1.0,4,0.625,0.295906432748538,0.2780373831775701,0.6462900042533875,0.7316882014274597,0.8849605053117102,0.397285620583041,0.7752745748962967,0.8889644745914704,0.7366212938456296
292,1.0,2.0,1.0,1.0,1,0.6079759217456734,0.26525998492840996,0.28442437923250563,0.6677873730659485,0.6566845774650574,0.8814138490936348,0.5999388231013393,0.8137108241983045,0.8715877045410308,0.7916628002335774
293,8.0,1.0,1.0,1.0,2,0.5984555984555985,0.2654639175257732,0.22007722007722008,0.6351913213729858,0.6453482508659363,0.7798399951218988,0.5246083278743038,0.7262322090400997,0.822585233800513,0.7133164414592038
294,1.0,1.0,0.0,0.625,1,0.6255989048596851,0.33036326250856746,0.2737850787132102,0.6976415514945984,0.729494571685791,0.7583101768124184,0.6122838662127583,0.7548888633835834,0.7704186440020787,0.7239753876027097
295,8.0,1.0,0.0,0.7142857142857143,2,0.5733512786002691,0.25471698113207547,0.22207267833109018,0.6448996663093567,0.6921889185905457,0.4353223102629247,0.6449299668960816,0.7580381625747842,0.3513794673535269,0.5474174767718294
296,1.0,2.0,0.0,0.75,2,0.5122083559413999,0.22596414991852254,0.2040151926207271,0.6162627339363098,0.7050422430038452,0.1996102053004086,0.7207264725946992,0.7286108830689638,0.30169406017222145,0.4876604052840733
297,8.0,1.0,1.0,0.5714285714285714,1,0.37919737919737917,0.18114754098360658,0.18263718263718262,0.6445100903511047,0.6684471964836121,0.8167436380944902,0.7256084507354842,0.7543262717257014,0.794615326729575,0.7728234218213128
298,2.0,1.0,1.0,1.0,1,0.4128617363344051,0.22665808113329036,0.20964630225080386,0.6543877720832825,0.737117350101471,0.2718053135508825,0.7663519930761062,0.7885864878967832,0.19214116247726507,0.5047212392502592
299,9.0,2.0,1.0,1.0,1,0.6118038237738986,0.32805995004163196,0.2593516209476309,0.6545853018760681,0.5998097062110901,0.893185817088144,0.6702717066661936,0.8551460642313637,0.8723665338445943,0.822742530457574
300,2.0,1.0,1.0,1.0,2,0.615573267933783,0.3020257826887662,0.2709993868792152,0.6398194432258606,0.6899498105049133,0.8667417919888281,0.7072818807386124,0.6501645339899902,0.8638367439144273,0.7720062376579645
301,8.0,2.0,0.0,1.0,2,0.6385341476957246,0.3235130628126738,0.24319822320932816,0.6440649628639221,0.6799444556236267,0.8644879977166465,0.7272218974416004,0.7534263422696512,0.835705623479592,0.7952104652268724
302,9.0,1.0,1.0,0.75,2,0.47668393782383417,0.24913494809688583,0.2193436960276339,0.6420860290527344,0.7239972352981567,0.5984164019935644,0.7846561893278975,0.7300159617433152,0.6715481874841599,0.6961591851372342
303,8.0,1.0,1.0,1.0,1,0.47185901080159176,0.2618099032441662,0.2501421262080728,0.6356115937232971,0.7389668226242065,0.7688096649569047,0.5960210379926522,0.7173845016583644,0.6568798527671414,0.6847737643437657
304,1.0,1.0,0.0,0.875,1,0.5655042412818096,0.2738432483474977,0.26767200754005654,0.6562073826789856,0.7592297792434692,0.2648236907250857,0.7331793415554297,0.8137595562448989,0.6973646365145215,0.627281806259984
305,7.0,2.0,0.0,0.75,2,0.5840963855421687,0.24794983116256628,0.19759036144578312,0.6183361411094666,0.8165603876113892,0.9084284528455775,0.634294265818408,0.8987718022776808,0.894009159250926,0.833875920048148
306,8.0,1.0,0.0,1.0,3,0.5770609318996416,0.30622009569377995,0.26762246117084826,0.5901821851730347,0.8068835735321045,0.9092596317626538,0.6261351545213146,0.7440182977390208,0.8888370788677955,0.7920625407226962
307,1.0,1.0,1.0,1.0,3,0.6591639871382637,0.3111587982832618,0.25616291532690244,0.6696676015853882,0.6870145201683044,0.9154550899855218,0.5645784335870659,0.8074548220800951,0.9025631051746305,0.7975128627068283
308,8.0,1.0,1.0,1.0,1,0.5879518072289157,0.30776652194886633,0.2274698795180723,0.6645243763923645,0.7415997385978699,0.8167009292364164,0.5378407693983855,0.8225522202993025,0.5278020629460236,0.676223995470032
309,1.0,1.0,1.0,0.625,2,0.6391509433962264,0.27981109799291615,0.24056603773584906,0.6688143014907837,0.812686562538147,0.881840809725727,0.5873646455147292,0.7845876967892578,0.8771527142326179,0.7827364665655829
310,1.0,1.0,0.0,0.75,1,0.6371061843640607,0.26869158878504673,0.2508751458576429,0.6849851608276367,0.6443110704421997,0.9112170706743926,0.6314469805282443,0.8080513121120463,0.8782763561870875,0.8072479298754427
311,1.0,2.0,1.0,0.875,1,0.6225826575171554,0.2810743285446596,0.26076107298814727,0.6632838845252991,0.7288910746574402,0.8604980241876617,0.4664645503931203,0.8247563245483519,0.8449376993728921,0.7491641496255066
312,5.0,2.0,1.0,0.625,1,0.481468888133288,0.2415787682885335,0.17953077184631078,0.6522519588470459,0.7516959309577942,0.9209901317674919,0.4967067077373827,0.7794977155577081,0.8958689530340637,0.7732658770241616
313,4.0,2.0,1.0,0.625,1,0.6028556319407721,0.2879830598200106,0.27075621364357483,0.6450936198234558,0.7762280106544495,0.9097662643300265,0.6965866032669159,0.75318510000272,0.8901200426857976,0.812414502571365
314,9.0,1.0,0.0,1.0,2,0.5606276747503567,0.26571428571428574,0.2624821683309557,0.632997453212738,0.6640041470527649,0.819950791999421,0.5529011446015869,0.7138654659582874,0.7958433699840899,0.7206401931358464
315,8.0,1.0,1.0,1.0,2,0.6187134502923977,0.28688524590163933,0.2573099415204679,0.6724896430969238,0.7279306054115295,0.8720773167859577,0.6798918452841642,0.7242879195055485,0.8613711051508682,0.7844070466816346
316,9.0,2.0,1.0,0.625,1,0.5803571428571428,0.2909632571996028,0.2490079365079365,0.6237688064575195,0.6617042422294617,0.8440603708338767,0.5189305111594406,0.6300778889133986,0.8554440495891894,0.7121282051239763
317,1.0,1.0,0.0,1.0,1,0.6017699115044247,0.28571428571428575,0.2234513274336283,0.6873886585235596,0.6558929085731506,0.4882716753439441,0.5988180251989981,0.7508039889590068,0.6022840534544244,0.6100444357390933
318,2.0,2.0,1.0,1.0,1,0.6151809355692851,0.3754416961130742,0.30979699911738745,0.6976990103721619,0.779546856880188,0.8927827278156955,0.6810711075322238,0.7534340103943238,0.8795395115574923,0.8017068393249338
319,4.0,1.0,1.0,0.8888888888888888,2,0.5296495956873315,0.2658569500674764,0.2371967654986523,0.6298439502716064,0.727880597114563,0.5872062811654088,0.6436059433377752,0.5700559965613259,0.5637083359870122,0.5911441392628806
320,1.0,1.0,0.0,1.0,1,0.6254071661237786,0.3304347826086957,0.22909880564603693,0.6393418312072754,0.6722949147224426,0.8826868919871703,0.5407091636870769,0.7309674326033847,0.8682727572527077,0.755659061382585
321,4.0,1.0,1.0,0.8888888888888888,2,0.4955640050697085,0.33121827411167515,0.35614702154626116,0.6552558541297913,0.8061004877090454,0.6577857566564654,0.750485110038457,0.7096576525866518,0.6241735935029693,0.6855255281961359
322,1.0,2.0,1.0,0.75,1,0.5283605283605284,0.24650077760497666,0.21056721056721056,0.6113402247428894,0.7029722929000854,0.8925011410995716,0.6243546580988906,0.7430271045292224,0.8708150107432129,0.7826744786177243
323,9.0,1.0,0.0,0.5555555555555556,3,0.5576208178438662,0.28110789582472095,0.2792234613795952,0.6504467725753784,0.6226865649223328,0.8473585016492312,0.5234332891929422,0.7509816485354361,0.8474336921224487,0.7423017828750146
324,2.0,2.0,0.0,1.0,2,0.41244661378889563,0.22710622710622708,0.18791946308724833,0.6108255982398987,0.7202798128128052,0.8723216810147424,0.5316182506962898,0.6777387703286555,0.8404282409371825,0.7305267357442176
325,2.0,1.0,1.0,1.0,2,0.6630888491353608,0.32358208955223877,0.25641025641025644,0.6412370204925537,0.7519353032112122,0.8362163878950482,0.5870975339061967,0.766070629073944,0.797857705764368,0.7468105641598892
326,10.0,2.0,1.0,1.0,2,0.4660471765546819,0.25912670007158195,0.24588992137240884,0.6816704869270325,0.7409119606018066,0.19239286720658186,0.639537759917003,0.7133024338636358,0.2047616041802008,0.43749866629185535
327,8.0,1.0,1.0,0.75,3,0.5057736720554272,0.2554913294797688,0.2020785219399538,0.5901800394058228,0.6774355173110962,0.17714485410166736,0.6069699284899265,0.7564677329676794,0.1398037417507673,0.42009656432751014
328,1.0,1.0,0.0,0.5555555555555556,1,0.5757412398921834,0.2838640043173233,0.24043126684636118,0.6543704867362976,0.7600496411323547,0.4129019415948263,0.6406656020670071,0.7496825942924723,0.42224057676252014,0.5563726786792065
329,1.0,2.0,1.0,1.0,1,0.6476744186046512,0.3341094295692666,0.23255813953488375,0.6508433222770691,0.5653602480888367,0.8278416538415098,0.6199627618419551,0.7472514081071618,0.8239071086823064,0.7547407331182333
330,2.0,2.0,1.0,1.0,1,0.5995402298850575,0.3028071790151864,0.2574712643678161,0.641952395439148,0.7362247705459595,0.8747706862562704,0.623478260191079,0.8208949621598145,0.8745052651145087,0.7984122934304182
331,2.0,2.0,1.0,1.0,1,0.6519453207150369,0.35052631578947363,0.2891692954784438,0.6819782853126526,0.6411415338516235,0.8902571479216511,0.6633324904555588,0.6682940116720293,0.9066889485885502,0.7821431496594474
332,3.0,2.0,1.0,1.0,1,0.6004056795131846,0.3046716316858497,0.29749830966869506,0.692276656627655,0.7073878645896912,0.4689016998429155,0.5758123010683606,0.6569217569393458,0.6646768014251403,0.5915781398189406
333,2.0,2.0,1.0,1.0,1,0.5719574271170755,0.2584529874942103,0.22952336881073576,0.6214038133621216,0.7600489258766174,0.8869754081795161,0.7606088756015675,0.765231593242665,0.8538440293715231,0.816664976598818
334,9.0,1.0,1.0,1.0,2,0.5434900054024852,0.28231476473769607,0.29389519178822254,0.6426851749420166,0.7428282499313354,0.6950257719692063,0.6939702748338844,0.8013434880984995,0.5665044364941355,0.6892109928489315
335,8.0,1.0,0.0,1.0,2,0.5997150997150997,0.3209700427960057,0.3133903133903134,0.6785217523574829,0.7209279537200928,0.8498499274440446,0.5901548708339485,0.7489317801331956,0.8280153484173317,0.7542379817071301
336,8.0,1.0,1.0,1.0,1,0.36622390891840606,0.2566539923954373,0.2504743833017078,0.6926116943359375,0.7531024217605591,0.9193617640485416,0.8365286202939638,0.8850363134656977,0.7796481104078611,0.855143702054016
337,10.0,2.0,1.0,1.0,2,0.6531678641410843,0.35971223021582727,0.3043762246897453,0.653114914894104,0.5574869513511658,0.895291533202806,0.5627015240952153,0.6405227156415987,0.8719187845578841,0.7426086393743759
338,8.0,2.0,1.0,1.0,2,0.41852244609402617,0.2674212946586488,0.23966065747614002,0.6231445670127869,0.7488967776298523,0.8378031388541631,0.5697871421829501,0.797728375465542,0.6375197624638937,0.7107096047416372
339,8.0,1.0,1.0,0.875,2,0.6249130132219902,0.35121951219512193,0.35768963117606123,0.6398503184318542,0.8254588842391968,0.45033301091489003,0.7219446898046251,0.7073561482320234,0.16374443788070403,0.5108445717080606
340,8.0,1.0,1.0,1.0,1,0.6137761377613776,0.28201970443349755,0.2115621156211562,0.6524839401245117,0.7061845064163208,0.7017477467817138,0.6264316444805261,0.7076959974302545,0.6914229797687039,0.6818245921152997
341,1.0,2.0,1.0,0.75,1,0.6347368421052632,0.3361433087460484,0.2852631578947368,0.6359736919403076,0.7882556319236755,0.9286903434543622,0.5337046056809367,0.8403024608907596,0.9061849672739021,0.8022205943249902
342,2.0,1.0,1.0,1.0,3,0.6063535911602209,0.3416320885200553,0.3162983425414365,0.6946998834609985,0.757498025894165,0.5739856361625709,0.6289448205977325,0.6681423493523638,0.6802037778942667,0.6378191460017335
343,8.0,2.0,1.0,1.0,2,0.6266829865361077,0.2610294117647059,0.20930232558139536,0.641573429107666,0.7241256237030029,0.8501035740042496,0.5318490185348707,0.6495315423771065,0.847593899838156,0.7197695086885958
344,9.0,2.0,1.0,1.0,0,0.5675675675675675,0.2628865979381443,0.25353925353925355,0.6664347052574158,0.6420549750328064,0.174302217770233,0.6085976300998156,0.7695896643772411,0.14839144988522623,0.425220240533129
345,9.0,1.0,0.0,0.75,1,0.6928860613071139,0.37405906195715116,0.31810294968189706,0.7140026092529297,0.6738485097885132,0.38188320759256034,0.6118031495346937,0.672734622030517,0.4068841183435889,0.51832627437534
346,1.0,2.0,1.0,0.75,1,0.6092160383004189,0.22408627920910726,0.2286056253740275,0.6479691863059998,0.7292436957359314,0.8445392015108969,0.45418415184948946,0.7242370012717418,0.8244453160714236,0.711851417675888
347,2.0,2.0,1.0,1.0,1,0.5615808823529411,0.27414903403863844,0.22794117647058823,0.6265311241149902,0.6806002259254456,0.891852533092277,0.6133439785944077,0.7862926864503497,0.8773555970502714,0.7922111987968264
348,3.0,2.0,0.0,1.0,2,0.4936708860759494,0.23990498812351546,0.18275316455696203,0.6090333461761475,0.7106614112854004,0.9039071902813721,0.486945419705452,0.6960249892969674,0.8484299756444513,0.7338268937320608
349,9.0,1.0,1.0,0.875,1,0.626008064516129,0.3319878910191726,0.3276209677419355,0.6502377390861511,0.7068178057670593,0.9004922839938377,0.5995206793399559,0.76833342631708,0.8873609663743168,0.7889268390062976
350,1.0,2.0,1.0,0.5555555555555556,1,0.6517909571344686,0.34685479129923574,0.28772753963593656,0.6569775938987732,0.6894581317901611,0.6940432490523493,0.5119892077140138,0.6511243801330445,0.610496257126974,0.6169132735065953
351,9.0,1.0,1.0,1.0,2,0.5379746835443038,0.29778247096092925,0.2626582278481013,0.6352255344390869,0.7073860764503479,0.273396376210292,0.5267177476219883,0.6337783705910154,0.31188693487022917,0.43644485732338123
352,2.0,1.0,1.0,0.625,3,0.5920096852300243,0.3078787878787879,0.2639225181598063,0.6557262539863586,0.6882200241088867,0.11541225755358954,0.7640581630688124,0.8015208230361829,0.10700077337676561,0.4469980042588376
353,1.0,2.0,1.0,0.625,1,0.4958949096880131,0.24438356164383562,0.247400109469075,0.65030837059021,0.6352144479751587,0.4509550236161205,0.7361695037704999,0.682185040158209,0.3416362448211485,0.5527364530914944
354,4.0,2.0,0.0,0.625,1,0.2591743119266055,0.13662456946039034,0.1639908256880734,0.6478808522224426,0.7127989530563354,0.8923119144087521,0.714438965876958,0.8894973939809412,0.7876243920886826,0.8209681665888334
355,13.0,1.0,0.0,0.75,3,0.3697632058287796,0.2169553327256153,0.19398907103825136,0.6683804392814636,0.7309689521789551,0.7617009491258857,0.6546958198601674,0.8222755382577008,0.36375051100597416,0.650605704562432
356,4.0,2.0,1.0,0.875,1,0.6400911161731208,0.31584948688711517,0.2984054669703872,0.6475719809532166,0.6745159029960632,0.8952622711873052,0.5888952230599742,0.7540734501267481,0.8791996317957929,0.7793576440424551
357,3.0,2.0,1.0,1.0,1,0.5822485207100592,0.3270142180094787,0.3218934911242603,0.661949872970581,0.7473279237747192,0.3547214715580157,0.5562531770605005,0.8273024450936268,0.27860711982273506,0.5042210533837195
358,1.0,2.0,1.0,0.625,1,0.5926839293053843,0.3792677910324969,0.24825318536785862,0.6463795304298401,0.7127460837364197,0.8290459683108524,0.6394231486696005,0.7276177848084676,0.8135761822397373,0.7524157710071645
359,9.0,2.0,1.0,0.7777777777777778,1,0.629994209612044,0.2944927536231884,0.2559351476548929,0.6731805801391602,0.6340734362602234,0.836799495692212,0.5924919751117772,0.7208532496461736,0.8069745919121675,0.7392798280905826
360,1.0,1.0,0.0,1.0,1,0.3869426751592357,0.20095693779904306,0.2181528662420382,0.6426469683647156,0.6478459239006042,0.7277908757000487,0.7898033005108233,0.8844696619029562,0.6569343814026672,0.7647495548791239
361,8.0,2.0,1.0,1.0,3,0.38852672750977835,0.21437908496732025,0.18252933507170793,0.6194294095039368,0.6482057571411133,0.7568829673739466,0.8239950504555253,0.8563803273931445,0.683840756254486,0.7802747753692757
362,8.0,2.0,1.0,1.0,2,0.4848484848484848,0.25846153846153846,0.21256038647342998,0.6754114627838135,0.5668004155158997,0.41322981240213846,0.5795215433709149,0.7943246486272513,0.46115084896923386,0.5620567133423846
363,8.0,2.0,1.0,0.875,2,0.5814759782070331,0.2776400594942985,0.21892025755324418,0.6387254595756531,0.5784847736358643,0.9071755880300209,0.5574730207512474,0.7619718288712579,0.8724062139626986,0.7747566629038062
364,2.0,2.0,1.0,1.0,2,0.3819819819819819,0.2046889089269612,0.22342342342342342,0.6396104097366333,0.5940585732460022,0.8339756851402013,0.6430172637856829,0.7122162099284145,0.6932056166210383,0.7206036938688343
365,1.0,1.0,1.0,1.0,1,0.22351797862001943,0.11295034079844206,0.13799805636540333,0.5886630415916443,0.5139726996421814,0.9225183453498583,0.6760631196072836,0.6616494108676918,0.935443850873628,0.7989186816746154
366,8.0,1.0,0.0,0.75,3,0.414790996784566,0.24141630901287553,0.20257234726688106,0.6820188164710999,0.72450852394104,0.3051481144092712,0.7098308075464748,0.589223642682548,0.3575986380889137,0.49045030068180184
367,8.0,2.0,0.0,1.0,2,0.6008087810514153,0.32272990167727006,0.2518775274407857,0.6117666959762573,0.6277689337730408,0.8486591790213808,0.6076510758357352,0.6604566471532561,0.8214516854870195,0.734554646874348
368,9.0,1.0,1.0,1.0,2,0.6421725239616614,0.37206823027718544,0.308839190628328,0.710146963596344,0.5506467223167419,0.8602007870099768,0.5719056024005098,0.7803787774116806,0.852872806405481,0.7663394933069121
369,9.0,1.0,1.0,1.0,3,0.6363636363636364,0.3328591749644381,0.3224431818181818,0.6376911401748657,0.5891470909118652,0.3641994159795322,0.5925398171088934,0.7263534096121909,0.4183305046547727,0.5253557868388473
370,3.0,2.0,1.0,0.7777777777777778,1,0.5628318584070797,0.3020372010628875,0.24159292035398228,0.6549765467643738,0.7065087556838989,0.7706078440883084,0.5576829234273759,0.7344897213210679,0.1589305659807394,0.555427763704373
371,1.0,1.0,0.0,0.75,1,0.5871254162042175,0.2566666666666667,0.22641509433962267,0.5964905023574829,0.6567322611808777,0.8622689882013768,0.5576891501871739,0.5836184755921167,0.8355116480223267,0.7097720655007486
372,9.0,1.0,1.0,1.0,3,0.5737051792828686,0.29012961116650055,0.2749003984063745,0.6552107334136963,0.7965291738510132,0.7621391606851877,0.6564953273306844,0.6486216157239042,0.8279110711995281,0.7237917937348262
373,9.0,2.0,1.0,1.0,2,0.3080459770114943,0.1995395241749808,0.15632183908045977,0.6583893299102783,0.6454388499259949,0.566474754693905,0.660898939469523,0.6888681003958537,0.3226812456797234,0.5597307600597513
374,2.0,1.0,0.0,0.7777777777777778,1,0.4707980383415068,0.2730923694779116,0.21132411948283547,0.6684899926185608,0.7301279306411743,0.8540028512365518,0.6276281737100924,0.7012093755646808,0.805123134040953,0.7469908836380695
375,2.0,1.0,1.0,0.6666666666666666,2,0.48268907563025215,0.2394887319206189,0.18621848739495797,0.6404999494552612,0.7117118835449219,0.8600367968745262,0.598044145822809,0.6928616372017073,0.8468760321465333,0.7494546530113939
376,2.0,1.0,1.0,0.5555555555555556,2,0.4876673713883017,0.272919605077574,0.21916842847075407,0.6123999357223511,0.7383605241775513,0.7025367816485557,0.5032980818170957,0.7295579534080389,0.7111335823950306,0.6616315998171802
377,9.0,2.0,1.0,1.0,3,0.611228813559322,0.30328738069989397,0.2097457627118644,0.619044303894043,0.7076824903488159,0.8248443588672529,0.482863524545278,0.6545102431396007,0.8151643380566754,0.6943456161522017
378,9.0,2.0,1.0,0.5555555555555556,1,0.5432489451476794,0.25343189017951423,0.23417721518987344,0.6924659013748169,0.5961151123046875,0.7637109281558322,0.5506330174043998,0.6144039816578794,0.6909116040878429,0.6549148828264886
379,2.0,2.0,1.0,1.0,1,0.571917808219178,0.28,0.2397260273972603,0.6322586536407471,0.6056848764419556,0.08556539898989922,0.500837773102178,0.7790316297407505,0.08955456707337167,0.36374734222654986
380,1.0,2.0,1.0,1.0,1,0.6343476018566272,0.3004646360351058,0.2661165549252192,0.6766090989112854,0.8376242518424988,0.7675451275717211,0.6193694511036187,0.6006910104526719,0.7336332736653479,0.68030971569834
381,1.0,2.0,1.0,0.5555555555555556,1,0.5532900834105653,0.274582560296846,0.24189063948100092,0.6813272833824158,0.7634370923042297,0.7834733081998618,0.6656126302967291,0.7512326645440984,0.801339032790955,0.750414408957911
382,1.0,1.0,0.0,0.625,1,0.5371428571428571,0.2804005722460658,0.27,0.6608940958976746,0.829575777053833,0.36546438243660245,0.7614285323317339,0.6991161982691897,0.4554019786374109,0.5703527729187342
383,9.0,1.0,1.0,1.0,2,0.6314731020613373,0.3170608958228485,0.2905982905982906,0.6674107313156128,0.7073423862457275,0.771532512077011,0.5229797878975541,0.6303431673740623,0.7586623096499214,0.6708794442496372
384,1.0,2.0,1.0,0.6666666666666666,1,0.5860113421550095,0.2914826498422713,0.23944549464398238,0.6577987670898438,0.6639176607131958,0.6139268764138933,0.5508802850804136,0.7179020754458826,0.49981315240752355,0.5956305973369282
385,1.0,2.0,1.0,0.8888888888888888,1,0.5805061927840603,0.2900269541778976,0.21001615508885302,0.5961325168609619,0.6847279667854309,0.9028901223326646,0.5163165624840818,0.7022145454617464,0.8844428088130912,0.751466009772896
386,1.0,1.0,0.0,0.5555555555555556,1,0.24698367636621718,0.14072494669509597,0.16181689141234917,0.6786155104637146,0.6245347261428833,0.10779413377994419,0.5653481943607489,0.7673501383567167,0.04545337552923774,0.3714864605066619
387,8.0,2.0,0.0,1.0,2,0.5039135296310101,0.2439388287952257,0.20797614610510626,0.6173601746559143,0.6436078548431396,0.6605538228619198,0.6047501935500402,0.7496445106418086,0.6546747330538738,0.6674058150269107
388,1.0,1.0,0.0,1.0,1,0.4380242311276794,0.17553688141923438,0.20316868592730664,0.6391859650611877,0.841444730758667,0.5347815939782077,0.6747514661868416,0.8196614509344454,0.3164916783960645,0.5864215473738899
389,8.0,1.0,1.0,1.0,2,0.5261083743842365,0.29585798816568043,0.23940886699507383,0.6837804913520813,0.6379334926605225,0.8757243289608664,0.5988611897925842,0.7722548110487518,0.8512328344131025,0.7745182910538263
390,8.0,1.0,1.0,1.0,2,0.5727848101265822,0.235480464625132,0.23945147679324894,0.6444024443626404,0.7075507044792175,0.7962600121833027,0.6330879126876587,0.6790192633889968,0.8024838500438628,0.7277127595759553
391,7.0,1.0,1.0,0.5555555555555556,2,0.6138909634055265,0.3290949887808527,0.3330843913368185,0.6319182515144348,0.7516170144081116,0.08422708634944662,0.599742306565984,0.7722459233403377,0.10902156326905663,0.39130921988120626
392,7.0,1.0,1.0,0.5555555555555556,2,0.5104347826086957,0.20452567449956482,0.17478260869565215,0.6343827247619629,0.6072994470596313,0.8829112971737364,0.5986729799857001,0.7385741789319178,0.8725850494521469,0.7731858763858753
393,9.0,1.0,1.0,1.0,2,0.5594227504244482,0.28717077315208156,0.24872665534804755,0.6284599900245667,0.7722249627113342,0.759007106024138,0.6662370371953953,0.6702854118422867,0.7530302951054811,0.7121399625418253
394,9.0,2.0,1.0,1.0,2,0.5931246793227295,0.3215202876219825,0.27706516162134426,0.6873896718025208,0.6578805446624756,0.704310547923629,0.694306387053513,0.6804655690607149,0.7512403048585881,0.7075807022241112
395,9.0,2.0,1.0,1.0,3,0.6053904630269523,0.2823529411764706,0.258465791292329,0.6503413915634155,0.6257115602493286,0.09956913905036245,0.6433090824432269,0.6199294656689451,0.12081728459523801,0.37090624293944313
396,1.0,2.0,1.0,0.6666666666666666,1,0.6238447319778189,0.3404255319148936,0.2707948243992606,0.6763976812362671,0.7248545289039612,0.8651939523357285,0.6307081531264568,0.68429752980948,0.823590428208997,0.7509475158701656
397,2.0,1.0,1.0,0.5555555555555556,2,0.6033138401559455,0.3209756097560975,0.2875243664717349,0.6672043800354004,0.6398983597755432,0.793020135244275,0.5845283669869511,0.7719156709161519,0.790512934496206,0.7349942769108959
398,7.0,1.0,1.0,0.5555555555555556,3,0.4092459264873058,0.17671596511186954,0.16900341038272074,0.6028431057929993,0.7068240642547607,0.336087879557517,0.6101787268031289,0.7281539181574339,0.41190740136242,0.521581981470125
399,2.0,1.0,1.0,0.625,2,0.5234505862646567,0.22883487007544007,0.1984924623115578,0.6197851300239563,0.6183723211288452,0.8896614354050202,0.6082227756718991,0.7312141703811345,0.8780850101589294,0.7767958479042457
400,9.0,1.0,0.0,0.5555555555555556,3,0.4124181144972942,0.21601595896266745,0.17886641982341214,0.623387336730957,0.7074379324913025,0.7781253675502934,0.4846633624752647,0.6945576367652971,0.7021338293782895,0.6648700490422862
401,1.0,1.0,0.0,1.0,1,0.583916083916084,0.31698774080560416,0.2692307692307693,0.6926679015159607,0.706402063369751,0.5892886839149774,0.7208620736984515,0.6658815511823274,0.30531539190859636,0.5703369251760881
402,1.0,2.0,1.0,1.0,1,0.6744186046511629,0.35575679172056923,0.2751937984496124,0.6678236722946167,0.7617716193199158,0.9001708534073831,0.7264327853211322,0.7744556982992075,0.8914036500047624,0.8231157467581213
403,8.0,2.0,0.0,1.0,2,0.5915211970074814,0.2945581627558662,0.2533665835411471,0.6229482293128967,0.6924334764480591,0.8742558310421155,0.5811521711711195,0.6677454405916737,0.8441251206202699,0.7418196408562946
404,3.0,2.0,1.0,0.8888888888888888,1,0.6177606177606177,0.36521739130434777,0.3011583011583012,0.6429277062416077,0.7467370629310608,0.8329388952000977,0.5389538755499438,0.6011520561147333,0.8290814223241842,0.7005315622972397
405,1.0,2.0,1.0,0.7777777777777778,1,0.2791762013729977,0.13750954927425516,0.15408085430968727,0.6476674675941467,0.7278318405151367,0.9597083396225664,0.8723580763812732,0.8789676225264632,0.8972593431061687,0.9020733454091179
406,2.0,1.0,1.0,0.7777777777777778,1,0.499736425935688,0.22902374670184697,0.19609910384818133,0.6039320230484009,0.6755095720291138,0.10892974215405414,0.5666150197921014,0.7160626524554393,0.1049401302706052,0.37413688616805
407,1.0,2.0,1.0,0.6666666666666666,1,0.42297650130548303,0.2823529411764706,0.24151436031331594,0.6422115564346313,0.7606261372566223,0.6120442461645458,0.7802823567059283,0.7620307629427964,0.4890880785877213,0.660861361100248
408,8.0,2.0,0.0,1.0,3,0.407235142118863,0.24521469218830833,0.22325581395348837,0.641339898109436,0.6386671662330627,0.17815129581672015,0.5906622365258666,0.8142268358575763,0.11753796115542126,0.42514458233889607
409,3.0,2.0,1.0,0.7777777777777778,1,0.45296477931341955,0.25435073627844706,0.23004904146232721,0.5884681344032288,0.7818603515625,0.5442481345623879,0.5686183054660947,0.7893669224073013,0.4371249158109978,0.5848395695616955
410,10.0,1.0,1.0,0.7777777777777778,3,0.5236156351791531,0.2762836185819071,0.22638436482084692,0.6172541975975037,0.664357602596283,0.6984364593219186,0.5083966882730611,0.7757524728891663,0.7186020375979308,0.6752969145205192
411,6.0,1.0,0.0,0.5555555555555556,1,0.5957756737072105,0.27716994894237784,0.2359796067006555,0.6660758852958679,0.6693872213363647,0.9009460629519366,0.5964494122607545,0.7454085510997236,0.8939720140439329,0.7841940100890868
412,9.0,1.0,1.0,1.0,1,0.48580735225686367,0.26734979040521656,0.22429036761284318,0.6597912907600403,0.6558325886726379,0.7944648126107753,0.6220981086970828,0.7078333434268576,0.7811113599458261,0.7263769061701355
413,5.0,1.0,1.0,0.5555555555555556,1,0.5684843280377845,0.294800171895144,0.2765135251180764,0.6670196652412415,0.7026517987251282,0.8686113626072618,0.4414407453300305,0.7367109759556421,0.8467885167045167,0.7233879001493627
414,8.0,1.0,0.0,0.5555555555555556,2,0.5936293436293437,0.2888888888888889,0.249034749034749,0.5666884183883667,0.649435818195343,0.7835975927300051,0.5110598593957182,0.833550375509955,0.7235689346427189,0.7129441905695993
415,8.0,2.0,0.0,0.7777777777777778,3,0.6199186991869918,0.34384537131230924,0.28252032520325204,0.6505164504051208,0.6925477385520935,0.8512153127672679,0.5505594659842092,0.7673283930102943,0.8460662622892353,0.7537923585127517
416,9.0,1.0,0.0,0.6666666666666666,1,0.5760397268777158,0.24238657551274084,0.20608317815021726,0.6371992230415344,0.6701231002807617,0.9245701370448999,0.5891267891752446,0.8054016250114118,0.9030029929458032,0.8055253860443399
417,2.0,2.0,1.0,0.8888888888888888,1,0.5653679653679654,0.31455805892547656,0.29264069264069265,0.6611884832382202,0.6962242722511292,0.8950206110855633,0.6865271017106667,0.761667276438629,0.8689702104263924,0.8030462999153128
418,1.0,2.0,1.0,0.7777777777777778,1,0.5846846846846847,0.27772768259693414,0.20630630630630628,0.6110326647758484,0.7180976867675781,0.847721982400187,0.5281230491182268,0.719729406169266,0.8279173035545313,0.7308729353105528
419,8.0,1.0,0.0,1.0,1,0.5000000000000001,0.3214695752009184,0.271788990825688,0.706104576587677,0.568510115146637,0.3105413630149845,0.6601219663606163,0.7469799730405404,0.179530873531712,0.47429354398696333
420,8.0,2.0,1.0,0.5555555555555556,1,0.6360505166475315,0.3057471264367816,0.243398392652124,0.6591879725456238,0.7430990934371948,0.8184310574477285,0.6714274526969792,0.6969389769046661,0.8331836745860731,0.7549952904088617
421,4.0,2.0,0.0,0.5555555555555556,2,0.47255543438749537,0.252455438341215,0.2173754998182479,0.6493436694145203,0.7088974714279175,0.8604650684563465,0.6317458529499785,0.8267554673916289,0.8616075154557217,0.7951434760634188
422,8.0,2.0,1.0,0.5555555555555556,3,0.5122511485451761,0.2858237547892721,0.22052067381316998,0.6517975926399231,0.6918033361434937,0.8687908429335363,0.5399743765457615,0.6733325170064163,0.8703110967436469,0.7381022083073402
423,8.0,2.0,1.0,0.8888888888888888,2,0.6406593406593406,0.3751375137513751,0.34505494505494505,0.6458908915519714,0.6729984879493713,0.8793142981581168,0.6063178743775915,0.8134727689465548,0.8628969309771231,0.7905004681148465
424,2.0,1.0,1.0,0.5555555555555556,1,0.4779696862883328,0.2419753086419753,0.19598167077899192,0.5979899764060974,0.7087817788124084,0.904735414264789,0.5517451603178526,0.824017290836147,0.8853587005259392,0.7914641414861819
425,8.0,2.0,0.0,1.0,3,0.6055588409225311,0.21551213735938424,0.21407451212300413,0.5932192206382751,0.761952817440033,0.8138512186991631,0.5560578567181715,0.7878730088893137,0.8028918240473347,0.7401684770884958
426,9.0,1.0,1.0,1.0,2,0.6183976261127596,0.30659536541889487,0.26468842729970327,0.6424707174301147,0.7053443193435669,0.8655603923633244,0.5974847058877887,0.8125074972210613,0.8463248190974598,0.7804693536424085
427,2.0,2.0,1.0,0.7777777777777778,2,0.47965116279069764,0.20378457059679767,0.21511627906976744,0.618533194065094,0.6611611843109131,0.8636092731040964,0.5390574221501299,0.7373358503668151,0.8545372875606564,0.7486349582954244
428,8.0,1.0,1.0,0.7777777777777778,3,0.5911047345767576,0.3074712643678161,0.2769010043041607,0.6337809562683105,0.5844030976295471,0.21012031513375715,0.5842899689840823,0.7660074455349183,0.2175223112438107,0.4444850102241421
429,1.0,2.0,1.0,0.6666666666666666,1,0.6829823562891291,0.37492877492877486,0.29140580535002847,0.6955646872520447,0.6959580183029175,0.8931069529501267,0.6069232187431396,0.7868238147411164,0.8837682008338461,0.7926555468170573
430,12.0,1.0,1.0,0.5555555555555556,1,0.5152263374485597,0.27699917559769166,0.2930041152263374,0.6333668828010559,0.7460331320762634,0.30866096441556895,0.8361489868957537,0.8386391233152144,0.2705602081798621,0.5635023207015998
431,14.0,2.0,0.0,0.6666666666666666,2,0.5496774193548387,0.34237726098191207,0.3664516129032258,0.683591365814209,0.8040812611579895,0.5350518306251412,0.7473898392565979,0.7256907312121345,0.43428720852044866,0.6106049024035806
432,8.0,2.0,0.0,0.5555555555555556,2,0.6427310182460271,0.3417796110783736,0.2860506180105944,0.6896248459815979,0.7853925228118896,0.8866686084988921,0.5763118179517296,0.7685290867873351,0.8894510364459403,0.7802401374209743
433,9.0,2.0,0.0,0.875,4,0.553846153846154,0.2519251925192519,0.24945054945054942,0.5976760983467102,0.7792401909828186,0.8330761612982607,0.6760386039164247,0.8007162248793492,0.8397815188237707,0.7874031272294513
434,2.0,1.0,0.0,0.6666666666666666,1,0.591510090466249,0.2564459930313589,0.2616562282533055,0.6368804574012756,0.772388756275177,0.8779426143883909,0.6519340466353222,0.8516948810271323,0.8531126122800857,0.8086710385827327
435,12.0,2.0,1.0,0.7777777777777778,2,0.6433973240255962,0.3366336633663366,0.24781849912739964,0.6445121169090271,0.5909157395362854,0.8674553423213947,0.5204726958122117,0.6978205506123403,0.848184425490611,0.7334832535591395
436,1.0,1.0,0.0,0.5555555555555556,1,0.591,0.2552552552552553,0.19999999999999998,0.6369701623916626,0.7033386826515198,0.7100346212158601,0.5513989165010694,0.766928214859103,0.7566266108003211,0.6962470908440884
437,9.0,2.0,0.0,1.0,1,0.5523415977961432,0.3255172413793103,0.2892561983471074,0.6668968796730042,0.6901295185089111,0.3995479275263045,0.727036893963962,0.7512139028582783,0.39444836003019734,0.5680617710946856
438,6.0,2.0,1.0,1.0,1,0.5397867104183757,0.24322103533278552,0.21821164889253486,0.6566582918167114,0.6360827088356018,0.3458138946384116,0.5498357243314097,0.6432883596542691,0.4697524731465825,0.5021726129426682
439,10.0,1.0,1.0,1.0,1,0.6484687083888149,0.3253333333333333,0.31424766977363516,0.6904967427253723,0.7247126698493958,0.8970918416049658,0.6348133473374246,0.8068600284183364,0.8870755739395757,0.8064601978250756
440,9.0,2.0,0.0,0.5555555555555556,1,0.41865509761388287,0.2539797395079595,0.22198120028922635,0.6016821265220642,0.7144085764884949,0.2586068344930946,0.5568282576361987,0.6949088704012367,0.21036564967389784,0.43017740305110697
441,1.0,2.0,1.0,0.7777777777777778,1,0.6106106106106106,0.2995991983967936,0.2522522522522523,0.6807985305786133,0.7020760178565979,0.8623589557255302,0.5126852209088711,0.8283027968764516,0.8299114907287898,0.7583146160599107
442,5.0,1.0,1.0,0.6666666666666666,3,0.6020642201834863,0.27784156142365096,0.26146788990825687,0.6808353662490845,0.6738165616989136,0.6072461087596412,0.5237145549625932,0.7156484920468889,0.7595123130096049,0.651530367194682
443,2.0,2.0,0.0,1.0,2,0.6291148500365765,0.27399267399267396,0.2867593269934163,0.6229782104492188,0.7539694905281067,0.35043408892794653,0.6943220637101613,0.7643688816070869,0.1302822418586796,0.4848518190259685
444,8.0,2.0,0.0,1.0,3,0.5136612021857924,0.2589665653495441,0.2270795385549484,0.6733998656272888,0.6553682088851929,0.8826882860350603,0.7246725360353122,0.7009055022831089,0.7771179990952544,0.7713460808621839
445,8.0,2.0,1.0,0.5555555555555556,2,0.4434889434889435,0.2054120541205412,0.2371007371007371,0.6269593834877014,0.7794555425643921,0.3432787229101007,0.7453805569789943,0.8146311279342938,0.2128727608880293,0.5290407921778546
446,1.0,1.0,0.0,0.7777777777777778,1,0.570409982174688,0.22843545508625818,0.2008318478906714,0.6306383013725281,0.6789233088493347,0.25962720887073965,0.4602334794818334,0.5607458728246629,0.2922636484012454,0.3932175523946203
447,1.0,2.0,1.0,0.6666666666666666,1,0.6354443853113357,0.30154501864677674,0.25226184140500263,0.658610999584198,0.7050628662109375,0.8509726970510668,0.6436707362125136,0.8180552154618931,0.842940574711443,0.7889098058592291
448,8.0,2.0,0.0,1.0,3,0.6328233657858136,0.33565459610027853,0.31710709318497915,0.7081227898597717,0.6587327122688293,0.46139527739364444,0.5782304918947834,0.6538952709182404,0.6359533333782362,0.5823685933962262
449,8.0,1.0,1.0,1.0,3,0.6305220883534135,0.32707774798927614,0.23828647925033464,0.6322746276855469,0.6621788740158081,0.8475054506691678,0.5124772953916846,0.7373335276694214,0.8237143737426653,0.7302576618682348
450,2.0,2.0,1.0,0.5555555555555556,1,0.6278381046396841,0.33399209486166015,0.32773938795656465,0.6824626326560974,0.6678258776664734,0.8974579593027618,0.44638688197114834,0.7106513860015238,0.8692610160876058,0.7309393108407599
451,9.0,2.0,0.0,0.5555555555555556,2,0.63705759888966,0.2821403752605977,0.20263705759888967,0.6369897723197937,0.6833716034889221,0.6438964267547488,0.6663445324652527,0.6523258690183739,0.5968990002468254,0.6398664571213002
452,3.0,2.0,0.0,0.6666666666666666,2,0.5716272600834493,0.298050139275766,0.23643949930458968,0.6421594619750977,0.7015987634658813,0.8579999548492603,0.5070739793501717,0.7009155851355289,0.8575167419104546,0.7308765653113538
453,9.0,2.0,1.0,0.875,1,0.6346604215456674,0.3458382180539273,0.2693208430913349,0.6320919990539551,0.6063821315765381,0.8872289505782261,0.6358812066411667,0.8809191069026447,0.8420472548891048,0.8115191297527856
454,9.0,2.0,1.0,1.0,1,0.4912280701754386,0.24580152671755723,0.20518688024408846,0.683488130569458,0.7954049706459045,0.9036470231429505,0.5917430989955453,0.8466591564104708,0.861115851790878,0.8007912825849611
455,4.0,1.0,1.0,0.5555555555555556,1,0.6377767310409799,0.3734087694483734,0.30805463966085733,0.6857696175575256,0.7579182386398315,0.8801663457679895,0.598951089205826,0.767535987727732,0.8611313172494857,0.7769461849877582
456,7.0,1.0,1.0,0.5555555555555556,2,0.6066779852857951,0.28328611898017,0.2524052065647991,0.6784149408340454,0.8390210866928101,0.8407805058638047,0.5611856349033267,0.7349293697368127,0.832914025372222,0.7424523839690416
457,8.0,2.0,0.0,0.75,1,0.5067264573991032,0.25925925925925924,0.2298206278026906,0.66527259349823,0.5543513298034668,0.36181493116640556,0.7099196805255525,0.7755581925023581,0.20764768487908106,0.5137351222683494
458,1.0,2.0,1.0,0.625,1,0.6264196054991034,0.2848593656493118,0.20203227734608487,0.6194489002227783,0.7251628041267395,0.7505041360036427,0.48106463177463227,0.6546273679669885,0.745103081108274,0.6578248042133843
459,3.0,1.0,1.0,0.5555555555555556,3,0.6046511627906977,0.33424657534246577,0.24623803009575929,0.688288152217865,0.7533488273620605,0.09078557099389828,0.6316771785637814,0.6991838279906797,0.09816545141103783,0.37995300723984926
460,2.0,2.0,1.0,0.6666666666666666,1,0.21068938807126258,0.14584949573312644,0.15801704105344694,0.6437989473342896,0.6503787636756897,0.24548200755873956,0.8565405290981142,0.9297573560587472,0.2741479130746209,0.5764819514475554
461,10.0,1.0,1.0,1.0,2,0.593483709273183,0.3151028600100351,0.25162907268170426,0.6456462740898132,0.7826420664787292,0.9123443002069885,0.7084578958398192,0.8541955867029922,0.8881400243000843,0.8407844517624712
462,8.0,2.0,1.0,0.8888888888888888,2,0.512667660208644,0.21044776119402986,0.23695976154992546,0.6403485536575317,0.7090357542037964,0.9222715628749029,0.7643905239466154,0.8213824050909861,0.859907402679017,0.8419879736478804
463,1.0,1.0,1.0,0.5555555555555556,1,0.5862984599044078,0.23710792131844763,0.23898035050451405,0.6212363243103027,0.7470872402191162,0.9132940994833341,0.636373394768423,0.7390763316358377,0.8892287433029694,0.7944931422976411
464,1.0,1.0,0.0,0.5555555555555556,1,0.6486193827828912,0.31327913279132785,0.25230102869518134,0.6781986355781555,0.7468031048774719,0.9067662772460037,0.5847710582841695,0.7880511347223963,0.8867458780065812,0.7915835870647876
465,2.0,2.0,0.0,1.0,2,0.6531302876480541,0.3711864406779661,0.30964467005076146,0.6539621949195862,0.5749557614326477,0.8315584848397473,0.6420322618452842,0.7324585256845682,0.7415755759645299,0.7369062120835324
466,7.0,2.0,0.0,1.0,2,0.4754420432220039,0.2216393442622951,0.19384413883431564,0.6535733938217163,0.764835774898529,0.03503921970326897,0.8068376490740535,0.7454532591165608,0.09527911458272059,0.4206523106191509
467,2.0,1.0,1.0,0.5555555555555556,2,0.5464431354780245,0.2167800453514739,0.18577254191209785,0.6616300940513611,0.6640594005584717,0.9043440435045849,0.5662453597807487,0.7449242871712901,0.8768836916305424,0.7730993455217915
468,3.0,1.0,1.0,0.8888888888888888,2,0.5856405443453777,0.29403475810239554,0.24213984045049272,0.6375673413276672,0.783603310585022,0.8999304536926669,0.6025460306660259,0.7852113553480553,0.8853041951289758,0.793248008708931
469,8.0,1.0,0.0,1.0,2,0.6692607003891051,0.35169727323316635,0.29016120066703727,0.6486032009124756,0.7583704590797424,0.8126884338225057,0.618659402873001,0.7379449200363938,0.7861068966396421,0.7388499133428856
470,9.0,1.0,1.0,1.0,2,0.6156812339331619,0.29729729729729726,0.3213367609254499,0.6757292747497559,0.7755706906318665,0.8858332014201297,0.6644694398073123,0.6254277666124486,0.8048482679575895,0.7451446689493699
471,8.0,1.0,0.0,1.0,2,0.6277205040091639,0.31766055045871555,0.28293241695303545,0.6505720019340515,0.6851274371147156,0.8997753272971388,0.6389165241939848,0.803394706101669,0.8656790928862903,0.8019414126197707
472,10.0,1.0,1.0,1.0,2,0.473209549071618,0.2687201274561869,0.24933687002652521,0.7095637917518616,0.6643971800804138,0.04033674881472138,0.6262508711327488,0.6180086690152912,0.07829367947045636,0.3407224921083044
473,9.0,2.0,1.0,1.0,2,0.6680440771349861,0.4027586206896551,0.2865013774104683,0.6727277636528015,0.5378155708312988,0.7776461860985164,0.5873647953892217,0.7035905818140384,0.7669261166098986,0.7088819199779188
474,1.0,1.0,0.0,1.0,1,0.6615620214395099,0.35582822085889576,0.29402756508422667,0.6857528686523438,0.6106668710708618,0.05444409612732835,0.6547443409642749,0.6254732759514186,0.13230004355666145,0.3667404391499208
475,1.0,2.0,1.0,0.7777777777777778,1,0.6567357512953368,0.31387808041504545,0.3121761658031088,0.6859982013702393,0.6787919402122498,0.7983998532283855,0.6532963484156129,0.7867729611658275,0.7634374782674275,0.7504766602693134
476,8.0,1.0,1.0,0.8888888888888888,2,0.566806470940683,0.29874025194961007,0.28040742959856196,0.6475003957748413,0.7262548208236694,0.2327339473514727,0.656826530142063,0.7576957933135327,0.13371648761640487,0.4452431896058683
477,8.0,1.0,1.0,0.6666666666666666,1,0.6031594064145523,0.3162434115955918,0.2651986596457635,0.6547598838806152,0.7244364023208618,0.9054597759876675,0.6928693825526205,0.7495834726115012,0.8993567147209791,0.8118173364681922
478,8.0,2.0,1.0,1.0,3,0.6530334014996592,0.32764505119453924,0.2931152010906612,0.6781081557273865,0.7165428996086121,0.042281454286007235,0.6168095148845181,0.6744918546757841,0.049956805765899025,0.3458849074030521
479,2.0,1.0,1.0,0.5555555555555556,2,0.49321266968325794,0.2369811320754717,0.20211161387631973,0.6207444071769714,0.7360061407089233,0.9074770588345475,0.512556891601262,0.7312903880916338,0.8805433196205825,0.7579669145370065
480,9.0,2.0,1.0,1.0,1,0.4784313725490197,0.22658440830061694,0.2184873949579832,0.6762527823448181,0.7783252000808716,0.14873819066826421,0.6971083458247991,0.6622020717127299,0.11473084886976784,0.4056948642688903
481,1.0,1.0,0.0,0.5555555555555556,1,0.630257376020088,0.2966687617850408,0.256120527306968,0.6524883508682251,0.7202865481376648,0.7309703044172523,0.6314710146032851,0.6525016620053293,0.7430766124857461,0.6895048983779032
482,8.0,1.0,1.0,1.0,1,0.5376727596968347,0.23650156180276663,0.20062416406598307,0.6262899041175842,0.6438227295875549,0.9173010659672554,0.5716412317043481,0.735248462679017,0.9035767479143016,0.7819418770662306
483,8.0,2.0,1.0,1.0,2,0.6335245379222435,0.30376515634971285,0.30337794773741233,0.675250768661499,0.623564600944519,0.8992315461942294,0.6776711502949228,0.7985473075197985,0.8958311190956166,0.8178202807761419
484,8.0,2.0,0.0,0.7777777777777778,1,0.5404383975812547,0.2980332829046899,0.23658352229780805,0.6425765752792358,0.74305260181427,0.891851297965475,0.5898405099368567,0.7965027700704705,0.8811047753329487,0.7898248383264377
485,8.0,2.0,1.0,1.0,1,0.6349862258953168,0.3158620689655173,0.2548209366391184,0.6516834497451782,0.6225332617759705,0.18832123923588323,0.5261299605028169,0.7040468791410164,0.20346828618251633,0.4054915912655582
486,3.0,1.0,1.0,0.7777777777777778,2,0.36829334052305207,0.18829241974642566,0.14127797249932597,0.5723760724067688,0.6726517677307129,0.9272259894808161,0.5632433952060958,0.8066142494500302,0.9190125206928501,0.8040240387074481
487,8.0,1.0,1.0,0.6666666666666666,2,0.5859085290482078,0.2722772277227723,0.1854140914709518,0.6337159872055054,0.6706596612930298,0.699316713968486,0.5708696019770789,0.6474591239355394,0.6552808031327169,0.6432315607534553
488,4.0,2.0,1.0,1.0,1,0.6885644768856447,0.39707673568818513,0.30900243309002434,0.6451895236968994,0.7524338960647583,0.8613543633309659,0.4743588092982926,0.6179076810054559,0.8192282946402892,0.6932122870687509
489,4.0,2.0,0.0,0.5555555555555556,2,0.561863173216885,0.26420592520641084,0.26200873362445415,0.6586259007453918,0.6108205318450928,0.8761037742272055,0.542774669296563,0.7597099477018822,0.8684054510121219,0.7617484605594432
490,1.0,2.0,1.0,0.5555555555555556,2,0.574844074844075,0.222684703433923,0.21205821205821207,0.6526991128921509,0.7201743125915527,0.5252151879645245,0.6325566132551349,0.7599326954643728,0.7470969858888679,0.666200370643225
491,1.0,1.0,1.0,1.0,2,0.613652357494722,0.2832980972515856,0.3166783954961295,0.6721286773681641,0.5782092809677124,0.2417859350709355,0.5186150342004751,0.7345454395619121,0.2317306428991507,0.43166926293311836
492,9.0,1.0,0.0,0.5555555555555556,2,0.6685299049748462,0.36149972020145493,0.32979318054779205,0.693929135799408,0.803126871585846,0.8365463152542337,0.6811703592795887,0.8191946171974882,0.825978821417314,0.7907225282871562
493,10.0,1.0,0.0,0.6666666666666666,1,0.512888888888889,0.24021352313167257,0.2515555555555556,0.6673761606216431,0.7276872992515564,0.8607039983639609,0.55505685832809,0.7337727500283632,0.8721021220348876,0.7554089321888254
494,2.0,2.0,0.0,0.5555555555555556,3,0.3933918430562726,0.18294573643410852,0.1992772328342798,0.6452801823616028,0.7733511924743652,0.10216889681769664,0.5293797906663309,0.8382235570192896,0.22565128724398142,0.42385588293682464
495,8.0,1.0,1.0,1.0,1,0.5505824647455548,0.3143032535297729,0.26609442060085836,0.632499098777771,0.6839789748191833,0.6706284776948451,0.566148934898659,0.8260247159909124,0.1865198086167523,0.5623304843002922
496,10.0,1.0,0.0,1.0,1,0.5701608430393789,0.24208772903942252,0.20188574597892403,0.6343110799789429,0.69099360704422,0.8388957173967806,0.5556076418687954,0.6344970913307073,0.8006985368257056,0.7074247468554973
497,8.0,1.0,1.0,0.7777777777777778,2,0.5342047930283224,0.2703881378107283,0.23616557734204796,0.6379908919334412,0.7281759977340698,0.8792496004766854,0.5660631344672391,0.7234931748836029,0.8545503278066018,0.7558390594085322
498,2.0,2.0,1.0,0.8888888888888888,1,0.2393980848153215,0.16849315068493154,0.13132694938440492,0.6783267259597778,0.6577144861221313,0.8298755740729151,0.7074147855307692,0.7090873785073193,0.8522179785260053,0.7746489291592522
499,1.0,2.0,1.0,0.7777777777777778,1,0.5449649973074852,0.24258760107816713,0.2143241787829833,0.6603359580039978,0.6488102078437805,0.8167749089242425,0.6207119821403059,0.6960105459125894,0.8115714311685068,0.7362672170364112
500,3.0,2.0,0.0,0.6666666666666666,3,0.60435038212816,0.30017657445556206,0.2657260435038213,0.6673763394355774,0.6784820556640625,0.7760698567752523,0.5315023338592814,0.7782093608211447,0.812254137860094,0.7245089223289432
501,2.0,1.0,0.0,0.5555555555555556,1,0.6305630026809652,0.2877079978529254,0.23270777479892765,0.6553483605384827,0.6887096166610718,0.9027905384113751,0.6722677261172199,0.7282496688531974,0.830825967047221,0.7835334751072534
502,2.0,2.0,1.0,0.6666666666666666,1,0.4528763769889841,0.25806451612903225,0.21215830273357814,0.6058401465415955,0.7532049417495728,0.5563625612968254,0.622389959015144,0.8726990087198095,0.40131182981886304,0.6131908397126605
503,2.0,2.0,0.0,1.0,1,0.2674516400336417,0.1903959561920809,0.223717409587889,0.6581089496612549,0.6791785359382629,0.8411543636582144,0.8462539343802199,0.8335387947945252,0.8553535301516388,0.8440751557461497
504,8.0,2.0,0.0,0.7777777777777778,4,0.5331262939958593,0.25388601036269426,0.2318840579710145,0.6328473091125488,0.674197793006897,0.056755595112616394,0.6261376323748904,0.7696606191602388,0.05750935562334536,0.3775158005677728
505,2.0,1.0,1.0,1.0,3,0.48833819241982507,0.22043795620437956,0.21865889212827985,0.6317648887634277,0.6348790526390076,0.810459870164478,0.5986975587703712,0.6607344342179837,0.7549358170518013,0.7062069200511586
506,8.0,2.0,1.0,0.6666666666666666,3,0.5690683799908216,0.270096463022508,0.23772372648003673,0.6110603213310242,0.7086043953895569,0.889007628776157,0.5022148667252637,0.7691092943233934,0.8614836587147067,0.7554538621348802
507,2.0,2.0,0.0,0.5555555555555556,1,0.42292630829476685,0.19451371571072315,0.20647917408330368,0.6567650437355042,0.7254106402397156,0.6459479358200643,0.6309122450648518,0.7259344565968895,0.6659197046977897,0.6671785855448988
508,2.0,1.0,1.0,0.7777777777777778,2,0.503052503052503,0.22738386308068462,0.17216117216117216,0.6273468136787415,0.6995996236801147,0.05245207236490418,0.5596396401169023,0.6235289867319721,0.181560885723393,0.35429539623429285
509,3.0,2.0,1.0,0.5555555555555556,1,0.6042261564820103,0.25157232704402516,0.2238720731010851,0.6523926258087158,0.6755903363227844,0.6763874078994617,0.49839758949072105,0.7215408180914651,0.7751435844173943,0.6678673499747605
510,10.0,2.0,1.0,1.0,2,0.3270005757052389,0.16829971181556197,0.15313759355210133,0.6178163886070251,0.6995542049407959,0.27338122506706797,0.6866457513476476,0.5910402859071959,0.3861008689266628,0.48429203281214356
511,8.0,1.0,1.0,1.0,3,0.5901080159181353,0.3255549231644849,0.29448550312677657,0.6868656873703003,0.6255298256874084,0.44010610228826125,0.7011322433018353,0.8180241974465933,0.5046213163491672,0.6159709648464642
512,8.0,2.0,0.0,0.5555555555555556,3,0.5715746421267893,0.2569089048106449,0.28016359918200406,0.6294538974761963,0.7806516289710999,0.8314611499921508,0.5314072504691407,0.6964101123975883,0.8441359500099779,0.7258536157172144
513,2.0,2.0,1.0,0.7777777777777778,1,0.5740740740740741,0.3503971756398941,0.3236331569664903,0.7151398062705994,0.5914680361747742,0.9009821837969633,0.6369808132719288,0.7795247525921611,0.8942788790150591,0.802941657169028
514,8.0,1.0,0.0,0.5555555555555556,2,0.49618768328445745,0.1961244862008221,0.21114369501466276,0.6384334564208984,0.719307005405426,0.7363148168071815,0.6543385174118781,0.7465481568466475,0.6719390561722423,0.7022851368094873
515,1.0,2.0,1.0,1.0,1,0.5222929936305732,0.2808510638297872,0.3184713375796178,0.6519562005996704,0.717907190322876,0.8983288365618332,0.8031438494818751,0.6330747405934125,0.8381792950398586,0.7931816804192449
516,8.0,2.0,0.0,1.0,2,0.5924932975871313,0.2939597315436241,0.2949061662198391,0.6704540848731995,0.7329720854759216,0.745390295139845,0.6228678374021978,0.7483032871931388,0.7736446490025285,0.7225515171844276
517,5.0,2.0,1.0,0.5555555555555556,1,0.48721804511278194,0.24529721595184345,0.21578947368421053,0.6431731581687927,0.6480642557144165,0.8906858058951141,0.5394919242751327,0.7073392786510785,0.8621880051720558,0.7499262534983453
518,4.0,1.0,0.0,0.6666666666666666,1,0.5690672963400236,0.2434988179669031,0.24557260920897286,0.6304246187210083,0.8088803291320801,0.9185313686853472,0.6485363548228295,0.7625721884277716,0.8664901808367562,0.7990325231931761
519,10.0,1.0,1.0,0.5555555555555556,2,0.5902808738296924,0.30879071842927264,0.2478823004904146,0.6238232254981995,0.6626042127609253,0.8104569156133018,0.589255276193049,0.7430582739747983,0.7787459295934822,0.7303790988436578
520,1.0,1.0,1.0,0.8888888888888888,2,0.5313773431132844,0.20897959183673467,0.2363488182559087,0.6362554430961609,0.6778155565261841,0.8046515057977897,0.5788149629862531,0.7789351045139541,0.658754854791234,0.7052891070223076
521,1.0,2.0,1.0,1.0,1,0.3602865916069601,0.1682051282051282,0.19037871033776868,0.5930149555206299,0.8285389542579651,0.9532678029746438,0.8751645465526999,0.7485045871365159,0.7564787514369521,0.833353922025203
522,9.0,1.0,1.0,0.7777777777777778,1,0.558780127889818,0.2540620384047267,0.21052631578947367,0.6405014991760254,0.6334656476974487,0.9049515169941662,0.6405900581246438,0.7459493092635711,0.8820481832001654,0.7933847668956366
523,8.0,1.0,1.0,0.8888888888888888,1,0.5296442687747035,0.26794799321650653,0.2834556747600226,0.6504086256027222,0.7806156873703003,0.195862401194208,0.4671401025058879,0.7517246161677512,0.17621207441511955,0.3977347985707417
524,2.0,1.0,0.0,1.0,1,0.6507042253521126,0.38081805359661497,0.3492957746478873,0.712181031703949,0.6716983914375305,0.8882160805229423,0.6553207743180042,0.5572012787887698,0.8669581810138931,0.7419240786609024
525,8.0,2.0,1.0,1.0,3,0.5257234726688103,0.2608695652173913,0.2186495176848875,0.5742972493171692,0.7683488130569458,0.8323543301094413,0.6696272585117071,0.8001936930922718,0.548558746221942,0.7126835069838405
526,8.0,1.0,1.0,0.8888888888888888,1,0.5707925200356189,0.2878787878787879,0.2297417631344613,0.6560789942741394,0.678982138633728,0.8832541351212135,0.4433853999234746,0.7748782006557778,0.8720975530655848,0.7434038221915127
527,2.0,2.0,1.0,0.5555555555555556,1,0.5976768743400211,0.22198731501057084,0.20274551214361142,0.6138930916786194,0.6713892817497253,0.7244272962747853,0.6291843677397447,0.746053095470994,0.7049260423972686,0.7011477004706982
528,1.0,1.0,0.0,0.5555555555555556,1,0.4567126725219574,0.2389937106918239,0.23839397741530738,0.6755248308181763,0.8830925822257996,0.7438255792083232,0.841932725409745,0.8742693538574318,0.5815275628130797,0.7603888053221449
529,2.0,2.0,1.0,0.7777777777777778,1,0.6168539325842697,0.31383577052868394,0.26853932584269663,0.66340571641922,0.5927322506904602,0.9156056432321361,0.45290565253600606,0.7096345178156548,0.894600193491012,0.7431865017687023
530,8.0,2.0,1.0,1.0,1,0.4988344988344988,0.1914396887159533,0.22688422688422688,0.5939324498176575,0.7475326657295227,0.07189425785882506,0.690336093804411,0.7127355981387989,0.06424010253272582,0.38480151308369015
531,3.0,2.0,1.0,0.7777777777777778,2,0.32188295165394404,0.14904458598726114,0.1743002544529262,0.6173564195632935,0.759850800037384,0.11521010385993308,0.6995026688030982,0.7043738106880264,0.09235649164141835,0.402860768748119
532,6.0,1.0,0.0,1.0,2,0.6237113402061856,0.34451612903225803,0.29896907216494845,0.6954986453056335,0.6035007834434509,0.8059675026010258,0.6281388357286443,0.5913828120230673,0.8359753966947029,0.71536613676186
533,1.0,2.0,1.0,0.6666666666666666,1,0.5681601525262154,0.25190839694656486,0.20019065776930411,0.6428320407867432,0.643534243106842,0.8760983151538816,0.5241798603610809,0.721804672402135,0.855861442619398,0.7444860726341238
534,8.0,2.0,0.0,1.0,2,0.5681978798586572,0.2038216560509554,0.1978798586572438,0.5988207459449768,0.7317760586738586,0.15793711001022248,0.7480482599520945,0.8069169630011297,0.16950053870527715,0.47060071791718094
535,8.0,1.0,1.0,1.0,3,0.4832535885167464,0.18225419664268586,0.21531100478468895,0.6365853548049927,0.7595610618591309,0.5981072189298253,0.8762577013599823,0.8695998342926846,0.32819964617547975,0.668041100189493
536,8.0,1.0,0.0,0.8888888888888888,2,0.5629742033383915,0.29027355623100304,0.283763277693475,0.7035937309265137,0.7088087201118469,0.8610931401843156,0.6035553236127381,0.6509606033129617,0.8543331353996135,0.7424855506274073
537,13.0,2.0,1.0,0.5555555555555556,1,0.46573267701628174,0.1962864721485411,0.20068156001514578,0.6104478240013123,0.63677978515625,0.8406207789333587,0.5237971358857382,0.6513182967120953,0.8487774139249078,0.716128406364025
538,1.0,1.0,0.0,1.0,1,0.5843971631205673,0.2613636363636364,0.24680851063829792,0.6538519859313965,0.6401327252388,0.5982952459938227,0.5946441349499324,0.6919875817386869,0.4568214870136049,0.5854371124240118
539,8.0,1.0,0.0,0.5555555555555556,0,0.587378640776699,0.27714748784440846,0.27022653721682843,0.6416648626327515,0.8022346496582031,0.08165378871310759,0.6326698293883438,0.7678063401908175,0.0733590013266531,0.3888722399047305
540,8.0,2.0,1.0,0.7777777777777778,3,0.6109756097560974,0.2967032967032967,0.25609756097560976,0.6719663143157959,0.6112769246101379,0.8480120588319268,0.6174241319331947,0.701636672948791,0.8313540578467981,0.7496067303901777
541,13.0,2.0,1.0,0.7777777777777778,3,0.4142794182459233,0.23378914865460962,0.23799030409872193,0.6389424204826355,0.7548007369041443,0.554872153453348,0.5891600120025322,0.7433705661004444,0.5211531439556545,0.6021389688779948
542,1.0,1.0,0.0,0.7777777777777778,1,0.5088312664411876,0.2955998495675066,0.22773393461104846,0.664479672908783,0.6815016269683838,0.8851546790461183,0.5863699770225376,0.7127596457869291,0.8728152965148607,0.7642748995926114
543,8.0,1.0,0.0,0.8888888888888888,3,0.603448275862069,0.24037184594953523,0.23740053050397877,0.6405878067016602,0.7204082012176514,0.864612248651866,0.6856657049285747,0.7900527445843116,0.8472440644040166,0.7968936906421923
544,3.0,1.0,1.0,0.625,2,0.5298013245033112,0.24170965364775238,0.2339955849889625,0.6393895745277405,0.7493149638175964,0.8106061445950745,0.6566363489157145,0.7172952863996553,0.7904988387137075,0.743759154656038
545,8.0,1.0,1.0,0.7777777777777778,3,0.6407021393307735,0.3316858868753432,0.2523313219967087,0.6749077439308167,0.7391830086708069,0.6028660814641107,0.5884382143538865,0.7378657539864306,0.6098850989415598,0.634763787186497
546,9.0,1.0,1.0,1.0,2,0.5875,0.26286509040333794,0.23333333333333334,0.6140440106391907,0.6090039014816284,0.760124321478983,0.5909061316105692,0.5989355162082518,0.7672402585002575,0.6793015569495153
