index,issueArea,decisionDirection,partyWinning,voteDistribution,respondentType,rouge1,rouge2,rougeL,bert_f1,align_score,unieval_coherence,unieval_consistency,unieval_fluency,unieval_relevance,unieval_overall
0,10.0,2.0,0.0,0.625,1,0.536025336500396,0.28129952456418383,0.23436262866191607,0.6253827810287476,0.7435880899429321,0.9083636012347055,0.5945069333591122,0.7387351307777624,0.8688576277995054,0.7776158232927715
1,8.0,1.0,0.0,0.6666666666666666,1,0.47518610421836227,0.19254658385093168,0.19851116625310175,0.5955811142921448,0.7984963059425354,0.3268812911419839,0.5932939032341322,0.6979193471492532,0.22561751562562005,0.4609280142877473
2,2.0,1.0,1.0,1.0,2,0.5308392315470171,0.347165991902834,0.2507583417593529,0.7079721093177795,0.5743736624717712,0.8131638609396531,0.6778475342309888,0.6682608907737129,0.7414095698066638,0.7251704639377548
3,1.0,1.0,0.0,0.6666666666666666,1,0.5583392984967789,0.3139784946236559,0.3035075161059413,0.6384364366531372,0.7820755839347839,0.525696677597999,0.6019476275451003,0.7168189593038868,0.39787282189731543,0.5605840215860755
4,8.0,2.0,1.0,1.0,3,0.5281227173119065,0.25950292397660824,0.20452885317750183,0.6444962620735168,0.7348790168762207,0.8722445253054354,0.620870165654847,0.7723522929461044,0.8748195864267778,0.7850716425832911
5,7.0,1.0,0.0,0.5555555555555556,3,0.5005645464809936,0.280225988700565,0.2213022205494919,0.6036127805709839,0.6113874912261963,0.8819912801903954,0.5341866847003073,0.7900564069405978,0.8658411238189547,0.7680188739125637
6,10.0,1.0,0.0,0.5555555555555556,1,0.6341719077568133,0.30010493179433373,0.2578616352201258,0.6529331803321838,0.709365963935852,0.9017133241417038,0.5278704165800907,0.704694619355472,0.8812077578317012,0.753871529477242
7,8.0,1.0,1.0,0.8888888888888888,2,0.5879629629629629,0.29366306027820704,0.30401234567901236,0.6529268622398376,0.7203933596611023,0.7770516106685966,0.6005214585742986,0.7458653281494222,0.6924328185165478,0.7039678039772164
8,8.0,1.0,1.0,1.0,2,0.6334693877551021,0.3172526573998365,0.32326530612244897,0.6602414846420288,0.5541911721229553,0.10045827487714282,0.5465390073706059,0.5972220185785024,0.1104624879782952,0.3386704472011366
9,1.0,2.0,1.0,0.5555555555555556,1,0.47996041563582387,0.24566617137196628,0.2622464126669965,0.6143514513969421,0.6393841505050659,0.677822914809268,0.5259366981449929,0.6770406015507661,0.5851219489225152,0.6164805408568855
10,2.0,2.0,1.0,0.5555555555555556,2,0.3948948948948949,0.21353383458646616,0.23573573573573572,0.6345483064651489,0.7351167798042297,0.7035212163784798,0.6227556790661455,0.6490954877104264,0.06321050025376582,0.5096457208522043
11,9.0,1.0,0.0,0.6666666666666666,1,0.5298126064735945,0.278772378516624,0.21550255536626914,0.6420387029647827,0.7226051092147827,0.8741145662465382,0.6005637676692267,0.7569684507107837,0.8328296469071949,0.7661191078834357
12,5.0,1.0,1.0,0.625,2,0.6229838709677419,0.2785065590312815,0.2550403225806452,0.6886157393455505,0.7423733472824097,0.5850403833051483,0.6492973585039812,0.8098140806106001,0.6081566094185811,0.6630771079595776
13,4.0,2.0,0.0,1.0,3,0.608,0.32783796514366464,0.25788235294117645,0.5980601906776428,0.7588032484054565,0.8891834040560893,0.5510758948130945,0.817400095972067,0.8743389963776351,0.7829995978047215
14,2.0,1.0,1.0,1.0,1,0.6285714285714286,0.26119805720453315,0.25336927223719674,0.6510341167449951,0.7604233026504517,0.7043789055114487,0.6278620586171583,0.6866966020529698,0.7345486628364397,0.688371557254504
15,1.0,1.0,0.0,0.5555555555555556,1,0.543174143753015,0.2549492998551424,0.2585624698504583,0.6355137825012207,0.663013219833374,0.7381814830901694,0.6855514910904218,0.8446486082561859,0.7089962398157641,0.7443444555631352
16,8.0,1.0,0.0,1.0,2,0.6078431372549019,0.25261780104712045,0.265359477124183,0.6762349009513855,0.6715558767318726,0.898222137387694,0.6574979631658938,0.74447443106218,0.8893945317981744,0.7973972658534856
17,8.0,1.0,0.0,0.75,1,0.44016136261766026,0.2727680574248542,0.2787987449574182,0.6361048221588135,0.7472823262214661,0.6807161197090099,0.625291677301215,0.7802027197071965,0.6330086849149202,0.6798048004080854
18,9.0,1.0,0.0,0.8888888888888888,1,0.5727047146401985,0.30998509687034276,0.2699751861042184,0.720336377620697,0.7303116917610168,0.9118504990574711,0.7062719793007908,0.8081557620573904,0.9008838759003402,0.8317905290789981
19,1.0,1.0,0.0,1.0,1,0.5481798715203425,0.31330472103004287,0.29336188436830835,0.6689196825027466,0.6551114916801453,0.4495875102513718,0.6625929308303029,0.5801894527813529,0.5006358992405628,0.5482514482758976
20,12.0,2.0,0.0,0.5555555555555556,1,0.6063893911995177,0.31985515992758,0.3122362869198312,0.6904565095901489,0.6503610014915466,0.5893260656650208,0.6025793756554961,0.6751382309863633,0.5941159993168015,0.6152899179059204
21,2.0,1.0,1.0,1.0,2,0.5105724600309437,0.28187919463087246,0.22279525528623004,0.6397436857223511,0.6147465109825134,0.6158010731938469,0.5859741673041314,0.7488331176786629,0.46788612959025294,0.6046236219417236
22,3.0,2.0,1.0,1.0,1,0.5237377543330821,0.2828054298642534,0.30143180105501133,0.6693829298019409,0.7034937739372253,0.9010186351745109,0.5893346917827184,0.7141390316877284,0.8662098601990891,0.7676755547110117
23,1.0,1.0,1.0,0.6666666666666666,2,0.6147186147186147,0.3586132177681474,0.27164502164502163,0.651082456111908,0.7848429083824158,0.875171182982706,0.676749407591565,0.8147991104278083,0.8529657926432038,0.8049213734113208
24,2.0,2.0,1.0,1.0,1,0.5471153846153847,0.2569778633301251,0.22115384615384615,0.6440048217773438,0.6902847290039062,0.8990969162534443,0.5368085637066916,0.7539189010682176,0.8872671415212021,0.769272880637389
25,8.0,2.0,0.0,1.0,2,0.6205305651672433,0.2967667436489608,0.22145328719723184,0.629822313785553,0.7526843547821045,0.8273367942766775,0.5172139443633732,0.5811702773293356,0.793023624014921,0.6796861599960768
26,2.0,1.0,0.0,0.6666666666666666,1,0.6449399656946828,0.3274184315970235,0.2584333905088622,0.6794639229774475,0.566726565361023,0.8816099988016425,0.5645136968480144,0.6421566407410382,0.8576793366030078,0.7364899182484257
27,9.0,1.0,0.0,1.0,3,0.2426229508196721,0.1691297208538588,0.1918032786885246,0.6527426838874817,0.5555205345153809,0.07811936286126657,0.8100042653268175,0.9316164311341781,0.06238233570491995,0.47053059875679554
28,7.0,1.0,1.0,0.7777777777777778,3,0.5228706624605678,0.2407261247040253,0.20031545741324924,0.6035768389701843,0.796478807926178,0.830734324144212,0.573233279301126,0.794969026247519,0.8357010214247972,0.7586594127794135
29,10.0,2.0,0.0,0.6666666666666666,3,0.6075205640423033,0.3305882352941176,0.23971797884841364,0.6581183075904846,0.5958519577980042,0.8433760034950057,0.524325124625726,0.6873226838568015,0.7990507382344877,0.7135186375530052
30,2.0,2.0,1.0,0.5555555555555556,1,0.6166040884438881,0.3607515657620042,0.2995410930329579,0.693408191204071,0.7321197390556335,0.8938477045517732,0.7337648945167278,0.7111435437649599,0.8723684297581055,0.8027811431478916
31,2.0,2.0,1.0,0.7777777777777778,1,0.6012631578947368,0.3084702907711757,0.24084210526315789,0.6185828447341919,0.7423949241638184,0.8774827026916355,0.5496029523818017,0.804448219983686,0.8507595138951329,0.770573347238064
32,2.0,1.0,1.0,1.0,2,0.5375816993464053,0.28454619787408014,0.23692810457516342,0.6317698359489441,0.6628913283348083,0.9029862877989178,0.5175414484326689,0.7655473255139448,0.8782769391501112,0.7660880002239107
33,2.0,2.0,1.0,0.7777777777777778,1,0.6403940886699507,0.2790927021696253,0.24039408866995074,0.6848939061164856,0.6931405663490295,0.8759975488280277,0.578646073521763,0.7606076391885309,0.8622167615967906,0.769367005783778
34,9.0,1.0,0.0,0.8888888888888888,2,0.5263157894736843,0.2806349206349207,0.2891566265060241,0.6496137380599976,0.6616596579551697,0.7441246707085658,0.624281753428731,0.7610521380185774,0.6980996793340009,0.7068895603724688
35,8.0,2.0,1.0,1.0,2,0.553020134228188,0.2946708463949843,0.2371364653243848,0.6269526481628418,0.7261531352996826,0.863479100226498,0.5717074886668715,0.7180851841407087,0.8522407570816514,0.7513781325289324
36,2.0,1.0,1.0,0.6666666666666666,2,0.5765004226542688,0.30372250423011843,0.24767540152155537,0.5636869072914124,0.7314387559890747,0.846326444233482,0.5785182641938204,0.7584562039557101,0.8164038666612208,0.7499261947610584
37,1.0,2.0,1.0,0.5555555555555556,1,0.4137626819585356,0.20397350993377483,0.2055580061755624,0.6169130802154541,0.5944053530693054,0.7718062001181287,0.5985642144505098,0.7362783575107407,0.5848670119149059,0.6728789459985712
38,8.0,2.0,1.0,1.0,2,0.5691220988900101,0.27878787878787875,0.25025227043390513,0.6694070100784302,0.7136088609695435,0.7739878399257648,0.6867825084579438,0.6772117967855733,0.7875422075608012,0.7313810881825208
39,1.0,1.0,1.0,0.8888888888888888,2,0.3920265780730897,0.22628951747088183,0.25913621262458475,0.624995768070221,0.6081257462501526,0.5730165362407903,0.7009267309046472,0.7714309120832451,0.49032778976307734,0.6339254922479399
40,2.0,2.0,1.0,0.5555555555555556,2,0.6264953478068233,0.339689578713969,0.2640673460345591,0.6754311919212341,0.7560520768165588,0.8589415144439706,0.6939691099717953,0.7722973749089296,0.8354051064207964,0.790153276436373
41,8.0,1.0,0.0,1.0,1,0.6298076923076923,0.2779783393501805,0.22235576923076922,0.6407548189163208,0.7067402601242065,0.835371145521181,0.6301631320146976,0.6447963770709203,0.7731220838541087,0.7208631846152269
42,10.0,2.0,0.0,0.5555555555555556,1,0.4150596877869605,0.20214395099540583,0.18059381695745333,0.6042720079421997,0.6286570429801941,0.8840942467741786,0.5476442566649271,0.6948953412166784,0.8597965233358242,0.746607591997902
43,10.0,2.0,1.0,1.0,1,0.6055646481178395,0.22610595303113054,0.2236770321876705,0.6029699444770813,0.6138902306556702,0.8178292533666661,0.5440307288255141,0.7491755442183347,0.8220493022107512,0.7332712071553166
44,8.0,2.0,0.0,1.0,2,0.5822532402791625,0.2844311377245509,0.25024925224327016,0.6803013682365417,0.6649901270866394,0.906260440645397,0.5799158470328005,0.7750395208190272,0.8810410301546178,0.7855642096629606
45,1.0,1.0,0.0,0.8888888888888888,1,0.5881805490926013,0.3167210060549604,0.3108422522103304,0.6428651213645935,0.6768164038658142,0.8228663459252396,0.6739774527832867,0.7476171382135155,0.8216780991481784,0.766534759017555
46,8.0,1.0,1.0,1.0,1,0.5098670962545309,0.260378879484079,0.2166733789770439,0.6309096813201904,0.6512535810470581,0.8553990209602391,0.5148669266855324,0.7466588020873273,0.847581728221824,0.7411266194887307
47,2.0,1.0,0.0,1.0,0,0.5948072383949645,0.28211189913317575,0.27222659323367426,0.6362913846969604,0.6171327233314514,0.5289276986275396,0.6402055228184659,0.6919703945967397,0.3105577619070411,0.5429153444874466
48,2.0,1.0,0.0,1.0,1,0.5898931000971818,0.31712062256809337,0.26044703595724006,0.6427304744720459,0.7631383538246155,0.8577318122691815,0.7257627667826345,0.7218014936848286,0.8467755659119068,0.7880179096621378
49,2.0,1.0,1.0,1.0,2,0.6293266205160478,0.30245746691871456,0.263058527375708,0.6397877335548401,0.7505508065223694,0.8653690426673815,0.5269631909192457,0.6923127063258605,0.8532952876624448,0.734485056893733
50,1.0,2.0,1.0,0.7777777777777778,1,0.6684723726977247,0.35032537960954446,0.3217768147345612,0.6700417995452881,0.6494833827018738,0.7331758977880732,0.543456175919343,0.616187670305255,0.7306729829327954,0.6558731817363667
51,8.0,1.0,0.0,0.8888888888888888,3,0.5093632958801498,0.31387252276379224,0.3081861958266453,0.6430791616439819,0.6031340956687927,0.6183643946514967,0.4904835694828955,0.688423302747332,0.6800582009629588,0.6193323669611708
52,8.0,2.0,1.0,1.0,1,0.6247086247086248,0.3284046692607004,0.3216783216783217,0.6504784822463989,0.6324368715286255,0.3590658282906285,0.5889071996866683,0.8037908230459869,0.3323198406481934,0.5210209229178693
53,2.0,2.0,0.0,0.5555555555555556,3,0.6218074656188605,0.35398230088495575,0.30058939096267195,0.6877070069313049,0.718251645565033,0.8086414751940671,0.6081089031246403,0.6435168957466789,0.7979864957539091,0.714563442454824
54,9.0,2.0,0.0,0.6666666666666666,1,0.6404565630944832,0.28825396825396826,0.2371591629676601,0.6603817939758301,0.7557094693183899,0.904538482334826,0.6350948343992739,0.7093175453651444,0.8852925698899968,0.7835608579973102
55,1.0,2.0,1.0,0.8888888888888888,1,0.5945273631840797,0.2917705735660847,0.28358208955223885,0.675902783870697,0.6886705756187439,0.645320587123037,0.8436039686804836,0.8122534578089602,0.8062514514794045,0.7768573662729713
56,1.0,2.0,1.0,0.6666666666666666,1,0.5127405096203849,0.2332118688183238,0.2308892355694228,0.6621317863464355,0.6876360177993774,0.7522983712755696,0.6210467445958089,0.6846372028262384,0.7491207264300398,0.7017757612819141
57,9.0,1.0,1.0,0.6666666666666666,4,0.4383141762452107,0.22409823484267077,0.24521072796934867,0.6413080096244812,0.7389324903488159,0.5470179066064067,0.7257318374447478,0.7620987942548106,0.48383864417658196,0.6296717956206368
58,3.0,2.0,0.0,0.6666666666666666,2,0.5287452790600083,0.23267534649307015,0.21401594628619386,0.5992241501808167,0.8593183755874634,0.8751086635335329,0.5839361096697918,0.7325995315385236,0.8582611455494938,0.7624763625728356
59,12.0,1.0,0.0,0.5555555555555556,2,0.5737855178735105,0.332415059687787,0.29330889092575624,0.677954912185669,0.7159308195114136,0.683265273595022,0.6806161094182751,0.6112598713842428,0.654741245866525,0.6574706250660163
60,1.0,2.0,0.0,1.0,2,0.593167701863354,0.29237947122861585,0.3059006211180124,0.6975111365318298,0.7887891530990601,0.42312696097392727,0.6823206122544688,0.7011045907994132,0.3605673596704143,0.541779880924556
61,2.0,2.0,1.0,0.6666666666666666,1,0.47034553893759673,0.22922044398554464,0.2176379577101599,0.6346119046211243,0.6052643656730652,0.5342144886845392,0.5711845376603589,0.6322662748347299,0.4640947360634689,0.5504400093107742
62,1.0,1.0,0.0,0.5555555555555556,1,0.4162246489859594,0.1985638463940056,0.16349453978159126,0.6438065767288208,0.7287911772727966,0.6770739845663201,0.5590116774049305,0.6540743617887079,0.689295386993372,0.6448638526883326
63,1.0,2.0,1.0,1.0,1,0.6412121212121211,0.316747572815534,0.2642424242424242,0.6358312964439392,0.6408865451812744,0.8564807406239696,0.5866132188580304,0.6851676951746193,0.8235655886779248,0.7379568108336361
64,13.0,2.0,1.0,0.8888888888888888,1,0.6019933554817276,0.2967398536260812,0.25249169435215946,0.63401859998703,0.6315836310386658,0.7710652779947371,0.6641305742806961,0.7041378205551391,0.7786666701635182,0.7295000857485227
65,2.0,1.0,1.0,0.5555555555555556,2,0.5793693212185997,0.30711610486891383,0.2415820416889364,0.64402836561203,0.6210723519325256,0.23475545234765763,0.6482983581908792,0.8063112840937627,0.24588425011985957,0.48381233618803976
66,3.0,2.0,0.0,0.75,2,0.5151710781149129,0.28054298642533937,0.3060038734667528,0.6350265145301819,0.7600963711738586,0.8125446303274106,0.678756741280376,0.6700967720105372,0.5369596591901725,0.6745894507021242
67,1.0,2.0,1.0,0.5555555555555556,1,0.44588528678304234,0.2516225661507738,0.22344139650872816,0.5929378271102905,0.679003119468689,0.44786617158426073,0.5347345322207346,0.6846693596347723,0.25070830002004835,0.47949459086495394
68,8.0,1.0,0.0,1.0,3,0.603082851637765,0.29893924783027964,0.2813102119460501,0.6359018683433533,0.6849470734596252,0.8746267898752565,0.6233026813461839,0.8007365909771537,0.8635487338403798,0.7905536990097435
69,8.0,1.0,1.0,0.625,3,0.6159169550173009,0.3409563409563409,0.32249134948096886,0.65346360206604,0.7350155115127563,0.16226255138767798,0.5315068418473022,0.7699501504423196,0.19382790147380521,0.41438686128777624
70,10.0,2.0,1.0,1.0,1,0.6368330464716007,0.3090178058587019,0.2707974756167527,0.6740024089813232,0.7226347923278809,0.8047124860163526,0.6381090138133856,0.7903637828320376,0.8027157713780703,0.7589752635099615
71,8.0,2.0,0.0,0.6666666666666666,3,0.6145778710015732,0.3223097112860892,0.20031463030938645,0.6313290596008301,0.656087338924408,0.6251433443431087,0.552584512912741,0.7268463209337361,0.6068847164953961,0.6278647236712456
72,2.0,2.0,0.0,0.7777777777777778,3,0.5404284727021424,0.24498269896193775,0.2612301313061507,0.691548228263855,0.7261742353439331,0.17192007857762168,0.5623013483516812,0.6507304297875028,0.20449532278128182,0.3973617948745219
73,4.0,1.0,1.0,1.0,1,0.2799732083054254,0.1596244131455399,0.159410582719357,0.622422993183136,0.8564987182617188,0.433242031591996,0.7260546216917093,0.7418811604224674,0.491095314666985,0.5980682820932894
74,1.0,1.0,1.0,1.0,2,0.6041666666666666,0.25576289791437984,0.20723684210526316,0.6171016097068787,0.6054399013519287,0.4617235558087079,0.4946550444472189,0.6025669742916333,0.5110602590257526,0.5175014583933282
75,1.0,2.0,1.0,0.6666666666666666,1,0.5858951175406872,0.25429864253393664,0.21880650994575046,0.6370037198066711,0.8080410361289978,0.759085370995541,0.6742391913526086,0.7876547475148379,0.7488680472368658,0.7424618392749633
76,8.0,1.0,0.0,1.0,4,0.6125290023201857,0.24632068164213788,0.2954369682907966,0.6619347333908081,0.7096415162086487,0.27313359992217867,0.6593638992159527,0.8004078578843389,0.4828431580000193,0.5539371287556224
77,8.0,2.0,1.0,1.0,2,0.5585349901896665,0.2475442043222004,0.22629169391759318,0.6585688591003418,0.6199252009391785,0.6779929131733345,0.6249724529872747,0.6298804225531924,0.683456358343276,0.6540755367642694
78,2.0,2.0,1.0,1.0,2,0.608388074785245,0.3429438543247345,0.2587165234967155,0.5796270966529846,0.7609179615974426,0.8612673022143097,0.5915937211363179,0.6912242564554922,0.85312257090144,0.74930196267689
79,1.0,1.0,0.0,0.7777777777777778,1,0.565050038491147,0.2976098689282961,0.3371824480369515,0.6581785082817078,0.651282787322998,0.5335425242759186,0.5726613875488177,0.7982711460440991,0.6288144103642622,0.6333223670582745
80,9.0,1.0,0.0,0.6666666666666666,1,0.5857988165680473,0.3127962085308057,0.3301775147928994,0.6557416915893555,0.7610482573509216,0.8718885961436758,0.668182002862002,0.692885881251068,0.8562972688314131,0.7723134372720397
81,9.0,1.0,1.0,0.5555555555555556,3,0.5592705167173253,0.29458307973219716,0.26261398176291795,0.6644768118858337,0.718271017074585,0.41040724486256674,0.6484251876456852,0.7961934252209375,0.2777508824303232,0.5331941850398783
82,9.0,1.0,1.0,0.5555555555555556,2,0.6107936507936508,0.2542911633820725,0.24888888888888888,0.6432984471321106,0.8126040697097778,0.8172604139223439,0.6143874611622829,0.7962906173175412,0.8264678940361908,0.7636015966095897
83,10.0,2.0,0.0,1.0,2,0.5632458233890215,0.2580028666985189,0.24057279236276852,0.6304479837417603,0.6933466196060181,0.7286199199703521,0.6823870553592282,0.7254577728532358,0.7471914654776062,0.7209140534151055
84,8.0,2.0,1.0,0.875,3,0.5958731756416707,0.28513853904282116,0.2546552591847006,0.6511234045028687,0.634756863117218,0.8342594820200424,0.5445862620986027,0.8212832975763953,0.8306571847358231,0.7576965566077158
85,1.0,2.0,1.0,0.8888888888888888,1,0.6198547215496368,0.3606398448860882,0.2624697336561744,0.688162088394165,0.6927668452262878,0.8551733547340044,0.6482508232259254,0.683590646842494,0.8460997291955864,0.7582786384995025
86,1.0,2.0,1.0,0.8888888888888888,1,0.6052773290253096,0.28247978436657684,0.26278944534194937,0.6759172081947327,0.7653726935386658,0.8722208628961909,0.6897404706741744,0.7170665663535469,0.8698653755493967,0.7872233188683273
87,2.0,1.0,1.0,0.875,1,0.6483402489626556,0.35098650051921076,0.2821576763485477,0.6746710538864136,0.7617701292037964,0.8629769916059742,0.5513319403878222,0.726246554242589,0.8565902051656709,0.7492864228505141
88,1.0,1.0,1.0,1.0,2,0.6528681253696038,0.3078744819419775,0.2377291543465405,0.6423379182815552,0.7744036912918091,0.8644264053772566,0.6151891974476811,0.7207485087709424,0.8686092484785293,0.7672433400186023
89,1.0,2.0,0.0,0.5555555555555556,2,0.48105436573311366,0.22277227722772275,0.25205930807248766,0.6239845752716064,0.7931239604949951,0.39942035388352976,0.6330754507202915,0.7396735665901737,0.4369433084206989,0.5522781699036735
90,1.0,2.0,1.0,0.625,3,0.5907636031092821,0.27276887871853545,0.24142661179698216,0.5869849324226379,0.7576841711997986,0.8665133058965615,0.6080139952568557,0.8621085634695006,0.8558445457368176,0.7981201025899338
91,8.0,2.0,1.0,1.0,4,0.582496413199426,0.2920057443752992,0.2716403634624581,0.6601648330688477,0.7857722043991089,0.575429925109858,0.642893608480818,0.8153557253431509,0.6067892597538377,0.660117129671916
92,8.0,2.0,1.0,1.0,1,0.5891032917139614,0.2704545454545455,0.24290578887627695,0.6422652006149292,0.7334357500076294,0.43840031185746825,0.5346096558130431,0.6925636912476977,0.37119996118472653,0.5091934050257338
93,7.0,1.0,1.0,0.5555555555555556,2,0.6457990115321252,0.3276525563496427,0.2515101592531576,0.6882840394973755,0.7807472348213196,0.8588491093034233,0.6306609321605513,0.7775722923688865,0.8573831765395373,0.7811163775930996
94,10.0,1.0,1.0,1.0,2,0.6473317865429236,0.32984901277584205,0.26798143851508127,0.6826123595237732,0.689423680305481,0.8112005613381899,0.5129064988977214,0.7196251898550706,0.7898473565010248,0.7083949016480017
95,1.0,2.0,1.0,0.6666666666666666,1,0.6258706467661691,0.3217131474103586,0.25074626865671645,0.6641845703125,0.6845009922981262,0.840990358767251,0.5399738270328949,0.7372892693912726,0.8241088596048516,0.7355905786990675
96,10.0,2.0,0.0,1.0,2,0.5926760563380282,0.26057529610829105,0.23211267605633806,0.6653790473937988,0.6946970820426941,0.8552030936436796,0.4997568605528156,0.7534704913323592,0.8484050334764549,0.7392088697513274
97,9.0,1.0,0.0,0.5555555555555556,2,0.5297202797202797,0.28346456692913385,0.2159090909090909,0.6447612047195435,0.602573573589325,0.770109695888167,0.5105938144648988,0.6888073029243355,0.7474865860856261,0.6792493498407569
98,4.0,2.0,1.0,1.0,1,0.5316622691292876,0.2760898282694848,0.26517150395778366,0.6547281742095947,0.7128226161003113,0.039451615175184716,0.6765778341518134,0.781210426486806,0.08132417023291758,0.3946410115116804
99,1.0,1.0,1.0,1.0,2,0.6334556895647614,0.3275590551181102,0.28631358154168857,0.6710564494132996,0.6972601413726807,0.6260698569156995,0.5790638559022961,0.6898974112163738,0.6456155358969932,0.6351616649828407
100,8.0,2.0,1.0,0.6666666666666666,3,0.4549397590361446,0.22093584177520503,0.26024096385542167,0.6360747814178467,0.6910780072212219,0.7901950597639198,0.602373362686036,0.807102409168455,0.6722952722210813,0.717991525959873
101,2.0,2.0,1.0,1.0,1,0.5288175876411171,0.330755502676978,0.3469994058229352,0.6691145896911621,0.6791244745254517,0.7741838654165696,0.5515461593136752,0.8628772612366572,0.5421829089657372,0.6826975487331598
102,4.0,2.0,1.0,0.5555555555555556,1,0.5763636363636363,0.27661510464058237,0.23363636363636364,0.6641752123832703,0.8058727979660034,0.9011085436766674,0.6507533133743396,0.7913208329362215,0.8771426041191983,0.8050813235266067
103,8.0,1.0,1.0,1.0,1,0.5910973084886129,0.29844559585492225,0.26293995859213254,0.6928224563598633,0.539810299873352,0.8317592475382876,0.4329343738606057,0.7656101023103418,0.8181091106676749,0.7121032085942275
104,8.0,1.0,1.0,1.0,3,0.6153846153846153,0.3882896764252696,0.24,0.6852653622627258,0.6810851097106934,0.8323069372724904,0.6675875768652201,0.6032699155265099,0.8138200398177008,0.7292461173704803
105,4.0,2.0,1.0,0.7777777777777778,1,0.5820224719101124,0.27671541057367827,0.2303370786516854,0.6285922527313232,0.7128570675849915,0.8881915695724845,0.6869572840142817,0.7691249232681876,0.8557670190776129,0.8000101989831417
106,6.0,1.0,1.0,0.5555555555555556,2,0.5734144222415292,0.2608695652173913,0.23631624674196355,0.6758500337600708,0.6559690833091736,0.8857096020348328,0.5855192085369006,0.722329975499938,0.8758390601858342,0.7673494615643764
107,8.0,1.0,0.0,0.7777777777777778,3,0.4759461193072482,0.27103403982016694,0.24631173829377806,0.6849597096443176,0.7164573073387146,0.7301785578843483,0.6478740320477646,0.6198669317716682,0.7172229427837091,0.6787856161218726
108,1.0,1.0,1.0,0.5555555555555556,2,0.4605026929982047,0.1904761904761905,0.18581687612208259,0.6157068610191345,0.7738153338432312,0.6596533071116907,0.6456879346245994,0.8115325005097824,0.4513791452687007,0.6420632218786934
109,5.0,1.0,0.0,1.0,1,0.45647703906785475,0.2621825669183253,0.2673063742289239,0.6486769318580627,0.667456865310669,0.5968810135268059,0.7040576640654632,0.7329199143080103,0.4653206942557811,0.6247948215390151
110,1.0,2.0,1.0,0.5555555555555556,1,0.5924841386041972,0.285295554469956,0.24792581747193754,0.6483272910118103,0.7913538217544556,0.8620316249120786,0.5380822855516701,0.7318592470961486,0.8712067921964831,0.7507949874390951
111,1.0,1.0,1.0,1.0,2,0.5384207737148914,0.3183023872679045,0.28192898781134074,0.671886682510376,0.6020627021789551,0.6640076958693891,0.4322049127459169,0.6827457534962168,0.61007121088304,0.5972573932486407
112,8.0,1.0,1.0,1.0,1,0.6008658008658009,0.28794449262792715,0.2753246753246753,0.6834274530410767,0.7071961164474487,0.07778754888461238,0.57633079876446,0.7657904852996471,0.0852796875020955,0.37629713011270377
113,1.0,2.0,0.0,0.5555555555555556,2,0.5115062761506277,0.3036649214659686,0.2677824267782427,0.70536208152771,0.6581137776374817,0.4400630959483581,0.7617530336506524,0.7561996467927457,0.4196517391509987,0.5944168788856887
114,2.0,2.0,1.0,0.7777777777777778,1,0.5736013036393264,0.2958129418162045,0.2868006518196632,0.6457195281982422,0.6437034606933594,0.7934185210907099,0.661540650958533,0.7629420195700226,0.760370769764902,0.7445679903460419
115,10.0,2.0,1.0,0.5555555555555556,2,0.6050420168067226,0.2860576923076923,0.2737094837935174,0.5990139842033386,0.7195590138435364,0.06735154780511683,0.669568511324619,0.7955757305127716,0.05494607576193211,0.39686046635110994
116,8.0,1.0,0.0,1.0,2,0.5917076598735068,0.2505277973258269,0.23190442726633875,0.6796456575393677,0.7256639003753662,0.8610623098999751,0.5810868873944993,0.7363119508594818,0.8157372771676034,0.7485496063303899
117,1.0,2.0,1.0,0.5555555555555556,1,0.5876591576885406,0.28627450980392155,0.26640548481880505,0.6896920204162598,0.6829188466072083,0.7568644392897819,0.5670519712754589,0.7448510940299382,0.8108063275281976,0.7198934580308443
118,12.0,2.0,1.0,1.0,1,0.63003663003663,0.31540342298288504,0.22954822954822954,0.6638180017471313,0.7256173491477966,0.7693324218655411,0.5866202577953561,0.7983830258805503,0.8118063052886534,0.7415355027075252
119,1.0,1.0,1.0,1.0,2,0.5959302325581395,0.25703200775945684,0.22286821705426357,0.6537744998931885,0.5527492165565491,0.8771821685803756,0.46616088785031096,0.6019334810430957,0.8603132753277064,0.7013974532003722
120,1.0,1.0,0.0,0.5555555555555556,1,0.6398678414096917,0.3175303197353914,0.2698237885462555,0.6954630017280579,0.7265220284461975,0.8820203011813273,0.6100578913828861,0.6934919603497417,0.859647447589211,0.7613044001257915
121,9.0,2.0,1.0,1.0,2,0.561999057048562,0.26050023596035865,0.23856671381423855,0.6666677594184875,0.7335115671157837,0.8501844895280595,0.5375961416772391,0.7245274946266286,0.8397772884980135,0.7380213535824851
122,6.0,2.0,0.0,1.0,2,0.6175275681950088,0.35676932016269614,0.3598374927452118,0.6411980986595154,0.7698646187782288,0.37101664969548886,0.637186545861247,0.7468388830432435,0.4122536309936825,0.5418239273984155
123,1.0,2.0,1.0,1.0,1,0.5884509624197983,0.3397612488521579,0.311640696608616,0.6438003182411194,0.7254396677017212,0.18653680985841542,0.6448537333384948,0.7279472457242223,0.40494949990157625,0.49107182220567724
124,2.0,1.0,1.0,0.5555555555555556,1,0.5460526315789473,0.26419753086419756,0.2384868421052632,0.6095708012580872,0.7938700914382935,0.6601334117266705,0.5544539105736281,0.6634967691978886,0.6824498857912433,0.6401334943223577
125,1.0,1.0,0.0,1.0,1,0.601590744757773,0.30267921795800146,0.2733188720173536,0.667353093624115,0.8178256154060364,0.8774408115408753,0.7049952442176669,0.8130304678021342,0.8641089686741348,0.8148938730587028
126,9.0,2.0,1.0,1.0,2,0.6174298375184637,0.31804733727810647,0.2703101920236337,0.6523669362068176,0.73502117395401,0.924809182150976,0.6985195070770531,0.8452665015167642,0.9096047597929763,0.8445499876344424
127,10.0,2.0,0.0,1.0,1,0.5445928479103834,0.26649417852522633,0.21887117621714777,0.6122110486030579,0.7452068328857422,0.895489948239804,0.6692079550686759,0.7199427565237299,0.8666023030530794,0.7878107407213223
128,2.0,2.0,1.0,0.5555555555555556,2,0.5797249108507387,0.3549209586945436,0.2954661232806928,0.6481477618217468,0.7068193554878235,0.21861186813323055,0.6553221229487467,0.5460482690562306,0.26292520445267054,0.4207268661477196
129,5.0,1.0,1.0,1.0,2,0.5961977186311788,0.28332063975628335,0.2494296577946768,0.6720814108848572,0.7253121733665466,0.8110302835123172,0.5998450037911075,0.6405746171533172,0.8303263670600679,0.7204440678792025
130,1.0,1.0,1.0,1.0,2,0.5299653293709757,0.3202776400594943,0.2615156017830609,0.6154711246490479,0.5707394480705261,0.6187035205388509,0.6361298415665217,0.6560521375569833,0.5661827486412316,0.6192670620758969
131,1.0,1.0,1.0,0.7777777777777778,2,0.6049004594180705,0.29294478527607365,0.30168453292496167,0.6456862688064575,0.7607906460762024,0.06117922883256881,0.6280143525430867,0.6853157378821879,0.08120048774825324,0.3639274517515242
132,4.0,2.0,0.0,0.5555555555555556,2,0.47521214828048225,0.19490388913723736,0.19830281375614114,0.6331217288970947,0.6972212791442871,0.39626841108847827,0.6345752723799144,0.768148981315614,0.3021178957181337,0.5252776401255351
133,2.0,1.0,1.0,0.5555555555555556,2,0.5732718894009218,0.264760147601476,0.223963133640553,0.5709776878356934,0.756866991519928,0.9211606330087729,0.5947092342944762,0.7172198887386333,0.904560058606574,0.7844124536621141
134,8.0,1.0,0.0,0.5555555555555556,2,0.5561083471531233,0.22246817930271168,0.1978993919292427,0.6705712676048279,0.7206830382347107,0.7218061188240147,0.7096563489152504,0.7506072827166834,0.5006131450051653,0.6706707238652784
135,2.0,1.0,0.0,0.5555555555555556,1,0.6272401433691756,0.326555023923445,0.2795698924731183,0.6889418363571167,0.7216431498527527,0.8921399671225969,0.5491262086507969,0.7323817831035494,0.8697302743837577,0.7608445583151752
136,10.0,2.0,0.0,0.6666666666666666,2,0.5954592363261094,0.2861570247933884,0.24148606811145512,0.6583516597747803,0.620179295539856,0.8731210844688396,0.5170078409382399,0.6297960346056218,0.8684048945414494,0.7220824636385377
137,8.0,1.0,1.0,0.6666666666666666,4,0.5513561582925746,0.31953716065865595,0.24811027123165852,0.6688612699508667,0.7867189049720764,0.9036304779184521,0.6327109216184604,0.7731081690385504,0.8787984471511,0.7970620039316407
138,1.0,2.0,0.0,0.5555555555555556,1,0.5391849529780564,0.19623233908948193,0.22100313479623823,0.6254765391349792,0.7180982232093811,0.6328095590746833,0.6836615820296674,0.7338530572529085,0.681005003859439,0.6828323005541745
139,3.0,2.0,1.0,0.6666666666666666,2,0.2165680473372781,0.12085308056872039,0.12071005917159765,0.5428527593612671,0.8455983996391296,0.4253911952335167,0.808960853138388,0.8040562766193908,0.25270407342928536,0.5727780996051453
140,8.0,2.0,0.0,1.0,0,0.6271367521367522,0.37112299465240645,0.2788461538461538,0.6895939707756042,0.7498704791069031,0.8790504300027584,0.7109944578880119,0.7334675754535342,0.8172928526177577,0.7852013289905155
141,5.0,2.0,0.0,0.875,2,0.5454545454545454,0.20830298616168974,0.20363636363636364,0.6193444132804871,0.6871871948242188,0.8487141114097874,0.6991802917782058,0.769688697280694,0.8258572578566914,0.7858600895813446
142,9.0,2.0,1.0,1.0,4,0.6057465850211965,0.3413484205563414,0.30617051342439944,0.6869681477546692,0.6462758779525757,0.8990807336309071,0.6227683367574735,0.7079732588841144,0.8614780264201672,0.7728250889231656
143,8.0,1.0,1.0,0.7777777777777778,1,0.5965724872626216,0.3208159480760315,0.2992125984251969,0.6396575570106506,0.7298726439476013,0.9068872542759626,0.5591559177949312,0.7553472779300836,0.8984095923546123,0.7799500105888975
144,1.0,2.0,1.0,1.0,1,0.5429033998920669,0.2096164235548352,0.21910415542363734,0.5740991234779358,0.7541190385818481,0.6548854368484129,0.5973226333637345,0.801269282413051,0.6159217345973044,0.6673497718056257
145,1.0,2.0,1.0,1.0,1,0.5807327001356852,0.2554347826086957,0.21031207598371776,0.663626492023468,0.7172250151634216,0.8701060478429001,0.5508697383824208,0.7789643486787976,0.8441677292041937,0.7610269660270781
146,1.0,1.0,1.0,1.0,2,0.6207674943566591,0.2994350282485876,0.25395033860045146,0.6548221111297607,0.6549370288848877,0.8180792305445758,0.6319001686192369,0.6902340809547799,0.8148982700774436,0.7387779375490091
147,3.0,2.0,0.0,0.5555555555555556,3,0.36090727151434293,0.15086782376502003,0.15476984656437626,0.6118559837341309,0.6731780767440796,0.4788032699583034,0.6508465364584913,0.6992386511049277,0.4835854126757258,0.578118467549362
148,8.0,2.0,0.0,0.7777777777777778,2,0.46458923512747874,0.27680090754395914,0.2651558073654391,0.6581661105155945,0.6939702033996582,0.11611773078738827,0.5792419719371064,0.6651474963082427,0.1532845436210227,0.37844793566344
149,10.0,2.0,1.0,0.7777777777777778,2,0.5993957703927494,0.2298850574712644,0.24048338368580063,0.6399286389350891,0.6561744213104248,0.9127572211035178,0.6070960443956874,0.7107044059658341,0.8737040828357011,0.7760654385751851
150,4.0,2.0,1.0,1.0,3,0.581237911025145,0.26911907066795737,0.22533849129593814,0.6593713760375977,0.7100498080253601,0.8686302200191234,0.6004060732688171,0.7100022428231985,0.8541045614317951,0.7582857743857335
151,8.0,2.0,1.0,0.75,3,0.5053485798598303,0.259874492432632,0.20730357801549246,0.657461941242218,0.671763002872467,0.8565104935208103,0.596950490072315,0.7219242057498542,0.8323251931540376,0.7519275956242543
152,8.0,2.0,0.0,1.0,2,0.6981981981981983,0.3382187147688839,0.3085585585585586,0.6572425961494446,0.6732401251792908,0.8977764044796817,0.5386128960723321,0.6723834665360682,0.8886713175714696,0.7493610211648879
153,1.0,1.0,0.0,0.6666666666666666,1,0.5973271353864033,0.21873182082606163,0.22312608948285884,0.6270450353622437,0.7121025323867798,0.7698701669492828,0.7140430409723951,0.7857213462953722,0.7637456243792115,0.7583450446490654
154,8.0,1.0,1.0,1.0,2,0.5084525357607282,0.23307291666666669,0.21456436931079323,0.6598371863365173,0.6510456800460815,0.6118014411371738,0.755239154413344,0.7535815626730153,0.4397096926773976,0.6400829627252327
155,1.0,2.0,1.0,0.5555555555555556,1,0.5804962492787075,0.28076256499133445,0.26889786497403345,0.6466585397720337,0.7706668972969055,0.3199600997684606,0.5664207186672481,0.7435544923113974,0.35873595433789246,0.4971678162712496
156,8.0,1.0,1.0,1.0,2,0.5255692422545727,0.26596936869630183,0.1955953714072415,0.6817926168441772,0.6033353805541992,0.9018411171523127,0.6170769621553672,0.7289695091113064,0.869172780405201,0.7792650922060469
157,7.0,1.0,1.0,0.5555555555555556,1,0.567337807606264,0.24093148231079267,0.19955257270693513,0.646291196346283,0.7034984827041626,0.8538790921236182,0.5631400373971875,0.6744260467527355,0.831937670394145,0.7308457116669216
158,8.0,1.0,0.0,1.0,3,0.6510443199184922,0.2937276899541051,0.23841059602649006,0.6741097569465637,0.6088272333145142,0.9024445325786492,0.5701048196557418,0.7449922385897354,0.8892600228962277,0.7767004034300885
159,6.0,2.0,1.0,1.0,2,0.491139240506329,0.2569737954353339,0.20928270042194091,0.6531047821044922,0.6888954043388367,0.89574132594824,0.6803756051837807,0.7157240711460491,0.8846689122266431,0.7941274786261783
160,1.0,1.0,0.0,0.6666666666666666,1,0.6244825547013602,0.2652457075192421,0.2306327616794796,0.660161554813385,0.738294780254364,0.8928818930286777,0.6206944146896889,0.6775329690937043,0.8826513332483117,0.7684401525150957
161,1.0,1.0,1.0,1.0,2,0.6821900566393958,0.37051039697542537,0.28193832599118945,0.6947926878929138,0.7825956344604492,0.8570326984268996,0.5879063980597566,0.7997022084789347,0.8580301121045482,0.7756678542675348
162,3.0,1.0,0.0,1.0,1,0.5683975432719152,0.27948574622694244,0.283640424343942,0.6565330028533936,0.6608731150627136,0.8700630671997066,0.48873060784664724,0.6315326057493501,0.8040093194507077,0.698583900061603
163,8.0,2.0,1.0,1.0,2,0.5981873111782477,0.2468239564428312,0.26586102719033233,0.6462305784225464,0.6612865924835205,0.8951554288486767,0.6176205623415949,0.8271277939407677,0.9072434645483625,0.8117868124198504
164,5.0,2.0,1.0,0.6666666666666666,3,0.5860132720775907,0.2411854879918242,0.23175089331291476,0.657794177532196,0.6472797989845276,0.8825764894591048,0.5201916756806426,0.6328907794644155,0.853352562742631,0.7222528768366985
165,9.0,2.0,0.0,1.0,3,0.563959955506118,0.2216035634743875,0.20355951056729701,0.6231933236122131,0.6187267303466797,0.9233994795405049,0.5756519040632718,0.8166503995825367,0.8942017385630465,0.8024758804373401
166,8.0,2.0,1.0,1.0,2,0.6038514442916094,0.24104683195592289,0.22696011004126546,0.6626297235488892,0.7104493379592896,0.894388209837094,0.6941366810051004,0.7806040865086303,0.8797542835741666,0.8122208152312478
167,1.0,1.0,0.0,1.0,1,0.47571189279732,0.2030201342281879,0.22613065326633164,0.6636951565742493,0.7102943062782288,0.5360567418430501,0.7903875859993452,0.7836701017576378,0.5124079951290356,0.6556306061822672
168,2.0,2.0,0.0,1.0,2,0.45303867403314924,0.24462200368776887,0.19152854511970532,0.6380969285964966,0.6745715737342834,0.18091904139106565,0.5790137601241965,0.5298728122012127,0.11425864583844635,0.3510160648887303
169,5.0,1.0,1.0,1.0,1,0.528952772073922,0.25318536785861073,0.21765913757700203,0.6084640026092529,0.7588851451873779,0.9080237852396089,0.5693577902255124,0.6904193024948801,0.8821472698789955,0.7624870369597492
170,3.0,1.0,1.0,0.5555555555555556,1,0.38900939985538685,0.2170767004341534,0.19450469992769343,0.6604853868484497,0.7547494769096375,0.8772537001244762,0.6008891173596604,0.7664498572387118,0.7594427280889522,0.7510088507029502
171,8.0,2.0,1.0,1.0,2,0.49802890932982924,0.2223684210526316,0.24178712220762158,0.6665988564491272,0.6625926494598389,0.5963287238481254,0.6389276248664228,0.8174658125859539,0.34619629205702973,0.5997296133393829
172,2.0,2.0,0.0,0.5555555555555556,3,0.5670692943420216,0.2151495862507957,0.23013350286077555,0.6512811779975891,0.7047116160392761,0.8250824363510396,0.6440116407043134,0.749464309612507,0.7989943321735041,0.754388179710341
173,9.0,1.0,1.0,1.0,3,0.620980495519241,0.28179419525065963,0.23405376910911965,0.6551336646080017,0.7726689577102661,0.8639946617619568,0.6626538275195827,0.7422875689397745,0.8319610644320189,0.7752242806633333
174,13.0,1.0,0.0,1.0,3,0.4357747515642252,0.24825046040515655,0.18476260581523737,0.647487223148346,0.7708282470703125,0.7021431220236383,0.5895487166505402,0.6536043488080691,0.6650865754975043,0.652595690744938
175,8.0,2.0,1.0,1.0,2,0.477027027027027,0.2598105548037889,0.20405405405405405,0.5568583607673645,0.673141598701477,0.24599196704347703,0.5948732177493369,0.586138598202467,0.13428875240016694,0.390323133848862
176,10.0,2.0,1.0,1.0,3,0.5689488910318226,0.25289575289575295,0.23722275795564127,0.6649991273880005,0.648252546787262,0.6331569874101695,0.5815398388084155,0.7021025585025547,0.645941024508742,0.6406851023074704
177,6.0,2.0,1.0,1.0,3,0.4902912621359223,0.2414910858995138,0.25889967637540456,0.6335417032241821,0.6593614220619202,0.18949043432789564,0.5230580998013735,0.5617849603481032,0.1542453421746818,0.35714470916301355
178,8.0,1.0,1.0,0.5555555555555556,1,0.5218033998521804,0.3039940828402367,0.24685883222468585,0.6521758437156677,0.7244532108306885,0.8672544858436915,0.6458141086048688,0.7594985085135032,0.8481949247740345,0.7801905069340245
179,8.0,2.0,1.0,0.6666666666666666,4,0.48791018998272884,0.2515125324114088,0.2219343696027634,0.6205687522888184,0.6725024580955505,0.8542058951123471,0.5942460683594739,0.7396439194659378,0.8360357778550027,0.7560329151981904
180,2.0,1.0,1.0,1.0,2,0.628039317123642,0.29932677369238736,0.24728401448525608,0.6196877360343933,0.6749771237373352,0.8985061010470928,0.5744702635208675,0.691435667562885,0.8610807021944176,0.7563731835813157
181,8.0,2.0,1.0,1.0,3,0.529923273657289,0.23246287762416795,0.25882352941176473,0.6555134654045105,0.6722164750099182,0.2947618026521722,0.4659794318095278,0.6779118489424879,0.2994988954695431,0.4345379947184328
182,1.0,1.0,0.0,0.5555555555555556,1,0.5793304221251819,0.3250728862973761,0.2867540029112082,0.6839911937713623,0.7479226589202881,0.7638870403002004,0.6526863934054571,0.7651405049131994,0.6426937325250006,0.7061019177859643
183,1.0,2.0,1.0,1.0,1,0.5019186492709132,0.2450076804915515,0.17805065234075212,0.607084333896637,0.7554840445518494,0.8831023050382039,0.6000229604243369,0.731276597943674,0.8497267160253522,0.7660321448578917
184,1.0,1.0,0.0,1.0,1,0.5823488533703962,0.2839248434237996,0.2668519805420431,0.668368935585022,0.796768307685852,0.9190367901070102,0.6635718385210653,0.8910952005602366,0.9093297935736482,0.8457584056904901
185,1.0,2.0,1.0,0.7777777777777778,1,0.46612466124661245,0.21357466063348415,0.24390243902439027,0.6799818277359009,0.7163076996803284,0.4678684972881264,0.7786769935042432,0.7187007095569371,0.25547728969659445,0.5551808725114753
186,7.0,1.0,0.0,1.0,3,0.6343324250681198,0.32078559738134205,0.27029972752043596,0.6389800906181335,0.7057676315307617,0.8390882204357683,0.6616791539415663,0.8227669016644719,0.8501576416256683,0.7934229794168688
187,2.0,1.0,1.0,0.75,2,0.4123899180078955,0.21209358857490124,0.1882781658062557,0.6462237238883972,0.7346570491790771,0.7191133266632718,0.454004664370761,0.6937407311099046,0.7747801083892462,0.6604097076332959
188,2.0,1.0,1.0,0.5555555555555556,2,0.4862903225806452,0.1880548829701372,0.17258064516129032,0.6229873299598694,0.6765254735946655,0.8153065444903067,0.6048262150671286,0.7273559049037465,0.8121537030967793,0.7399105918894903
189,9.0,2.0,1.0,1.0,3,0.6109573879358052,0.2736842105263158,0.24460431654676257,0.6633672118186951,0.6740467548370361,0.7955825335670854,0.496660541739093,0.7215073273121224,0.8128018137146524,0.7066380540832383
190,9.0,2.0,1.0,1.0,2,0.5585454545454546,0.2753095411507647,0.2661818181818182,0.661872148513794,0.7830933928489685,0.23315834934544732,0.6199834940711391,0.6764014528040329,0.35732714606548294,0.47171761057152556
191,3.0,1.0,1.0,0.5555555555555556,2,0.5501889962200756,0.2597730138713745,0.20663586728265435,0.6171252727508545,0.7965772747993469,0.9295131039234191,0.5867308118919702,0.7801205394274449,0.9116141729056823,0.8019946570371291
192,1.0,1.0,1.0,1.0,2,0.6643929058663028,0.38524590163934425,0.27967257844474763,0.669323205947876,0.7094632983207703,0.19033525002329837,0.4989420314023352,0.6682918813235168,0.40198139674111266,0.43988763987256574
193,1.0,1.0,1.0,1.0,2,0.5968882602545968,0.28470254957507085,0.27015558698727016,0.6651915907859802,0.6831446886062622,0.8646847516113713,0.5297493634112459,0.715710444781014,0.8212733759324422,0.7328544839340183
194,12.0,2.0,1.0,1.0,3,0.6129032258064515,0.23105590062111803,0.22456575682382132,0.6467692255973816,0.69988614320755,0.8815520969610806,0.646725415869947,0.7132746641607693,0.8223050187305431,0.7659642989305849
195,12.0,2.0,1.0,1.0,2,0.660092807424594,0.3101045296167248,0.2842227378190255,0.6345778703689575,0.647290050983429,0.1260158308074408,0.6086414205692869,0.7571751937262418,0.37607067217171475,0.46697577931867107
196,8.0,2.0,0.0,0.7777777777777778,1,0.5649289099526066,0.23244781783681215,0.22654028436018958,0.6343358755111694,0.6227830052375793,0.8992024836471861,0.48093564691788127,0.6740017934378992,0.8640877540216368,0.7295569195061509
197,4.0,2.0,1.0,1.0,2,0.6006644518272425,0.24617431803060544,0.23920265780730895,0.6592121720314026,0.8335176110267639,0.9075224190908433,0.7726505511735633,0.8395290134243023,0.8794616475882293,0.8497909078192345
198,1.0,1.0,1.0,0.6666666666666666,2,0.618181818181818,0.2717815344603381,0.2805194805194805,0.6552299857139587,0.7383345365524292,0.8807108110857794,0.6100902011343691,0.6977763817027453,0.8888175813847121,0.7693487438269015
199,3.0,1.0,1.0,1.0,2,0.5587419056429233,0.2851851851851852,0.29509713228492135,0.6836419105529785,0.7476568222045898,0.865442254028861,0.6774505802798276,0.7211528809601128,0.8389351462666321,0.7757452153838584
200,8.0,2.0,1.0,0.7777777777777778,3,0.45171102661596957,0.23457730388423456,0.2692015209125475,0.654619038105011,0.6727846264839172,0.3965126563440509,0.6778097321068278,0.7404151791218174,0.13817337036773558,0.4882277344851079
201,2.0,2.0,1.0,0.5555555555555556,1,0.5614927905004241,0.27674023769100164,0.24512298558100085,0.6401443481445312,0.7026212215423584,0.7984653235461157,0.6097720805332995,0.7745717488421778,0.8269053911112532,0.7524286360082115
202,2.0,2.0,0.0,0.5555555555555556,1,0.5458534444931987,0.2547211242863417,0.209741114523914,0.6336881518363953,0.7191807627677917,0.8122755264946556,0.5116413437809776,0.6781869201261015,0.7270924862848965,0.6822990691716578
203,9.0,1.0,1.0,0.5555555555555556,2,0.5658972449739389,0.24757643549589858,0.2501861504095309,0.6296122670173645,0.6863581538200378,0.5658001834476482,0.6386912587299207,0.732060199298722,0.44616290618324655,0.5956786369148843
204,8.0,1.0,1.0,0.7777777777777778,3,0.5534441805225654,0.19143876337693225,0.19002375296912116,0.6401289701461792,0.6985047459602356,0.9151875711766874,0.4925492569096109,0.8261517154912564,0.9074252005825071,0.7853284360400155
205,6.0,1.0,0.0,0.6666666666666666,3,0.6264367816091955,0.2807825086306099,0.2597701149425287,0.6493393182754517,0.7575785517692566,0.9061456771898292,0.6776196527235213,0.7456277600629801,0.8325886255330943,0.7904954288773562
206,1.0,2.0,0.0,0.5555555555555556,2,0.5394021739130436,0.27891156462585037,0.25679347826086957,0.6925013661384583,0.7118533849716187,0.8569331667651838,0.6492509511550945,0.6247080215438715,0.7946023290007528,0.7313736171162256
207,2.0,1.0,0.0,1.0,1,0.617906683480454,0.3207070707070707,0.31904161412358134,0.6943604946136475,0.6445427536964417,0.8772731263566517,0.5483758561631297,0.745298203687397,0.8652097551630674,0.7590392353425615
208,8.0,1.0,0.0,0.5555555555555556,2,0.527180783817952,0.23544303797468355,0.24905183312262957,0.628889799118042,0.7643455862998962,0.10242844024166474,0.6437902374081214,0.7506201893394313,0.15244150981689739,0.4123200942015287
209,9.0,2.0,1.0,0.5555555555555556,2,0.6222461042450296,0.30123722431414734,0.2729715206878023,0.6575750708580017,0.7129381895065308,0.7962976766004357,0.570163299440236,0.643777887395464,0.7778782027984397,0.697029266558644
210,1.0,1.0,1.0,0.5555555555555556,2,0.595226003047232,0.26232841891204883,0.20010157440325038,0.6648744940757751,0.6226836442947388,0.4091741268752944,0.5203325075466708,0.7709084346506492,0.45002647088661435,0.5376103849898072
211,3.0,2.0,0.0,0.7777777777777778,2,0.6107784431137726,0.3073569482288829,0.2602068590092542,0.652381181716919,0.6620088815689087,0.8993713927922804,0.5294307817942216,0.8129601984600199,0.8861396397982844,0.7819755032112017
212,8.0,1.0,1.0,1.0,1,0.6251526251526252,0.28117359413202936,0.31990231990231993,0.6675586104393005,0.697723388671875,0.9188315857264794,0.583808005466195,0.7354129980397835,0.8979404373078244,0.7839982566350706
213,1.0,2.0,1.0,0.8888888888888888,1,0.5631174533479693,0.2703296703296703,0.19429198682766194,0.6245121359825134,0.6059863567352295,0.7221267178347127,0.6159950715627648,0.732743882960098,0.7268779341463737,0.6994359016259872
214,2.0,2.0,1.0,0.8888888888888888,3,0.3667711598746081,0.19496855345911948,0.22884012539184953,0.5867967009544373,0.6006197333335876,0.158129218028724,0.7688408488502778,0.6844300048994973,0.11356189476635621,0.43124049163621386
215,9.0,2.0,1.0,1.0,2,0.6370455856895557,0.30155979202772965,0.23196768609347954,0.6650072336196899,0.6397596597671509,0.8678615992517519,0.5360205443934882,0.7215638843487322,0.796991058521254,0.7306092716288065
216,1.0,1.0,0.0,0.5555555555555556,1,0.551857211770381,0.23756639304683727,0.22479498311625665,0.6603903770446777,0.6481412053108215,0.8768791613751135,0.5638924747140152,0.7336495289994105,0.8656508845588842,0.7600180124118558
217,8.0,2.0,0.0,1.0,2,0.563768115942029,0.2685050798258346,0.21304347826086958,0.6135262250900269,0.7786945700645447,0.9009555873725146,0.6781227793458094,0.7469923104283182,0.8698442907760308,0.7989787419806683
218,1.0,1.0,0.0,0.8888888888888888,1,0.33281004709576134,0.15251572327044025,0.17582417582417584,0.6252052187919617,0.7036615014076233,0.212713858825745,0.7469973754084989,0.8677163855292138,0.6040181663623432,0.6078614465314502
219,1.0,2.0,1.0,1.0,1,0.5919578114700066,0.2376237623762376,0.2162162162162162,0.6650348901748657,0.6846278309822083,0.8662428453536002,0.6264012252862824,0.633656459537186,0.8685598151254316,0.748715086325625
220,3.0,2.0,1.0,1.0,1,0.6259097525473073,0.30111704711024767,0.23774866569626396,0.6478079557418823,0.7354928255081177,0.8790790670357204,0.5410941731672385,0.7827800839885607,0.8442444765081385,0.7617994501749146
221,7.0,1.0,1.0,1.0,2,0.4433872502378687,0.2612011439466158,0.346336822074215,0.6748234629631042,0.6893967986106873,0.7833685075962267,0.899759746745683,0.7984583828716517,0.6530807702207932,0.7836668518585888
222,8.0,2.0,1.0,1.0,0,0.6252723311546842,0.34061135371179035,0.3311546840958606,0.697452187538147,0.7359887361526489,0.1044739039542467,0.7112754818421367,0.7235086064558288,0.05465310574522442,0.39847777449935917
223,4.0,2.0,1.0,0.8888888888888888,1,0.5120532003325021,0.3030807660283098,0.32751454696591853,0.6759663820266724,0.7310195565223694,0.6488736844994553,0.5826140888279329,0.7130622653106969,0.4256072230177543,0.5925393154139599
224,8.0,1.0,1.0,1.0,2,0.625879805089334,0.28726287262872624,0.2273957769355712,0.6670399308204651,0.670063316822052,0.8955928313408263,0.6616542909832465,0.8031633944741604,0.8917251772461258,0.8130339235110898
225,2.0,1.0,1.0,0.5555555555555556,2,0.5577889447236181,0.19371069182389938,0.21356783919597988,0.6485608220100403,0.6882660388946533,0.41801654210293776,0.6208198756241246,0.7694780744261555,0.4895178235177676,0.5744580789177464
226,12.0,2.0,0.0,0.6666666666666666,1,0.37861915367483295,0.23807400802496653,0.21202672605790646,0.5975489616394043,0.7173366546630859,0.625089009509716,0.7075234592451615,0.6852859700022459,0.27234817627709124,0.5725616537585536
227,2.0,2.0,1.0,0.5555555555555556,1,0.6495098039215688,0.2785276073619632,0.22549019607843135,0.6473791599273682,0.7290889024734497,0.8723316610542559,0.6307435859406804,0.7936011602234887,0.8244031365096732,0.7802698859320245
228,8.0,1.0,1.0,1.0,2,0.5175380542686961,0.29555997349237906,0.2819324950363998,0.6313962936401367,0.6189013719558716,0.47196814859759756,0.6601604902544511,0.5594163168908588,0.37284421707810395,0.5160972932052529
229,9.0,2.0,1.0,1.0,1,0.6023555804823331,0.24929814710836604,0.2501402131239484,0.6435091495513916,0.6130012273788452,0.8416508599395504,0.4680183809935313,0.7086965389851341,0.8336572932618233,0.7130057682950097
230,2.0,2.0,1.0,0.7777777777777778,1,0.5674121405750799,0.25463851567498397,0.26070287539936104,0.6456678509712219,0.6505571603775024,0.6884251420604067,0.5603020776687917,0.7905178615667733,0.7555651221978362,0.698702550873452
231,4.0,2.0,1.0,0.5555555555555556,1,0.33735821441639224,0.20432076162577809,0.19831686791072078,0.6343318819999695,0.6600116491317749,0.13860207358774043,0.5638010572947234,0.6198549898882137,0.16442910791508136,0.37167180717143977
232,1.0,1.0,1.0,1.0,2,0.6626722588376273,0.34193161367726455,0.25644098262432596,0.6647191047668457,0.744434654712677,0.8891089175155086,0.5924436961782524,0.7312526141518981,0.8722239165754923,0.7712572861052879
233,8.0,1.0,1.0,1.0,3,0.6151368760064413,0.2686727565824826,0.2318840579710145,0.6189000606536865,0.731201171875,0.5982986353683175,0.7187359620203859,0.8417765447184711,0.6308000816834418,0.697402805947654
234,10.0,1.0,0.0,0.7777777777777778,4,0.5863309352517986,0.2809123649459784,0.24940047961630696,0.6434170007705688,0.7171780467033386,0.8924678574082329,0.656704576024513,0.6536289813406682,0.8493471246695896,0.7630371348607509
235,7.0,2.0,1.0,1.0,0,0.4606598984771573,0.22998729351969505,0.22081218274111677,0.633921205997467,0.5775238871574402,0.5272021224545607,0.6567764395911314,0.5255275547131457,0.6957514010202026,0.6013143794447601
236,3.0,2.0,1.0,1.0,1,0.4172972972972973,0.22294372294372297,0.212972972972973,0.6371316313743591,0.7024319171905518,0.39232285067931966,0.6534202533258546,0.7149410772203452,0.41220691243763063,0.5432227734157875
237,9.0,2.0,1.0,0.8888888888888888,1,0.5628058727569332,0.2369281045751634,0.23491027732463296,0.6486895680427551,0.6982876658439636,0.10336695355536024,0.6753513369105463,0.7708601198976984,0.16037382041170553,0.4274880576938276
238,1.0,2.0,1.0,0.6666666666666666,1,0.6689497716894977,0.3211428571428572,0.2351598173515982,0.6272753477096558,0.7594929933547974,0.7921779985130293,0.6526825688001695,0.755416366876201,0.8109511456344475,0.7528070199559618
239,8.0,1.0,1.0,0.6666666666666666,1,0.5664194200944032,0.2714382174206617,0.22117329737019556,0.6473742723464966,0.734187662601471,0.4360293457823656,0.8064446341547212,0.7585686460203064,0.4787167677673197,0.6199398484311782
240,8.0,1.0,1.0,0.7777777777777778,3,0.3942196531791908,0.26157407407407407,0.2566473988439306,0.6601669192314148,0.8406568765640259,0.3337670619328975,0.6353314974830208,0.7181260111288178,0.40208415607396947,0.5223271816546764
241,2.0,2.0,0.0,0.5555555555555556,3,0.5619694397283531,0.29736618521665253,0.268251273344652,0.6828879117965698,0.7253518104553223,0.9067934267543258,0.6109848726646794,0.6939817739281078,0.8983710460709057,0.7775327798545048
242,8.0,2.0,1.0,1.0,3,0.6388625592417062,0.37796771130104456,0.32417061611374404,0.7228192687034607,0.6543400287628174,0.8526602110540031,0.7415320071893173,0.7128403772586508,0.7844997921117132,0.772883096903421
243,8.0,2.0,1.0,1.0,3,0.6239900559353635,0.33354075917859366,0.26476072094468617,0.6620572209358215,0.7194498777389526,0.8132904494433926,0.5162268840042908,0.6690291328680275,0.7583614057916007,0.6892269680268278
244,8.0,1.0,0.0,0.5555555555555556,2,0.5949781659388648,0.2360655737704918,0.21943231441048033,0.6734459400177002,0.613215446472168,0.9210354889091161,0.578922876867179,0.7710772464611891,0.9028676672182261,0.7934758198639276
245,3.0,1.0,1.0,0.5555555555555556,3,0.6453226613306653,0.3405107661492238,0.256128064032016,0.6649916768074036,0.7851648330688477,0.9064132521947588,0.6073841146727796,0.6835376480987727,0.8888438605395395,0.7715447188764626
246,1.0,1.0,0.0,1.0,2,0.6284658040665435,0.29487970388648976,0.2821934688847813,0.6761649250984192,0.6971303820610046,0.75556816537594,0.6062182402050028,0.7096977396092553,0.7560991626848748,0.7068958269687682
247,9.0,2.0,1.0,0.6666666666666666,3,0.542608695652174,0.23447475333720255,0.22608695652173913,0.6270228624343872,0.661591649055481,0.5262933306693555,0.5537392249702208,0.7595537766449847,0.38276508790193203,0.5555878550466232
248,1.0,1.0,0.0,1.0,1,0.5682758620689656,0.2987551867219917,0.37241379310344824,0.6520479321479797,0.6969878673553467,0.03374998947599704,0.6434414290981844,0.6967778888906051,0.033400431518382956,0.35184243474579235
249,3.0,2.0,0.0,0.5555555555555556,2,0.4172526957337084,0.2534021586109808,0.19878105954055322,0.6859191060066223,0.8209534883499146,0.5826259022233322,0.5609700801186345,0.6938252019033501,0.6925580688818315,0.632494813281787
250,1.0,2.0,1.0,0.5555555555555556,1,0.5661136249371543,0.27377956718671365,0.24333836098541983,0.6238774061203003,0.777886152267456,0.8580806640424385,0.672888165546455,0.7218224867427432,0.847487189820289,0.7750696265379814
251,2.0,2.0,1.0,0.6666666666666666,3,0.5777591973244147,0.2811715481171548,0.24163879598662208,0.667565643787384,0.8345432877540588,0.91242488484715,0.5571762747941497,0.8164906469156703,0.8856289154630099,0.792930180504995
252,13.0,2.0,0.0,0.6666666666666666,1,0.5523720056364491,0.2463563704748472,0.2245185533114138,0.6328436136245728,0.7425270080566406,0.3890536299254137,0.5667039561544948,0.8208581862433202,0.38633497293884966,0.5407376863155196
253,9.0,1.0,0.0,1.0,3,0.5507900677200903,0.22171945701357462,0.23024830699774268,0.6544470191001892,0.6211991906166077,0.7539979033054969,0.7471891995431701,0.747770656582756,0.6325144747523257,0.7203680585459371
254,8.0,2.0,0.0,0.75,2,0.6001115448968211,0.2613065326633166,0.1996653653095371,0.6435248255729675,0.7323244214057922,0.9281347043452884,0.5536655435784481,0.7218696113444054,0.9103014068270573,0.7784928165237998
255,1.0,1.0,0.0,1.0,1,0.5786163522012577,0.26322418136020154,0.23522012578616355,0.6425001621246338,0.6473677754402161,0.8393986521142944,0.5869611178347958,0.737925468091081,0.801601660741323,0.7414717246953735
256,1.0,2.0,1.0,0.875,1,0.4906876790830945,0.23369175627240144,0.2020057306590258,0.6166608333587646,0.6958646774291992,0.1295148106294485,0.6058237093151819,0.6819606555658463,0.15385548098540014,0.3927886641239692
257,2.0,1.0,0.0,1.0,1,0.5789473684210525,0.30929264909847437,0.27285318559556787,0.6832231879234314,0.5179190039634705,0.8484119187906316,0.5418436623861855,0.7249047312477851,0.7966322992306443,0.7279481529138117
258,9.0,2.0,0.0,0.6666666666666666,2,0.6139425893380199,0.23812316715542522,0.21323960164030464,0.6303070783615112,0.717251181602478,0.8562179046846565,0.5940976482357658,0.7277124185690224,0.8370840175029809,0.7537779972481063
259,2.0,1.0,1.0,1.0,1,0.5108225108225107,0.26011560693641617,0.2712842712842713,0.6082138419151306,0.593396008014679,0.4263405556626803,0.7069993394048764,0.768871852261558,0.5959530526063941,0.6245411999838771
260,8.0,2.0,0.0,0.75,1,0.5730941704035873,0.28007181328545777,0.2591928251121076,0.6914169192314148,0.6646125912666321,0.9010789378149408,0.6383126762598339,0.7994492687695243,0.8870006274027541,0.8064603775617634
261,9.0,1.0,0.0,0.75,2,0.618427902134305,0.273058884835852,0.245705361790734,0.6524665355682373,0.6578102707862854,0.8573107941328985,0.6867334789279954,0.7601471361416584,0.8587706177309878,0.790740506733385
262,8.0,1.0,1.0,0.6666666666666666,2,0.6625615763546797,0.3205918618988903,0.25862068965517243,0.6440563201904297,0.6592847108840942,0.8477096756888854,0.515468085365044,0.6478760570643799,0.8403151489445454,0.7128422417657138
263,7.0,1.0,1.0,0.75,2,0.612802983219391,0.403235843186061,0.3977625854568055,0.6299883127212524,0.7427709102630615,0.1514292945688155,0.5209813040702428,0.8197356624450447,0.09523896022387852,0.3968463053269954
264,2.0,2.0,0.0,1.0,1,0.6315789473684211,0.32507936507936513,0.23589093214965126,0.6646008491516113,0.7397487163543701,0.8686536205143855,0.5825597008476345,0.6943416209706055,0.8633702778848558,0.7522313050543704
265,8.0,2.0,1.0,0.75,3,0.4680432645034414,0.22736220472440943,0.23205506391347097,0.6323986053466797,0.7647589445114136,0.43279807898290906,0.7625779790978633,0.7727562364883777,0.21465422617420882,0.5456966301858397
266,2.0,2.0,0.0,0.5714285714285714,1,0.3665865384615385,0.18411552346570395,0.1826923076923077,0.6225089430809021,0.7106509208679199,0.24104049021509094,0.613008668046911,0.8689044022987001,0.10338724553904843,0.45658520152493764
267,1.0,2.0,1.0,0.875,1,0.4455112818050888,0.2345026429601153,0.2515602496399424,0.6330395340919495,0.6925173401832581,0.039399060699300104,0.7618997440071102,0.7628798762147828,0.11281048658747772,0.41924729187716775
268,8.0,1.0,1.0,0.75,2,0.6456692913385828,0.32063074901445465,0.3070866141732283,0.6686258316040039,0.7536196708679199,0.8881900804774833,0.6039914859573501,0.6700363704346326,0.878008337077952,0.7600565684868544
269,10.0,2.0,0.0,0.75,3,0.599388379204893,0.2951622780159216,0.2886850152905199,0.6810836791992188,0.7099538445472717,0.5315346066111832,0.5663552598915081,0.7706337525082867,0.5458866936532382,0.603602578166054
270,2.0,2.0,1.0,0.875,1,0.5683646112600536,0.26711409395973157,0.22788203753351208,0.6574559211730957,0.6029075384140015,0.24118324414236034,0.6340626688530742,0.7114262812865498,0.1534675660283359,0.43503494007758003
271,8.0,1.0,1.0,1.0,3,0.4518879415347138,0.2829268292682927,0.24482338611449456,0.677341878414154,0.6267802715301514,0.056396998668768336,0.577998281187728,0.698999895161303,0.18298840789823748,0.3790958957290092
272,2.0,2.0,0.0,1.0,1,0.2755388940955951,0.14272300469483568,0.16307403936269915,0.6042346358299255,0.6385534405708313,0.7611863047323388,0.818090296904786,0.7914171877092187,0.4981872633047846,0.717220263162782
273,3.0,2.0,1.0,0.75,1,0.6489164086687306,0.3223806571605703,0.30959752321981426,0.6641417741775513,0.768500030040741,0.8852827543736291,0.5521189037326304,0.6777936746727633,0.8487844563430177,0.7409949472805102
274,10.0,2.0,0.0,1.0,3,0.5943238731218697,0.2629526462395544,0.23260990539788537,0.6018003821372986,0.7001505494117737,0.8566485095658121,0.5460037566551884,0.6896212207671649,0.8520713974064617,0.7360862210986567
275,1.0,2.0,1.0,0.8888888888888888,1,0.6304079110012362,0.2821782178217822,0.24227441285537699,0.6716831922531128,0.680320143699646,0.7873417705297299,0.5014367450181133,0.7180791453929828,0.8325099097015333,0.7098418926605898
276,8.0,1.0,1.0,0.875,2,0.5436241610738256,0.21008403361344538,0.22651006711409394,0.6220225095748901,0.6292712688446045,0.7835566578210088,0.567841962998149,0.7822470887077572,0.6566023039194956,0.6975620033616027
277,1.0,1.0,1.0,0.8888888888888888,2,0.6140350877192983,0.28454332552693207,0.25029239766081873,0.6325644850730896,0.6313394904136658,0.8482886555845882,0.6331528125546317,0.7002248033201516,0.8486733794539808,0.7575849127283382
278,8.0,1.0,1.0,1.0,1,0.5637982195845698,0.28826151560178304,0.2640949554896142,0.6566917300224304,0.6814098358154297,0.21251259278306533,0.6572825242187095,0.6295994033306164,0.2028342753081945,0.4255571989101464
279,6.0,2.0,1.0,1.0,3,0.6053811659192826,0.25813692480359146,0.23542600896860985,0.6515434980392456,0.7535275220870972,0.899950103891924,0.7232154208220477,0.8135752755131391,0.8762767458323266,0.8282543865148593
280,3.0,1.0,0.0,0.75,1,0.48206839032527105,0.21386800334168754,0.23519599666388658,0.6204261183738708,0.6235217452049255,0.5443315106830992,0.6213115543093415,0.6725316212524669,0.2555556366858334,0.5234325807326853
281,1.0,2.0,1.0,0.625,1,0.5653969710876549,0.2820395039044557,0.2450665442863699,0.639533519744873,0.6550469398498535,0.8387913270815508,0.6101495649034675,0.6587568482749836,0.8223523089230406,0.7325125122957605
282,1.0,1.0,0.0,0.625,1,0.6515783204288266,0.27787716159809184,0.2775461584276355,0.6595396399497986,0.8579141497612,0.9270266345209711,0.7463255856555263,0.8381746965091217,0.9075697064636669,0.8547741557873214
283,1.0,2.0,1.0,0.625,1,0.6012751348700344,0.27196858124693174,0.23737126042177537,0.6560721397399902,0.7227001786231995,0.776404639025668,0.6752326638153817,0.8007113426389884,0.7843172211693928,0.7591664666623578
284,1.0,2.0,1.0,1.0,1,0.46335174953959485,0.24990785108735716,0.2187845303867403,0.6340941786766052,0.7827608585357666,0.8170159128738854,0.5793165361800169,0.7589860773880462,0.7795085310736434,0.7337067643788979
285,2.0,1.0,0.0,1.0,1,0.5944363103953149,0.24780058651026393,0.23718887262079066,0.6370230913162231,0.7915430068969727,0.07592734399963069,0.6132506368368906,0.8028583825971041,0.16693873668781273,0.41474377503035953
286,9.0,1.0,0.0,1.0,2,0.5858461538461538,0.3068391866913123,0.2916923076923077,0.6447126269340515,0.6591629981994629,0.7837791091979068,0.6359587959454508,0.6983950269731838,0.7595170044505443,0.7194124841417714
287,1.0,2.0,1.0,1.0,1,0.6844396082698585,0.3627450980392156,0.29706202393906417,0.6512425541877747,0.743195116519928,0.6958580220247242,0.6461852945802257,0.811078782918341,0.7052541953771702,0.7145940737251152
288,8.0,2.0,1.0,0.8888888888888888,3,0.6697837521917007,0.33703920421299005,0.293395675043834,0.6693180203437805,0.7158145904541016,0.8868588932020179,0.5740008289150572,0.7373070132430759,0.8760089813060326,0.7685439291665459
289,1.0,2.0,1.0,0.6666666666666666,1,0.6079429735234216,0.27828746177370034,0.23421588594704684,0.6745907664299011,0.7398443222045898,0.8211509925591961,0.432056551654597,0.7271793259095953,0.8133140753218959,0.698425236361321
290,1.0,1.0,0.0,1.0,1,0.6631517281780902,0.3413489736070381,0.3222026947861745,0.6520519852638245,0.6867755055427551,0.8847544641145826,0.6517124157898554,0.6757789997005323,0.8770310855317714,0.7723192412841855
291,2.0,2.0,0.0,1.0,4,0.6200762388818297,0.31170483460559795,0.26556543837357055,0.6404253840446472,0.7348006963729858,0.7578823295197836,0.469788568288481,0.857904981211606,0.7583942442814192,0.7109925308253224
292,1.0,2.0,1.0,1.0,1,0.6591422121896163,0.3014318010550113,0.24379232505643342,0.6875348091125488,0.5621339082717896,0.6923726758187396,0.6234516377814524,0.623676043957211,0.655776976091583,0.6488193334122465
293,8.0,1.0,1.0,1.0,2,0.6161552911709454,0.2896551724137931,0.24546023794614902,0.6771730184555054,0.5919686555862427,0.7993479902993679,0.4868424492573239,0.6543598259771394,0.7829414383833134,0.6808729259792862
294,1.0,1.0,0.0,0.625,1,0.5956678700361011,0.29475587703435807,0.27075812274368233,0.6904558539390564,0.8223260641098022,0.22247411230600864,0.6023291541787832,0.6234364310687592,0.2899818873918813,0.4345553962363581
295,8.0,1.0,0.0,0.7142857142857143,2,0.5753424657534247,0.23316708229426433,0.20921544209215442,0.6534655690193176,0.6727246642112732,0.8734986333479783,0.5584724643630936,0.7294528403196542,0.8435918785579641,0.7512539541471726
296,1.0,2.0,0.0,0.75,2,0.5643070787637089,0.22455089820359284,0.19740777666999004,0.6185901761054993,0.7154155373573303,0.8535802271335223,0.5997649986826331,0.6674812011972171,0.7821214841601827,0.7257369777933887
297,8.0,1.0,1.0,0.5714285714285714,1,0.2878390201224847,0.13747810858143605,0.16447944006999127,0.6335725784301758,0.6819141507148743,0.860476394822541,0.773898688107637,0.8768188379797449,0.7453473425711651,0.814135315870272
298,2.0,1.0,1.0,1.0,1,0.4753086419753087,0.2608158220024722,0.25925925925925924,0.6702972650527954,0.7820321321487427,0.2792647633102174,0.788734520556754,0.8778940118845734,0.3100448735179068,0.563984542317363
299,9.0,2.0,1.0,1.0,1,0.5750682438580527,0.2625341841385597,0.26387625113739765,0.6505136489868164,0.5044581294059753,0.19140447592274834,0.6522861216547834,0.712198894620093,0.31081149063761854,0.4666752457088108
300,2.0,1.0,1.0,1.0,2,0.6059351276742582,0.30545957152729786,0.31746031746031744,0.6297850012779236,0.73471999168396,0.5748634436751354,0.7072764753311728,0.5945242409030547,0.4017447182160959,0.5696022195313647
301,8.0,2.0,0.0,1.0,2,0.5255275697753574,0.34083162917518744,0.30905377808032675,0.7035046219825745,0.5525482892990112,0.8506327700002152,0.7026944085530459,0.7528061687411277,0.33419449307587273,0.6600819600925654
302,9.0,1.0,1.0,0.75,2,0.6316463805253043,0.2976266837716485,0.23959000640614989,0.6544789671897888,0.7127895951271057,0.8161038654498486,0.5385420781706102,0.7503538394415386,0.7732763868650212,0.7195690424817547
303,8.0,1.0,1.0,1.0,1,0.6235294117647058,0.37487733071638857,0.2735294117647059,0.6480614542961121,0.7275194525718689,0.8443659509967631,0.5106239415876399,0.7617621765174737,0.8405745383121058,0.7393316518534956
304,1.0,1.0,0.0,0.875,1,0.5989847715736041,0.2593220338983051,0.21996615905245348,0.6517846584320068,0.759935200214386,0.24181888215366917,0.6359551135830537,0.7364804175754118,0.2584808636296607,0.46818381923544883
305,7.0,2.0,0.0,0.75,2,0.5811719500480307,0.2326923076923077,0.19308357348703167,0.6078135371208191,0.7358035445213318,0.9164720990082078,0.6355997780151029,0.7859342034071525,0.8818265966144613,0.8049581692612311
306,8.0,1.0,0.0,1.0,3,0.6110787172011661,0.3210741389375365,0.2775510204081633,0.6225432753562927,0.7052205204963684,0.7557841599149411,0.6575563452410929,0.7357274094183729,0.7947534993782442,0.7359553534881628
307,1.0,1.0,1.0,1.0,3,0.5987478656801366,0.2837606837606838,0.257256687535572,0.6794732809066772,0.6276511549949646,0.9016610380220288,0.6539323497982418,0.7337490564809884,0.8805568386783338,0.7924748207448982
308,8.0,1.0,1.0,1.0,1,0.5459132189707366,0.27979797979797977,0.20282542885973762,0.6034128069877625,0.6940052509307861,0.6677690721816626,0.6191296576538383,0.7534661804739512,0.6091407716601811,0.6623764204924083
309,1.0,1.0,1.0,0.625,2,0.6404761904761906,0.27175208581644816,0.22976190476190478,0.6600440740585327,0.7142705917358398,0.75025949935735,0.6778780739435154,0.7784371510299077,0.803382011214898,0.7524891838864177
310,1.0,1.0,0.0,0.75,1,0.5841519318925997,0.2518032786885246,0.26064178127046495,0.6723766922950745,0.5955624580383301,0.5262990967664256,0.5595868023602245,0.7969941621394414,0.5158244366931485,0.59967612448981
311,1.0,2.0,1.0,0.875,1,0.6482412060301507,0.3094339622641509,0.25502512562814067,0.6763169169425964,0.7128692865371704,0.8823994817638907,0.4344518140856548,0.8103117486023576,0.8555360596506145,0.7456747760256294
312,5.0,2.0,1.0,0.625,1,0.473666326877336,0.21965317919075147,0.18416581719334013,0.6371425986289978,0.7115694880485535,0.8875202532042245,0.530259336927202,0.6617561674041037,0.8571856919033705,0.7341803623597252
313,4.0,2.0,1.0,0.625,1,0.6429308565531474,0.3088842975206612,0.30546955624355004,0.69607013463974,0.8439096212387085,0.9119039680777732,0.6189317886883395,0.8458730247888692,0.8851813432821086,0.8154725312092727
314,9.0,1.0,0.0,1.0,2,0.540788267644363,0.16712580348943984,0.2163153070577452,0.6280263662338257,0.7271944284439087,0.5848366024135911,0.6875584174078933,0.7710860199432013,0.4437822377955376,0.6218158193900558
315,8.0,1.0,1.0,1.0,2,0.5388188453881884,0.2511627906976744,0.252156602521566,0.6851081252098083,0.6208061575889587,0.2251135490730081,0.6409331658615112,0.7475525572894224,0.21763482458559608,0.45780852420238444
316,9.0,2.0,1.0,0.625,1,0.49498680738786277,0.21870047543581617,0.23113456464379947,0.6378023624420166,0.7569723129272461,0.39604437949284904,0.5597109488080081,0.6834908778245337,0.19241546378627059,0.4579154174779153
317,1.0,1.0,0.0,1.0,1,0.6081156197887716,0.2871452420701168,0.2612562534741523,0.6666352152824402,0.7001365423202515,0.8986006224083626,0.5668093247996958,0.7406622178549582,0.8896435483511534,0.7739289283535424
318,2.0,2.0,1.0,1.0,1,0.6321381142098274,0.4040762073548959,0.3320053120849934,0.6767852902412415,0.7040436863899231,0.8244824169131851,0.7139980790807691,0.7011946891651981,0.772339028892531,0.7530035535129208
319,4.0,1.0,1.0,0.8888888888888888,2,0.6145124716553287,0.30419977298524403,0.2755102040816326,0.636867344379425,0.7302430868148804,0.7362138934453015,0.6496121323945491,0.6985784131863594,0.679298790637071,0.6909258074158202
320,1.0,1.0,0.0,1.0,1,0.6202052944354403,0.3147647376960519,0.21934089681253377,0.6573701500892639,0.6977622509002686,0.7902953165111103,0.5099614510978714,0.7801990379168957,0.7911649603712837,0.7179051914742903
321,4.0,1.0,1.0,0.8888888888888888,2,0.5765453495089543,0.3285135916714864,0.3200462160600809,0.6521294713020325,0.7627831101417542,0.6412870545190461,0.6719723593851235,0.6303375490224067,0.41644142029091674,0.5900095958043732
322,1.0,2.0,1.0,0.75,1,0.5115009746588693,0.2387826765509169,0.20428849902534113,0.6241067051887512,0.6751861572265625,0.875824133396588,0.6032879839013812,0.7694954919647505,0.8785486559162837,0.781789066294751
323,9.0,1.0,0.0,0.5555555555555556,3,0.5766062602965403,0.3173948887056883,0.2915980230642504,0.6518012881278992,0.6780675053596497,0.8727922628126922,0.5370722586211284,0.7695662066786277,0.8604813350859994,0.759978015799612
324,2.0,2.0,0.0,1.0,2,0.41208791208791207,0.2223579718998167,0.1691086691086691,0.6451656818389893,0.7206999659538269,0.8624998195082784,0.6445628137732694,0.6998880645093218,0.825524405144478,0.7581187757338369
325,2.0,1.0,1.0,1.0,2,0.638095238095238,0.3122765196662694,0.2464285714285714,0.6153383851051331,0.7768634557723999,0.8616968085355267,0.5776125650470526,0.6844817433633902,0.8259904989445167,0.7374454039726216
326,10.0,2.0,1.0,1.0,2,0.5966724039013196,0.2883400344629523,0.22948938611589215,0.6866337656974792,0.6817508935928345,0.8208284840084747,0.5628691114222368,0.6536510050638865,0.8323093577922975,0.7174144895717239
327,8.0,1.0,1.0,0.75,3,0.607924921793535,0.26513569937369524,0.21793534932221062,0.5899072289466858,0.6836634278297424,0.8547713129568029,0.621691509263139,0.7795343756616367,0.8253699302164942,0.7703417820245182
328,1.0,1.0,0.0,0.5555555555555556,1,0.6022267206477734,0.2968591691995947,0.26113360323886636,0.6845265030860901,0.7428129315376282,0.7492272265409557,0.709445083365496,0.7888545666517158,0.761320270309779,0.7522117867169866
329,1.0,2.0,1.0,1.0,1,0.5095628415300547,0.2599179206566347,0.24316939890710385,0.6507689952850342,0.5938318371772766,0.7411586111010197,0.6331912706579167,0.7383641234855481,0.416635701570142,0.6323374267036566
330,2.0,2.0,1.0,1.0,1,0.6061167747914735,0.32560296846011133,0.24837812789620015,0.6431014537811279,0.7716765999794006,0.8016243876784028,0.6430992872552772,0.7184695958077013,0.7880236731641231,0.7378042359763761
331,2.0,2.0,1.0,1.0,1,0.4776119402985074,0.2599090318388564,0.2478909798831927,0.6834335923194885,0.754292368888855,0.5809197825377582,0.6493488593098383,0.6578295725242215,0.39859444058663823,0.5716731637396141
332,3.0,2.0,1.0,1.0,1,0.609280430396772,0.33535353535353535,0.28917283120376597,0.6640649437904358,0.759994387626648,0.8729139112686346,0.4600957884611385,0.6837871877364131,0.8452595663879129,0.7155141134635248
333,2.0,2.0,1.0,1.0,1,0.4907730673316708,0.2206689965052421,0.228428927680798,0.61932373046875,0.7887547016143799,0.020392976189996335,0.6827781671604045,0.8034069325242997,0.021768789644952807,0.3820867163799133
334,9.0,1.0,1.0,1.0,2,0.6186069167072576,0.3013164310092638,0.27569410618606915,0.635804295539856,0.8340429067611694,0.9235741972811897,0.717834094272223,0.8390293108450759,0.9144122845443129,0.8487124717357004
335,8.0,1.0,0.0,1.0,2,0.5745296671490593,0.23768115942028986,0.2344428364688857,0.6444823145866394,0.6755706071853638,0.8392417873147303,0.602678271542338,0.7641917848525593,0.8261532214214962,0.7580662662827808
336,8.0,1.0,1.0,1.0,1,0.3650190114068441,0.2552380952380952,0.24904942965779467,0.6926873326301575,0.7454272508621216,0.9067216231625287,0.8173861936126471,0.8847469655472532,0.7543330480030246,0.8407969575813634
337,10.0,2.0,1.0,1.0,2,0.6151315789473684,0.37067545304777594,0.34703947368421056,0.6698991656303406,0.5579362511634827,0.059520428222989655,0.6923669362867397,0.6379390462393415,0.087012540129852,0.36920973771973076
338,8.0,2.0,1.0,1.0,2,0.2885958107059736,0.18245341614906835,0.18153607447633827,0.6335253715515137,0.7642592787742615,0.7460005582633255,0.6852403716777082,0.77711415783325,0.5316997810665561,0.68501371721021
339,8.0,1.0,1.0,0.875,2,0.3306379155435759,0.1782178217821782,0.21743036837376464,0.5437383055686951,0.7042482495307922,0.14650329273497806,0.686983419595176,0.7086999553553781,0.08648827243824334,0.4071687350309439
340,8.0,1.0,1.0,1.0,1,0.4269662921348315,0.19292604501607719,0.18780096308186198,0.654873251914978,0.6353743076324463,0.5740194365935422,0.6268461033780094,0.7809001545768581,0.3068183145762288,0.5721460022811596
341,1.0,2.0,1.0,0.75,1,0.5481651376146789,0.29621125143513205,0.2626146788990826,0.6547771096229553,0.8000797629356384,0.6337327281122419,0.6219034953948486,0.7719851880760034,0.4039930751498356,0.6079036216832323
342,2.0,1.0,1.0,1.0,3,0.5822613405551793,0.29423728813559324,0.2870683818551117,0.6894676089286804,0.645922839641571,0.5859444738498513,0.5357859994995258,0.5535184721909494,0.6480217190168506,0.5808176661392942
343,8.0,2.0,1.0,1.0,2,0.5830903790087463,0.2773722627737226,0.2740524781341108,0.6747397780418396,0.7242501974105835,0.1788079000461107,0.6603781501290686,0.8207910942839424,0.642353314305539,0.5755826146911651
344,9.0,2.0,1.0,1.0,0,0.5658338960162053,0.27315753887761995,0.26333558406482105,0.6655689477920532,0.638813316822052,0.04279559612160198,0.5592059032553185,0.6433926529830011,0.07091233790448395,0.32907662256610143
345,9.0,1.0,0.0,0.75,1,0.6942053930005738,0.36990235496840895,0.30292598967297757,0.7116159796714783,0.7127294540405273,0.8486505868623953,0.5989624210962743,0.6503242652721067,0.8440018528269208,0.7354847815144242
346,1.0,2.0,1.0,0.75,1,0.5796019900497512,0.20049813200498134,0.23631840796019904,0.6447641849517822,0.6349294781684875,0.7251483383597292,0.5700829660033184,0.6167395363259794,0.70315787440816,0.6537821787742968
347,2.0,2.0,1.0,1.0,1,0.4499740798341109,0.24182667358588475,0.2312078797304303,0.6292140483856201,0.69495689868927,0.8190171966256742,0.7197885012129028,0.693141775274156,0.7306356716693073,0.74064578619551
348,3.0,2.0,0.0,1.0,2,0.5070643642072213,0.22780832678711704,0.17503924646781788,0.6076359152793884,0.6756748557090759,0.865838625843144,0.4749781036418713,0.7048256701580695,0.825979496579855,0.7179054740557349
349,9.0,1.0,1.0,0.875,1,0.41330774152271277,0.2524023062139654,0.24952015355086374,0.6460843086242676,0.7750826478004456,0.3215385263255523,0.6393834217216867,0.8411799097811266,0.16624155742098165,0.4920858538123368
350,1.0,2.0,1.0,0.5555555555555556,1,0.6663141195134848,0.347273689782954,0.257006874669487,0.6534661650657654,0.7307153344154358,0.8976623078134146,0.5152331991259803,0.6755191367881616,0.879752137179943,0.7420416952268749
351,9.0,1.0,1.0,1.0,2,0.5371062466631074,0.3217530732228755,0.2936465563267485,0.6365408897399902,0.7376217842102051,0.13858918973006548,0.5766959467873025,0.711443958712501,0.057574959862767935,0.37107601377315924
352,2.0,1.0,1.0,0.625,3,0.453083109919571,0.20268456375838925,0.2131367292225201,0.6243975758552551,0.6578768491744995,0.7258676911772104,0.7484437590206064,0.6666013942830524,0.4520913228912254,0.6482510418430237
353,1.0,2.0,1.0,0.625,1,0.274643099932019,0.1620149761742682,0.15635622025832766,0.6458064317703247,0.5940781831741333,0.9295806196484899,0.7833049618173806,0.8666365086976606,0.6321628974056056,0.8029212468922842
354,4.0,2.0,0.0,0.625,1,0.4864864864864865,0.22591362126245845,0.21337126600284492,0.6284897327423096,0.7980424761772156,0.8606933034116059,0.706281014721164,0.8360808248120744,0.850887927891091,0.813485767708984
355,13.0,1.0,0.0,0.75,3,0.48404475756319937,0.27955205309000414,0.24616659759635307,0.66710364818573,0.6536843776702881,0.4360250017672948,0.6113067795792678,0.6487079105573826,0.2504817661413674,0.48663036451132813
356,4.0,2.0,1.0,0.875,1,0.6317567567567568,0.3089064261555806,0.26238738738738737,0.6429206728935242,0.6637291312217712,0.8688642444824828,0.5630244660664904,0.7076983819539061,0.8486396486629841,0.7470566852914658
357,3.0,2.0,1.0,1.0,1,0.6099942561746123,0.3105232892466935,0.31016657093624356,0.6527279615402222,0.7760023474693298,0.06366719319394733,0.584352606771167,0.8056418269806439,0.07367473015973304,0.38183408927637286
358,1.0,2.0,1.0,0.625,1,0.5628594905505342,0.36101973684210525,0.2514379622021364,0.6497399210929871,0.7552398443222046,0.8463443386754951,0.6974921597911125,0.779632049578338,0.8211121329935059,0.7861451702596128
359,9.0,2.0,1.0,0.7777777777777778,1,0.6304222093695778,0.2895193977996526,0.26720647773279355,0.661104679107666,0.685895562171936,0.8995110401954185,0.5017658382001734,0.6388076860784264,0.8854657577870529,0.7313875805652679
360,1.0,1.0,0.0,1.0,1,0.354679802955665,0.19901315789473686,0.21510673234811162,0.6451672911643982,0.6223338842391968,0.6004264355213642,0.8473973092541843,0.8425179602981511,0.5882674986979146,0.7196523009429036
361,8.0,2.0,1.0,1.0,3,0.3900523560209424,0.19160104986876642,0.225130890052356,0.6223586201667786,0.5823681354522705,0.2920097822455825,0.740946254620761,0.8163449121812912,0.7741864938047758,0.6558718607131027
362,8.0,2.0,1.0,1.0,2,0.5830227743271221,0.3240779113137173,0.26583850931677017,0.6713950037956238,0.6241113543510437,0.8958236594815909,0.5280522919686417,0.7138838708481556,0.883807725213397,0.7553918868779463
363,8.0,2.0,1.0,0.875,2,0.5634492895639392,0.27366356056890634,0.23615874571288586,0.6425403356552124,0.6525259017944336,0.888597665733124,0.5463567633417473,0.7361084006765084,0.8743981215956316,0.7613652378367528
364,2.0,2.0,1.0,1.0,2,0.33488805970149255,0.19794584500466852,0.21828358208955223,0.6335595846176147,0.6433904767036438,0.516186640248606,0.5793756713862411,0.7572122102891393,0.3026509493017107,0.5388563678064243
365,1.0,1.0,1.0,1.0,1,0.6373486297004461,0.3126994256541161,0.2447418738049713,0.6479286551475525,0.7010204792022705,0.7377073310746262,0.5809016658936481,0.7477539001110871,0.7240317284698924,0.6975986563873136
366,8.0,1.0,0.0,0.75,3,0.5161611138736947,0.2887008461921354,0.23371456986573844,0.6961581707000732,0.6907612681388855,0.36216835208374487,0.624579391053593,0.7560601479119934,0.37408599777863055,0.5292234722069904
367,8.0,2.0,0.0,1.0,2,0.39999999999999997,0.17946877243359655,0.21218637992831538,0.5927677154541016,0.6719728112220764,0.9102423169327375,0.6644436495981909,0.8340429517194664,0.8608660305090474,0.8173987371898606
368,9.0,1.0,1.0,1.0,2,0.4363636363636363,0.2670262980445044,0.23434343434343438,0.6900602579116821,0.6731486916542053,0.18423738991685093,0.5971588909152196,0.6931791150884562,0.21550689135731568,0.4225205718194606
369,9.0,1.0,1.0,1.0,3,0.678237650200267,0.40508021390374327,0.4152202937249666,0.680232048034668,0.6168455481529236,0.4647023137401508,0.599527659392308,0.6790938339671467,0.5431317595730129,0.5716138916681546
370,3.0,2.0,1.0,0.7777777777777778,1,0.4471177944862155,0.2649272453587556,0.20451127819548873,0.6141007542610168,0.6912912726402283,0.07286080847892994,0.6011792347393765,0.729813167720319,0.10204603788076327,0.3764748122048472
371,1.0,1.0,0.0,0.75,1,0.5434642627173213,0.2746615087040619,0.2807469414037347,0.6009269952774048,0.7657893896102905,0.11914638227127133,0.6265295556175696,0.580243070739242,0.06527652350323564,0.34779888303282963
372,9.0,1.0,1.0,1.0,3,0.5914085914085914,0.30100000000000005,0.27172827172827174,0.673758327960968,0.6600853800773621,0.41122451746996697,0.6325855873777864,0.6504463230830546,0.3972731267386957,0.5228823886673759
373,9.0,2.0,1.0,1.0,2,0.5652415324819545,0.2957198443579767,0.2121043864519711,0.6329611539840698,0.6208956837654114,0.49814897346692094,0.5631051650430765,0.6014382272861177,0.6258459187800548,0.5721345711440424
374,2.0,1.0,0.0,0.7777777777777778,1,0.5886669384427231,0.34761321909424725,0.24133713819812477,0.6669778227806091,0.8064324855804443,0.9152330073165827,0.6140270591188162,0.768454870239358,0.88847607759346,0.7965477535670542
375,2.0,1.0,1.0,0.6666666666666666,2,0.4888296098699567,0.24824824824824826,0.1847282427475825,0.6234491467475891,0.8118298649787903,0.7643201923248002,0.5618208423187585,0.7760650985588762,0.7418724887539689,0.7110196554891008
376,2.0,1.0,1.0,0.5555555555555556,2,0.4848056537102474,0.2623762376237624,0.2183745583038869,0.6091850399971008,0.7469216585159302,0.8230540049120572,0.4793770964688417,0.7112235268918948,0.838415499238321,0.7130175318777787
377,9.0,2.0,1.0,1.0,3,0.672566371681416,0.37311099531005726,0.28630921395106723,0.6859408020973206,0.6874428391456604,0.6099632777774748,0.5266711299892394,0.6469320229468168,0.6913635510869901,0.6187324954501303
378,9.0,2.0,1.0,0.5555555555555556,1,0.5742887249736565,0.27637130801687765,0.24236037934668073,0.6913918852806091,0.592837393283844,0.41215432980217964,0.5308538568451702,0.6513467705584305,0.37217107797588356,0.491631508795416
379,2.0,2.0,1.0,1.0,1,0.6426332288401254,0.3221757322175732,0.22048066875653083,0.6737027168273926,0.7158641815185547,0.8834300424872272,0.4535913475925277,0.7217136173945367,0.8629631274287191,0.7304245337257527
380,1.0,2.0,1.0,1.0,1,0.6069958847736625,0.27497425334706493,0.2397119341563786,0.6558272838592529,0.7608894109725952,0.8792506430219005,0.5250799590993357,0.6737638107156436,0.8153620850933371,0.7233641244825543
381,1.0,2.0,1.0,0.5555555555555556,1,0.5624430264357337,0.3038321167883212,0.25706472196900637,0.6426412463188171,0.750812292098999,0.8960829935988122,0.6818175488959012,0.7818994708157236,0.867798718170728,0.8068996828702912
382,1.0,1.0,0.0,0.625,1,0.559498956158664,0.30383275261324044,0.2964509394572025,0.6610812544822693,0.8453636169433594,0.5602530325345341,0.753049750229986,0.7770380568703942,0.618277164045922,0.6771545009202091
383,9.0,1.0,1.0,1.0,2,0.5497142857142857,0.30549199084668194,0.32342857142857145,0.6784306764602661,0.6063749194145203,0.6302138657648299,0.6059748299387487,0.8165589898971474,0.6793899818287742,0.6830344168573751
384,1.0,2.0,1.0,0.6666666666666666,1,0.5623268698060941,0.3065187239944522,0.27285318559556787,0.6610620021820068,0.741411030292511,0.08877889486443792,0.5752024406300907,0.6611555754895955,0.10325542463420839,0.35709808390458314
385,1.0,2.0,1.0,0.8888888888888888,1,0.6194029850746268,0.3244397011739594,0.25159914712153514,0.6092774868011475,0.7107087969779968,0.825554036254275,0.5528813628659986,0.6657022877293417,0.8295271141169577,0.7184162002416433
386,1.0,1.0,0.0,0.5555555555555556,1,0.551906779661017,0.2788971367974549,0.23516949152542374,0.669901430606842,0.6958110928535461,0.601658977154627,0.5295304931750481,0.7728244832178368,0.590590880385339,0.6236512084832128
387,8.0,2.0,0.0,1.0,2,0.4975827445146894,0.23297357647934497,0.2238750464856824,0.6078965663909912,0.6592053174972534,0.8601567778895953,0.541160934416944,0.7405609121352772,0.8543633337863323,0.7490604895570372
388,1.0,1.0,0.0,1.0,1,0.3933787731256086,0.1521951219512195,0.18111002921129501,0.6245695352554321,0.8138980865478516,0.8490194495976303,0.6698608698316292,0.9055526906441596,0.7156709857316061,0.7850259989512562
389,8.0,1.0,1.0,1.0,2,0.5246231155778894,0.28772635814889336,0.27738693467336684,0.6937882304191589,0.6511616110801697,0.5664036014033604,0.6296687347008219,0.6760372123606083,0.5423681189950288,0.6036194168649548
390,8.0,1.0,1.0,1.0,2,0.5133565621370498,0.21046511627906977,0.23809523809523808,0.6310421824455261,0.7807809710502625,0.18752072581873075,0.673908980720296,0.7295027984077356,0.1454722197283273,0.43410118116877244
391,7.0,1.0,1.0,0.5555555555555556,2,0.6695715323166304,0.37090909090909097,0.3877995642701525,0.6248897314071655,0.7879972457885742,0.34912726045391246,0.6467541327965617,0.794039741571259,0.2612945233332822,0.5128039145387538
392,7.0,1.0,1.0,0.5555555555555556,2,0.4036866359447005,0.18542435424354245,0.19631336405529956,0.6190848350524902,0.6241388320922852,0.8896229712067913,0.6262867025126669,0.6509461168825684,0.860789678012176,0.7569113671535506
393,9.0,1.0,1.0,1.0,2,0.5626859328516788,0.29519353466609954,0.254993625159371,0.6463786959648132,0.7599625587463379,0.6264989805104109,0.6685595823000341,0.7729202299047655,0.6742232278483861,0.6855505051408991
394,9.0,2.0,1.0,1.0,2,0.6166916541729135,0.34817408704352176,0.304847576211894,0.6660670042037964,0.6471713185310364,0.8897545977841682,0.5830051088455668,0.6552434894686493,0.8765970313888192,0.7511500568718008
395,9.0,2.0,1.0,1.0,3,0.6397306397306397,0.337154416722859,0.29494949494949496,0.6812578439712524,0.6464719176292419,0.8562928624225945,0.6883972343197313,0.7342041889837684,0.8532970791119308,0.7830478412095062
396,1.0,2.0,1.0,0.6666666666666666,1,0.6352288488210819,0.3581675150393337,0.2857142857142857,0.6566709876060486,0.7119432687759399,0.820580483112059,0.5948842467234405,0.6756430612105776,0.7761268322943512,0.7168086558351071
397,2.0,1.0,1.0,0.5555555555555556,2,0.635576923076923,0.31280076997112605,0.2721153846153846,0.664996862411499,0.5664495229721069,0.8809395364202836,0.5479667213074085,0.7073129447716636,0.8651110675100243,0.750332567502345
398,7.0,1.0,1.0,0.5555555555555556,3,0.4629101283880171,0.19985724482512493,0.17261055634807418,0.5961662530899048,0.7227433919906616,0.689179368376543,0.5458826334020491,0.7332984076521811,0.6989544144239459,0.6668287059636797
399,2.0,1.0,1.0,0.625,2,0.5471854304635762,0.2435791217895609,0.2218543046357616,0.6348339915275574,0.6953797936439514,0.8746853351553036,0.6273779627028229,0.7304591905326142,0.8745295012574374,0.7767629974120445
400,9.0,1.0,0.0,0.5555555555555556,3,0.40559041642897886,0.20947488584474885,0.16200798630918425,0.6072908043861389,0.712495744228363,0.9028921715802741,0.5510190367348092,0.7382622084656475,0.8617905514154394,0.7634909920490425
401,1.0,1.0,0.0,1.0,1,0.5773552290406223,0.30303030303030304,0.2644770959377701,0.6768087148666382,0.666486382484436,0.17710583800254734,0.769880586600041,0.7411399297508448,0.23518125208032367,0.48082690160843916
402,1.0,2.0,1.0,1.0,1,0.5906571654790183,0.32355273592386996,0.28978622327790976,0.6660858988761902,0.7457360029220581,0.20567742398485966,0.789847193990318,0.8183055130258398,0.3531778761689917,0.5417520017925023
403,8.0,2.0,0.0,1.0,2,0.5692846423211606,0.2924386579869805,0.2711355677838919,0.6647621989250183,0.6092112064361572,0.8768237068111104,0.60021549241386,0.712882118339623,0.8684488564228836,0.7645925434968692
404,3.0,2.0,1.0,0.8888888888888888,1,0.6512068149550401,0.3912837517764093,0.3379081874112636,0.6591776013374329,0.7417821288108826,0.8604933476334029,0.5308782395782528,0.5370622439101219,0.8376190299290727,0.6915132152627126
405,1.0,2.0,1.0,0.7777777777777778,1,0.6334991708126037,0.3541781959048146,0.29297954671089005,0.631552517414093,0.6996421217918396,0.8944990461829089,0.6693060687104039,0.83932094429599,0.8797659929936062,0.8207230130457273
406,2.0,1.0,1.0,0.7777777777777778,1,0.59456884230586,0.3357176919408679,0.2791805621724631,0.6187592148780823,0.7586162090301514,0.8924265083306144,0.46869980117080084,0.7516772156362923,0.8618851607566836,0.7436721714735978
407,1.0,2.0,1.0,0.6666666666666666,1,0.5166959578207381,0.30146627565982403,0.2460456942003515,0.6413393616676331,0.6820796132087708,0.2428756136964458,0.5737131998968882,0.6104444592906094,0.568554412057474,0.49889692123535434
408,8.0,2.0,0.0,1.0,3,0.47781569965870313,0.2996583699365544,0.24475865431496832,0.623950183391571,0.6707963347434998,0.08956168110802769,0.6704571289003006,0.5292111478422331,0.11485177033892806,0.3510204320473723
409,3.0,2.0,1.0,0.7777777777777778,1,0.5054484492875104,0.25167785234899326,0.24308466051969824,0.6141321659088135,0.8531056642532349,0.8573371531542013,0.5579258420902783,0.8096801569180202,0.8315147083767912,0.7641144651348227
410,10.0,1.0,1.0,0.7777777777777778,3,0.5379310344827586,0.2947624847746651,0.24421906693711964,0.6273258328437805,0.7727535963058472,0.8718016453734593,0.5791716151809869,0.7543791275646338,0.8499584737874492,0.7638277154766323
411,6.0,1.0,0.0,0.5555555555555556,1,0.5760963026655201,0.2549526270456503,0.26827171109200343,0.6942940354347229,0.766422688961029,0.7060466603918111,0.7850063078294438,0.8245303250843702,0.516190693211351,0.707943496629244
412,9.0,1.0,1.0,1.0,1,0.4488997555012225,0.2369065100342633,0.22102689486552565,0.6371980309486389,0.7091896533966064,0.6784174597767048,0.6226162366224199,0.8316180365890783,0.7084168331298105,0.7102671415295034
413,5.0,1.0,1.0,0.5555555555555556,1,0.5813953488372093,0.3086206896551724,0.24375538329026702,0.6666290760040283,0.6983310580253601,0.8566015912490096,0.4000712180482678,0.760540731485792,0.8422821306666515,0.7148739178624302
414,8.0,1.0,0.0,0.5555555555555556,2,0.38412142440163455,0.18936294564582115,0.21599532983070635,0.567057192325592,0.7248979210853577,0.05914752146637024,0.5803703351868214,0.6926615425699167,0.09923566422166966,0.3578537658611945
415,8.0,2.0,0.0,0.7777777777777778,3,0.6116048092002091,0.32548403976975404,0.29273392577104024,0.6569914221763611,0.7535045742988586,0.8886557010742555,0.567509582648212,0.7619247444984554,0.8664070261111956,0.7711242635830297
416,9.0,1.0,0.0,0.6666666666666666,1,0.5747836835599506,0.24257425742574257,0.21013597033374537,0.6292320489883423,0.6742720603942871,0.8829037764336711,0.5622516932677032,0.7547049222849233,0.8652477160802219,0.7662770270166299
417,2.0,2.0,1.0,0.8888888888888888,1,0.46426858513189445,0.29956793086893907,0.2992805755395684,0.6560613512992859,0.7130087018013,0.5210811261880139,0.7352628704133148,0.74774775811513,0.4665047940979615,0.6176491372036051
418,1.0,2.0,1.0,0.7777777777777778,1,0.5911778080945883,0.29585798816568043,0.2155525238744884,0.6574771404266357,0.6990942358970642,0.8462023200378743,0.4594234658514844,0.7612232111306046,0.8290323400215487,0.723970334260378
419,8.0,1.0,0.0,1.0,1,0.5347945205479452,0.3390016456390565,0.2871232876712329,0.6844639778137207,0.6321461200714111,0.41730868503362983,0.6319860202218871,0.691967148239178,0.2855801004350652,0.50671048848244
420,8.0,2.0,1.0,0.5555555555555556,1,0.6316989737742303,0.317351598173516,0.2679589509692132,0.6555128693580627,0.7287728190422058,0.8472032700480682,0.5900191513606329,0.8182378379592575,0.8444780558256789,0.7749845787984093
421,4.0,2.0,0.0,0.5555555555555556,2,0.46092619392185236,0.23750905141202025,0.21852387843704776,0.6426084637641907,0.6745905876159668,0.8804104866449064,0.5726359332863091,0.8036345890262581,0.8607060603128214,0.7793467673175738
422,8.0,2.0,1.0,0.5555555555555556,3,0.5251608021188043,0.290798939795532,0.24290578887627695,0.6566067934036255,0.6365807056427002,0.7343382961179128,0.4564192631757766,0.7823136000972553,0.7037827129157558,0.6692134680766751
423,8.0,2.0,1.0,0.8888888888888888,2,0.6403461330448892,0.35625338386572825,0.32125473228772305,0.648505449295044,0.7844938039779663,0.8496980651484045,0.666667261954292,0.7631883894202527,0.8412669866118777,0.7802051757837067
424,2.0,1.0,1.0,0.5555555555555556,1,0.4765927490320309,0.22684043677351184,0.19077789510735657,0.5868176817893982,0.6771920323371887,0.8871611974920798,0.5780149295329767,0.7255990499983762,0.853831706937781,0.7611517209903034
425,8.0,2.0,0.0,1.0,3,0.580046403712297,0.22996515679442506,0.19837587006960558,0.5622729063034058,0.7674726247787476,0.8801585315343836,0.5807413377160375,0.616534614111766,0.8666580755803797,0.7360231397356416
426,9.0,1.0,1.0,1.0,2,0.59391771019678,0.24477611940298505,0.2313655336911151,0.631007969379425,0.6861975789070129,0.8404956820805336,0.5603962092220176,0.712604255143979,0.8227865907375905,0.7340706842960302
427,2.0,2.0,1.0,0.7777777777777778,2,0.5085836909871244,0.2387096774193548,0.2618025751072961,0.6298839449882507,0.7614184021949768,0.2239657397272924,0.7566053798367793,0.8789111311052997,0.17912365040950384,0.5096514752697188
428,8.0,1.0,1.0,0.7777777777777778,3,0.5665294924554184,0.29945054945054944,0.2812071330589849,0.674929678440094,0.6787311434745789,0.5535933346704842,0.5800077048523911,0.8690017150121421,0.42403595409177475,0.606659677156698
429,1.0,2.0,1.0,0.6666666666666666,1,0.5481299816063765,0.28483732351135665,0.2575107296137339,0.6408352255821228,0.6843008995056152,0.5952775278731309,0.6090627954959602,0.6377699687412497,0.6301949989034056,0.6180763227534366
430,12.0,1.0,1.0,0.5555555555555556,1,0.574088440651668,0.3139083139083139,0.3180760279286268,0.6326096057891846,0.758115291595459,0.6939461263632749,0.7919616520928198,0.8425736230147302,0.4757145062128066,0.701048976920908
431,14.0,2.0,0.0,0.6666666666666666,2,0.6341463414634146,0.3494302767227347,0.34363143631436316,0.6845909953117371,0.7546198964118958,0.9128792416610337,0.6410049106596909,0.7315608512548737,0.8909016852523661,0.794086672206991
432,8.0,2.0,0.0,0.5555555555555556,2,0.6233925290875688,0.3335377069282649,0.2829148805878751,0.6900190114974976,0.7224361896514893,0.8769645164793086,0.5900727491958261,0.6874356894771413,0.8770100265898866,0.7578707454355407
433,9.0,2.0,0.0,0.875,4,0.5778527262507026,0.22622397298818234,0.20460933108487916,0.5716269016265869,0.7188733816146851,0.841415573972087,0.646818731597689,0.8528680928663436,0.8196122532281037,0.7901786629160558
434,2.0,1.0,0.0,0.6666666666666666,1,0.5887640449438202,0.22655663915978994,0.24119850187265918,0.6403065323829651,0.7024297118186951,0.33905053387006495,0.6048457589619494,0.7566385733111505,0.34221627518695696,0.5106877853325305
435,12.0,2.0,1.0,0.7777777777777778,2,0.6328217237308146,0.32742316784869974,0.23258559622195987,0.6532502174377441,0.5037772059440613,0.8982059557788823,0.5298013062431962,0.6586003677983102,0.8755850789174758,0.7405481771844661
436,1.0,1.0,0.0,0.5555555555555556,1,0.6065411298315164,0.25,0.20317145688800795,0.6233242750167847,0.6961908340454102,0.7779499395758134,0.5631604973621359,0.8236849347998538,0.7564246228292326,0.7303049986417589
437,9.0,2.0,0.0,1.0,1,0.6728323699421964,0.3831018518518519,0.2936416184971098,0.6750826835632324,0.6030570864677429,0.893439808386687,0.5909081179930756,0.669873260555806,0.8698080897959491,0.7560073191828796
438,6.0,2.0,1.0,1.0,1,0.6486486486486487,0.27875507442489844,0.2243243243243243,0.6367372274398804,0.7303065061569214,0.8713880742742576,0.6904379093251412,0.6933220197632778,0.8603875783985501,0.7788838954403067
439,10.0,1.0,1.0,1.0,1,0.634900193174501,0.3094777562862669,0.29877656149388276,0.6830585598945618,0.716002345085144,0.8909973048906784,0.612509126093014,0.687076356661522,0.8954876036621835,0.7715175978268495
440,9.0,2.0,0.0,0.5555555555555556,1,0.47050754458161864,0.25806451612903225,0.23868312757201646,0.6351993680000305,0.6906188130378723,0.7959030430119597,0.6707464267569003,0.6646362058296503,0.8163415426315249,0.7369068045575089
441,1.0,2.0,1.0,0.7777777777777778,1,0.5870020964360586,0.29171038824763906,0.2578616352201258,0.6625041961669922,0.6778129935264587,0.8863534213742539,0.5644603144334133,0.7119836011448754,0.8584099983192843,0.7553018338179567
442,5.0,1.0,1.0,0.6666666666666666,3,0.6211604095563139,0.33826879271070615,0.29579067121729236,0.6867905855178833,0.7168816328048706,0.7724529649079844,0.6129910397507867,0.8186213939301678,0.7766374446471191,0.7451757108090146
443,2.0,2.0,0.0,1.0,2,0.61340206185567,0.27741935483870966,0.29639175257731953,0.6761137843132019,0.6732515692710876,0.9042521383686664,0.6486073575875728,0.7593659006451519,0.8913705966953057,0.8008989983241742
444,8.0,2.0,0.0,1.0,3,0.5101663585951941,0.27390499691548426,0.2230437461491066,0.6726245284080505,0.6425806283950806,0.8852106204522429,0.6563963056273587,0.7389898023220631,0.8501464270328756,0.7826857888586352
445,8.0,2.0,1.0,0.5555555555555556,2,0.48332358104154477,0.22729935559461045,0.25043885313048564,0.6283414363861084,0.7759347558021545,0.666096224108763,0.7453390119344334,0.7722113616868613,0.5056064317821075,0.6723132573780414
446,1.0,1.0,0.0,0.7777777777777778,1,0.49607982893798996,0.2055674518201285,0.20242337847469707,0.6094971299171448,0.6197705268859863,0.141864565165661,0.5339818850623641,0.5876816006294083,0.14417957531926112,0.35192690654417363
447,1.0,2.0,1.0,0.6666666666666666,1,0.6263910969793323,0.2843501326259947,0.273449920508744,0.6861901879310608,0.7042229771614075,0.8642084378758479,0.7007064194351839,0.834396977396454,0.8459106740306339,0.8113056271845299
448,8.0,2.0,0.0,1.0,3,0.6553945249597423,0.33064516129032256,0.2914653784219002,0.708934485912323,0.609028697013855,0.06866004149697291,0.7451318005176747,0.6588243127617818,0.0913028060284511,0.3909797402012201
449,8.0,1.0,1.0,1.0,3,0.5959129861568887,0.3075907590759076,0.24258404746209625,0.6215901970863342,0.7336444854736328,0.8869214056834621,0.4904260322488549,0.6904603324722862,0.8418015057520041,0.7274023190391519
450,2.0,2.0,1.0,0.5555555555555556,1,0.4630071599045346,0.26045400238948624,0.26014319809069214,0.691003680229187,0.6729792952537537,0.846253145841737,0.5685171514230011,0.7453658010978015,0.8194960802362959,0.7449080446497088
451,9.0,2.0,0.0,0.5555555555555556,2,0.6409707351891506,0.2944960686204432,0.2769450392576731,0.664352297782898,0.6328657269477844,0.4503424457488256,0.6199950584787405,0.7319327670459805,0.276722372396944,0.5197481609176227
452,3.0,2.0,0.0,0.6666666666666666,2,0.572068707991038,0.25280478683620045,0.2509335324869305,0.6239039897918701,0.7434000372886658,0.5573480269782187,0.6506347665018689,0.6982010347782789,0.6989502698906639,0.6512835245372577
453,9.0,2.0,1.0,0.875,1,0.6317567567567567,0.32807215332581735,0.31869369369369366,0.6599797606468201,0.7030935883522034,0.8436910618941232,0.5457795840702917,0.7912850758127656,0.8369407031092791,0.7544241062216149
454,9.0,2.0,1.0,1.0,1,0.49791903140370786,0.2483907610753502,0.20506999621642075,0.6795138716697693,0.7297946214675903,0.8563381836460544,0.6407155784945163,0.8242493775527755,0.841918692552398,0.7908054580614361
455,4.0,1.0,1.0,0.5555555555555556,1,0.5974516281264747,0.2900330656589514,0.21708352996696553,0.6496168971061707,0.7604513168334961,0.8916270887112547,0.5891175472937598,0.7035739791686872,0.8223175119170357,0.7516590317726843
456,7.0,1.0,1.0,0.5555555555555556,2,0.576099210822999,0.2674943566591422,0.21871476888387822,0.635991632938385,0.7051623463630676,0.773807022331381,0.4970958596286637,0.6897686635127082,0.7899225102033569,0.6876485139190274
457,8.0,2.0,0.0,0.75,1,0.5524006195147135,0.25943152454780366,0.22715539494062983,0.6323935985565186,0.6440325379371643,0.8617838787935593,0.6445976565486502,0.7055076565624113,0.8109912996685513,0.755720122893293
458,1.0,2.0,1.0,0.625,1,0.6428138265615524,0.3315118397085611,0.2377198302001213,0.6358298659324646,0.7606821656227112,0.7302434057662016,0.5966411799323484,0.7789481129815505,0.7009527455118367,0.7016963610479844
459,3.0,1.0,1.0,0.5555555555555556,3,0.45499181669394434,0.24590163934426235,0.21603927986906712,0.6515603065490723,0.7492454051971436,0.6519837035709818,0.7152020632852046,0.7427299119509289,0.5910624283518874,0.6752445267897507
460,2.0,2.0,1.0,0.6666666666666666,1,0.6083844580777096,0.2865916069600819,0.25460122699386506,0.6400032639503479,0.666746199131012,0.8449484509475196,0.42281695291822546,0.7075559235602107,0.824551157165006,0.6999681211477404
461,10.0,1.0,1.0,1.0,2,0.6042084168336673,0.316950852557673,0.24248496993987975,0.6466550827026367,0.7129080295562744,0.8464113396092576,0.674969481335834,0.7217061928601682,0.8426570829261234,0.7714360241828458
462,8.0,2.0,1.0,0.8888888888888888,2,0.35936030103480715,0.16211121583411878,0.1843838193791157,0.6485033631324768,0.7139549255371094,0.7373464499338248,0.6846268332743677,0.8915195475717791,0.3349939646370828,0.6621216988542636
463,1.0,1.0,1.0,0.5555555555555556,1,0.6142322097378277,0.2731655061596144,0.22578919208132692,0.6588820815086365,0.7247416973114014,0.8923985274955534,0.6646316136168602,0.7494907544725079,0.875096990444492,0.7954044715073533
464,1.0,1.0,0.0,0.5555555555555556,1,0.6826347305389222,0.37166212534059945,0.2819814915623299,0.6568945646286011,0.8299968838691711,0.9166503852287673,0.6310040620035872,0.7531405016867126,0.8913967936455998,0.7980479356411667
465,2.0,2.0,0.0,1.0,2,0.6298110566829951,0.3700070077084793,0.2701189643107068,0.6644538640975952,0.5931294560432434,0.8235026999373506,0.5908667165464633,0.6722133366022625,0.6780971686246698,0.6911699804276865
466,7.0,2.0,0.0,1.0,2,0.5911330049261084,0.24876712328767123,0.21346469622331693,0.6614810228347778,0.6777514815330505,0.5963514466961249,0.6262845667087289,0.6650953798529229,0.8253532085724694,0.6782711504575615
467,2.0,1.0,1.0,0.5555555555555556,2,0.5205232295895355,0.19954853273137696,0.17050067658998647,0.6425114870071411,0.8034200668334961,0.7820959320672015,0.6441571807679924,0.7381134753905279,0.7747781381908416,0.7347861816041408
468,3.0,1.0,1.0,0.8888888888888888,2,0.49317943336831055,0.2710084033613445,0.25918153200419725,0.624367356300354,0.7442933917045593,0.3435297123863284,0.6632245882686616,0.6747699820447173,0.45397250356575775,0.5338741965663663
469,8.0,1.0,0.0,1.0,2,0.6614699331848551,0.3177257525083612,0.22383073496659245,0.6261255741119385,0.6895207166671753,0.9022640371232222,0.6770370750746876,0.7877613207882557,0.8926164693814084,0.8149197255918934
470,9.0,1.0,1.0,1.0,2,0.6394736842105263,0.26613965744400525,0.2868421052631579,0.6797819137573242,0.7276725172996521,0.9243074560707399,0.6357579031149198,0.7422879193365731,0.9089334181679273,0.80282167417254
471,8.0,1.0,0.0,1.0,2,0.6360465116279069,0.2828870779976717,0.258139534883721,0.6511852145195007,0.6121842861175537,0.8970399786131473,0.6078903197637863,0.7184144551519434,0.8636596461767496,0.7717510999264067
472,10.0,1.0,1.0,1.0,2,0.547945205479452,0.2761998041136141,0.2279843444227006,0.6827908158302307,0.6682690382003784,0.6422485342605695,0.6168439520219272,0.5940873971261833,0.6488056732346766,0.6254963891608392
473,9.0,2.0,1.0,1.0,2,0.45085470085470086,0.29336188436830835,0.2948717948717949,0.664392352104187,0.6082066297531128,0.8180558062074579,0.8127918828718045,0.830415239016831,0.6999465190997148,0.7903023617989521
474,1.0,1.0,0.0,1.0,1,0.6645202833226014,0.36879432624113473,0.28461043142305215,0.6745114326477051,0.6607223153114319,0.8348591101784418,0.5686983590997668,0.6468668177917359,0.8224778820904571,0.7182255422901005
475,1.0,2.0,1.0,0.7777777777777778,1,0.638854296388543,0.286783042394015,0.29140722291407223,0.6853260397911072,0.7125365734100342,0.8604241748329294,0.6126235392543596,0.7970828795698961,0.8356537209509973,0.7764460786520456
476,8.0,1.0,1.0,0.8888888888888888,2,0.5649122807017544,0.27283372365339575,0.27251461988304093,0.65593421459198,0.7337449789047241,0.08869171980005454,0.6126724926835407,0.7822415194074734,0.10840643577075364,0.3980030419154556
477,8.0,1.0,1.0,0.6666666666666666,1,0.5951126018207955,0.2935251798561151,0.2434115955917585,0.6284949779510498,0.6609178185462952,0.8549385027591406,0.644976297346585,0.6789099008993897,0.8496695651386088,0.757123566535931
478,8.0,2.0,1.0,1.0,3,0.6249089584850691,0.32093362509117435,0.2869628550619082,0.6827654242515564,0.788485050201416,0.7289342609178299,0.6645629947880082,0.7478040565881328,0.6777037162340576,0.704751257132007
479,2.0,1.0,1.0,0.5555555555555556,2,0.48557512176845263,0.23172103487064116,0.21206444361183963,0.6266748905181885,0.7648519277572632,0.8832020005328385,0.4946807272555964,0.7353106492476634,0.8537656017670747,0.7417397447007932
480,9.0,2.0,1.0,1.0,1,0.6061776061776062,0.2811594202898551,0.23552123552123552,0.6751558184623718,0.706887423992157,0.7495987497598638,0.5439136057774343,0.7166699390465627,0.6911606680700229,0.6753357406634709
481,1.0,1.0,0.0,0.5555555555555556,1,0.6389413988657845,0.30157728706624604,0.2432262129804663,0.6464675068855286,0.6892703175544739,0.8186516386433514,0.505625967939358,0.6082656752668729,0.8038557591245198,0.6840997602435255
482,8.0,1.0,1.0,1.0,1,0.5504183179216204,0.21771705597179375,0.20079260237780713,0.6121573448181152,0.6304139494895935,0.9206139037740423,0.556511525377052,0.7056868004439734,0.9036365653449492,0.7716121987350042
483,8.0,2.0,1.0,1.0,2,0.627906976744186,0.314359637774903,0.28552971576227393,0.6380314826965332,0.6555637717247009,0.5781117107498602,0.6702429318690775,0.7254942199428899,0.6088978992739289,0.6456866904589391
484,8.0,2.0,0.0,0.7777777777777778,1,0.5301936954044816,0.27366020524515394,0.2415495632358526,0.6601957678794861,0.8005103468894958,0.9311918167165523,0.664724353791541,0.7578600027098821,0.9135278168105397,0.8168259975071288
485,8.0,2.0,1.0,1.0,1,0.6122707147375079,0.2951234958834706,0.24920936116382036,0.6689226627349854,0.7066077589988708,0.6079022643332356,0.5038055880703656,0.6537051210651812,0.6405059567671136,0.601479732558974
486,3.0,1.0,1.0,0.7777777777777778,2,0.3861625100563154,0.2012342366514623,0.15285599356395815,0.5749277472496033,0.6910651326179504,0.9091273344923666,0.5336165896562697,0.7149272023978425,0.8916234956002758,0.7623236555366886
487,8.0,1.0,1.0,0.6666666666666666,2,0.3807062876830319,0.20534943917169976,0.1705426356589147,0.6037822961807251,0.6301564574241638,0.47339778212379646,0.6550035728030442,0.598882001410292,0.41867457769859223,0.5364894835089312
488,4.0,2.0,1.0,1.0,1,0.6974789915966386,0.40024038461538464,0.290516206482593,0.6333922147750854,0.6508111953735352,0.5328585119953374,0.5085697923713247,0.7571187221657459,0.6930798275794499,0.6229067135279645
489,4.0,2.0,0.0,0.5555555555555556,2,0.5296850800206504,0.2614987080103359,0.24470831182240577,0.6528071761131287,0.5648280382156372,0.7163581531184935,0.6483613206117907,0.8352298267713182,0.7290938378710234,0.7322607845931565
490,1.0,2.0,1.0,0.5555555555555556,2,0.5727091633466135,0.23030907278165505,0.21115537848605576,0.6535340547561646,0.679617166519165,0.8871984232853468,0.6669983196583229,0.7807016366243308,0.8768039141024996,0.802925573417625
491,1.0,1.0,1.0,1.0,2,0.6654135338345865,0.3437892095357591,0.2957393483709273,0.6723693609237671,0.6205734014511108,0.8753207782609549,0.5463503141397131,0.8306398771901101,0.8528322096286634,0.7762857948048603
492,9.0,1.0,0.0,0.5555555555555556,2,0.6757990867579908,0.36914285714285716,0.319634703196347,0.6690845489501953,0.6839138865470886,0.8378426271978382,0.5544181949927904,0.5595966276506992,0.8024778234426372,0.6885838183209912
493,10.0,1.0,0.0,0.6666666666666666,1,0.5208241999123192,0.23782360684510748,0.24725997369574748,0.667249321937561,0.7941829562187195,0.86472647785489,0.563844434750274,0.7577399167092383,0.8572039737912823,0.7608787007764212
494,2.0,2.0,0.0,0.5555555555555556,3,0.36682615629984056,0.1660457690260777,0.16905901116427433,0.6315721273422241,0.8203632831573486,0.13931564739051608,0.610249701924972,0.7817127183110953,0.1509870124068289,0.42056627000835306
495,8.0,1.0,1.0,1.0,1,0.6424050632911392,0.3167898627243928,0.27215189873417717,0.6451935172080994,0.7059920430183411,0.9120101726578111,0.5283827973661731,0.7725216974712252,0.8843997948719309,0.7743286155917852
496,10.0,1.0,0.0,1.0,1,0.5820568927789934,0.244249726177437,0.21444201312910283,0.6481754183769226,0.7288174033164978,0.8666966906695273,0.5741833078746059,0.7186916155913186,0.8610076985626605,0.755144828174528
497,8.0,1.0,1.0,0.7777777777777778,2,0.543647363872083,0.27768166089965396,0.2445980985306828,0.6196280121803284,0.6612839698791504,0.8249826820507367,0.5680669122140422,0.7495024871800989,0.8131132569296268,0.7389163345936262
498,2.0,2.0,1.0,0.8888888888888888,1,0.6013779527559054,0.33399014778325126,0.25098425196850394,0.6683783531188965,0.6360082626342773,0.8301936602180416,0.5365682355286157,0.578437269807954,0.8028343604980906,0.6870083815131754
499,1.0,2.0,1.0,0.7777777777777778,1,0.5164769322947874,0.26034793041391724,0.24925104853205507,0.660140872001648,0.6787037253379822,0.07866913882020078,0.63755919301241,0.6784364343264362,0.11632717951875499,0.3777479864194505
500,3.0,2.0,0.0,0.6666666666666666,3,0.557590076786769,0.22945002956830277,0.21264028352037806,0.6547221541404724,0.601689875125885,0.6964321004001712,0.4969147637434678,0.717737336744292,0.7450360719259349,0.6640300682034664
501,2.0,1.0,0.0,0.5555555555555556,1,0.2701838529176659,0.1489191353082466,0.15667466027178256,0.6551327109336853,0.8209320902824402,0.9399507983498976,0.7925233487671769,0.9020871827779315,0.8839788450110359,0.8796350437265105
502,2.0,2.0,1.0,0.6666666666666666,1,0.43978627209206733,0.2336487042369395,0.198931360460337,0.5895383358001709,0.7694041728973389,0.14668413906230815,0.6595531737711724,0.7504040835145914,0.21271519288264773,0.44233914730768
503,2.0,2.0,0.0,1.0,1,0.41804511278195494,0.2379518072289157,0.275187969924812,0.6514400839805603,0.8157097101211548,0.543530291546253,0.7365300489560843,0.8189692944238931,0.29521862459884596,0.5985620648812691
504,8.0,2.0,0.0,0.7777777777777778,4,0.570873786407767,0.26822157434402333,0.2203883495145631,0.6327009797096252,0.7195870280265808,0.8715687631254959,0.6072480303896937,0.6546462859482539,0.8590813160619708,0.7481360988813537
505,2.0,1.0,1.0,1.0,3,0.5606258148631029,0.2362924281984334,0.26466753585397645,0.6433407664299011,0.669867992401123,0.8028497042468324,0.6315504717385879,0.6931271762752306,0.7398169954804986,0.7168360869352874
506,8.0,2.0,1.0,0.6666666666666666,3,0.5724737082761774,0.27185354691075514,0.23776863283036123,0.6067108511924744,0.6840054392814636,0.8512162855272111,0.5201132370356848,0.7190681529645703,0.8404143139315985,0.7327029973647662
507,2.0,2.0,0.0,0.5555555555555556,1,0.4566433566433566,0.2218334499650105,0.2034965034965035,0.6238632798194885,0.7435369491577148,0.9029085773365295,0.6290714596468915,0.7885262996201955,0.8913323382270568,0.8029596687076683
508,2.0,1.0,1.0,0.7777777777777778,2,0.6003143006809848,0.2538017829050865,0.20010476689366163,0.638525664806366,0.6501407027244568,0.8945842283265509,0.5218723864752719,0.8270090336498502,0.8776288469579985,0.7802736238524179
509,3.0,2.0,1.0,0.5555555555555556,1,0.6065388951521984,0.2471783295711061,0.2266065388951522,0.6644054055213928,0.7064176201820374,0.8393635138273474,0.48791247886443784,0.7577156462246993,0.8407459253462211,0.7314343910656764
510,10.0,2.0,1.0,1.0,2,0.5725879170423805,0.29151624548736466,0.2660054102795311,0.6127315163612366,0.7314387559890747,0.8588154024286048,0.6157444464004245,0.7638113480465822,0.8259120248178672,0.7660708054233697
511,8.0,1.0,1.0,1.0,3,0.5581395348837209,0.270081490104773,0.23837209302325582,0.5907421112060547,0.619359016418457,0.29392142597178017,0.637927844565729,0.5685631371891198,0.35713783965442997,0.46438756184526475
512,8.0,2.0,0.0,0.5555555555555556,3,0.5286975717439293,0.261878453038674,0.27814569536423844,0.6330878138542175,0.7687782049179077,0.5710583172658464,0.5208000506858375,0.6184028264367949,0.5387562880153163,0.5622543706009488
513,2.0,2.0,1.0,0.7777777777777778,1,0.5012094823415578,0.29249394673123486,0.2854378326076439,0.6723107099533081,0.5948323011398315,0.13132324523724767,0.7039005244795359,0.597117141033282,0.07260446307039436,0.376236343455115
514,8.0,1.0,0.0,0.5555555555555556,2,0.5685547908946531,0.23211446740858505,0.20328215987294865,0.6543051600456238,0.6382673978805542,0.8664030792679392,0.485359384391246,0.7131832488547339,0.8356636449439189,0.7251523393644596
515,1.0,2.0,1.0,1.0,1,0.5055679287305122,0.27232142857142855,0.32293986636971045,0.6581449508666992,0.7605317234992981,0.6534999406628582,0.8237566352967551,0.5955950403805534,0.41294203451242584,0.6214484127131482
516,8.0,2.0,0.0,1.0,2,0.6157965194109772,0.31635388739946374,0.2931726907630522,0.6816778182983398,0.7697830200195312,0.8934985370970671,0.5645816742902108,0.7568135798471919,0.8769249317861275,0.7729546807551493
517,5.0,2.0,1.0,0.5555555555555556,1,0.4901156284968296,0.25755879059350506,0.20738530399104813,0.6490235328674316,0.6938479542732239,0.873273123526862,0.4645881603446302,0.7239155993308143,0.8581677912746096,0.729986168619229
518,4.0,1.0,0.0,0.6666666666666666,1,0.6044444444444445,0.23581757508342602,0.2211111111111111,0.6282720565795898,0.7564539313316345,0.9351755183644148,0.5307025096369141,0.7430487809075534,0.9032394617776692,0.7780415676716378
519,10.0,1.0,1.0,0.5555555555555556,2,0.5453728661275831,0.2778776978417266,0.1913746630727763,0.6215060949325562,0.7062605023384094,0.7285121774351503,0.5763228794792086,0.7850821714947541,0.7278739822282614,0.7044478026593435
520,1.0,1.0,1.0,0.8888888888888888,2,0.6087602078693392,0.2572490706319702,0.26280623608017817,0.6507266163825989,0.6886215806007385,0.1844795481006853,0.5641840152928396,0.7931750229673332,0.12513442473722727,0.4167432527745213
521,1.0,2.0,1.0,1.0,1,0.5948387096774194,0.24547803617571057,0.19612903225806455,0.591417670249939,0.726365327835083,0.7298287036639668,0.5971102729834565,0.6893624882779571,0.8098328952597603,0.7065335900462851
522,9.0,1.0,1.0,0.7777777777777778,1,0.5862907146329607,0.26180048661800487,0.2070977151191055,0.630203366279602,0.6917287707328796,0.9024516659112608,0.5648066839959991,0.8510359495358375,0.8774022147343216,0.7989241285443547
523,8.0,1.0,1.0,0.8888888888888888,1,0.4553349875930521,0.23850931677018633,0.25310173697270466,0.6590154767036438,0.7200217843055725,0.047574211149033534,0.4954387927802283,0.663723406130024,0.05813917902930822,0.3162188972721485
524,2.0,1.0,0.0,1.0,1,0.6335664335664336,0.35574229691876746,0.38181818181818183,0.72108393907547,0.7409304976463318,0.886580054326274,0.639304847168393,0.6502440565825771,0.8771595706373451,0.7633221321786473
525,8.0,2.0,1.0,1.0,3,0.520754716981132,0.21466364323507184,0.2037735849056604,0.5654319524765015,0.6553704738616943,0.8786803036025557,0.6390357787715244,0.7032616435755262,0.7969636565345445,0.7544853456210376
526,8.0,1.0,1.0,0.8888888888888888,1,0.5381125226860254,0.23705722070844687,0.20145190562613427,0.6466274857521057,0.7146044969558716,0.8829875024519985,0.5261830387744603,0.7450921532265395,0.8720863778152478,0.7565872680670616
527,2.0,2.0,1.0,0.5555555555555556,1,0.5728051391862956,0.21221864951768488,0.2291220556745182,0.6391326785087585,0.7077956795692444,0.8901019224510854,0.569904768818946,0.8068023650282633,0.8649114711712339,0.7829301318673821
528,1.0,1.0,0.0,0.5555555555555556,1,0.5532831001076427,0.27615965480043153,0.2669537136706136,0.7028070092201233,0.7156128883361816,0.8156061333332221,0.6498990376559535,0.7144211129674137,0.769623328334354,0.7373874030727359
529,2.0,2.0,1.0,0.7777777777777778,1,0.604994324631101,0.29545454545454547,0.24971623155505107,0.6919687986373901,0.6569226980209351,0.8048600541404424,0.4946255122228682,0.6375589870196385,0.763898340259443,0.6752357234105981
530,8.0,2.0,1.0,1.0,1,0.5964912280701754,0.27101631116687575,0.1904761904761905,0.6095905900001526,0.674903392791748,0.8808143941797048,0.6086755788516395,0.8103891985611188,0.8632920876396732,0.7907928148080341
531,3.0,2.0,1.0,0.7777777777777778,2,0.4895259095920618,0.22626931567328917,0.20507166482910696,0.6199343204498291,0.750685453414917,0.18666228943272772,0.6319111849700597,0.5952294611731215,0.378175172820878,0.44799452709919674
532,6.0,1.0,0.0,1.0,2,0.5884745762711864,0.3027834351663273,0.32406779661016943,0.706026554107666,0.6212030649185181,0.8997195831767429,0.6280679140735737,0.686424320943866,0.8706337459286144,0.7712113910306992
533,1.0,2.0,1.0,0.6666666666666666,1,0.5267175572519083,0.19484240687679083,0.18416030534351147,0.6299063563346863,0.669123649597168,0.8841844362540845,0.6190524108112988,0.6854602515295614,0.8641754607810983,0.7632181398440108
534,8.0,2.0,0.0,1.0,2,0.5982028241335046,0.2313624678663239,0.18870346598202825,0.5905256271362305,0.7046050429344177,0.7334789973608453,0.7049988648097792,0.6017672813158756,0.7241236092611041,0.691092188186901
535,8.0,1.0,1.0,1.0,3,0.45792079207920794,0.18610421836228286,0.21782178217821782,0.6309641599655151,0.6979196071624756,0.4777954876748028,0.8976665933661246,0.746421387517302,0.3627054564987851,0.6211472312642536
536,8.0,1.0,0.0,0.8888888888888888,2,0.5504861630516081,0.2741573033707865,0.2946896035901272,0.6830887198448181,0.6085077524185181,0.9038186853233822,0.5774826547712472,0.6709496966818559,0.8903312690277155,0.7606455764510501
537,13.0,2.0,1.0,0.5555555555555556,1,0.47298828862863623,0.2147448015122873,0.19795995466565924,0.6055091023445129,0.6795661449432373,0.8206952720378464,0.571213531104117,0.6151367140933484,0.7996641838334229,0.7016774252671838
538,1.0,1.0,0.0,1.0,1,0.6376811594202899,0.2889963724304716,0.2572463768115942,0.6736085414886475,0.6103612184524536,0.8561655671929437,0.49658447858355204,0.6624063136880132,0.8301404867973184,0.7113242115654569
539,8.0,1.0,0.0,0.5555555555555556,0,0.5635864592863677,0.26031164069660867,0.27630375114364136,0.6528743505477905,0.6869572997093201,0.07292813611739887,0.7179881669875956,0.8184471701292724,0.047051359383269986,0.41410370815438424
540,8.0,2.0,1.0,0.7777777777777778,3,0.5508905852417303,0.2267515923566879,0.24809160305343517,0.6715752482414246,0.6839050054550171,0.8538813754311612,0.48567496821604256,0.8129593995738388,0.8177217825328688,0.7425593814384779
541,13.0,2.0,1.0,0.7777777777777778,3,0.3912647861692447,0.24499089253187614,0.23657870791628755,0.6288715600967407,0.7837846279144287,0.3962400456267903,0.658309465751018,0.783697558272102,0.19281608603630546,0.5077657889215539
542,1.0,1.0,0.0,0.7777777777777778,1,0.5116279069767442,0.2912912912912913,0.21530382595648914,0.6659244298934937,0.7163134813308716,0.8835837768171331,0.568378021749849,0.835234897865712,0.8759123604659848,0.7907772642246698
543,8.0,1.0,0.0,0.8888888888888888,3,0.6060606060606061,0.2308707124010554,0.22397891963109354,0.6467431783676147,0.6878125071525574,0.8463351067723942,0.631698948326754,0.7636231943223478,0.8337093806498834,0.7688416575178448
544,3.0,1.0,1.0,0.625,2,0.33462033462033464,0.19870967741935483,0.22908622908622905,0.593109130859375,0.6094313859939575,0.8698566436346082,0.9051263958630861,0.8166272918699505,0.7099790946722916,0.825397356509984
545,8.0,1.0,1.0,0.7777777777777778,3,0.6694736842105262,0.3561643835616438,0.3042105263157895,0.690389096736908,0.6362112760543823,0.9109271928941532,0.5177804141323845,0.818815549931902,0.8709612680491043,0.7796211062518861
546,9.0,1.0,1.0,1.0,2,0.5272727272727273,0.27504553734061926,0.2890909090909091,0.6180225610733032,0.7003074884414673,0.22547246506924207,0.7817519256712002,0.5075956499647861,0.18406858003694998,0.42472215518554457
