index,issueArea,decisionDirection,partyWinning,voteDistribution,respondentType,rouge1,rouge2,rougeL,bert_f1,align_score,unieval_coherence,unieval_consistency,unieval_fluency,unieval_relevance,unieval_overall
0,10.0,2.0,0.0,0.625,1,0.5034965034965034,0.293124742692466,0.24928013163307283,0.6472188234329224,0.7466923594474792,0.7168498441306962,0.6685822381447524,0.7986778543820163,0.7241679104299685,0.7270694617718583
1,8.0,1.0,0.0,0.6666666666666666,1,0.5512679162072768,0.23178807947019867,0.23153252480705624,0.6087323427200317,0.7864943146705627,0.8626050620146068,0.468898004995879,0.6120347520091104,0.8504362044784807,0.6984935058745192
2,2.0,1.0,1.0,1.0,2,0.4844783715012723,0.28833418237391745,0.2575063613231552,0.6761336326599121,0.6198640465736389,0.47813256425196826,0.7212704441759349,0.7636583375849681,0.2139816369121461,0.5442607457312543
3,1.0,1.0,0.0,0.6666666666666666,1,0.6186291739894553,0.3343108504398826,0.29173989455184535,0.6460455656051636,0.7237024307250977,0.7748734261860439,0.5211784916902535,0.7304729065314767,0.8055807354767552,0.7080263899711323
4,8.0,2.0,1.0,1.0,3,0.5324057121933359,0.2821546353975815,0.2153057488099597,0.646223783493042,0.6615738272666931,0.8208800550288274,0.5909158001860434,0.8127798866490605,0.8312280610516419,0.7639509507288933
5,7.0,1.0,0.0,0.5555555555555556,3,0.5166854143232096,0.28142589118198874,0.2617172853393326,0.5866299867630005,0.6592541933059692,0.7821759938305983,0.5724470202374768,0.7499959176391832,0.756455132244448,0.7152685159879266
6,10.0,1.0,0.0,0.5555555555555556,1,0.4962311557788945,0.24402515723270438,0.23366834170854267,0.6241043210029602,0.7315706610679626,0.664209481342226,0.7145415375527886,0.7971106932078595,0.8243329587905315,0.7500486677233514
7,8.0,1.0,1.0,0.8888888888888888,2,0.5637891520244461,0.23718439173680186,0.2551566080977845,0.6620249152183533,0.699779748916626,0.8798780826445138,0.5940155098081106,0.7289299560947279,0.8547430907932592,0.7643916598351529
8,8.0,1.0,1.0,1.0,2,0.5800000000000001,0.32264529058116237,0.336,0.6496106386184692,0.6660369038581848,0.19454465166249077,0.6517948491915934,0.6615131241860771,0.0501409118532292,0.3894983842233476
9,1.0,2.0,1.0,0.5555555555555556,1,0.5438515081206496,0.25917324663260566,0.2357308584686775,0.632643461227417,0.6989521384239197,0.7365135925718047,0.5080212076442776,0.6223537161289596,0.6716782490889464,0.6346416913584971
10,2.0,2.0,1.0,0.5555555555555556,2,0.5662725575606721,0.2604361370716511,0.2613565650280025,0.6210695505142212,0.609985888004303,0.7670933185162818,0.5315272982508258,0.6068347007387708,0.41247272644800576,0.5794820109884711
11,9.0,1.0,0.0,0.6666666666666666,1,0.5722789115646258,0.3310638297872341,0.2695578231292517,0.6428314447402954,0.7133586406707764,0.8620744409679421,0.5951787671026798,0.767815845455579,0.8313664697528153,0.764108880819754
12,5.0,1.0,1.0,0.625,2,0.5597416576964478,0.2801724137931034,0.26157158234660927,0.6640622615814209,0.7127876877784729,0.9148576952161268,0.6331901830634766,0.7474645345869743,0.9027035815132769,0.7995539985949637
13,4.0,2.0,0.0,1.0,3,0.6117867165575304,0.32677902621722843,0.25724976613657624,0.5848912596702576,0.7316877841949463,0.8659422308547011,0.5040104136269001,0.834359841015024,0.8533591129919474,0.7644178996221432
14,2.0,1.0,1.0,1.0,1,0.5457943925233645,0.2620087336244542,0.2355140186915888,0.5521819591522217,0.8472940325737,0.3755919286666258,0.618175225814327,0.771799375339087,0.2199666863266415,0.4963833040366703
15,1.0,1.0,0.0,0.5555555555555556,1,0.6119815668202765,0.33394833948339486,0.2737327188940092,0.625311553478241,0.7562900185585022,0.7242287927735922,0.6135348158446923,0.7192466098299571,0.7078707617675807,0.6912202450539556
16,8.0,1.0,0.0,1.0,2,0.6188925081433224,0.26353555120678407,0.26970684039087944,0.6916130185127258,0.6844580769538879,0.7504903750120105,0.609260385099364,0.7200806780177879,0.7435714110729523,0.7058507123005286
17,8.0,1.0,0.0,0.75,1,0.2560411311053985,0.16572310859495626,0.1789203084832905,0.6321495771408081,0.9199099540710449,0.688411409294704,0.8275526644413018,0.8128209861484069,0.15838033028121395,0.6217913475414067
18,9.0,1.0,0.0,0.8888888888888888,1,0.6086538461538462,0.2964388835418672,0.2586538461538462,0.6864087581634521,0.6154670119285583,0.9005001846151536,0.6604699587224053,0.8373707710468554,0.8840170847165563,0.8205894997752428
19,1.0,1.0,0.0,1.0,1,0.49878934624697335,0.31553398058252424,0.3075060532687651,0.6805994510650635,0.6391279697418213,0.37570441398040855,0.6307294139501399,0.7175688969799773,0.38178149198858796,0.5264460542247784
20,12.0,2.0,0.0,0.5555555555555556,1,0.6501103752759381,0.3082872928176796,0.3013245033112582,0.6697949171066284,0.6209331750869751,0.8952904540725333,0.5740586438695295,0.6989670699270353,0.8801978237913685,0.7621284979151166
21,2.0,1.0,1.0,1.0,2,0.5063559322033898,0.2948038176033934,0.22245762711864409,0.6705626845359802,0.6877935528755188,0.16345623101105633,0.5457720150951644,0.772323676288532,0.13100591973618972,0.4031394605327356
22,3.0,2.0,1.0,1.0,1,0.531521328803322,0.33320740460899134,0.3405058512646282,0.6572161912918091,0.6739514470100403,0.8793228616305637,0.5396349093412888,0.7467079896357627,0.857559901481657,0.755806415522318
23,1.0,1.0,1.0,0.6666666666666666,2,0.6606060606060606,0.3437815975733064,0.2787878787878788,0.6489852666854858,0.7640510201454163,0.8626981162569736,0.6511200325853208,0.810451788090527,0.8667778193242157,0.7977619390642592
24,2.0,2.0,1.0,1.0,1,0.539047619047619,0.21830314585319352,0.19714285714285715,0.645320475101471,0.6470498442649841,0.9029038364437005,0.5970103940913281,0.7322169886830361,0.8862539195657112,0.779596284695944
25,8.0,2.0,0.0,1.0,2,0.6636103151862465,0.3396442914515204,0.2361031518624642,0.6328528523445129,0.7067393660545349,0.8484341570373846,0.6061029048732473,0.6761585163118133,0.8437953632222814,0.7436227353611817
26,2.0,1.0,0.0,0.6666666666666666,1,0.6018461538461539,0.2969808995686999,0.24123076923076925,0.6958022117614746,0.589257001876831,0.8277869103045599,0.5061771421594329,0.6104795303853641,0.7922268757954802,0.6841676146612092
27,9.0,1.0,0.0,1.0,3,0.2426229508196721,0.1691297208538588,0.1918032786885246,0.6529903411865234,0.5655288100242615,0.07121541995185719,0.797104185369514,0.848106089484184,0.06486280316530456,0.4453221244927149
28,7.0,1.0,1.0,0.7777777777777778,3,0.39964633068081346,0.18849557522123891,0.1768346595932803,0.6155723333358765,0.7449458837509155,0.5064176556088137,0.627863316992994,0.827760713449734,0.5997441120590098,0.6404464495276379
29,10.0,2.0,0.0,0.6666666666666666,3,0.31911532385466035,0.17721518987341772,0.20537124802527648,0.6282491683959961,0.5655970573425293,0.5170637335955097,0.7347212848153283,0.5928386774271225,0.602054232777702,0.6116694821539156
30,2.0,2.0,1.0,0.5555555555555556,1,0.5935806586077533,0.32290362953692114,0.2884535223009588,0.6941664218902588,0.7394425868988037,0.8995808453015051,0.6756835529395935,0.8500068947938695,0.8869636822368222,0.8280587438179476
31,2.0,2.0,1.0,0.7777777777777778,1,0.5618926911702578,0.24693446088794926,0.19940853400929445,0.5978284478187561,0.6797551512718201,0.8722221405964301,0.5616762167248267,0.7705622287980028,0.8432474774672627,0.7619270158966305
32,2.0,1.0,1.0,1.0,2,0.5818759936406995,0.32060461416070013,0.27980922098569155,0.6342176198959351,0.7500961422920227,0.8859100516021735,0.5225874895569272,0.8307315598632437,0.885258133620729,0.7811218086607683
33,2.0,2.0,1.0,0.7777777777777778,1,0.6285714285714287,0.26528599605522685,0.2354679802955665,0.6747922301292419,0.7365144491195679,0.8575061596056708,0.6008199124424135,0.8089020234967615,0.8451911609077061,0.778104814113138
34,9.0,1.0,0.0,0.8888888888888888,2,0.6173633440514469,0.2832618025751073,0.2690246516613076,0.6613723635673523,0.6704883575439453,0.8851371079921422,0.44752937923951974,0.7451537645541484,0.8705306781170922,0.7370877324757256
35,8.0,2.0,1.0,1.0,2,0.3230088495575222,0.16943521594684383,0.1891592920353982,0.6167027950286865,0.7238133549690247,0.07402758068448026,0.6465074773828791,0.7672061301679952,0.07860244751870603,0.39158590893851514
36,2.0,1.0,1.0,0.6666666666666666,2,0.5863655374320368,0.2712431979907911,0.20995399414470933,0.5791386365890503,0.7322561740875244,0.8691377968124758,0.5918106748222616,0.7688230942471383,0.8315764713981653,0.7653370093200103
37,1.0,2.0,1.0,0.5555555555555556,1,0.376274328081557,0.19480519480519481,0.20481927710843373,0.62263423204422,0.5389949679374695,0.6282060704268411,0.5933915255238091,0.6956564983386113,0.5187862238540712,0.6090100795358332
38,8.0,2.0,1.0,1.0,2,0.6223776223776224,0.362,0.2887112887112887,0.6558295488357544,0.7499439716339111,0.9072326244372231,0.6410217475460682,0.7258673232405259,0.8924714942033535,0.7916482973567927
39,1.0,1.0,1.0,0.8888888888888888,2,0.4615384615384615,0.25830815709969784,0.25188536953242835,0.633365273475647,0.5668768286705017,0.4796092685833684,0.6219959262203107,0.7096238854325517,0.5197169724695861,0.5827365131764543
40,2.0,2.0,1.0,0.5555555555555556,2,0.6261723983921393,0.3513634331694233,0.2965609647163912,0.7101006507873535,0.7127299308776855,0.9031721841002566,0.660797665975055,0.6291400418891888,0.8773339619678127,0.7676109634830782
41,8.0,1.0,0.0,1.0,1,0.6566806470940684,0.2999400119976005,0.26842420611144396,0.648822546005249,0.7169713973999023,0.7844913622124805,0.5858694747638667,0.6890671701183335,0.7682214206606399,0.7069123569388303
42,10.0,2.0,0.0,0.5555555555555556,1,0.4067484662576687,0.2019643953345611,0.17300613496932515,0.5922766923904419,0.6771386861801147,0.8227040269692084,0.4339592727262616,0.6298759640430436,0.804310524825343,0.6727124471409642
43,10.0,2.0,1.0,1.0,1,0.6033333333333334,0.25027808676307006,0.2288888888888889,0.6153867244720459,0.6524565815925598,0.8073207849042146,0.5240190849575973,0.7432960819924058,0.7007465355683773,0.6938456218556487
44,8.0,2.0,0.0,1.0,2,0.5702851425712857,0.24737105658487732,0.2251125562781391,0.6692520976066589,0.5677128434181213,0.894539219542627,0.5483067813097927,0.7952855312975609,0.8851425099437887,0.7808185105234423
45,1.0,1.0,0.0,0.8888888888888888,1,0.5610902255639099,0.3057384760112888,0.27725563909774437,0.6394122838973999,0.6023743152618408,0.8606359251868815,0.5580792306760496,0.7070219373584495,0.840963331109954,0.7416751060828337
46,8.0,1.0,1.0,1.0,1,0.24801587301587302,0.11320754716981132,0.1378968253968254,0.6068687438964844,0.7032496333122253,0.8971227827070904,0.638769191865073,0.8480360405221986,0.80788714432228,0.7979537898541604
47,2.0,1.0,0.0,1.0,0,0.48901098901098894,0.25688073394495414,0.25824175824175827,0.6770355701446533,0.6377791166305542,0.8605699350201258,0.8296315247475968,0.7964683726119484,0.6767448686670778,0.7908536752616873
48,2.0,1.0,0.0,1.0,1,0.5993298228817616,0.33732630570196454,0.2613690761129727,0.643448531627655,0.7341957688331604,0.9036136324271636,0.684118016534046,0.7836124992849642,0.8924957425605601,0.8159599727016835
49,2.0,1.0,1.0,1.0,2,0.6704331450094162,0.31803896920175995,0.29127432517263024,0.6634691953659058,0.6399520635604858,0.8907815389677223,0.489184463638988,0.6416453462728181,0.8720862411031653,0.7234243974956734
50,1.0,2.0,1.0,0.7777777777777778,1,0.6731182795698925,0.3616792249730893,0.3505376344086022,0.6597925424575806,0.7172576189041138,0.8319136536403156,0.5336434107728236,0.616670801291928,0.8166210468831342,0.6997122281470504
51,8.0,1.0,0.0,0.8888888888888888,3,0.5993233446109232,0.3309143686502177,0.3112614789753504,0.6587475538253784,0.61236572265625,0.8518855778717013,0.5569333603351679,0.7910116400849828,0.8413116679832445,0.7602855615687741
52,8.0,2.0,1.0,1.0,1,0.6211278792692613,0.3293556085918854,0.32088959491660046,0.6589841842651367,0.5961333513259888,0.10313345117758682,0.5619755976308884,0.7997711977297379,0.10355144306373894,0.39210792240048803
53,2.0,2.0,0.0,0.5555555555555556,3,0.6381514257620452,0.3838582677165355,0.33431661750245817,0.6845292448997498,0.7274836301803589,0.8526513067026206,0.6786458752557172,0.6974770158524605,0.8311323140752921,0.7649766279715225
54,9.0,2.0,0.0,0.6666666666666666,1,0.6229508196721312,0.28454172366621067,0.27185792349726773,0.6635153293609619,0.7162412405014038,0.6113434742480048,0.6068310036549193,0.8241332847043117,0.6397974947437112,0.6705263143377368
55,1.0,2.0,1.0,0.8888888888888888,1,0.6157894736842106,0.3614775725593668,0.35000000000000003,0.7093427777290344,0.8179036378860474,0.06510090153134755,0.7902684703476199,0.6172105985419902,0.07476746236451834,0.386836858196369
56,1.0,2.0,1.0,0.6666666666666666,1,0.46674057649667405,0.2641509433962264,0.25055432372505543,0.6503226161003113,0.6511301398277283,0.09543998925738148,0.5796300646510308,0.6794423554172722,0.18703583287398834,0.3853870605499182
57,9.0,1.0,1.0,0.6666666666666666,4,0.5426251691474967,0.2791327913279133,0.2706359945872801,0.64628666639328,0.7233883738517761,0.6496327945475778,0.6990074461206609,0.7206437230461908,0.6293304524050783,0.674653604029877
58,3.0,2.0,0.0,0.6666666666666666,2,0.5598326359832636,0.2445561139028476,0.20083682008368198,0.6055763363838196,0.7976633906364441,0.8302700773430042,0.5680058796473031,0.7696185730104267,0.8022301643835466,0.7425311735960701
59,12.0,1.0,0.0,0.5555555555555556,2,0.6087560806115359,0.30340988169798194,0.26268241834607364,0.6759008765220642,0.6372408270835876,0.8646426859217874,0.6501155330880382,0.6462990338299963,0.855232912997971,0.7540725414594481
60,1.0,2.0,0.0,1.0,2,0.5938206480783723,0.2913207547169811,0.31198191409193676,0.6997203230857849,0.7622244954109192,0.6602202442233985,0.6788055961701224,0.6736299876783582,0.6853183074809887,0.674493533888217
61,2.0,2.0,1.0,0.6666666666666666,1,0.5066404328578455,0.24322993599212211,0.23020167240531236,0.6106750965118408,0.6084646582603455,0.7313632224719919,0.43753740272619435,0.7843302393062063,0.7388065061517091,0.6730093426640253
62,1.0,1.0,0.0,0.5555555555555556,1,0.44733581164807934,0.217606943583385,0.17596034696406446,0.6249352693557739,0.7060415148735046,0.8879520245536724,0.5255616924288944,0.7164208652349874,0.8771082808444681,0.7517607157655055
63,1.0,2.0,1.0,1.0,1,0.5995893223819302,0.3139136394790953,0.30527036276522923,0.6615866422653198,0.7611476182937622,0.6702589958559149,0.6481556626167562,0.7329795497896288,0.529613695456273,0.6452519759296432
64,13.0,2.0,1.0,0.8888888888888888,1,0.5944664031620552,0.29136975455265246,0.2624505928853755,0.6496392488479614,0.6471034288406372,0.36636545492335254,0.7096510461592332,0.746249234829538,0.3345220222867854,0.5391969395497272
65,2.0,1.0,1.0,0.5555555555555556,2,0.5485841199333704,0.2990550305725403,0.25652415324819544,0.6311047077178955,0.7496485114097595,0.08781381807491885,0.6343723279481938,0.7139946595642869,0.08157418414710656,0.3794387474336265
66,3.0,2.0,0.0,0.75,2,0.4496124031007752,0.2582921665490473,0.2917547568710359,0.6334460377693176,0.8076539039611816,0.15085478351236256,0.5971730209913777,0.7275061816381377,0.08541108138952538,0.39023626688285085
67,1.0,2.0,1.0,0.5555555555555556,1,0.3139664804469273,0.21588366890380314,0.18212290502793296,0.5953526496887207,0.824269711971283,0.35262317771136403,0.6214312645222452,0.6632452883879671,0.38504298029110345,0.50558567772817
68,8.0,1.0,0.0,1.0,3,0.5210810810810811,0.2867965367965368,0.292972972972973,0.6399604678153992,0.7711226940155029,0.877974543132929,0.680087644717608,0.7038103833634706,0.7210771107469285,0.7457374204902341
69,8.0,1.0,1.0,0.625,3,0.5719844357976653,0.27012987012987016,0.27626459143968873,0.6601070761680603,0.657931923866272,0.9246819946907572,0.5649502896032463,0.724180708982026,0.9077709844020979,0.7803959944195318
70,10.0,2.0,1.0,1.0,1,0.6384922901199315,0.28473413379073753,0.2512849800114221,0.6609205007553101,0.8104592561721802,0.806599382901175,0.5750594476693002,0.7618713077663929,0.7841609898460444,0.7319227820457281
71,8.0,2.0,0.0,0.6666666666666666,3,0.3881401617250674,0.18353576248313092,0.1752021563342318,0.6092173457145691,0.7445130348205566,0.5756677992283608,0.8017066141669664,0.8251806996610744,0.49702526515178497,0.6748950945520467
72,2.0,2.0,0.0,0.7777777777777778,3,0.6377314814814815,0.2410196987253766,0.24074074074074073,0.6530380249023438,0.6755083799362183,0.9063984487153369,0.5339396645353072,0.7246634128957286,0.8901912106646546,0.7637981842027568
73,4.0,1.0,1.0,1.0,1,0.43123123123123114,0.2898376428141912,0.2966966966966967,0.6297599077224731,0.8273030519485474,0.31599537651305826,0.6937970694242521,0.8237252068252034,0.3998205160544908,0.5583345422042512
74,1.0,1.0,1.0,1.0,2,0.6362637362637363,0.29262926292629265,0.21868131868131868,0.6245318651199341,0.5869840383529663,0.8020761203291118,0.5246512036266519,0.5988692950033713,0.8002076406960028,0.6814510649137844
75,1.0,2.0,1.0,0.6666666666666666,1,0.6339044183949504,0.30956678700361007,0.25788999098286747,0.6625312566757202,0.8190578818321228,0.8955729681981734,0.6657037087963195,0.8434948325216068,0.8893477741626216,0.8235298209196803
76,8.0,1.0,0.0,1.0,4,0.6346666666666666,0.26969292389853133,0.2746666666666666,0.6649252772331238,0.7769733667373657,0.784331512379901,0.7123717872030271,0.8380942930884057,0.83192905655465,0.7916816623064958
77,8.0,2.0,1.0,1.0,2,0.5702066999287242,0.3040685224839401,0.33927298645759085,0.6586861610412598,0.7133923172950745,0.1019913045175064,0.6369260717039646,0.6922310723862836,0.10476269623184535,0.3839777862099
78,2.0,2.0,1.0,1.0,2,0.5732828555976203,0.30319436924742826,0.2704164413196322,0.581519603729248,0.7546775937080383,0.046046697346186015,0.5970715660371829,0.6039375751944107,0.04598919522894431,0.323261258451681
79,1.0,1.0,0.0,0.7777777777777778,1,0.6420209488601356,0.3133867982726712,0.29574861367837335,0.6706615686416626,0.6419998407363892,0.8993872216353542,0.426370210176583,0.871134420997115,0.865907629264817,0.7656998705184673
80,9.0,1.0,0.0,0.6666666666666666,1,0.5533691115086464,0.2555223880597015,0.26237328562909956,0.6505332589149475,0.7685982584953308,0.6494110086300443,0.6628086445451128,0.8058480352137481,0.6051488884403928,0.6808041442073245
81,9.0,1.0,1.0,0.5555555555555556,3,0.6331877729257642,0.3278688524590164,0.26419213973799127,0.667041003704071,0.703399121761322,0.8707081841811504,0.6183036815438125,0.7939615667259629,0.8730780825688241,0.7890128787549375
82,9.0,1.0,1.0,0.5555555555555556,2,0.611353711790393,0.2835727670206121,0.2694946974422957,0.6706807017326355,0.6844519972801208,0.8770778218863248,0.5649049728119421,0.8634757746739717,0.8600678734784765,0.7913816107126788
83,10.0,2.0,0.0,1.0,2,0.5692233478051134,0.26943505552873004,0.2662807525325615,0.651077151298523,0.6918463706970215,0.7470453351993768,0.6167480445579314,0.6908141577261999,0.7063031529131072,0.6902276725991539
84,8.0,2.0,1.0,0.875,3,0.5750636132315522,0.2893530310748854,0.23918575063613232,0.6447779536247253,0.6790918707847595,0.8949905784531587,0.5715087438397208,0.7817541953683186,0.8463106760194117,0.7736410484201524
85,1.0,2.0,1.0,0.8888888888888888,1,0.5643516270033997,0.23432182790471562,0.22826614861583294,0.6532750725746155,0.7007877230644226,0.8957924416898243,0.6180313741066914,0.8443838190396982,0.8702871392486692,0.8071236935212208
86,1.0,2.0,1.0,0.8888888888888888,1,0.5197044334975369,0.22194821208384707,0.23275862068965514,0.6885451674461365,0.7842849493026733,0.7996173229921769,0.6774508803482033,0.7392787530437515,0.7430724877656695,0.7398548610374502
87,2.0,1.0,1.0,0.875,1,0.6436307374935534,0.3562209602478059,0.28261990716864366,0.687092125415802,0.7482413053512573,0.908299589799568,0.5357595665124423,0.719493128360658,0.8921779550431905,0.7639325599289647
88,1.0,1.0,1.0,1.0,2,0.6515679442508712,0.2732558139534883,0.22764227642276422,0.6551640629768372,0.8276532888412476,0.9038155782251069,0.639128334242298,0.7578454819583401,0.8807978788208964,0.7953968183116603
89,1.0,2.0,0.0,0.5555555555555556,2,0.49112426035502965,0.2251851851851852,0.2396449704142012,0.6076924800872803,0.7417178750038147,0.8308081561800714,0.5782507095455395,0.7798646036732114,0.849257126484435,0.7595451489708144
90,1.0,2.0,1.0,0.625,3,0.5756594169366034,0.2686428902269569,0.23507635354002776,0.5736401081085205,0.6834716796875,0.9091708394674384,0.5082296897409705,0.8367935092218518,0.8970911874329885,0.7878213064658124
91,8.0,2.0,1.0,1.0,4,0.3603603603603604,0.17678893565844858,0.18978978978978978,0.5863473415374756,0.7450317144393921,0.5107927253956981,0.6975956053113525,0.7609475519946178,0.4402495721754812,0.6023963637192874
92,8.0,2.0,1.0,1.0,1,0.6047565118912797,0.2789115646258503,0.2740656851642129,0.6402608752250671,0.7027072906494141,0.8813184123427267,0.5687758277385652,0.7386703005804144,0.8656112564532615,0.7635939492787419
93,7.0,1.0,1.0,0.5555555555555556,2,0.655002733734281,0.32512315270935965,0.2624384909786769,0.7039101123809814,0.7475389838218689,0.835233190671488,0.6921246174458028,0.7354269368643287,0.8217492697494219,0.7711335036827603
94,10.0,1.0,1.0,1.0,2,0.5733422638981917,0.30449362843729044,0.2679169457468185,0.6746675372123718,0.7378730773925781,0.09935959149779673,0.6079908564794018,0.7083816234305466,0.09691622784290789,0.37816207481266323
95,1.0,2.0,1.0,0.6666666666666666,1,0.6433841613379241,0.2914820285573609,0.2587309394982784,0.6885140538215637,0.7600838541984558,0.8292519652937188,0.5932563717552429,0.8088884540530271,0.8661766922221844,0.7743933708310433
96,10.0,2.0,0.0,1.0,2,0.6117908787541713,0.2427616926503341,0.24360400444938823,0.6702848672866821,0.6206163167953491,0.8758209122118358,0.46607721398204016,0.8306098771000962,0.8642542062244741,0.7591905523796115
97,9.0,1.0,0.0,0.5555555555555556,2,0.5853658536585366,0.30406852248394,0.22507488232777068,0.6506587266921997,0.6888682842254639,0.8302232153494261,0.4617459768512593,0.7580682760230079,0.8352202823339433,0.7213144376394092
98,4.0,2.0,1.0,1.0,1,0.6041549691184728,0.2641933670601462,0.23133071308253791,0.6432812809944153,0.6841739416122437,0.7837536452712899,0.5413640223158342,0.7714097609388736,0.6846197990844369,0.6952868069026087
99,1.0,1.0,1.0,1.0,2,0.6476978789446456,0.3283272915587778,0.30936368339368864,0.6589794754981995,0.6840247511863708,0.890276201433005,0.4636296889124702,0.838947297727234,0.8652450778136529,0.7645245664715905
100,8.0,2.0,1.0,0.6666666666666666,3,0.5413929040735874,0.27356422621657167,0.24529128339903639,0.6406410336494446,0.6493657827377319,0.7391707629128427,0.5436790126918015,0.7058328355919852,0.8023067052931531,0.6977473291224456
101,2.0,2.0,1.0,1.0,1,0.6275324675324675,0.34841393655746233,0.3002597402597402,0.659763753414154,0.5875709652900696,0.9218670384440235,0.5294986803835483,0.735561941818059,0.9080061807919801,0.7737334603594026
102,4.0,2.0,1.0,0.5555555555555556,1,0.5643656716417911,0.25583566760037346,0.2248134328358209,0.6132349371910095,0.6955933570861816,0.919171825957658,0.6730495846154613,0.7444719519280232,0.8893901673426624,0.8065208824609512
103,8.0,1.0,1.0,1.0,1,0.5219874357509994,0.2881646655231561,0.2844089091947459,0.6662736535072327,0.6792506575584412,0.3667904540714972,0.5814107755077049,0.6987994563328235,0.27052027607293216,0.47938024049623945
104,8.0,1.0,1.0,1.0,3,0.6393861892583119,0.3808710503842869,0.3052003410059676,0.7068918347358704,0.6562677025794983,0.16916666821889037,0.6380552410431981,0.6066408999921321,0.16802941161569276,0.39547305521747833
105,4.0,2.0,1.0,0.7777777777777778,1,0.5877352762598664,0.3112462006079027,0.28536733454766244,0.6245538592338562,0.7068573236465454,0.12097017853586772,0.7170423285965805,0.681354961916124,0.11609510627336063,0.40886564383048324
106,6.0,1.0,1.0,0.5555555555555556,2,0.5500450856627591,0.2671480144404332,0.25879170423805226,0.6936742067337036,0.7757068872451782,0.8756496867071911,0.6170866983729464,0.7865550120978019,0.840777291754569,0.780017172233127
107,8.0,1.0,0.0,0.7777777777777778,3,0.6325333333333333,0.3256807261078484,0.2474666666666666,0.691567063331604,0.6372619867324829,0.7080929455084373,0.6153886604118988,0.6877573052114042,0.8228808275430199,0.7085299346686901
108,1.0,1.0,1.0,0.5555555555555556,2,0.4081247047709022,0.16359338061465722,0.16910722720831364,0.6059392690658569,0.770209789276123,0.6076798315691043,0.6852796932817776,0.7788591451123628,0.4276492286580942,0.6248669746553348
109,5.0,1.0,0.0,1.0,1,0.43089430894308944,0.21709633649932156,0.2262872628726287,0.6403894424438477,0.74506676197052,0.588545031418114,0.7112816539237811,0.7115935637221763,0.4938815234047078,0.6263254431171947
110,1.0,2.0,1.0,0.5555555555555556,1,0.6124876114965313,0.3134920634920635,0.27552031714568875,0.6431660056114197,0.7348606586456299,0.8859966783879056,0.5973860256656308,0.7273284764815111,0.8673143977140475,0.7695063945622738
111,1.0,1.0,1.0,1.0,2,0.53056884635832,0.30228845130388504,0.25199362041467305,0.6567237377166748,0.568185567855835,0.6218389806714136,0.4846313580074309,0.6635355621226958,0.5613331102490404,0.5828347527626452
112,8.0,1.0,1.0,1.0,1,0.6052356020942409,0.31899265477439664,0.3015706806282722,0.6985164284706116,0.7475900650024414,0.29609129818291935,0.6800584764505042,0.8170288475972383,0.10135341392454766,0.47363300903880234
113,1.0,2.0,0.0,0.5555555555555556,2,0.5462868769074263,0.30651731160896134,0.271617497456765,0.6867624521255493,0.722698450088501,0.33748853444818466,0.750366700068632,0.8316556778237715,0.3351131035350126,0.5636560039689003
114,2.0,2.0,1.0,0.7777777777777778,1,0.6140540540540541,0.29653679653679654,0.2572972972972973,0.6584306955337524,0.6397061347961426,0.826324872380578,0.7168625513353676,0.8335963660285088,0.8400381544299539,0.8042054860436021
115,10.0,2.0,1.0,0.5555555555555556,2,0.47386286490156143,0.22841604350781786,0.2131704005431093,0.5943127870559692,0.7046579122543335,0.6585553843290952,0.672120407988438,0.824667818983272,0.4222071976461524,0.6443877022367395
116,8.0,1.0,0.0,1.0,2,0.5903271692745377,0.2706552706552707,0.25177809388335703,0.6787146329879761,0.7451465129852295,0.8456325482533888,0.6106230857516761,0.753842349769714,0.8325486207203827,0.7606616511237905
117,1.0,2.0,1.0,0.5555555555555556,1,0.59765625,0.30400782013685235,0.267578125,0.669837474822998,0.7336443662643433,0.896460091335451,0.6352412936587799,0.7236388294939009,0.8731941015333634,0.7821335790053737
118,12.0,2.0,1.0,1.0,1,0.5782178217821783,0.24983476536682087,0.22970297029702968,0.6353632807731628,0.7875922918319702,0.559516959864853,0.6355915725448518,0.8589115387175263,0.5548989874033846,0.6522297646326538
119,1.0,1.0,1.0,1.0,2,0.5948317893710385,0.27135187896534896,0.2340321794246709,0.6668856143951416,0.6227611303329468,0.8757264990404393,0.52983236911507,0.6732698570338455,0.8633428291816472,0.7355428885927505
120,1.0,1.0,0.0,0.5555555555555556,1,0.6031573217201959,0.27465940054495913,0.23843222645617856,0.6618910431861877,0.7826312780380249,0.8349699035715926,0.623675010553595,0.7101610950186007,0.8204907512696301,0.7473241901033546
121,9.0,2.0,1.0,1.0,2,0.5934690014197823,0.30980577925153957,0.2735447231424515,0.6614652276039124,0.79974764585495,0.8338920436985595,0.546220223308633,0.7453537298129528,0.8515240828722851,0.7442475199231076
122,6.0,2.0,0.0,1.0,2,0.6533907427341227,0.3566810344827586,0.3218514531754575,0.6351950168609619,0.7697395086288452,0.4485965356969309,0.6342373927794597,0.6063845781853208,0.6144911392664612,0.5759274114820432
123,1.0,2.0,1.0,1.0,1,0.6082725060827251,0.2778229082047116,0.2871046228710462,0.6467369794845581,0.630355715751648,0.7842611139208365,0.5868808904751422,0.5956399643579889,0.6912577972333532,0.6645099414968303
124,2.0,1.0,1.0,0.5555555555555556,1,0.49463288965221114,0.25010743446497635,0.25933877200515243,0.6077127456665039,0.7949156761169434,0.6694314956192381,0.6035151958125595,0.7595391331608363,0.6982701358523316,0.6826889901112414
125,1.0,1.0,0.0,1.0,1,0.5681159420289854,0.2757619738751815,0.25942028985507243,0.6806364059448242,0.7614158987998962,0.9040196598601483,0.6414597872640881,0.789022556158035,0.8605359764580943,0.7987594949350915
126,9.0,2.0,1.0,1.0,2,0.6200432588320115,0.3090252707581228,0.3143475126171593,0.6427706480026245,0.6960176229476929,0.9134402350640513,0.7188438499191016,0.8394982933156999,0.8884954233604827,0.8400694504148338
127,10.0,2.0,0.0,1.0,1,0.23483583750695605,0.14261838440111418,0.16917084028937118,0.652746319770813,0.694893479347229,0.7016828552554935,0.624229122855385,0.8719960501076583,0.6601077595481715,0.7145039469416771
128,2.0,2.0,1.0,0.5555555555555556,2,0.5944862155388471,0.3542398394380331,0.29172932330827067,0.6746287941932678,0.6521986126899719,0.8714491207258571,0.6757178040325619,0.6774897609781578,0.8525778310555554,0.7693086291980331
129,5.0,1.0,1.0,1.0,2,0.6121416526138281,0.28547297297297297,0.24957841483979765,0.6845933198928833,0.5606287121772766,0.8169342177532498,0.6929588869956471,0.7069814938620028,0.6485354451440063,0.7163525109387265
130,1.0,1.0,1.0,1.0,2,0.4196721311475409,0.23741794310722097,0.2448087431693989,0.6117018461227417,0.6155635118484497,0.30812462465250323,0.6605298678318763,0.7664935194830125,0.19157011885850475,0.48167953270647423
131,1.0,1.0,1.0,0.7777777777777778,2,0.6312849162011174,0.3300699300699301,0.30726256983240224,0.6531383395195007,0.7330501675605774,0.7918892473545129,0.5758458781351686,0.6609386365460714,0.7147387692673485,0.6858531328257754
132,4.0,2.0,0.0,0.5555555555555556,2,0.4847658026375625,0.218479745106964,0.20645748067303324,0.6447717547416687,0.7365636825561523,0.5485141670839798,0.5797944306636866,0.7496406699145582,0.41144230740287774,0.5723478937662757
133,2.0,1.0,1.0,0.5555555555555556,2,0.27355623100303955,0.17407181984175288,0.1629179331306991,0.579768180847168,0.7148292064666748,0.4035332469484909,0.6811883703187832,0.7629445385167614,0.1999153121331731,0.5118953669793022
134,8.0,1.0,0.0,0.5555555555555556,2,0.5477415666094911,0.24155695477962222,0.230989136649514,0.6429162621498108,0.7385657429695129,0.3778021298456298,0.7211097218473898,0.7342052628393184,0.3855895599167695,0.5546766686122768
135,2.0,1.0,0.0,0.5555555555555556,1,0.5319148936170213,0.24715909090909088,0.25673758865248225,0.6226320266723633,0.6200571656227112,0.655652427884687,0.6864914286163267,0.7430569420924664,0.5820081391311605,0.6668022344311602
136,10.0,2.0,0.0,0.6666666666666666,2,0.6020408163265306,0.278855975485189,0.263265306122449,0.65510493516922,0.6116416454315186,0.8860536865395742,0.5587153062013321,0.8040719856146487,0.8912297608124036,0.7850176847919896
137,8.0,1.0,1.0,0.6666666666666666,4,0.5804772234273319,0.3308727746417716,0.25943600867678956,0.6675223112106323,0.7296545505523682,0.8927957747720293,0.597595213941391,0.7755430710893133,0.8402188175512285,0.7765382193384905
138,1.0,2.0,0.0,0.5555555555555556,1,0.5894599869876384,0.19283387622149836,0.20169160702667532,0.6487274169921875,0.6239437460899353,0.9126116035514295,0.5104134991632103,0.8117853352483609,0.8715238878305203,0.7765835814483804
139,3.0,2.0,1.0,0.6666666666666666,2,0.17153284671532848,0.1023142509135201,0.12895377128953772,0.5239142775535583,0.6971704959869385,0.599939631577382,0.8203763789681635,0.7348779284879672,0.4489021570615468,0.6510240240237649
140,8.0,2.0,0.0,1.0,0,0.5765969474279253,0.32710809281267683,0.2589033352176371,0.6869441866874695,0.7346082329750061,0.19448331660833967,0.7159788351627855,0.77827822179472,0.16201077226462685,0.462687786457618
141,5.0,2.0,0.0,0.875,2,0.5365148228488793,0.2389572773352643,0.22270426608821403,0.6405499577522278,0.7263270616531372,0.7789977662905074,0.6709531192912815,0.7943827016488264,0.5861760907074016,0.7076274194845042
142,9.0,2.0,1.0,1.0,4,0.6226765799256506,0.36372093023255814,0.24163568773234198,0.686920166015625,0.6428730487823486,0.8736732467837538,0.6518562056729779,0.8167598648148519,0.8428883734883421,0.7962944226899815
143,8.0,1.0,1.0,0.7777777777777778,1,0.5969458583988895,0.333487725798981,0.3100416473854697,0.6345767378807068,0.6938521265983582,0.9235430338647518,0.6842587473046564,0.800781406568133,0.9208407765337122,0.8323559910678133
144,1.0,2.0,1.0,1.0,1,0.4077669902912621,0.20090732339598183,0.19805825242718447,0.5594601035118103,0.8501430153846741,0.3822509203746474,0.7398261240629986,0.8074789919396245,0.2011389485557885,0.5326737462332647
145,1.0,2.0,1.0,1.0,1,0.5737483085250339,0.25745257452574527,0.21109607577807848,0.65849769115448,0.6635279655456543,0.872925956593773,0.6437355923234152,0.7889294630579472,0.8634095177082388,0.7922501324208435
146,1.0,1.0,1.0,1.0,2,0.6019529006318208,0.2794709603220242,0.23664560597357842,0.6729482412338257,0.6784570217132568,0.9013326333339652,0.7239329685977114,0.8709248530686018,0.8924652479517956,0.8471639257380186
147,3.0,2.0,0.0,0.5555555555555556,3,0.3178025034770515,0.16423103688239385,0.16063977746870656,0.6089380979537964,0.6291916370391846,0.6687042564165853,0.5586928546768227,0.6157217887050107,0.6802203699181436,0.6308348174291406
148,8.0,2.0,0.0,0.7777777777777778,2,0.5165775401069518,0.2558886509635974,0.28663101604278074,0.662261962890625,0.6950455904006958,0.7580743807982872,0.5682579870887259,0.7220636798861898,0.6763194591180985,0.6811788767228254
149,10.0,2.0,1.0,0.7777777777777778,2,0.5616348055372447,0.2442244224422442,0.22676334871456824,0.6501023769378662,0.7430281639099121,0.6406436346393031,0.657938673530971,0.77411186095065,0.5413596375533294,0.6535134516685634
150,4.0,2.0,1.0,1.0,3,0.5642540620384047,0.2562838836865451,0.2343673067454456,0.6469810009002686,0.6765474081039429,0.844799000159995,0.5270471410854519,0.6123328258983701,0.8192656793143159,0.7008611616145333
151,8.0,2.0,1.0,0.75,3,0.48999258710155674,0.24851632047477742,0.19570051890289103,0.6546457409858704,0.6117727756500244,0.9022019731281051,0.5917368476612936,0.7284209390793929,0.8834199077932362,0.7764449169155069
152,8.0,2.0,0.0,1.0,2,0.6361386138613863,0.31722428748451054,0.2896039603960396,0.6545827388763428,0.6090847253799438,0.7852785583855856,0.722539317735676,0.7092752889240429,0.6460260304048371,0.7157797988625354
153,1.0,1.0,0.0,0.6666666666666666,1,0.637157833430402,0.27288629737609327,0.24577751892836344,0.6304781436920166,0.7068486213684082,0.8846293130200582,0.6844682677482156,0.8056595949949618,0.8624717776681968,0.809307238357858
154,8.0,1.0,1.0,1.0,2,0.5822498586772187,0.23089983022071306,0.23742227247032222,0.6747387051582336,0.6623619794845581,0.8090866664269548,0.6927521657156225,0.8018980851417251,0.8026796824932804,0.7766041499443957
155,1.0,2.0,1.0,0.5555555555555556,1,0.5698134539287734,0.2705149971703452,0.2577727529677784,0.6525751948356628,0.8075999021530151,0.428573991607131,0.5338470486437056,0.8478954196695978,0.417475142519164,0.5569479006098996
156,8.0,1.0,1.0,1.0,2,0.5195676481550503,0.2752704214845207,0.19604919865821843,0.6939216256141663,0.6914798021316528,0.9154457083367572,0.5512049823898882,0.8017033361116033,0.8755200120163965,0.7859685097136613
157,7.0,1.0,1.0,0.5555555555555556,1,0.5023255813953489,0.207635009310987,0.21488372093023253,0.6345623135566711,0.6889391541481018,0.54246604802356,0.6221430911776453,0.64670514964077,0.5585964343414505,0.5924776807958564
158,8.0,1.0,0.0,1.0,3,0.49878934624697335,0.2581818181818182,0.22397094430992737,0.6654701828956604,0.7171065807342529,0.8054108279472222,0.6579976932065251,0.7006693989753155,0.6971163546325122,0.7152985686903938
159,6.0,2.0,1.0,1.0,2,0.5847797062750333,0.29718875502008035,0.2910547396528705,0.6438480019569397,0.7531151175498962,0.17401304735974923,0.6426242039087241,0.7712607686755887,0.11711993119614632,0.4262544877850521
160,1.0,1.0,0.0,0.6666666666666666,1,0.6066869300911855,0.2556299452221546,0.25531914893617025,0.6814632415771484,0.669124186038971,0.8804213760893447,0.621967418363429,0.7589485231327914,0.8398702992029302,0.7753019041971239
161,1.0,1.0,1.0,1.0,2,0.4731750219876869,0.2607929515418502,0.25329815303430075,0.6761950254440308,0.7046489715576172,0.3990504018271214,0.621506553238716,0.7720085527202012,0.4213396379983424,0.5534762864460953
162,3.0,1.0,0.0,1.0,1,0.6113821138211382,0.29734129137276183,0.28509485094850945,0.6495277285575867,0.6779282689094543,0.877273707030631,0.6484806568594207,0.6762118304128462,0.842823458888282,0.761197413297795
163,8.0,2.0,1.0,1.0,2,0.5593434343434343,0.2060682680151707,0.22727272727272727,0.6362196803092957,0.6779284477233887,0.5310423558923759,0.557935213065541,0.6997337134397719,0.5366597294227508,0.5813427529551098
164,5.0,2.0,1.0,0.6666666666666666,3,0.5664443304258594,0.25064201335387776,0.2647511544381734,0.6497478485107422,0.707785427570343,0.8817795346717762,0.5096362162431526,0.7427692246884373,0.854089856333978,0.747068707984336
165,9.0,2.0,0.0,1.0,3,0.5240174672489083,0.19737663960024984,0.198378041172801,0.595238983631134,0.5822439193725586,0.7883795039578887,0.6364546453925678,0.810097821646843,0.5805473987131776,0.7038698424276193
166,8.0,2.0,1.0,1.0,2,0.5836200963523743,0.24259131633356307,0.2477632484514797,0.6558170914649963,0.7206180095672607,0.8070641461596934,0.6835753290656154,0.7004065451108947,0.794292894827332,0.7463347287908839
167,1.0,1.0,0.0,1.0,1,0.5203357004519045,0.20426632191338076,0.23111684958037446,0.6646395921707153,0.6976137161254883,0.6764280991614848,0.7182169715771579,0.8530783017126331,0.6319314866287064,0.7199137147699955
168,2.0,2.0,0.0,1.0,2,0.48364485981308414,0.23157894736842102,0.20911214953271026,0.6073113083839417,0.655921995639801,0.3374808852495073,0.5825926627302231,0.6897682958760967,0.28231741626611734,0.4730398150304861
169,5.0,1.0,1.0,1.0,1,0.4117117117117117,0.20198376916140665,0.1864864864864865,0.6260344982147217,0.7772767543792725,0.37907533245222413,0.619632981786355,0.7873350740821349,0.14413556831933613,0.48254473916001256
170,3.0,1.0,1.0,0.5555555555555556,1,0.4510465901417961,0.21554054054054056,0.2025658338960162,0.6512190699577332,0.7437371015548706,0.8713369774920573,0.508674317002316,0.7083850246522898,0.8596631504095843,0.7370148673890619
171,8.0,2.0,1.0,1.0,2,0.5685218432076601,0.25524266027561415,0.26092160383004187,0.6580775380134583,0.5523534417152405,0.8696904583663807,0.48527360552451565,0.7066261997814384,0.7711462630822743,0.7081841316886524
172,2.0,2.0,0.0,0.5555555555555556,3,0.5946902654867257,0.23981098641464854,0.23480825958702065,0.6566767692565918,0.6790897846221924,0.8315725209858761,0.6527578166002324,0.7914439138279479,0.8513405539481687,0.7817787013405562
173,9.0,1.0,1.0,1.0,3,0.5168682367918523,0.2549394518801784,0.23424570337364733,0.6275497674942017,0.6486345529556274,0.8450784012013494,0.6672536151213602,0.7361317810928877,0.689839001002619,0.734575699604554
174,13.0,1.0,0.0,1.0,3,0.4880617977528089,0.286718200983837,0.19592696629213482,0.639378547668457,0.6890338063240051,0.846795769281852,0.5570739109602003,0.6375636006168376,0.8313946031661402,0.7182069710062575
175,8.0,2.0,1.0,1.0,2,0.48135593220338974,0.2593346911065852,0.26440677966101694,0.5998724102973938,0.6510801911354065,0.2537102839554376,0.5826201421765732,0.6490561632253906,0.23433407825884248,0.429930166904061
176,10.0,2.0,1.0,1.0,3,0.6115623506927854,0.30703012912482064,0.252269469660774,0.6788748502731323,0.6832125782966614,0.7300761648320909,0.6073716686240296,0.7750566612442564,0.7161300005626781,0.7071586238157638
177,6.0,2.0,1.0,1.0,3,0.521259842519685,0.2823343848580442,0.2551181102362205,0.641883373260498,0.6820552349090576,0.20034686847473016,0.6568985859708472,0.6523909465318509,0.23140035045385235,0.43525918785782014
178,8.0,1.0,1.0,0.5555555555555556,1,0.5048183839881394,0.25816023738872407,0.20311341734618238,0.6509926915168762,0.7725478410720825,0.882945484158055,0.6167666395943425,0.8254028152930389,0.8745795714921658,0.7999236276344005
179,8.0,2.0,1.0,0.6666666666666666,4,0.512013256006628,0.22553897180762855,0.18309859154929575,0.6258566379547119,0.7107818722724915,0.9280904534848536,0.6677826269346829,0.8721724106132311,0.9117409914375247,0.8449466206175731
180,2.0,1.0,1.0,1.0,2,0.46947765890497173,0.2344045368620038,0.24417872876022656,0.6225891709327698,0.6478046178817749,0.6957525129900853,0.6508909899385256,0.5967705744229147,0.768561195881706,0.677993818308308
181,8.0,2.0,1.0,1.0,3,0.4774678111587983,0.19978517722878625,0.23497854077253222,0.6639653444290161,0.7074002027511597,0.85958065622908,0.607292637328442,0.7038658107278595,0.7769311487133473,0.7369175632496822
182,1.0,1.0,0.0,0.5555555555555556,1,0.5770423991726991,0.28808290155440414,0.2957600827300931,0.6843537092208862,0.7582929134368896,0.0387934094696902,0.7324635601485144,0.7132532190805094,0.026051996189512514,0.37764054622205667
183,1.0,2.0,1.0,1.0,1,0.4266994266994266,0.21885245901639347,0.18673218673218672,0.6102967262268066,0.715082585811615,0.415421814603982,0.5787843837434656,0.7059436377166148,0.2541370751511021,0.48857172780379116
184,1.0,1.0,0.0,1.0,1,0.607936507936508,0.28457869634340216,0.2841269841269841,0.6555299758911133,0.7450517416000366,0.29369930047859355,0.7537486078540664,0.8085135458418059,0.24560749731358344,0.5253922378720123
185,1.0,2.0,1.0,0.7777777777777778,1,0.6331034482758622,0.3080110497237569,0.3158620689655173,0.6913212537765503,0.7011122107505798,0.8636227763967621,0.7149286072498544,0.7393138318576619,0.8663260179176915,0.7960478083554925
186,7.0,1.0,0.0,1.0,3,0.5677867902665122,0.25638051044083526,0.2340672074159907,0.6389808058738708,0.6776694059371948,0.5242616434269508,0.6750277661456989,0.830361278387213,0.5290566989622525,0.6396768467305287
187,2.0,1.0,1.0,0.75,2,0.4299969761112791,0.2281391830559758,0.19171454490474749,0.6300226449966431,0.8323862552642822,0.9067335606168172,0.49789723647429285,0.8402263054313522,0.8623959510472592,0.7768132633924303
188,2.0,1.0,1.0,0.5555555555555556,2,0.28824397442203636,0.16445100935499754,0.15051647811116575,0.6287859678268433,0.6756398677825928,0.2854383980367424,0.641636356602255,0.7116700376775243,0.27283546717811985,0.4778950648736604
189,9.0,2.0,1.0,1.0,3,0.627906976744186,0.3004434589800444,0.27464008859357697,0.6435538530349731,0.6344802975654602,0.8367391454073312,0.5674187757291792,0.7786587166021537,0.8264716712954017,0.7523220772585164
190,9.0,2.0,1.0,1.0,2,0.6324358171571698,0.26206896551724135,0.22792736380713838,0.6545249819755554,0.7568264603614807,0.8265507521009778,0.6476211609917483,0.6913689854294397,0.8337860045584818,0.7498317257701619
191,3.0,1.0,1.0,0.5555555555555556,2,0.5438522870331515,0.24107517849643012,0.21401594628619386,0.6442432999610901,0.8504117131233215,0.6298428077479142,0.5989199349177416,0.8314172074628168,0.7084953056188477,0.69216881393683
192,1.0,1.0,1.0,1.0,2,0.6828675577156743,0.34549878345498786,0.2490886998784933,0.6681256294250488,0.6777046322822571,0.697501098453796,0.5009691094855286,0.7037749299764954,0.71410674473547,0.6540879706628225
193,1.0,1.0,1.0,1.0,2,0.585,0.26908635794743424,0.215,0.6833531260490417,0.6638659834861755,0.8980004065802825,0.4409441524021586,0.7280658000314425,0.8704494866798976,0.7343649614234453
194,12.0,2.0,1.0,1.0,3,0.5726495726495726,0.25534950071326673,0.24074074074074076,0.6562876105308533,0.6130905151367188,0.21785272877429013,0.6157523493260507,0.6505522462698472,0.20178327983966682,0.4214851510524637
195,12.0,2.0,1.0,1.0,2,0.6306818181818181,0.25483503981797495,0.2318181818181818,0.6115129590034485,0.7138582468032837,0.809679732908347,0.5925657121212998,0.7985447308649504,0.8508872535949544,0.7629193573723879
196,8.0,2.0,0.0,0.7777777777777778,1,0.5632075471698113,0.27101038715769593,0.22641509433962265,0.6460522413253784,0.6475890278816223,0.8880287681392884,0.5042945531156181,0.8389137717283293,0.8592500169167089,0.7726217774749861
197,4.0,2.0,1.0,1.0,2,0.6058201058201057,0.25430463576158946,0.25529100529100535,0.6508285999298096,0.6848050951957703,0.7926954352311519,0.6549580455913809,0.8190260825292337,0.8150188050971764,0.7704245921122357
198,1.0,1.0,1.0,0.6666666666666666,2,0.586132952108649,0.24194702934860415,0.2673338098641887,0.6517983078956604,0.7992071509361267,0.8623386715998268,0.7167750245356249,0.7428754102774481,0.7893042610875389,0.7778233418751097
199,3.0,1.0,1.0,1.0,2,0.6024844720496895,0.31793960923623443,0.27684117125110913,0.6776547431945801,0.7771552801132202,0.9212031826517455,0.6378890121960399,0.76492249779229,0.9058983955154993,0.8074782720388938
200,8.0,2.0,1.0,0.7777777777777778,3,0.6054811982154239,0.2552648372686662,0.2460165710643722,0.6615146398544312,0.7068720459938049,0.45233832249017575,0.6061754586914261,0.813244572370607,0.4760579423348299,0.5869540739717597
201,2.0,2.0,1.0,0.5555555555555556,1,0.5628997867803838,0.2825437473324797,0.19786780383795308,0.6193400621414185,0.6835594773292542,0.9157653741860249,0.5757796089030794,0.7468531458236671,0.8726207325081144,0.7777547153552214
202,2.0,2.0,0.0,0.5555555555555556,1,0.5404217926186291,0.2515391380826737,0.2196836555360281,0.6327857375144958,0.7094246745109558,0.8949197939194193,0.5838817574479077,0.5881295823424504,0.8625315273403844,0.7323656652625405
203,9.0,1.0,1.0,0.5555555555555556,2,0.5484293193717277,0.25557011795543905,0.2670157068062827,0.6399853229522705,0.5951020121574402,0.896577344503112,0.5842049338823424,0.7795198682277623,0.8779750999345567,0.7845693116369433
204,8.0,1.0,1.0,0.7777777777777778,3,0.5318450426789233,0.18408941485864563,0.20879842416283653,0.644650399684906,0.6410707831382751,0.6600344637876907,0.6138963778137948,0.6423344346073682,0.4915032848815221,0.601942140272594
205,6.0,1.0,0.0,0.6666666666666666,3,0.5988764044943821,0.25646794150731156,0.2202247191011236,0.6549737453460693,0.7710344791412354,0.8921336861380778,0.6615049775142058,0.8048705865544453,0.8795152535230115,0.8095061259324351
206,1.0,2.0,0.0,0.5555555555555556,2,0.5861271676300578,0.26504629629629634,0.23815028901734103,0.663098156452179,0.6076858043670654,0.8692190387168833,0.5488588803099437,0.7278155187481481,0.8266478385432988,0.7431353190795684
207,2.0,1.0,0.0,1.0,1,0.5485625485625485,0.2599221789883268,0.2843822843822844,0.6824779510498047,0.693668007850647,0.45878449973436813,0.5992694827766011,0.7501695951461437,0.5161650108389416,0.5810971471240136
208,8.0,1.0,0.0,0.5555555555555556,2,0.6282947821409359,0.2735595045772752,0.23130715438407748,0.6289011240005493,0.7338807582855225,0.9170250813686714,0.6445822448599208,0.6944474276388655,0.8880734464447047,0.7860320500780406
209,9.0,2.0,1.0,0.5555555555555556,2,0.6495352651722252,0.31308155446086483,0.27556041552761074,0.7158688306808472,0.6949970722198486,0.8055460447880928,0.6271973962420305,0.6415730487386344,0.7815954073843512,0.7139779742882773
210,1.0,1.0,1.0,0.5555555555555556,2,0.5983522142121523,0.288659793814433,0.2121524201853759,0.6558544039726257,0.7053452730178833,0.3292804395970285,0.5344604534618858,0.7845784013306487,0.37953957928881676,0.5069647184195949
211,3.0,2.0,0.0,0.7777777777777778,2,0.5236875800256082,0.26666666666666666,0.2919334186939821,0.6574187874794006,0.7297384738922119,0.3459544690551422,0.5882006921710816,0.8013113116254738,0.1836700086186592,0.47978412036758916
212,8.0,1.0,1.0,1.0,1,0.4919043947571319,0.23938223938223938,0.27602158828064766,0.6730395555496216,0.5911392569541931,0.7559689532044249,0.6341776094922825,0.6200514922395867,0.623637206888727,0.6584588154562553
213,1.0,2.0,1.0,0.8888888888888888,1,0.5954279638490164,0.2990952634379989,0.26262626262626265,0.6288015842437744,0.7303304672241211,0.8343425373121651,0.6574816280080326,0.8153705246637913,0.8317859781245935,0.7847451670271457
214,2.0,2.0,1.0,0.8888888888888888,3,0.49122807017543857,0.23642172523961663,0.18341307814992028,0.6450610756874084,0.7485858201980591,0.7697724891768802,0.6371084037793199,0.6088169867225609,0.7607015993287379,0.6940998697518748
215,9.0,2.0,1.0,1.0,2,0.6243781094527363,0.2889165628891656,0.24626865671641796,0.6522986888885498,0.6739572286605835,0.07839993915505411,0.6447415763935676,0.7856947827408116,0.08984196917990862,0.39966956686733546
216,1.0,1.0,0.0,0.5555555555555556,1,0.36033857315598544,0.19249394673123488,0.15840386940749698,0.6608151197433472,0.7987829446792603,0.2671266539656805,0.5957944348457851,0.738758959615589,0.3413060284425614,0.48574651921740397
217,8.0,2.0,0.0,1.0,2,0.5531295487627366,0.24635568513119532,0.22416302765647744,0.6527113914489746,0.7527679800987244,0.9028649921594788,0.5946077985808992,0.6890126774032878,0.8762719089885854,0.7656893442830628
218,1.0,1.0,0.0,0.8888888888888888,1,0.6031746031746031,0.27545615067686874,0.23985890652557318,0.6346545815467834,0.7695285677909851,0.08420906387433662,0.6204347096377607,0.8819664736220049,0.13233460273875725,0.42973621246821486
219,1.0,2.0,1.0,1.0,1,0.5088852988691438,0.16828478964401297,0.21970920840064623,0.6581388711929321,0.6864854097366333,0.7854828600830955,0.698250906096951,0.5882169734405144,0.7458587470215261,0.7044523716605218
220,3.0,2.0,1.0,1.0,1,0.6256607400288323,0.3001443001443002,0.245074483421432,0.6699449419975281,0.5833073258399963,0.8986558785299127,0.554343893097929,0.7893353232157481,0.8681752996777237,0.7776275986303283
221,7.0,1.0,1.0,1.0,2,0.5446428571428572,0.3559928443649374,0.3678571428571428,0.6754944920539856,0.7511624097824097,0.9453546763311805,0.7375371042237581,0.7151765283017448,0.9036777400510525,0.825436512226934
222,8.0,2.0,1.0,1.0,0,0.6510480887792849,0.3658838071693448,0.34771886559802717,0.6996210813522339,0.7623141407966614,0.14667135322638658,0.8506491980988912,0.7030671878956847,0.28207999804494654,0.49561693431647724
223,4.0,2.0,1.0,0.8888888888888888,1,0.5968652037617554,0.26616446955430006,0.2369905956112853,0.6225473284721375,0.6911624073982239,0.5725350380127029,0.47939934567872605,0.5534818158335549,0.6721913486855644,0.5694018870526372
224,8.0,1.0,1.0,1.0,2,0.6018468223791419,0.24796084828711257,0.2303096143400326,0.6594696044921875,0.660847544670105,0.7346181934011197,0.6663750269262046,0.7488895174314794,0.7646590668079093,0.7286354511416783
225,2.0,1.0,1.0,0.5555555555555556,2,0.5654008438818565,0.22253521126760564,0.24472573839662445,0.6472119688987732,0.6640380620956421,0.13577086286590398,0.6443343032905401,0.6713371474805069,0.07104447594124405,0.38062169739454876
226,12.0,2.0,0.0,0.6666666666666666,1,0.5311171240819481,0.318762088974855,0.2620796289137997,0.5939868688583374,0.6544026136398315,0.9039221862827316,0.6126269342823214,0.7818601133173063,0.8725430671386571,0.7927380752552541
227,2.0,2.0,1.0,0.5555555555555556,1,0.6200274348422496,0.2815934065934066,0.2139917695473251,0.648818850517273,0.8025729656219482,0.5287197482632059,0.638753227174764,0.7949667583831841,0.3303465883812651,0.5731965805506049
228,8.0,1.0,1.0,1.0,2,0.4649595687331537,0.25371120107962214,0.24393530997304583,0.6362158060073853,0.6329070329666138,0.5571123112748484,0.6688814265477918,0.5572922614744484,0.5009095659383076,0.5710488913088491
229,9.0,2.0,1.0,1.0,1,0.5686274509803921,0.24662576687116566,0.23897058823529413,0.6403247714042664,0.5849038362503052,0.6841425222513318,0.6594075690852302,0.8078949557798455,0.639467441922566,0.6977281222597433
230,2.0,2.0,1.0,0.7777777777777778,1,0.5986959098992294,0.26706231454005935,0.27148784825133376,0.6338285803794861,0.6688233017921448,0.8660617261206878,0.5682388395873124,0.7734212639784773,0.8550426713059003,0.7656911252480945
231,4.0,2.0,1.0,0.5555555555555556,1,0.42337298810356894,0.2619047619047619,0.20013995801259624,0.6473299860954285,0.7374067306518555,0.7095496413843752,0.5913765845493584,0.7257302990433616,0.747654696985262,0.6935778054905892
232,1.0,1.0,1.0,1.0,2,0.5651857246904589,0.2815463165572575,0.29715950473415875,0.6696476340293884,0.780011773109436,0.6813255208647658,0.7382242587984761,0.7120074789927302,0.6700955868038878,0.700413211364965
233,8.0,1.0,1.0,1.0,3,0.6044303797468354,0.25343189017951423,0.21413502109704638,0.608552098274231,0.7458899021148682,0.7418815399006453,0.6955470383506291,0.7158068582918825,0.7027215364502633,0.7139892432483551
234,10.0,1.0,0.0,0.7777777777777778,4,0.5096085409252669,0.23521026372059872,0.18505338078291816,0.624759316444397,0.7734341621398926,0.7515134529490445,0.6401967705260302,0.6923466733953618,0.5583382038395593,0.660598775177499
235,7.0,2.0,1.0,1.0,0,0.5015142337976983,0.2692540933899333,0.2325863113264688,0.6488677263259888,0.6786671876907349,0.5875654139127993,0.6113747754636725,0.7848530349321351,0.5461188259203245,0.6324780125572328
236,3.0,2.0,1.0,1.0,1,0.48515349773527944,0.24886649874055417,0.24760946149974836,0.6335042119026184,0.7435234785079956,0.9059948083787934,0.6634019649286652,0.7169275720936076,0.8966919336295782,0.7957540697576612
237,9.0,2.0,1.0,0.8888888888888888,1,0.5654237288135593,0.20638153428377462,0.22372881355932203,0.6636650562286377,0.6628251075744629,0.37105758352906304,0.6293578801032538,0.8105877761084201,0.49011235295371125,0.5752788981736121
238,1.0,2.0,1.0,0.6666666666666666,1,0.6598523566155594,0.35702103467879476,0.3225440090857467,0.6422227025032043,0.7142983675003052,0.8467077433810827,0.5953937367117083,0.7432499266952612,0.8447748679602847,0.7575315686870842
239,8.0,1.0,1.0,0.6666666666666666,1,0.6201022146507665,0.27743035815804434,0.23850085178875638,0.6453173756599426,0.8198983073234558,0.739758726268295,0.5923500464100967,0.7361879126596153,0.7334652441313384,0.7004404823673364
240,8.0,1.0,1.0,0.7777777777777778,3,0.6102635228848821,0.3155946321147617,0.25520110957004155,0.6596202254295349,0.7283630967140198,0.8840642970412302,0.6564354389132349,0.8520326956984463,0.8836177412559852,0.8190375432272241
241,2.0,2.0,0.0,0.5555555555555556,3,0.5466835656949726,0.2739957716701903,0.2509505703422053,0.6690840125083923,0.6817585229873657,0.9083443625655615,0.6321103913391094,0.7526205755076035,0.8975574839165257,0.7976582033321999
242,8.0,2.0,1.0,1.0,3,0.6266416510318948,0.3533834586466166,0.2870544090056285,0.7156704068183899,0.6374958157539368,0.8855746163973682,0.5421169111991132,0.707562806667213,0.7786084450379473,0.7284656948254105
243,8.0,2.0,1.0,1.0,3,0.6434349719975109,0.3003115264797508,0.24268823895457373,0.6747015118598938,0.6205517053604126,0.8394384370064361,0.4915669018396829,0.5794914371558434,0.7979525925094542,0.6771123421278542
244,8.0,1.0,0.0,0.5555555555555556,2,0.5352286773794809,0.22400990099009901,0.23856613102595794,0.6574965715408325,0.6351764798164368,0.6984170495928741,0.583677430026386,0.7533078784822563,0.6394891661308898,0.6687228810581015
245,3.0,1.0,1.0,0.5555555555555556,3,0.6413586413586414,0.35,0.2747252747252747,0.6764205694198608,0.8241443037986755,0.9064963742320019,0.6063473093188292,0.6429564152887807,0.8946225305962415,0.7626056573589634
246,1.0,1.0,0.0,1.0,2,0.6007326007326008,0.26772616136919314,0.23809523809523808,0.6681457757949829,0.6842800378799438,0.8751572456188338,0.5728269192579112,0.6986529503568135,0.856153198406098,0.7506975784099142
247,9.0,2.0,1.0,0.6666666666666666,3,0.5158968206358728,0.23183183183183184,0.22795440911817638,0.6181980967521667,0.6655274629592896,0.707595005971867,0.5903862419108333,0.6705827958351741,0.6753909038413028,0.6609887368897943
248,1.0,1.0,0.0,1.0,1,0.5685019206145966,0.3106546854942233,0.379001280409731,0.6694374084472656,0.6710365414619446,0.16561869361887493,0.722762555821509,0.6073829178824136,0.2078905692119461,0.4259136841336859
249,3.0,2.0,0.0,0.5555555555555556,2,0.5318107667210441,0.3028571428571428,0.26182707993474713,0.6793770790100098,0.6509572863578796,0.7791888710541671,0.5532196659120424,0.6785213897404186,0.7892877434698753,0.7000544175441259
250,1.0,2.0,1.0,0.5555555555555556,1,0.5905150433452321,0.29606942317508933,0.23661397246302907,0.6151503920555115,0.6374654173851013,0.12726868057744,0.56819770873939,0.6201147712392837,0.12256694697324853,0.3595370268823405
251,2.0,2.0,1.0,0.6666666666666666,3,0.5780201342281879,0.3224181360201511,0.25922818791946306,0.6598395109176636,0.7647616267204285,0.8870705329805125,0.6043771381070822,0.7311618291804266,0.870907199531981,0.7733791749500006
252,13.0,2.0,0.0,0.6666666666666666,1,0.5716903344021989,0.25767996331957815,0.21530004580852038,0.6389020085334778,0.7257154583930969,0.9184369475877657,0.6328535605083766,0.7594526209871563,0.6879590572307727,0.7496755465785179
253,9.0,1.0,0.0,1.0,3,0.4696774193548387,0.1914618369987063,0.2064516129032258,0.6444014310836792,0.6352701783180237,0.5654776440676138,0.7075205263923687,0.7220736116780724,0.7839049671637277,0.6947441873254456
254,8.0,2.0,0.0,0.75,2,0.6430578976953344,0.3320202588632527,0.266441821247892,0.660599946975708,0.7639544010162354,0.8836516251565816,0.5279299911783837,0.6226687387505155,0.8496513442848415,0.7209754248425806
255,1.0,1.0,0.0,1.0,1,0.5387045813586099,0.254746835443038,0.22906793048973143,0.643467903137207,0.5784212350845337,0.15733894831633435,0.5437248509158459,0.639854346106503,0.253523941643282,0.3986105217454913
256,1.0,2.0,1.0,0.875,1,0.49310222851078883,0.23292035398230088,0.17403608065086665,0.6032952666282654,0.7268999218940735,0.8685169919622341,0.5682731310519916,0.7892225742314775,0.8557270267572333,0.7704349310007341
257,2.0,1.0,0.0,1.0,1,0.6252646436132674,0.334982332155477,0.3006351446718419,0.6841970682144165,0.529448926448822,0.9068838666895411,0.5520266969094241,0.6390397092752599,0.8912280994028734,0.7472945930692746
258,9.0,2.0,0.0,0.6666666666666666,2,0.578155657292348,0.2475442043222004,0.22105951602354482,0.6144234538078308,0.6981233358383179,0.8043667704384951,0.58214935418479,0.7274174901275414,0.8153282315502732,0.7323154615752749
259,2.0,1.0,1.0,1.0,1,0.641487507263219,0.27574171029668404,0.22777454968041838,0.5790097713470459,0.8063230514526367,0.9097827344975264,0.6466242686400601,0.736259470609712,0.8970683762080274,0.7974337124888314
260,8.0,2.0,0.0,0.75,1,0.5533453887884268,0.2542986425339367,0.25678119349005424,0.6861392855644226,0.7326251268386841,0.8979997241631892,0.6089834932058464,0.7863298285862695,0.887918194284915,0.795307810060055
261,9.0,1.0,0.0,0.75,2,0.659270998415214,0.33527234267583284,0.27575277337559434,0.6476778388023376,0.6555893421173096,0.2013403912953603,0.6904941133988878,0.6845805696114001,0.22058332986998921,0.4492496010439094
262,8.0,1.0,1.0,0.6666666666666666,2,0.493573264781491,0.2866952789699571,0.23821765209940018,0.6501560807228088,0.7061457633972168,0.8165209837805159,0.6115739299001386,0.6441443779980618,0.26656519247755045,0.5847011210390667
263,7.0,1.0,1.0,0.75,2,0.47481021394064865,0.2750518313752592,0.27329192546583847,0.6730676293373108,0.7769128084182739,0.8695204125478845,0.7107871090229041,0.8193208777425494,0.766855993567171,0.7916210982201273
264,2.0,2.0,0.0,1.0,1,0.6465787821720025,0.35575109993714643,0.2661644695543001,0.6967609524726868,0.6329471468925476,0.8660069510129201,0.574209910818219,0.7785972982710986,0.8375133987057103,0.764081889701987
265,8.0,2.0,1.0,0.75,3,0.5308755760368663,0.25092250922509224,0.2368663594470046,0.6240662336349487,0.7345200181007385,0.8995117966700916,0.700684822919658,0.6092461559045189,0.8666824133309227,0.7690312972062978
266,2.0,2.0,0.0,0.5714285714285714,1,0.5842482100238664,0.25322503583373146,0.2252983293556086,0.6268697381019592,0.7999476790428162,0.9073600555434785,0.5639202606751721,0.7718284152618995,0.8809870289232599,0.7810239401009526
267,1.0,2.0,1.0,0.875,1,0.5246338215712383,0.28698356286095067,0.24056813138038172,0.6162945628166199,0.6741142272949219,0.7772990879680592,0.6201652044455677,0.7466238018604714,0.7785945306171945,0.7306706562228232
268,8.0,1.0,1.0,0.75,2,0.6251638269986893,0.3215223097112861,0.29226736566186107,0.6488212943077087,0.7133002281188965,0.9053937974607841,0.6067418121305912,0.6265555166997183,0.8452913696316853,0.7459956239806947
269,10.0,2.0,0.0,0.75,3,0.556923076923077,0.26964560862865944,0.3230769230769231,0.6623905301094055,0.7545628547668457,0.4481501476952229,0.5514478998748855,0.756864741358774,0.35620691288156775,0.5281674254526125
270,2.0,2.0,1.0,0.875,1,0.6440677966101694,0.30656108597285064,0.23502824858757063,0.656015157699585,0.6547358632087708,0.9195110625569953,0.6293302735971836,0.7150808583512891,0.8944004880932207,0.7895806706496722
271,8.0,1.0,1.0,1.0,3,0.5427594070695554,0.3150684931506849,0.27708095781071834,0.6710737347602844,0.7261199355125427,0.4082021645604282,0.6467474986605023,0.7734786763582147,0.078154269681404,0.4766456523151373
272,2.0,2.0,0.0,1.0,1,0.6459701492537313,0.3227734608487747,0.2650746268656716,0.6192469000816345,0.7000665068626404,0.8820042411374598,0.5467011338730492,0.7098683589802618,0.8692143120448204,0.7519470115088978
273,3.0,2.0,1.0,0.75,1,0.4995678478824546,0.2510822510822511,0.2834917891097666,0.642225444316864,0.8361750841140747,0.6883927048563192,0.6843991463009678,0.83040143509876,0.47264346447123157,0.6689591876818196
274,10.0,2.0,0.0,1.0,3,0.6235827664399093,0.3030646992054484,0.28571428571428575,0.6125596165657043,0.6326152086257935,0.8982626848994704,0.5183502700155351,0.5848643966249614,0.8679090472740687,0.7173465997035089
275,1.0,2.0,1.0,0.8888888888888888,1,0.638112973308504,0.28589185829707897,0.25201738050900063,0.672525942325592,0.7440635561943054,0.8581038327470992,0.5023008126463613,0.6601263440949025,0.8667223895172693,0.721813344751408
276,8.0,1.0,1.0,0.875,2,0.6287927695287283,0.2779573367808662,0.26468689477081986,0.6534214615821838,0.5775264501571655,0.5278688398538356,0.5697325259471453,0.7330178422397569,0.5589675396142272,0.5973966869137413
277,1.0,1.0,1.0,0.8888888888888888,2,0.6440049443757725,0.34529702970297027,0.28924598269468477,0.639165461063385,0.6567237973213196,0.3832095476091488,0.6536089671593855,0.6455123327554063,0.40151255258425617,0.5209608500270492
278,8.0,1.0,1.0,1.0,1,0.5818181818181819,0.27450980392156865,0.2713286713286713,0.6549447178840637,0.5959492325782776,0.30023332855396884,0.6390087644565002,0.6600520623283864,0.3127295012099445,0.4780059141372
279,6.0,2.0,1.0,1.0,3,0.5895096921322691,0.25913242009132426,0.2303306727480046,0.6463059186935425,0.789982259273529,0.8869691292450851,0.6968304175752815,0.7877428280540149,0.8688746426318088,0.8101042543765475
280,3.0,1.0,0.0,0.75,1,0.44579358196010405,0.18245004344048654,0.21335646140503034,0.6371662020683289,0.6684008240699768,0.4986857236489216,0.6531491321513672,0.6425718794340655,0.32966048877904425,0.5310168060033497
281,1.0,2.0,1.0,0.625,1,0.501980198019802,0.267591674925669,0.21089108910891088,0.6623598337173462,0.6580567955970764,0.7390782272175777,0.6337419520486438,0.7040052435825576,0.7199886750391903,0.6992035244719923
282,1.0,1.0,0.0,0.625,1,0.5850091407678245,0.2294081757169006,0.2218159658744668,0.6331675052642822,0.737608015537262,0.9009056207012573,0.7547597593495134,0.769941389812239,0.8923978447142307,0.8295011536443102
283,1.0,2.0,1.0,0.625,1,0.6143856143856145,0.316,0.2827172827172827,0.63407301902771,0.7210740447044373,0.7157268507519071,0.6547846916399821,0.8171282935799377,0.7335181072827774,0.730289485813651
284,1.0,2.0,1.0,1.0,1,0.13233923578751164,0.06902985074626866,0.08201304753028892,0.5638265609741211,0.6301328539848328,0.8868895510940338,0.800820749850731,0.8172810924823781,0.7377089321200836,0.8106750813868067
285,2.0,1.0,0.0,1.0,1,0.598145285935085,0.2585139318885448,0.25502318392581147,0.6580486297607422,0.8042205572128296,0.23551097235784918,0.6367187059489564,0.7830599495478736,0.19992501650881067,0.46380366109087245
286,9.0,1.0,0.0,1.0,2,0.4150943396226414,0.2297808012093727,0.24452830188679245,0.6367619633674622,0.7536618709564209,0.8897184370778854,0.6996034636202616,0.7078516893633164,0.7582712662738135,0.7638612140838192
287,1.0,2.0,1.0,1.0,1,0.654945054945055,0.31683168316831684,0.2714285714285714,0.6255143880844116,0.6977083683013916,0.7138692176326698,0.6467166035168385,0.7526085677020757,0.6968665850191682,0.702515243467688
288,8.0,2.0,1.0,0.8888888888888888,3,0.6666666666666666,0.31957547169811323,0.303886925795053,0.6632972359657288,0.6877482533454895,0.9074476545523064,0.5404558324618977,0.8128152102329196,0.9010982354556515,0.7904542331756939
289,1.0,2.0,1.0,0.6666666666666666,1,0.6228513650151668,0.2925101214574899,0.21435793731041453,0.6583701372146606,0.719840407371521,0.8769772311116749,0.3897325798542815,0.8107078479440383,0.8431300429858047,0.7301369254739498
290,1.0,1.0,0.0,1.0,1,0.6540954625810254,0.31622418879056047,0.30524454920447847,0.6519429087638855,0.6872127652168274,0.8763340610947995,0.6666757985873101,0.6866037486849478,0.8499593739570517,0.7698932455810272
291,2.0,2.0,0.0,1.0,4,0.6431054461181924,0.30162412993039445,0.28157589803012745,0.6513705253601074,0.7333051562309265,0.8648814431476519,0.3819866376760238,0.8105145005244283,0.853932404784267,0.7278287465330928
292,1.0,2.0,1.0,1.0,1,0.6373959121877366,0.3078089461713419,0.27252081756245267,0.6661213040351868,0.6070606708526611,0.15482037198059917,0.5901927585430322,0.709699105041843,0.1655277690277888,0.4050600011483158
293,8.0,1.0,1.0,1.0,2,0.5927505330490406,0.27188612099644127,0.2757640369580668,0.650283932685852,0.655305027961731,0.059226844670643305,0.5806926360415486,0.738613921863755,0.10580965230808272,0.3710857637210074
294,1.0,1.0,0.0,0.625,1,0.6085164835164836,0.32599724896836313,0.271978021978022,0.695712685585022,0.7550087571144104,0.8144226042058572,0.6314581224658122,0.6892691497738872,0.7946254245453829,0.7324438252477348
295,8.0,1.0,0.0,0.7142857142857143,2,0.5895249695493301,0.2560975609756098,0.22898903775883067,0.670103907585144,0.6827659010887146,0.926059680595921,0.49987314407723105,0.7275953667542386,0.9084740760955615,0.765500566880738
296,1.0,2.0,0.0,0.75,2,0.5036572622779519,0.19351464435146443,0.1818181818181818,0.6176419854164124,0.7084758877754211,0.8494744236121055,0.5408343600414066,0.6867012585294093,0.8143973124495414,0.7228518386581156
297,8.0,1.0,1.0,0.5714285714285714,1,0.33968657348581105,0.17465027554048326,0.18297331639135958,0.6542358994483948,0.6173458099365234,0.8313217152028668,0.827217620580299,0.8881484098139081,0.7185512129964461,0.81630973964838
298,2.0,1.0,1.0,1.0,1,0.20165537998495106,0.10851544837980408,0.13995485327313767,0.6124135851860046,0.7294653654098511,0.9359534654165999,0.8281160053170094,0.6242183065777765,0.81504677324679,0.8008336376395438
299,9.0,2.0,1.0,1.0,1,0.5518248175182482,0.2777777777777778,0.2364963503649635,0.6559102535247803,0.46579837799072266,0.690429856218078,0.48016279211456847,0.5967106332879474,0.663792057006525,0.6077738346567796
300,2.0,1.0,1.0,1.0,2,0.6207317073170733,0.2844932844932844,0.25121951219512195,0.6550854444503784,0.6818488240242004,0.8042205896020479,0.5564938379373511,0.5786421791384277,0.7849850882648951,0.6810854237356805
301,8.0,2.0,0.0,1.0,2,0.6002239641657334,0.30829596412556054,0.2586786114221724,0.6456786394119263,0.6654055118560791,0.7968435354427233,0.6597568868029666,0.635001909457973,0.8116486223998297,0.7258127385258731
302,9.0,1.0,1.0,0.75,2,0.6545226130653267,0.3358490566037735,0.2449748743718593,0.6531194448471069,0.746902346611023,0.7954213267860307,0.43503002202403646,0.6783876192580459,0.8199003888591699,0.6821848392318207
303,8.0,1.0,1.0,1.0,1,0.4484777517564402,0.25674091441969515,0.2377049180327869,0.6405615210533142,0.7133415341377258,0.04753985378536706,0.5442675367397145,0.7331392207109104,0.040119506776457585,0.34126652950311237
304,1.0,1.0,0.0,0.875,1,0.5079051383399209,0.23960396039603957,0.2312252964426878,0.6519439220428467,0.7307297587394714,0.15860265658192474,0.6350957155583262,0.7706713418927477,0.3810264067734065,0.48634903020160125
305,7.0,2.0,0.0,0.75,2,0.5213270142180094,0.2076963626779125,0.1885202738283307,0.6245481371879578,0.7364609837532043,0.5446582986653458,0.5738881715613454,0.8480045929637298,0.41692808130565995,0.5958697861240202
306,8.0,1.0,0.0,1.0,3,0.6035294117647059,0.2979976442873969,0.28705882352941176,0.6015438437461853,0.8040812015533447,0.5098652777491754,0.5526268121103696,0.6485506110620488,0.3655843673001972,0.5191567670554477
307,1.0,1.0,1.0,1.0,3,0.5207253886010362,0.26718547341115434,0.21502590673575128,0.6856130957603455,0.6613485813140869,0.4570933068993841,0.6596920487685809,0.866113545405962,0.2023913031686728,0.54632255106065
308,8.0,1.0,1.0,1.0,1,0.6164978292329956,0.3235152100434573,0.23733719247467439,0.6315456628799438,0.7812840938568115,0.8396055886245037,0.5726528213259668,0.6874358286997138,0.8030713336520036,0.725691393075547
309,1.0,1.0,1.0,0.625,2,0.6108140225787284,0.25580011897679955,0.24361259655377301,0.6486685276031494,0.6939375400543213,0.8612873153524913,0.5919109441285916,0.7609913641094442,0.857431440126158,0.7679052659291712
310,1.0,1.0,0.0,0.75,1,0.6246819338422391,0.32356687898089176,0.3066157760814249,0.6853383183479309,0.6741721034049988,0.7605623078053859,0.6386552077495832,0.7712378438920323,0.7997048112432441,0.7425400426725615
311,1.0,2.0,1.0,0.875,1,0.6027918781725888,0.23506988564167727,0.2055837563451777,0.628043532371521,0.7274547815322876,0.8366297871833147,0.5022342125719613,0.704427416732737,0.8237995495872726,0.7167727415188214
312,5.0,2.0,1.0,0.625,1,0.4886170574243969,0.2495749744984699,0.1800883452259599,0.6534061431884766,0.7761515974998474,0.900429593777028,0.4940478416837724,0.738417203861461,0.8755372573427281,0.7521079741662474
313,4.0,2.0,1.0,0.625,1,0.6620689655172415,0.348380244291025,0.30450928381962866,0.6358190774917603,0.7757415771484375,0.9038760829809365,0.5678738972798488,0.8051781329870628,0.8856016685217469,0.7906324454423987
314,9.0,1.0,0.0,1.0,2,0.5413105413105413,0.24393723252496435,0.25071225071225073,0.6491472721099854,0.6148818731307983,0.8354770446330366,0.4888306915816272,0.7185262474622078,0.8286438236707153,0.7178694518368967
315,8.0,1.0,1.0,1.0,2,0.5484089370345294,0.27932203389830507,0.2870683818551117,0.6689186692237854,0.7262176871299744,0.7084626164732919,0.8286384544615786,0.7366759581639463,0.47438107119461975,0.6870395250733591
316,9.0,2.0,1.0,0.625,1,0.575098814229249,0.27200791295746785,0.22134387351778656,0.6310644745826721,0.7335408329963684,0.8430476204554357,0.5421937058256862,0.687686447363187,0.8562329552655419,0.7322901822274626
317,1.0,1.0,0.0,1.0,1,0.5966913861950942,0.27755568246716167,0.24073017683970335,0.6916730403900146,0.6507838368415833,0.8900702213093907,0.6028638331296448,0.6196153636439456,0.8617958497447011,0.7435863169569206
318,2.0,2.0,1.0,1.0,1,0.6264848218213814,0.404227212681638,0.29916410030796303,0.6751972436904907,0.8258032202720642,0.8879958055880838,0.6811564614814538,0.8057378139320979,0.8729966023431347,0.8119716708361925
319,4.0,1.0,1.0,0.8888888888888888,2,0.6062717770034844,0.3,0.2508710801393728,0.6267525553703308,0.7082983255386353,0.817482930623061,0.6086147531327907,0.5388632183305591,0.6797524037977244,0.6611783264710338
320,1.0,1.0,0.0,1.0,1,0.5080745341614906,0.2711442786069652,0.21987577639751552,0.638348400592804,0.769587516784668,0.7853930198385621,0.6053583190320314,0.7438015733839416,0.7293660980454637,0.7159797525749998
321,4.0,1.0,1.0,0.8888888888888888,2,0.5832349468713105,0.3581560283687943,0.3152302243211334,0.6638703942298889,0.7393783330917358,0.8608646790376026,0.6665229909797038,0.5722349295807736,0.8044394595372925,0.7260155147838431
322,1.0,2.0,1.0,0.75,1,0.5378346915017462,0.2710679611650485,0.22196352347691115,0.6096323132514954,0.7554003000259399,0.8422970664740782,0.6338144889317656,0.7153393078304647,0.812488096635804,0.7509847399680282
323,9.0,1.0,0.0,0.5555555555555556,3,0.5771592304543594,0.29496108152396555,0.283258288988948,0.6421843767166138,0.7259441018104553,0.6644739651790993,0.5178765401607237,0.6973025288651117,0.73706721487457,0.6541800622698761
324,2.0,2.0,0.0,1.0,2,0.18004338394793928,0.11432706222865413,0.10845986984815618,0.6466460227966309,0.7638491988182068,0.7380294509463821,0.6712706882074746,0.6601509238647554,0.7075272608224835,0.6942445809602739
325,2.0,1.0,1.0,1.0,2,0.6533957845433255,0.33294255568581477,0.29274004683840754,0.6655075550079346,0.8019489049911499,0.7945977901581417,0.625256985161008,0.7445870357948842,0.8600717553384627,0.7561283916131241
326,10.0,2.0,1.0,1.0,2,0.6200115673799884,0.31615518239722057,0.24522845575477156,0.7057173252105713,0.7031314373016357,0.8124251481011655,0.5798529822534677,0.664172786905379,0.7894300250436787,0.7114702355759227
327,8.0,1.0,1.0,0.75,3,0.4587597832630945,0.19047619047619047,0.19385912101143887,0.5890840888023376,0.6765307188034058,0.18977738879252176,0.6086128833912935,0.6877693924604787,0.18033265632257167,0.41662308024171646
328,1.0,1.0,0.0,0.5555555555555556,1,0.6012145748987855,0.2765957446808511,0.23987854251012147,0.6586202383041382,0.7424600720405579,0.7921202968232891,0.6140690249212445,0.6995777505068275,0.7998639566822674,0.7264077572334071
329,1.0,2.0,1.0,1.0,1,0.5433911882510014,0.2887700534759358,0.24299065420560748,0.6532542705535889,0.5337504744529724,0.5726920421965057,0.6384299189151614,0.7059757879894591,0.5542166398204018,0.617828597230382
330,2.0,2.0,1.0,1.0,1,0.6197701149425286,0.3534284399447768,0.30528735632183907,0.6436381936073303,0.7244784235954285,0.8837441869061051,0.6552584565204268,0.7216165922834344,0.8697173579624541,0.7825841484181051
331,2.0,2.0,1.0,1.0,1,0.6461055933089388,0.3223443223443223,0.25300575013068477,0.6657254099845886,0.666990339756012,0.9017664791822702,0.6772309898929937,0.726029467201105,0.8751454467882519,0.7950430957661552
332,3.0,2.0,1.0,1.0,1,0.6132075471698113,0.300944669365722,0.27897574123989216,0.690737783908844,0.7515749931335449,0.4008512053109165,0.6367412183378754,0.6671537397009851,0.4700153907529238,0.5436903885256752
333,2.0,2.0,1.0,1.0,1,0.565459610027855,0.266728624535316,0.23026926648096566,0.6232626438140869,0.726195216178894,0.7706763520221561,0.6947337458231599,0.7967057837738686,0.7079748808504588,0.7425226906174109
334,9.0,1.0,1.0,1.0,2,0.5785288270377734,0.27761194029850744,0.27634194831013914,0.6494545936584473,0.7197166085243225,0.8957084416627166,0.6136373812405169,0.7942371704643064,0.8936110262132361,0.7992985048951939
335,8.0,1.0,0.0,1.0,2,0.5964642582628747,0.24172440338722093,0.25518831667947733,0.6561933159828186,0.697381317615509,0.7123733528505568,0.6031278222612221,0.7340821156600129,0.6242177902125345,0.6684502702460815
336,8.0,1.0,1.0,1.0,1,0.5748148148148149,0.29821958456973297,0.2711111111111111,0.6839163899421692,0.7478229403495789,0.7910948049621511,0.6322696165922451,0.8217560573950194,0.8814578684465866,0.7816445868490005
337,10.0,2.0,1.0,1.0,2,0.6486137975499678,0.35377663008392507,0.25918762088974856,0.6573829054832458,0.547834038734436,0.9148797168597608,0.5375387424835362,0.6147081694731924,0.8985830890615736,0.7414274294695158
338,8.0,2.0,1.0,1.0,2,0.4924924924924925,0.3131886477462438,0.24290957624290957,0.636159360408783,0.7284640669822693,0.907732974201584,0.6007051712874116,0.8802026151347927,0.8983404595276633,0.8217453050378629
339,8.0,1.0,1.0,0.875,2,0.6493998736576122,0.3314358001265022,0.2918509159823121,0.636343240737915,0.7146700024604797,0.500874056264809,0.6039419025342984,0.7701041606307403,0.5521095094148211,0.6067574072111672
340,8.0,1.0,1.0,1.0,1,0.5077720207253886,0.2223869532987398,0.23538119911176905,0.6622308492660522,0.5352261066436768,0.5977833442148373,0.6650790256494781,0.6490516967745171,0.4046157066684723,0.5791324433268262
341,1.0,2.0,1.0,0.75,1,0.5952512424075096,0.31730237700386954,0.26725565985643296,0.6359736919403076,0.7875628471374512,0.6075301754197736,0.5695554275786215,0.8233952302147172,0.3987962934153416,0.5998192816571135
342,2.0,1.0,1.0,1.0,3,0.6694661067786443,0.33993993993993993,0.30113977204559084,0.6989551782608032,0.6676837205886841,0.8799536624434233,0.5726690968046043,0.6959107446976113,0.8722492012850013,0.75519567630766
343,8.0,2.0,1.0,1.0,2,0.6453715775749674,0.31070496083550914,0.25423728813559326,0.6797159910202026,0.7332760691642761,0.25306989854759016,0.6031684761959564,0.6805168176428367,0.19976143527344054,0.4341291569149559
344,9.0,2.0,1.0,1.0,0,0.5065123010130246,0.25652173913043474,0.25180897250361794,0.658185601234436,0.7190514802932739,0.049234511979419034,0.5881742849620804,0.7023971461948104,0.0376991231265523,0.3443762665657155
345,9.0,1.0,0.0,0.75,1,0.6851742468989959,0.3595505617977528,0.3000590667454223,0.7046251893043518,0.6802700757980347,0.8804476559210721,0.6001785907346674,0.6068400300706319,0.8691314811702378,0.7391494394741522
346,1.0,2.0,1.0,0.75,1,0.6065472513897467,0.24860853432282,0.23965410747374924,0.636380672454834,0.7027817964553833,0.8882751688417243,0.5191957286408384,0.6647874362976754,0.8488287829677508,0.7302717791869973
347,2.0,2.0,1.0,1.0,1,0.5867276887871854,0.304168575355016,0.25263157894736843,0.6348928213119507,0.6713234782218933,0.9010843987568554,0.618320569600718,0.7684088278539539,0.8762446585962677,0.7910146137019487
348,3.0,2.0,0.0,1.0,2,0.4691943127962085,0.22213438735177865,0.17772511848341235,0.6120930910110474,0.7601773142814636,0.8650619062425223,0.4856871867415812,0.7190385125543362,0.8568298153476818,0.7316543552215303
349,9.0,1.0,1.0,0.875,1,0.5491891891891892,0.28354978354978355,0.2810810810810811,0.6502377390861511,0.6451234221458435,0.8454206750893138,0.6613013122422542,0.731360311033388,0.7088150496602788,0.7367243370063088
350,1.0,2.0,1.0,0.5555555555555556,1,0.6765799256505576,0.36576289207868157,0.275092936802974,0.6542489528656006,0.6889137625694275,0.8798841498517552,0.5075927727018719,0.6827823737517728,0.8314724833568083,0.7254329449155521
351,9.0,1.0,1.0,1.0,2,0.44793484584060494,0.21665695981362842,0.21291448516579406,0.621418297290802,0.6456810235977173,0.7833235799673293,0.5774046391490573,0.7432523092780879,0.7832870691775132,0.7218168993929969
352,2.0,1.0,1.0,0.625,3,0.49182561307901906,0.2469304229195089,0.2615803814713896,0.6354228258132935,0.7941136360168457,0.14986470756575915,0.6900109897821989,0.7260008645920587,0.20078026882963088,0.4416642076924119
353,1.0,2.0,1.0,0.625,1,0.5810055865921788,0.2907981698017285,0.24276282376841035,0.6502819061279297,0.5782796144485474,0.8846627333605818,0.6666415951296367,0.7802313347870281,0.8788064972357565,0.8025855401282508
354,4.0,2.0,0.0,0.625,1,0.5955249569707401,0.29026701119724374,0.24526678141135974,0.6389506459236145,0.8061970472335815,0.899120343081755,0.6634770272224291,0.8254176945242039,0.8742877558468618,0.8155757051688124
355,13.0,1.0,0.0,0.75,3,0.3365876336587634,0.19171707771056307,0.18317061831706186,0.6751082539558411,0.760729968547821,0.8581708055557733,0.684849130480331,0.7662608922062736,0.8562566154138861,0.791384360914066
356,4.0,2.0,1.0,0.875,1,0.6546071226681741,0.33503112620260334,0.30864895421141886,0.6429054737091064,0.6830607056617737,0.8678942101294009,0.611303232531044,0.7940466201016998,0.8671647708856095,0.7851022084119386
357,3.0,2.0,1.0,1.0,1,0.5869565217391305,0.3325272067714631,0.3176328502415459,0.6321690082550049,0.804608166217804,0.12070860077427353,0.499533480712945,0.8042466322070418,0.17083347495844717,0.3988305471631769
358,1.0,2.0,1.0,0.625,1,0.318297009630005,0.20903094875697617,0.22098327420172326,0.6465844511985779,0.6827474236488342,0.4576213853731808,0.8114921241907902,0.7774250277238813,0.13227404612831112,0.5447031458540409
359,9.0,2.0,1.0,0.7777777777777778,1,0.6206896551724137,0.29919447640966634,0.28160919540229884,0.6902672052383423,0.6225953698158264,0.9087476699026718,0.5514000886808123,0.7601338751200818,0.8976703338289211,0.7794879918831218
360,1.0,1.0,0.0,1.0,1,0.6689381033503691,0.3320068220579875,0.272572402044293,0.6655978560447693,0.6974285840988159,0.7730385578588571,0.50048145384625,0.6654723049860034,0.7445598979414054,0.670888053658129
361,8.0,2.0,1.0,1.0,3,0.38852672750977835,0.21437908496732025,0.18252933507170793,0.6194294095039368,0.6482057571411133,0.7568829673739466,0.8239950504555253,0.8563803273931445,0.683840756254486,0.7802747753692757
362,8.0,2.0,1.0,1.0,2,0.5144144144144144,0.3146979260595131,0.2801801801801802,0.6523584723472595,0.5629576444625854,0.04138793875560693,0.5878004570638964,0.7158444751154323,0.06064750430813374,0.35142009381076733
363,8.0,2.0,1.0,0.875,2,0.593643031784841,0.2750856583455703,0.22200488997555012,0.7003868222236633,0.6931855082511902,0.8988252915793836,0.5810256401511864,0.7676820514205696,0.8772640044808688,0.7811992469080021
364,2.0,2.0,1.0,1.0,2,0.22690763052208837,0.12060301507537688,0.142570281124498,0.6423830389976501,0.6719334125518799,0.1778382257512609,0.5167826266503153,0.8365478651908864,0.2689588097389084,0.45003188183284276
365,1.0,1.0,1.0,1.0,1,0.5868347338935574,0.28751753155680226,0.25770308123249297,0.6509949564933777,0.6821677684783936,0.9109206168211015,0.6752789425055167,0.7035316734372512,0.8498514076354166,0.7848956600998215
366,8.0,1.0,0.0,0.75,3,0.48226950354609927,0.27079107505070993,0.2350557244174266,0.6905368566513062,0.6448169350624084,0.7988490844986944,0.7029142000283709,0.5929467180142283,0.8212096364913051,0.7289799097581496
367,8.0,2.0,0.0,1.0,2,0.6205714285714284,0.3169336384439359,0.2571428571428572,0.6019995808601379,0.6056922674179077,0.7013211571107042,0.5911650061148197,0.6599052718125823,0.8332090417513917,0.6964001191973745
368,9.0,1.0,1.0,1.0,2,0.5712589073634204,0.34363852556480384,0.28622327790973867,0.6986426711082458,0.4985329806804657,0.44758374079573665,0.5470827057484405,0.8151118076744225,0.4011824254348547,0.5527401699133636
369,9.0,1.0,1.0,1.0,3,0.68,0.41860465116279066,0.3716129032258064,0.6826735138893127,0.7475137710571289,0.7764400394670535,0.6561025907235013,0.7017416722828944,0.7698224156558707,0.7260266795323299
370,3.0,2.0,1.0,0.7777777777777778,1,0.5366726296958855,0.2775290957923008,0.20304114490161,0.624602735042572,0.7199727296829224,0.8430864700128687,0.5948831978191045,0.696963258510398,0.8265256003815097,0.7403646316809701
371,1.0,1.0,0.0,0.75,1,0.6273637374860955,0.29955456570155903,0.25027808676307006,0.6081623435020447,0.7674524188041687,0.8880872089538792,0.6161457749339362,0.6435654819325863,0.8745974633820928,0.7555989823006236
372,9.0,1.0,1.0,1.0,3,0.6064769381746811,0.29469548133595286,0.239450441609421,0.6451178789138794,0.7292887568473816,0.9127341223931559,0.7043743820417572,0.7864278877583081,0.9050981249533219,0.8271586292866357
373,9.0,2.0,1.0,1.0,2,0.4942233632862645,0.2814910025706941,0.22593068035943517,0.6404673457145691,0.5990831851959229,0.24632706087308195,0.6537261251370762,0.746489558643154,0.325899069276529,0.4931104534824603
374,2.0,1.0,0.0,0.7777777777777778,1,0.4281742354031511,0.23376623376623373,0.2103799814643188,0.6442304849624634,0.7762165069580078,0.9199852260422172,0.6635229442592914,0.604901265850202,0.9041610219012799,0.7731426145132476
375,2.0,1.0,1.0,0.6666666666666666,2,0.4720455306327419,0.2224455611390285,0.18881821225309675,0.614996612071991,0.7240564823150635,0.8342921633876632,0.5638560764222662,0.6867032724007953,0.8124746044614131,0.7243315291680346
376,2.0,1.0,1.0,0.5555555555555556,2,0.4890459363957596,0.2468175388967468,0.20777385159010603,0.6033290028572083,0.7310020923614502,0.8974698957559331,0.48707936651090844,0.6915125052555767,0.8707816915243537,0.736710864761693
377,9.0,2.0,1.0,1.0,3,0.6395348837209303,0.3343915343915344,0.2167019027484144,0.6144325137138367,0.7147660255432129,0.9080768677044986,0.5143568351591782,0.5140503381477638,0.8609359466353191,0.6993549969116899
378,9.0,2.0,1.0,0.5555555555555556,1,0.5466307277628033,0.2795466810577442,0.23611859838274932,0.692022442817688,0.5600602626800537,0.8734229575176146,0.4329141380959401,0.7538744204780834,0.8662864918079278,0.7316245019748915
379,2.0,2.0,1.0,1.0,1,0.610134436401241,0.2577639751552795,0.2316442605997932,0.6384597420692444,0.636922299861908,0.8474584681570143,0.44654574455965357,0.7102347274784694,0.8249739350186197,0.7073032188034393
380,1.0,2.0,1.0,1.0,1,0.6157813305827746,0.3004646360351058,0.2444559051057246,0.6811451315879822,0.8066626787185669,0.8285111153361271,0.5892110262331813,0.6167999942945248,0.8301533164928778,0.7161688630891777
381,1.0,2.0,1.0,0.5555555555555556,1,0.5539437896645512,0.27495462794918335,0.2511332728921124,0.6601219177246094,0.718812882900238,0.8876852159177097,0.6399334771983298,0.7326750735176083,0.856495741318044,0.779197376987923
382,1.0,1.0,0.0,0.625,1,0.5948785292186474,0.3247863247863248,0.3086014445173999,0.6478034853935242,0.8598528504371643,0.21994968518295605,0.6864366967850006,0.8389683420082819,0.334389901483037,0.5199361563648189
383,9.0,1.0,1.0,1.0,2,0.5746306673458991,0.2876083630800612,0.22414671421293939,0.6308759450912476,0.6741880178451538,0.7620553507637191,0.5462463019328637,0.5589779093156061,0.7480952089594954,0.653843692742921
384,1.0,2.0,1.0,0.6666666666666666,1,0.5969230769230769,0.2784966112138016,0.25107692307692314,0.6583722829818726,0.709784746170044,0.8300653358103472,0.5589579266049889,0.5105041525113905,0.7851535416270509,0.6711702391384443
385,1.0,2.0,1.0,0.8888888888888888,1,0.3665454545454545,0.20538965768390385,0.21672727272727274,0.5909441709518433,0.7099223732948303,0.624521274336758,0.6504933957270762,0.4370749884042381,0.3109044844683808,0.5057485357341133
386,1.0,1.0,0.0,0.5555555555555556,1,0.5783132530120482,0.26030150753768844,0.21586345381526106,0.6534485220909119,0.7074032425880432,0.8052265554986987,0.5178244037875852,0.7328394730321913,0.7702564639624262,0.7065367240702254
387,8.0,2.0,0.0,1.0,2,0.49005628517823646,0.23432219301539614,0.22889305816135086,0.6045635342597961,0.7423170208930969,0.7655983766725946,0.6617895999376261,0.6421997038496581,0.7690169858138152,0.7096511665684235
388,1.0,1.0,0.0,1.0,1,0.4359214218896165,0.17432052483598875,0.2020579981290926,0.6393930912017822,0.8378122448921204,0.5663375301063616,0.7210899373048796,0.8454813055793046,0.45614147135480504,0.6472625610863377
389,8.0,1.0,1.0,1.0,2,0.4585106382978724,0.28221512247071356,0.23191489361702128,0.6773515939712524,0.6746432781219482,0.5001911092661305,0.7310688616626042,0.6654161695526988,0.2684365961054066,0.54127818414671
390,8.0,1.0,1.0,1.0,2,0.5860271115745569,0.2703549060542797,0.23670490093847754,0.6337471604347229,0.751078724861145,0.8622387815898676,0.7383300563840721,0.7855056480721679,0.8572279477255844,0.8108256084429231
391,7.0,1.0,1.0,0.5555555555555556,2,0.6440677966101696,0.3489477257298031,0.328135593220339,0.6306788325309753,0.7299649715423584,0.6843898701027458,0.5987985503773869,0.7473132408741455,0.6624844250760924,0.6732465216075927
392,7.0,1.0,1.0,0.5555555555555556,2,0.4701049748973072,0.20831429876656007,0.19717024189867638,0.6326777338981628,0.6757263541221619,0.08512841380952689,0.7111740088797062,0.6499343370388634,0.11054319535687097,0.3891949887712418
393,9.0,1.0,1.0,1.0,2,0.5499153976311336,0.29974597798475866,0.2495769881556684,0.6456496715545654,0.7634511590003967,0.45403762046042817,0.6203905851206201,0.8199727484085314,0.502214084396729,0.5991537595965772
394,9.0,2.0,1.0,1.0,2,0.6211055276381909,0.33702213279678067,0.2814070351758794,0.6916957497596741,0.6175638437271118,0.8490741332928337,0.5892917815498242,0.6663276911672527,0.8311628172358524,0.7339641058114407
395,9.0,2.0,1.0,1.0,3,0.6449864498644986,0.2971506105834464,0.2262872628726287,0.66819828748703,0.6299996972084045,0.6525411494474306,0.5730675494349518,0.6839878249683241,0.6957095349971651,0.6513265147119679
396,1.0,2.0,1.0,0.6666666666666666,1,0.6330868761552679,0.34967622571692875,0.2698706099815157,0.6460179090499878,0.7652599811553955,0.8265586973973431,0.6591537320314541,0.8365095903699602,0.8088831890349178,0.7827763022084188
397,2.0,1.0,1.0,0.5555555555555556,2,0.6039556198745779,0.2732979237083535,0.2392667631452002,0.6621481776237488,0.6391237378120422,0.8798767379509772,0.5363484921908046,0.6649785692135926,0.8732530517753732,0.7386142127826869
398,7.0,1.0,1.0,0.5555555555555556,3,0.3545816733067729,0.1547049441786284,0.15617529880478087,0.5983337163925171,0.7826790809631348,0.2562944702457205,0.5918117666918074,0.7111377862885925,0.16232486729444706,0.4303922226301418
399,2.0,1.0,1.0,0.625,2,0.5169842584921293,0.22470978441127695,0.1847555923777962,0.6103999018669128,0.7127629518508911,0.8854195232803702,0.64837693445549,0.7753013608891798,0.869698763763305,0.7946991455970863
400,9.0,1.0,0.0,0.5555555555555556,3,0.4083739604244336,0.2048780487804878,0.17837682821909953,0.6262943744659424,0.7037092447280884,0.8260143817688074,0.4944657985278087,0.7405361486650469,0.7445223426655926,0.701384667906814
401,1.0,1.0,0.0,1.0,1,0.6280587275693311,0.3398692810457516,0.2707993474714519,0.6833965182304382,0.6653760075569153,0.83761733751548,0.6676908518625401,0.6363482812176862,0.8106637819386676,0.7380800631335934
402,1.0,2.0,1.0,1.0,1,0.5676784249384741,0.28759244042728016,0.251025430680886,0.6578447222709656,0.7219066023826599,0.14615670837225708,0.7257438226506763,0.8262930523170127,0.4022484624233328,0.5251105114408197
403,8.0,2.0,0.0,1.0,2,0.5879446640316206,0.29376854599406527,0.2658102766798419,0.6495733261108398,0.7099796533584595,0.7435733728252751,0.6601997789763574,0.6934660234451383,0.8060782782517095,0.7258293633746201
404,3.0,2.0,1.0,0.8888888888888888,1,0.5931372549019608,0.35819430814524045,0.32254901960784316,0.660116970539093,0.6892226934432983,0.8142813877979643,0.6228346114541523,0.6450884196378538,0.8132214878010873,0.7238564766727644
405,1.0,2.0,1.0,0.7777777777777778,1,0.6054347826086957,0.30359085963003263,0.2673913043478261,0.6529824733734131,0.7566930651664734,0.9120555075607615,0.7043873978043044,0.6807465801097187,0.8860916677239097,0.7958202882996734
406,2.0,1.0,1.0,0.7777777777777778,1,0.5376016260162602,0.25940996948118006,0.21239837398373984,0.5908453464508057,0.7439563870429993,0.041945265292227016,0.484999188146612,0.8177094180807294,0.05052956617095238,0.3487958594226302
407,1.0,2.0,1.0,0.6666666666666666,1,0.5352907961603615,0.2815149802148106,0.31055900621118016,0.6774720549583435,0.7441937923431396,0.1674463150668054,0.687395261099836,0.7752533446828159,0.1877063556704575,0.4544503191299787
408,8.0,2.0,0.0,1.0,3,0.48759541984732824,0.28175740210124167,0.2547709923664122,0.6288976669311523,0.6160053610801697,0.5086003769115368,0.6938278624857346,0.7133813905218589,0.5327940848288792,0.6121509286870024
409,3.0,2.0,1.0,0.7777777777777778,1,0.5162618361465623,0.24721878862793573,0.2083161794977357,0.6176457405090332,0.7933376431465149,0.8423014114625739,0.4640623002593246,0.7227307808874894,0.8147900774918689,0.7109711425253141
410,10.0,1.0,1.0,0.7777777777777778,3,0.5289122523251111,0.2824767300687981,0.23048928427011728,0.638244092464447,0.6663252115249634,0.48112130935775127,0.5486515656969062,0.7189136438510574,0.7656711164183759,0.6285894088310228
411,6.0,1.0,0.0,0.5555555555555556,1,0.5539112050739958,0.2752293577981651,0.2551092318534179,0.7039675712585449,0.6685543656349182,0.9307665513577914,0.6610253739830529,0.7996531279961323,0.9051703672491678,0.8241538551465362
412,9.0,1.0,1.0,1.0,1,0.26318711826762914,0.12340188993885493,0.14103275957801223,0.6110872626304626,0.6724604964256287,0.5001634233287688,0.7204898024845738,0.7952180679201875,0.2803361261390943,0.5740518549681561
413,5.0,1.0,1.0,0.5555555555555556,1,0.5742574257425742,0.2886686772942697,0.25914765389582434,0.6758117079734802,0.7272100448608398,0.7893101295897204,0.4484490376975871,0.6961839859180272,0.7966718840465509,0.6826537593129713
414,8.0,1.0,0.0,0.5555555555555556,2,0.583616093068347,0.28141678796700625,0.2646631119728551,0.5727002024650574,0.6638268232345581,0.861119969081676,0.5143484877829806,0.7472337661585349,0.8607723185623408,0.745868635396383
415,8.0,2.0,0.0,0.7777777777777778,3,0.6085192697768762,0.3096446700507614,0.2789046653144016,0.6541585922241211,0.7392375469207764,0.936627196253763,0.6416280432936742,0.8449270957321134,0.9101065504115752,0.8333222214227815
416,9.0,1.0,0.0,0.6666666666666666,1,0.592292089249493,0.24915368991198372,0.2123056118999324,0.6461155414581299,0.6052197813987732,0.7326843964054779,0.5262482249239534,0.7478438476971082,0.5769101264940775,0.6459216488801542
417,2.0,2.0,1.0,0.8888888888888888,1,0.5703056768558952,0.32604895104895104,0.27074235807860264,0.6952899694442749,0.6044108867645264,0.8466900985327797,0.6871032268373941,0.7945468245708353,0.841287298947457,0.7924068622221164
418,1.0,2.0,1.0,0.7777777777777778,1,0.5686724850711988,0.2970114942528736,0.22691777675700503,0.6399117112159729,0.7260597944259644,0.8479981887188051,0.5929527884566224,0.7100749739372704,0.8283146667954934,0.7448351544770477
419,8.0,1.0,0.0,1.0,1,0.4617210682492582,0.28401663695781343,0.2741839762611276,0.6907901763916016,0.6653317213058472,0.21496373712905126,0.6197079440048844,0.7167676786097346,0.23277468277327681,0.44605351062923676
420,8.0,2.0,1.0,0.5555555555555556,1,0.6526195899772209,0.31927023945267957,0.27107061503416857,0.6723201870918274,0.7428475022315979,0.7871299341143295,0.6323107673410276,0.7204654381809686,0.7780667300547032,0.7294932174227573
421,4.0,2.0,0.0,0.5555555555555556,2,0.46422084998183794,0.24136677571792073,0.20922629858336358,0.6453850269317627,0.7256162762641907,0.8606308105041822,0.5924357679651034,0.8373953078480922,0.8520564407271379,0.785629581761129
422,8.0,2.0,1.0,0.5555555555555556,3,0.4066945606694561,0.2269681742043551,0.2075313807531381,0.6460097432136536,0.6533792614936829,0.127597399926781,0.5350005613541327,0.7304946667088167,0.15670685003465976,0.3874498695060975
423,8.0,2.0,1.0,0.8888888888888888,2,0.5884498480243161,0.35666463785757757,0.35866261398176286,0.6449561715126038,0.7244226932525635,0.7853754324573486,0.7129107586793418,0.8423694083257856,0.712769909150807,0.7633563771533207
424,2.0,1.0,1.0,0.5555555555555556,1,0.47588652482269495,0.24059616749467708,0.18085106382978725,0.5980969071388245,0.7608441710472107,0.8714511438219086,0.5891572354236639,0.774319439336184,0.7942789150365268,0.7573016834045708
425,8.0,2.0,0.0,1.0,3,0.601521357519017,0.24370240187463385,0.22586307782328846,0.6048234701156616,0.7365939617156982,0.8366050763489654,0.6522064074940492,0.8784398264026514,0.8353721031298211,0.8006558533438718
426,9.0,1.0,1.0,1.0,2,0.5780346820809249,0.24437299035369775,0.2491971740526654,0.6527190208435059,0.7581794261932373,0.5129497612991449,0.5864791636221292,0.7178001158656837,0.36108450397132175,0.5445783861895699
427,2.0,2.0,1.0,0.7777777777777778,2,0.5204731574158324,0.21330902461257978,0.22565969062784347,0.620438814163208,0.7826874256134033,0.3517809199651021,0.5275230509292405,0.840717863799149,0.3382061509226366,0.5145569964040321
428,8.0,1.0,1.0,0.7777777777777778,3,0.5967741935483871,0.33186490455212925,0.28739002932551316,0.689092218875885,0.6129944324493408,0.6739346102044627,0.6259420559803572,0.8094925385961379,0.4481219321472375,0.6393727842320489
429,1.0,2.0,1.0,0.6666666666666666,1,0.5741565881604074,0.30465264499681327,0.3017186505410567,0.6918632388114929,0.7000772356987,0.2049292987043982,0.6494830987398637,0.7605540694055687,0.21240294903590648,0.4568423539714343
430,12.0,1.0,1.0,0.5555555555555556,1,0.5949367088607596,0.2676056338028169,0.2841068917018284,0.6384836435317993,0.6713096499443054,0.7856439026453165,0.7746924672786973,0.7116775940073725,0.5218766813352339,0.6984726613166551
431,14.0,2.0,0.0,0.6666666666666666,2,0.6445040214477212,0.35319377348362857,0.3367292225201072,0.6823258996009827,0.7722664475440979,0.9249287547664679,0.6474075224008022,0.8055667194600039,0.8983566197980966,0.8190649041063426
432,8.0,2.0,0.0,0.5555555555555556,2,0.6275946275946276,0.32396088019559904,0.2783882783882784,0.6917691826820374,0.7923519015312195,0.8789727756581356,0.5365039704716212,0.7541107737335658,0.8682028201872466,0.7594475850126423
433,9.0,2.0,0.0,0.875,4,0.5133418043202034,0.22010178117048346,0.21346886912325286,0.5785591006278992,0.658287763595581,0.2603359401652458,0.6547202599987617,0.7442845434902751,0.11404020029770084,0.4433452359879958
434,2.0,1.0,0.0,0.6666666666666666,1,0.6036217303822937,0.24445936870382806,0.24413145539906103,0.6356741189956665,0.7113692164421082,0.8374617291490313,0.5771568973241051,0.766082516042337,0.8262909564039926,0.7517480247298665
435,12.0,2.0,1.0,0.7777777777777778,2,0.6173708920187794,0.30317273795534666,0.22535211267605637,0.6239535808563232,0.5080170631408691,0.862792346134921,0.5571335919036954,0.7349580318646141,0.8634862624999089,0.7545925581007848
436,1.0,1.0,0.0,0.5555555555555556,1,0.6056056056056057,0.3006012024048096,0.24924924924924927,0.631956934928894,0.7065108418464661,0.695242387134247,0.5422990865343138,0.7829457740561402,0.7341024766888122,0.6886474311033783
437,9.0,2.0,0.0,1.0,1,0.3971291866028707,0.22523961661341851,0.20893141945773527,0.6589624285697937,0.6970863342285156,0.8859003827986344,0.750921308053637,0.897386835956634,0.6508826285010162,0.7962727888274804
438,6.0,2.0,1.0,1.0,1,0.6344160331720802,0.2657439446366782,0.2543192812715964,0.6557470560073853,0.6285452842712402,0.7059044175096281,0.5702750983641688,0.6854023036000085,0.7023115415547141,0.66597334025713
439,10.0,1.0,1.0,1.0,1,0.6371463714637146,0.2844827586206896,0.2706027060270602,0.6804229617118835,0.7924400568008423,0.9064679266592915,0.6270364277904056,0.8459878593619437,0.8987177420873804,0.8195524889747553
440,9.0,2.0,0.0,0.5555555555555556,1,0.41921708185053386,0.22364672364672364,0.23629893238434163,0.6146160364151001,0.741746723651886,0.6201381824621363,0.6844236627275662,0.6129321023916458,0.5950995198250176,0.6281483668515914
441,1.0,2.0,1.0,0.7777777777777778,1,0.5891864578069732,0.27314112291350534,0.25871652349671553,0.6688194870948792,0.7249720692634583,0.9101545930816682,0.5341246695923297,0.7228154288161018,0.8923445258772303,0.7648598043418325
442,5.0,1.0,1.0,0.6666666666666666,3,0.6146572104018913,0.3491124260355029,0.2789598108747045,0.6821343898773193,0.7028541564941406,0.8550180605538736,0.5934622845808838,0.7985435915001395,0.8586040386022495,0.7764069938092867
443,2.0,2.0,0.0,1.0,2,0.6263020833333333,0.2633637548891786,0.25651041666666663,0.624367356300354,0.6567872762680054,0.9107512673333151,0.7398359516247855,0.7800088569755166,0.9039572861363825,0.8336383405174999
444,8.0,2.0,0.0,1.0,3,0.5729227193492156,0.30482838859802214,0.25334108076699596,0.6732680797576904,0.6199864149093628,0.05909350952120997,0.6569543560345376,0.776502361436226,0.08847652376386868,0.39525668768896055
445,8.0,2.0,1.0,0.5555555555555556,2,0.45508982035928147,0.21223021582733814,0.2526946107784431,0.6245219111442566,0.7658260464668274,0.12943527340759198,0.719693389384752,0.7728313326036053,0.11823435904496461,0.43504858861022844
446,1.0,1.0,0.0,0.7777777777777778,1,0.5653958944281524,0.24544920728126834,0.23577712609970672,0.6280226111412048,0.63819420337677,0.8209527704292126,0.44235612442646566,0.5468130834594854,0.8338637377974898,0.6609964290281634
447,1.0,2.0,1.0,0.6666666666666666,1,0.5689252336448597,0.25263157894736843,0.2827102803738318,0.6586880087852478,0.7135456800460815,0.40935704966418646,0.7340157691212311,0.8023576114872573,0.5100956850558493,0.613956528832131
448,8.0,2.0,0.0,1.0,3,0.6543385490753912,0.36182336182336183,0.33712660028449504,0.7162107229232788,0.6212811470031738,0.6147057598111604,0.5613854945436358,0.6288701914665749,0.5889768149974197,0.5984845652046977
449,8.0,1.0,1.0,1.0,3,0.6221045665122436,0.33134526176275675,0.2223692918596956,0.623867392539978,0.6150230169296265,0.7912746937726395,0.5144823005504752,0.6321316755160892,0.7705563280243345,0.6771112494658845
450,2.0,2.0,1.0,0.5555555555555556,1,0.6327130264446621,0.36274509803921573,0.28697355533790403,0.6967726945877075,0.714460551738739,0.9155946777306785,0.5429371673685254,0.747828643314396,0.8879219972676793,0.7735706214203197
451,9.0,2.0,0.0,0.5555555555555556,2,0.6685714285714286,0.33333333333333337,0.2957142857142857,0.6824464797973633,0.6401511430740356,0.5612842051568218,0.6273216504361185,0.7134683536091552,0.4749070597348239,0.5942453172342298
452,3.0,2.0,0.0,0.6666666666666666,2,0.5862552594670407,0.30758426966292135,0.26788218793828894,0.6402445435523987,0.7013747096061707,0.8909676677130224,0.5481626943232355,0.5749534927211011,0.8761567290044515,0.7225601459404526
453,9.0,2.0,1.0,0.875,1,0.5997409326424871,0.35927367055771725,0.2810880829015544,0.6482589840888977,0.6847848892211914,0.6890237638396443,0.6718944511287159,0.8122943700420058,0.3388163674905662,0.6280072381252331
454,9.0,2.0,1.0,1.0,1,0.4958301743745262,0.2503793626707132,0.19863532979529946,0.6866415739059448,0.7640541791915894,0.8998860085161763,0.669525425314833,0.7855189942633692,0.8769969813681172,0.8079818523656239
455,4.0,1.0,1.0,0.5555555555555556,1,0.615819209039548,0.3355325164938737,0.2589453860640301,0.6832966208457947,0.7531866431236267,0.8504960287258608,0.5455178692786056,0.7728221543514924,0.8151635066913089,0.7459998897618169
456,7.0,1.0,1.0,0.5555555555555556,2,0.582579185520362,0.27746319365798416,0.25678733031674206,0.6608696579933167,0.68021559715271,0.8720123762915856,0.495236393416798,0.7487726252248943,0.8555208943277272,0.7428855723152513
457,8.0,2.0,0.0,0.75,1,0.579650565262076,0.32098765432098764,0.26002055498458376,0.6718446612358093,0.5238731503486633,0.8869587785670999,0.6655136110459057,0.844719746703107,0.8714265303783252,0.8171546666736095
458,1.0,2.0,1.0,0.625,1,0.6240963855421686,0.2810615199034982,0.21445783132530122,0.6336385011672974,0.7135516405105591,0.7252603545781398,0.6161662086485623,0.6980092695925048,0.6808532197593687,0.6800722631446439
459,3.0,1.0,1.0,0.5555555555555556,3,0.6515513126491645,0.37037037037037035,0.2852028639618138,0.6840651035308838,0.7261788845062256,0.5118884448463458,0.6414318866705088,0.756991955671021,0.5240483536373457,0.6085901602063053
460,2.0,2.0,1.0,0.6666666666666666,1,0.607621009268795,0.31237113402061856,0.2255406797116375,0.6792013049125671,0.7312597632408142,0.8942271280274527,0.6358071884459825,0.7717288215290331,0.8740259343924911,0.7939472680987398
461,10.0,1.0,1.0,1.0,2,0.4856641310708016,0.2577621558289397,0.23171445289643067,0.6275845766067505,0.7955447435379028,0.9037454154668253,0.7460619785181583,0.6694692446072915,0.8408123277570411,0.790022241587329
462,8.0,2.0,1.0,0.8888888888888888,2,0.5494505494505495,0.18581907090464547,0.1916971916971917,0.633105993270874,0.6500800848007202,0.897931079936676,0.6049010555622049,0.7994142277280333,0.8690294971468158,0.7928189650934325
463,1.0,1.0,1.0,0.5555555555555556,1,0.48507462686567165,0.21544209215442092,0.22263681592039802,0.6260342597961426,0.7843104004859924,0.8613418376863962,0.7199073640552807,0.7839955276580667,0.5748478116773426,0.7350231352692715
464,1.0,1.0,0.0,0.5555555555555556,1,0.6859009254218835,0.3400544959128065,0.28307022318998365,0.650532066822052,0.7676178216934204,0.8586856738377383,0.5977490844019017,0.7859086096717179,0.8274923143192596,0.7674589205576543
465,2.0,2.0,0.0,1.0,2,0.5947075208913649,0.29846582984658293,0.22562674094707522,0.6439864635467529,0.5218477249145508,0.8469991141066964,0.5683552825101961,0.7209706298201206,0.8804004159024599,0.7541813605848682
466,7.0,2.0,0.0,1.0,2,0.5351089588377724,0.23151515151515153,0.22518159806295399,0.6327770948410034,0.7769849300384521,0.033339674071551674,0.6522404162232119,0.773680136191219,0.04813861920318679,0.37684971142229234
467,2.0,1.0,1.0,0.5555555555555556,2,0.5529622980251346,0.20575022461814918,0.18402154398563733,0.6548783183097839,0.7584334015846252,0.7303594373425041,0.5571423129486727,0.7087432697033033,0.7731112282023528,0.6923390620492081
468,3.0,1.0,1.0,0.8888888888888888,2,0.5791940018744143,0.29831144465290804,0.2596063730084348,0.6382132768630981,0.7490633130073547,0.833743233041235,0.5917443937602174,0.7827032788786246,0.8450695737890251,0.7633151198672755
469,8.0,1.0,0.0,1.0,2,0.49925037481259377,0.30180180180180183,0.2833583208395802,0.6650806069374084,0.778153121471405,0.7178075269410372,0.7576952646099621,0.8046592352497596,0.5199898813779923,0.7000379770446877
470,9.0,1.0,1.0,1.0,2,0.6096423017107309,0.30996884735202485,0.33748055987558323,0.6801319718360901,0.6705859303474426,0.9038076978291646,0.7257478566788975,0.7118366832365869,0.8510968433122004,0.7981222702642123
471,8.0,1.0,0.0,1.0,2,0.6488060570762959,0.31137026239067056,0.28305183459522426,0.6494150161743164,0.5935198664665222,0.8775318447351969,0.5605462127234553,0.7824515958538169,0.8834470390759964,0.7759941730971164
472,10.0,1.0,1.0,1.0,2,0.5228299046663321,0.2722250125565043,0.19468138484696437,0.6499075293540955,0.6082664728164673,0.885292816593826,0.5778500792636958,0.5482206665295414,0.8296040259100569,0.7102418970742801
473,9.0,2.0,1.0,1.0,2,0.6401137980085349,0.37606837606837606,0.28591749644381226,0.6401687860488892,0.5859954953193665,0.8165109534690281,0.5424908042083338,0.4938672071231545,0.8033519048427193,0.664055217410809
474,1.0,1.0,0.0,1.0,1,0.4737344794651385,0.2641148325358852,0.24450811843361983,0.6794942617416382,0.6698514223098755,0.5140903861857673,0.8386367651409785,0.7685537902392651,0.43195090664799896,0.6383079620535025
475,1.0,2.0,1.0,0.7777777777777778,1,0.6650689035350509,0.32393521295740857,0.3079688436189335,0.6925039887428284,0.6841604709625244,0.7913602036688357,0.5838198822668327,0.7149039417871201,0.7254279896886278,0.7038780043528541
476,8.0,1.0,1.0,0.8888888888888888,2,0.6483402489626556,0.3115264797507788,0.2821576763485477,0.6468289494514465,0.6659543514251709,0.8135359062509071,0.5822864334977167,0.8089123121698841,0.8118164390678352,0.7541377727465858
477,8.0,1.0,1.0,0.6666666666666666,1,0.5324407826982492,0.28350515463917525,0.266735324407827,0.6385505199432373,0.7070339322090149,0.9097564334027536,0.7494166955303145,0.7721510389388079,0.8897990447739211,0.8302808031614493
478,8.0,2.0,1.0,1.0,3,0.6376811594202898,0.31513476157567377,0.2774327122153209,0.6879246234893799,0.6727350354194641,0.07515985926512062,0.6382980527742531,0.6592676173335876,0.1018020447800539,0.3686318935382538
479,2.0,1.0,1.0,0.5555555555555556,2,0.47615471273000376,0.2277339346110485,0.2208036049568156,0.606603741645813,0.7605810165405273,0.9007166311106971,0.5342143090669381,0.7792312389091605,0.8743381195485789,0.7721250746588437
480,9.0,2.0,1.0,1.0,1,0.4737732656514383,0.2303783173348391,0.23237450648618163,0.675689160823822,0.7756761312484741,0.17427962381667844,0.7624097126300318,0.8230799080758091,0.12635197706533696,0.47153030539696406
481,1.0,1.0,0.0,0.5555555555555556,1,0.6428106701366298,0.3061889250814332,0.247234873129473,0.6521142721176147,0.6997867226600647,0.8464324451234926,0.5533759114713696,0.5630378838461494,0.8171372368824877,0.6949958693308749
482,8.0,1.0,1.0,1.0,1,0.5499108734402852,0.2256913470115968,0.21212121212121213,0.6310418844223022,0.745600700378418,0.9234333738770538,0.6164882519409277,0.7719907316731618,0.9021874210141346,0.8035249446263195
483,8.0,2.0,1.0,1.0,2,0.6567357512953369,0.32555123216601817,0.29404145077720206,0.6576740741729736,0.6223225593566895,0.8983923362243253,0.6784700350713218,0.703665272908879,0.8850558344323609,0.7913958696592218
484,8.0,2.0,0.0,0.7777777777777778,1,0.5196671709531014,0.24753974261922784,0.22995461422087743,0.6286675333976746,0.7367196679115295,0.9206320241179529,0.6334503713959159,0.74919249832084,0.9001009841984443,0.8008439695082882
485,8.0,2.0,1.0,1.0,1,0.6519823788546255,0.3579080025204789,0.28319697923222154,0.640815794467926,0.7456235885620117,0.41862362734541647,0.5435524262335468,0.641830629443302,0.47074707261509613,0.5186884389093404
486,3.0,1.0,1.0,0.7777777777777778,2,0.37574445046020577,0.20043336944745394,0.14943151055766107,0.5798002481460571,0.7069046497344971,0.8597966264386345,0.6214434577753116,0.6417222341129966,0.8927891655360104,0.7539378709657383
487,8.0,1.0,1.0,0.6666666666666666,2,0.3554006968641115,0.1849912739965096,0.15853658536585366,0.6119878888130188,0.6404075622558594,0.44671201097714464,0.6890160514094135,0.60769844835149,0.5016077066923097,0.5612585543575894
488,4.0,2.0,1.0,1.0,1,0.6699029126213593,0.36573511543134873,0.2803398058252427,0.6391729712486267,0.667934238910675,0.8601905739996601,0.5087321818022399,0.5800410768490775,0.8335319279103771,0.6956239401403387
489,4.0,2.0,0.0,0.5555555555555556,2,0.5610494450050454,0.2919191919191919,0.2795156407669021,0.6780523061752319,0.6508248448371887,0.8371858247999645,0.6784615249079193,0.8302295556151793,0.8557223221038657,0.8003998068567322
490,1.0,2.0,1.0,0.5555555555555556,2,0.5692068429237948,0.2511676180591593,0.22187662001036806,0.6507956981658936,0.7441486120223999,0.9157904874390671,0.7052937491569857,0.7282740193254553,0.8962902084227345,0.8114121160860607
491,1.0,1.0,1.0,1.0,2,0.6496577473553204,0.30280373831775703,0.2675793403858121,0.6733840703964233,0.6559895277023315,0.8006961647578006,0.5158390203640452,0.7538565599980253,0.7943253576249196,0.7161792756861977
492,9.0,1.0,0.0,0.5555555555555556,2,0.6643757159221076,0.36582568807339455,0.34707903780068733,0.7002144455909729,0.6462896466255188,0.8268455928600589,0.6608360134235209,0.6215682820487267,0.7880546791771599,0.7243261418773665
493,10.0,1.0,0.0,0.6666666666666666,1,0.5403508771929825,0.2528533801580334,0.25789473684210523,0.6700057983398438,0.7484833598136902,0.9197697651368122,0.619712242772222,0.8776719102190115,0.8958823429660958,0.8282590652735354
494,2.0,2.0,0.0,0.5555555555555556,3,0.5274336283185841,0.23383525243578387,0.20619469026548676,0.6707031726837158,0.680355429649353,0.8731592060414429,0.5689202580095097,0.7272684459748513,0.814632770111858,0.7459951700344155
495,8.0,1.0,1.0,1.0,1,0.6536636794939378,0.36728232189973614,0.2909857670005272,0.6568908095359802,0.6046401858329773,0.8016920771800105,0.4644345773328837,0.7772308947675048,0.8003043927329067,0.7109154855033265
496,10.0,1.0,0.0,1.0,1,0.27613727055067844,0.15187849720223823,0.15323224261771748,0.6233994960784912,0.6888129711151123,0.9007401272954545,0.7403259858686568,0.67493372611235,0.6638181623976456,0.7449545004185267
497,8.0,1.0,1.0,0.7777777777777778,2,0.5641688199827735,0.29568965517241375,0.23169681309216197,0.6426074504852295,0.7194475531578064,0.8636867645201203,0.5655716446937897,0.706766104697564,0.8025492623466819,0.7346434440645391
498,2.0,2.0,1.0,0.8888888888888888,1,0.47038724373576307,0.29076396807297605,0.24487471526195898,0.6588050723075867,0.6817725300788879,0.5207034358922777,0.5720725095948641,0.569893321656528,0.606415574320596,0.5672712103660665
499,1.0,2.0,1.0,0.7777777777777778,1,0.43840808591282365,0.2125237191650854,0.19204042956411876,0.6767621040344238,0.7375644445419312,0.5832613399039184,0.7835349290585466,0.8151758797146756,0.39426561058248255,0.6440594398149059
500,3.0,2.0,0.0,0.6666666666666666,3,0.5885111371629543,0.2582159624413145,0.26025791324736225,0.6831757426261902,0.6469643115997314,0.9036750422224694,0.5029404084689331,0.7381365204116784,0.8903308784238352,0.758770712381729
501,2.0,1.0,0.0,0.5555555555555556,1,0.6394849785407725,0.29430719656283566,0.2317596566523605,0.6445140838623047,0.6868717074394226,0.9066093286891638,0.5939022592602635,0.7915256039844324,0.8727433650129821,0.7911951392367105
502,2.0,2.0,1.0,0.6666666666666666,1,0.5267958950969214,0.2791936097375428,0.201444317749905,0.614319384098053,0.6806248426437378,0.7671403135699997,0.5208009073732607,0.7674068456021857,0.781254596124984,0.7091506656676075
503,2.0,2.0,0.0,1.0,1,0.4714989444053484,0.2424242424242424,0.27867698803659396,0.6569942235946655,0.7462142705917358,0.7217865925153906,0.7746950390217987,0.8161865078880958,0.5442826353327307,0.714237693689504
504,8.0,2.0,0.0,0.7777777777777778,4,0.4402730375426621,0.2220956719817768,0.22525597269624573,0.6166365146636963,0.7727153897285461,0.4125785196710494,0.6543302964279886,0.7375631702825335,0.29465729126817863,0.5247823194124375
505,2.0,1.0,1.0,1.0,3,0.5168067226890756,0.23422159887798039,0.21008403361344535,0.6196203827857971,0.6325093507766724,0.7626600533514152,0.594474215692726,0.6894132850449058,0.6308586904130693,0.6693515611255291
506,8.0,2.0,1.0,0.6666666666666666,3,0.5022332506203474,0.2444113263785395,0.23722084367245655,0.6125067472457886,0.7753043174743652,0.4393540664330824,0.4758102361130594,0.6983875758416693,0.2115765980707478,0.45628211911463973
507,2.0,2.0,0.0,0.5555555555555556,1,0.4447552447552447,0.19804058782365289,0.1979020979020979,0.6575514674186707,0.6999890208244324,0.7581295847692445,0.6454485185385428,0.8379248431660643,0.7452086847643017,0.7466779078095382
508,2.0,1.0,1.0,0.7777777777777778,2,0.6082365364308342,0.26004228329809725,0.20908130939809924,0.6451167464256287,0.6214011907577515,0.9016296194945803,0.5492991029396801,0.8279559419454627,0.8650031519939072,0.7859719540934076
509,3.0,2.0,1.0,0.5555555555555556,1,0.6012621916236375,0.25387708213670307,0.23063683304647162,0.6454935669898987,0.7230281233787537,0.8579883504031991,0.5020204270869111,0.7007042310999992,0.8491325972110734,0.7274614014502957
510,10.0,2.0,1.0,1.0,2,0.49580246913580245,0.24715768660405338,0.21234567901234566,0.6103262901306152,0.7578197717666626,0.10918493511587431,0.5943654830031617,0.653170191579035,0.15142168149023794,0.3770355727970772
511,8.0,1.0,1.0,1.0,3,0.6230223677032187,0.3495357728017477,0.270594653573377,0.6780613660812378,0.6486527323722839,0.38812422719510864,0.7467149907498829,0.7802210953632339,0.40661118148204467,0.5804178736975676
512,8.0,2.0,0.0,0.5555555555555556,3,0.5825734549138805,0.28600405679513186,0.26443768996960487,0.6502180695533752,0.6967908143997192,0.8500092514610595,0.5998994777920225,0.6590678193366123,0.8480103340937355,0.7392467206708575
513,2.0,2.0,1.0,0.7777777777777778,1,0.5552560646900271,0.32553956834532377,0.3018867924528302,0.6543852090835571,0.6855466961860657,0.8778543204999784,0.6623317242954171,0.6766450150602047,0.87247140127615,0.7723256152829375
514,8.0,1.0,0.0,0.5555555555555556,2,0.5135290731145654,0.21440922190201728,0.19573978123200922,0.6074910163879395,0.8057494163513184,0.6618356726298743,0.6388064684139665,0.8181207991090341,0.6064350784215149,0.6812995046435975
515,1.0,2.0,1.0,1.0,1,0.3806060606060606,0.1968408262454435,0.23030303030303031,0.6467063426971436,0.7405278086662292,0.9600705458000417,0.8414534341689229,0.6627297599641925,0.9515558211013456,0.8539523902586257
516,8.0,2.0,0.0,1.0,2,0.6099009900990099,0.3489755452742895,0.30363036303630364,0.6704540848731995,0.6810106635093689,0.9080821944599821,0.5912160118069559,0.6773813330776871,0.8767024326970969,0.7633454930104304
517,5.0,2.0,1.0,0.5555555555555556,1,0.4861215303825956,0.237987987987988,0.2078019504876219,0.6460029482841492,0.6909370422363281,0.871374736218198,0.4976084755572585,0.834161931053093,0.8441107372031931,0.7618139700079356
518,4.0,1.0,0.0,0.6666666666666666,1,0.5506898620275944,0.22342342342342345,0.20995800839832035,0.6136526465415955,0.7049762010574341,0.5879204599725667,0.5708361430975227,0.6081291091923948,0.5240140942243542,0.5727249516217096
519,10.0,1.0,1.0,0.5555555555555556,2,0.6097345132743363,0.3728963684676705,0.263716814159292,0.6194303631782532,0.7413153648376465,0.8495487079641112,0.6437410613304965,0.8320372428902166,0.8395458050707746,0.7912182043138998
520,1.0,1.0,1.0,0.8888888888888888,2,0.5306828003457217,0.22683982683982684,0.236819360414866,0.6462780237197876,0.6753801107406616,0.6195464387536389,0.6433609556266092,0.7450065109350807,0.5270375091460989,0.633737853615357
521,1.0,2.0,1.0,1.0,1,0.6175386882829771,0.2878228782287823,0.26676492262343404,0.6253308057785034,0.8138687014579773,0.6060501245557429,0.6546400595731795,0.807932142775873,0.23714176095934922,0.5764410219660361
522,9.0,1.0,1.0,0.7777777777777778,1,0.5793573515092503,0.25925925925925924,0.22200584225900682,0.6481387615203857,0.6681517362594604,0.88104834897238,0.5950677771337832,0.7408152408227572,0.8237720317091356,0.760175849659514
523,8.0,1.0,1.0,0.8888888888888888,1,0.5970619097586568,0.27731092436974786,0.2591815320041973,0.6566202640533447,0.7188118696212769,0.9146866114243416,0.4767224078843106,0.7878391217910624,0.8992739849046295,0.769630531501086
524,2.0,1.0,0.0,1.0,1,0.6784343821949348,0.3781706379707917,0.38986953184957795,0.722507894039154,0.6447100043296814,0.19029024864573735,0.6719286587323424,0.5898151935805093,0.18699988607972468,0.4097584967595784
525,8.0,2.0,1.0,1.0,3,0.587228439763002,0.26104152933421226,0.22646477946017113,0.5740451216697693,0.6776145696640015,0.6293336401037556,0.538166205739627,0.6500402105177462,0.6401959213529813,0.6144339944285275
526,8.0,1.0,1.0,0.8888888888888888,1,0.559390407888839,0.2709735307312696,0.2277005826983416,0.642663300037384,0.6829221248626709,0.8412334629878804,0.5733505383729172,0.6930742732390005,0.8465690875207024,0.738556840530125
527,2.0,2.0,1.0,0.5555555555555556,1,0.5871848739495797,0.2008412197686646,0.19957983193277312,0.6059902906417847,0.679622232913971,0.7935617578391204,0.5786799571723138,0.8049633162926246,0.7782599542978299,0.7388662464004722
528,1.0,1.0,0.0,0.5555555555555556,1,0.4855769230769231,0.2674698795180723,0.2548076923076923,0.6950590014457703,0.7671672701835632,0.7338056044896953,0.7074712373739499,0.7365499558884238,0.7066375208547857,0.7211160796517136
529,2.0,2.0,1.0,0.7777777777777778,1,0.6369282891022021,0.29621254946297343,0.2563523433088651,0.6843228340148926,0.5093456506729126,0.8703418883006723,0.46798209466988455,0.6916572982997562,0.8613281309663241,0.7228273530591593
530,8.0,2.0,1.0,1.0,1,0.44894366197183094,0.1904761904761905,0.24823943661971828,0.613639235496521,0.844694197177887,0.8754237569238106,0.7429873471269179,0.8077449520854318,0.5840034668754517,0.752539880752903
531,3.0,2.0,1.0,0.7777777777777778,2,0.610586011342155,0.28098391674550616,0.21550094517958412,0.6474704742431641,0.6043855547904968,0.850778368960592,0.5160693110236846,0.7388084208407102,0.8254032429009155,0.7327648359314756
532,6.0,1.0,0.0,1.0,2,0.596153846153846,0.30536451169188444,0.29258241758241754,0.6954986453056335,0.6389397978782654,0.3732494494846757,0.7340584261834322,0.7348625213350488,0.21308544878559985,0.5138139614471892
533,1.0,2.0,1.0,0.6666666666666666,1,0.5583173996175909,0.23540669856459331,0.22275334608030598,0.6456834673881531,0.6914767026901245,0.8909760520218468,0.576190162352307,0.8203764353938203,0.8663512487018021,0.788473474617444
534,8.0,2.0,0.0,1.0,2,0.5287691187181354,0.19839533187454414,0.19664967225054625,0.596677839756012,0.7251359820365906,0.11464414391780457,0.7597003067748475,0.7371726367273249,0.18488552253696636,0.4491006524892358
535,8.0,1.0,1.0,1.0,3,0.430806257521059,0.11821471652593488,0.16365824308062574,0.618770182132721,0.7062132358551025,0.3132783379847593,0.8146936721908975,0.8256871862617864,0.13385840335404411,0.5218793999478718
536,8.0,1.0,0.0,0.8888888888888888,2,0.5548281505728314,0.27049180327868855,0.2896890343698854,0.7013952136039734,0.6803378462791443,0.5708451270309911,0.5329164335001431,0.6630651506266106,0.49809622081674854,0.5662307329936234
537,13.0,2.0,1.0,0.5555555555555556,1,0.46471471471471465,0.20435762584522912,0.19444444444444445,0.6022185683250427,0.667022168636322,0.8585536213869916,0.6191703766114832,0.6646567549279356,0.8223168187054569,0.7411743929079668
538,1.0,1.0,0.0,1.0,1,0.6654501216545011,0.32277710109622415,0.3077858880778589,0.6844431161880493,0.6980330348014832,0.9151217783217451,0.579683297112636,0.6202372465937157,0.8989053892462198,0.7534869278185792
539,8.0,1.0,0.0,0.5555555555555556,0,0.5822339489885663,0.28370044052863436,0.27088830255057167,0.6446974277496338,0.7260370850563049,0.12949160078911498,0.6700305250075878,0.7702031607180972,0.13979793123465403,0.4273808044373635
540,8.0,2.0,1.0,0.7777777777777778,3,0.5900621118012422,0.28606965174129356,0.27329192546583847,0.6791363954544067,0.6403900384902954,0.8811517549196777,0.6020712041005643,0.7092809496060728,0.8586667662468083,0.7627926687182808
541,13.0,2.0,1.0,0.7777777777777778,3,0.41777777777777775,0.2677935943060498,0.25866666666666666,0.63044673204422,0.7314127087593079,0.6807580602418386,0.6083575415961014,0.7192286403815336,0.5526151662946646,0.6402398521285346
542,1.0,1.0,0.0,0.7777777777777778,1,0.4838332684067005,0.3001949317738791,0.23763147643163224,0.6819295287132263,0.667926013469696,0.9249589290169091,0.6034491384768451,0.783708776875087,0.9050728861696512,0.804297432634623
543,8.0,1.0,0.0,0.8888888888888888,3,0.5993311036789297,0.24112525117213662,0.23411371237458192,0.6607722640037537,0.7562428116798401,0.9137017713081528,0.6457826714673007,0.7316464828596466,0.8833760841850975,0.7936267524550493
544,3.0,1.0,1.0,0.625,2,0.5605839416058394,0.25292397660818716,0.23065693430656933,0.6261570453643799,0.7170758843421936,0.8079292786654608,0.6204508546138418,0.711720531527537,0.8206044855319694,0.7401762875847022
545,8.0,1.0,1.0,0.7777777777777778,3,0.6424116424116424,0.30697190426638915,0.24012474012474014,0.6297742128372192,0.6982859373092651,0.7657409278623378,0.4724686412278601,0.7206624187058358,0.747323131150957,0.6765487797367477
546,9.0,1.0,1.0,1.0,2,0.5940054495912807,0.26739427012278305,0.22343324250681199,0.6168618202209473,0.6413412690162659,0.8141706723904256,0.5583211563186481,0.6397010173196209,0.7912869971447476,0.7008699607933606
