index,issueArea,decisionDirection,partyWinning,voteDistribution,respondentType,rouge1,rouge2,rougeL,bert_f1,align_score,unieval_coherence,unieval_consistency,unieval_fluency,unieval_relevance,unieval_overall
0,10.0,2.0,0.0,0.625,1,0.5420928402832416,0.2645669291338582,0.21636506687647522,0.6453273892402649,0.6823996305465698,0.8992794759568298,0.6393074409661422,0.7499008797143333,0.88231529313774,0.7927007724437614
1,8.0,1.0,0.0,0.6666666666666666,1,0.5828386400431732,0.26580226904376014,0.22018348623853207,0.5888583064079285,0.7902968525886536,0.7880324849496334,0.5460588928296584,0.6361776315801968,0.8070947892584242,0.6943409496544781
2,2.0,1.0,1.0,1.0,2,0.46531038080333864,0.2631853785900783,0.24934793948878456,0.6959404349327087,0.6267053484916687,0.4694171736191997,0.755189568613674,0.6767924645995738,0.2530360004582507,0.5386088018226746
3,1.0,1.0,0.0,0.6666666666666666,1,0.5594405594405595,0.3179271708683473,0.2811188811188811,0.6353492140769958,0.7060627341270447,0.8919865256427177,0.7029464821197439,0.7631400564580629,0.8496355832102139,0.8019271618576846
4,8.0,2.0,1.0,1.0,3,0.5358187134502924,0.2948061448427213,0.22368421052631576,0.6582996845245361,0.7405582666397095,0.9268673790539309,0.6708982997457138,0.8559489590911576,0.9143996600615134,0.842028574488079
5,7.0,1.0,0.0,0.5555555555555556,3,0.5020668921458098,0.2865738999623919,0.26230740323186774,0.577119767665863,0.6342164874076843,0.8801252029125499,0.5350570889843039,0.77863787661233,0.8656638366284483,0.7648710012844081
6,10.0,1.0,0.0,0.5555555555555556,1,0.5771658060814688,0.28144744399770244,0.26620768789443483,0.641269326210022,0.7297527194023132,0.8158596812699289,0.5808951044708602,0.7893194085977899,0.687186667340208,0.7183152154196968
7,8.0,1.0,1.0,0.8888888888888888,2,0.5497076023391813,0.2342606149341142,0.2368421052631579,0.6608984470367432,0.7429682016372681,0.7812996830714396,0.6660151158409733,0.7578928136239182,0.7787650439122824,0.7459931641121533
8,8.0,1.0,1.0,1.0,2,0.5452812202097235,0.24832855778414517,0.2707340324118208,0.6811087727546692,0.5542729496955872,0.09280554554478632,0.5027705656803279,0.6273034636440324,0.10645361405155548,0.3323332972301755
9,1.0,2.0,1.0,0.5555555555555556,1,0.515224746254229,0.2747943880019351,0.23779603673272107,0.6146509647369385,0.7307730317115784,0.5806263066856558,0.5758641049233403,0.7269870421681872,0.6023482512691146,0.6214564262615745
10,2.0,2.0,1.0,0.5555555555555556,2,0.6348160351455245,0.27817482133040133,0.24711696869851732,0.6322030425071716,0.6421229243278503,0.8009023060571719,0.5689755876192951,0.6654773939744638,0.7863773643560698,0.7054331630017501
11,9.0,1.0,0.0,0.6666666666666666,1,0.542489270386266,0.2946735395189003,0.23261802575107296,0.6542177796363831,0.7365900278091431,0.893346399455347,0.5621642937379183,0.722983560298615,0.8492576993765736,0.7569379882171136
12,5.0,1.0,1.0,0.625,2,0.5975359342915811,0.2785200411099692,0.23921971252566734,0.664477527141571,0.748322069644928,0.8880971616530414,0.6508189545483091,0.8178557222509821,0.8690443544271822,0.8064540482198788
13,4.0,2.0,0.0,1.0,3,0.3486997635933806,0.12662721893491125,0.16666666666666666,0.5957006812095642,0.6554277539253235,0.5472615061351173,0.7418589639531997,0.7971543028917036,0.5856550250030473,0.667982449495767
14,2.0,1.0,1.0,1.0,1,0.5882352941176472,0.2698072805139186,0.22459893048128343,0.5461587905883789,0.767621636390686,0.5721684063544842,0.527367227146994,0.7166944420569057,0.5851419516823717,0.6003430068101889
15,1.0,1.0,0.0,0.5555555555555556,1,0.593850390087196,0.2921451538814883,0.27535566773749426,0.6298941969871521,0.7071627974510193,0.8727339354982377,0.6200238849611432,0.711977523838337,0.8250118763571384,0.757436805163714
16,8.0,1.0,0.0,1.0,2,0.6392811296534018,0.30462724935732644,0.30680359435173304,0.6777452230453491,0.6200948357582092,0.9196619808875813,0.6058573952660509,0.7174578857085318,0.8682445848600046,0.7778054616805422
17,8.0,1.0,0.0,0.75,1,0.5307941653160455,0.28791565287915655,0.24797406807131278,0.641261637210846,0.6972252130508423,0.8556100448340096,0.5311069410156433,0.7882942266722361,0.8456650834928816,0.7551690740036927
18,9.0,1.0,0.0,0.8888888888888888,1,0.576271186440678,0.286960736791081,0.2527845036319613,0.728319525718689,0.6672146320343018,0.8899669023174458,0.6266126588018792,0.8001705411142268,0.8686890039287558,0.7963597765405769
19,1.0,1.0,0.0,1.0,1,0.5540856031128404,0.2634450506625098,0.2396887159533074,0.6665728092193604,0.6295934319496155,0.8097480808199898,0.4943771695531718,0.5793196176087992,0.7674288037954003,0.6627184179443403
20,12.0,2.0,0.0,0.5555555555555556,1,0.6378737541528239,0.3093126385809313,0.29235880398671094,0.6887765526771545,0.5631712675094604,0.8776400396284132,0.6718110991236405,0.6768655131609451,0.8756246454330495,0.7754853243365121
21,2.0,1.0,1.0,1.0,2,0.5013109596224437,0.2929133858267716,0.23072889355007864,0.6452463865280151,0.6737375259399414,0.805757334348129,0.6681229491702658,0.7602403611778328,0.6671857284223595,0.7253265932796469
22,3.0,2.0,1.0,1.0,1,0.5185185185185185,0.2859304084720121,0.30914588057445197,0.6705288887023926,0.7373089790344238,0.9107405777076703,0.6420757877173076,0.7385329295308494,0.8769968750715726,0.79208654250685
23,1.0,1.0,1.0,0.6666666666666666,2,0.6497975708502024,0.353596757852077,0.2813765182186235,0.6482374668121338,0.7885839939117432,0.9259264938286893,0.6240454589954986,0.8223806416166413,0.9113263009020376,0.8209197238357167
24,2.0,2.0,1.0,1.0,1,0.4516829533116178,0.2369565217391304,0.24212812160694897,0.6183741092681885,0.7006354928016663,0.14693692621733365,0.6221915844075586,0.6520404236002162,0.11608943789026581,0.3843145930288436
25,8.0,2.0,0.0,1.0,2,0.2731277533039647,0.17299205648720212,0.17444933920704847,0.6031626462936401,0.692409873008728,0.2530842770632786,0.8786342896914277,0.8230067431494014,0.1514571028558041,0.5265456031899779
26,2.0,1.0,0.0,0.6666666666666666,1,0.2596964586846543,0.1283783783783784,0.14502529510961212,0.6666226983070374,0.5272076725959778,0.5577295255697582,0.781072880555238,0.6965717827379793,0.318817327117084,0.5885478789950149
27,9.0,1.0,0.0,1.0,3,0.5462339252908758,0.27835683629675045,0.24617268830373545,0.6630745530128479,0.6345375776290894,0.4201793720235708,0.5468462823111623,0.7097071804086571,0.35543375308603636,0.5080416469573567
28,7.0,1.0,1.0,0.7777777777777778,3,0.5221829603455045,0.2318271119842829,0.2159403219473891,0.604575514793396,0.726647675037384,0.8804458648033285,0.5872283001478089,0.8144316458105919,0.8681767385353388,0.787570637324267
29,10.0,2.0,0.0,0.6666666666666666,3,0.629418472063854,0.3367579908675799,0.24515393386545037,0.6594977378845215,0.5832725167274475,0.8596940036417245,0.5511875183800086,0.6423352446951845,0.8213312104310226,0.7186369942869851
30,2.0,2.0,1.0,0.5555555555555556,1,0.6128226477935055,0.3441666666666666,0.29891756869275604,0.6982744336128235,0.7283979058265686,0.903326877222948,0.676894146397842,0.7929620797772329,0.8925104062234602,0.8164233774053709
31,2.0,2.0,1.0,0.7777777777777778,1,0.576874205844981,0.2789317507418398,0.19991529013130033,0.6070476174354553,0.7114133238792419,0.8843235174648911,0.6121720187027906,0.7661054833549069,0.8310575815251025,0.7734146502619228
32,2.0,1.0,1.0,1.0,2,0.5413173652694611,0.26767878545745105,0.22275449101796405,0.648290753364563,0.6550564169883728,0.8238087076442191,0.438247025200735,0.800740449512231,0.828282994755689,0.7227697942782185
33,2.0,2.0,1.0,0.7777777777777778,1,0.6313706086095993,0.2852897473997028,0.2691736763978228,0.6753957271575928,0.7838016748428345,0.8714377627572442,0.5734687784543034,0.7480916234746214,0.8545401391129611,0.7618845759497825
34,9.0,1.0,0.0,0.8888888888888888,2,0.5918487891317188,0.33707865168539325,0.32604843473124634,0.6478800177574158,0.6775596141815186,0.8493761739128595,0.5192938720643865,0.8335139280977786,0.71535893463734,0.7293857271780911
35,8.0,2.0,1.0,1.0,2,0.5255338904363974,0.2815985130111524,0.22376973073351905,0.6181092262268066,0.6807345151901245,0.6868804291796786,0.6450143931411384,0.7878846766306727,0.6372541492941208,0.6892584120614027
36,2.0,1.0,1.0,0.6666666666666666,2,0.5422535211267605,0.2687224669603524,0.24471830985915496,0.6404341459274292,0.7088648676872253,0.8804058282735595,0.665887586524642,0.7288016678727312,0.8432234591618203,0.7795796354581882
37,1.0,2.0,1.0,0.5555555555555556,1,0.3079922027290448,0.1678048780487805,0.18031189083820662,0.6293994188308716,0.4773727059364319,0.2990440765610181,0.5370579663429903,0.7058285029209025,0.4198527637186647,0.4904458273858939
38,8.0,2.0,1.0,1.0,2,0.6350000000000001,0.3783783783783784,0.306,0.6715869307518005,0.7014098763465881,0.8737436318904677,0.5996529043106574,0.7935856174928281,0.8714940839959666,0.78461905942248
39,1.0,1.0,1.0,0.8888888888888888,2,0.4469357249626308,0.24401197604790417,0.2615844544095665,0.627833902835846,0.6351597905158997,0.04248513030143884,0.6838399820323778,0.5634278835885689,0.16869337012404692,0.3646115915116081
40,2.0,2.0,1.0,0.5555555555555556,2,0.6424189307624889,0.35,0.3006134969325154,0.7062373757362366,0.7241026759147644,0.9108960764468795,0.7033393793762522,0.8111445372627641,0.8999618923209327,0.8313354713517072
41,8.0,1.0,0.0,1.0,1,0.6547831253713607,0.3093396787626413,0.28045157456922165,0.652493417263031,0.6847181916236877,0.29978654076712524,0.552252474845049,0.6439265151377291,0.3076200728038451,0.45089640088843713
42,10.0,2.0,0.0,0.5555555555555556,1,0.4150477952513105,0.22091946929959894,0.19118100524205986,0.6013960838317871,0.6237514019012451,0.7616549208659207,0.45391552103054816,0.676960073807223,0.7586266245122725,0.662789285053991
43,10.0,2.0,1.0,1.0,1,0.6052773290253097,0.2533692722371968,0.2649434571890145,0.6496925950050354,0.6269092559814453,0.859884680460238,0.5789942953875366,0.7171466734992602,0.8499941803045801,0.7515049574129036
44,8.0,2.0,0.0,1.0,2,0.5787321063394683,0.2691914022517912,0.22494887525562374,0.684217631816864,0.6293590068817139,0.9156253544166595,0.6503773457847459,0.7096360283160272,0.8996119791951885,0.7938126769281554
45,1.0,1.0,0.0,0.8888888888888888,1,0.5754850922858495,0.30222643297015633,0.24041646947468057,0.6326782703399658,0.7665401697158813,0.8868067522768437,0.518442317316045,0.7262902904539339,0.8626489913502069,0.7485470878492574
46,8.0,1.0,1.0,1.0,1,0.22300706357214936,0.09494949494949495,0.11907164480322906,0.6387088894844055,0.6536099314689636,0.8063606394811151,0.6194192423550419,0.8313197408606869,0.7454998250874906,0.7506498619460835
47,2.0,1.0,0.0,1.0,0,0.5853018372703411,0.2431011826544021,0.2152230971128609,0.6141762137413025,0.6396209001541138,0.9020487866329294,0.5903783752590236,0.7567757186016858,0.8869155744370778,0.7840296137326792
48,2.0,1.0,0.0,1.0,1,0.5323232323232324,0.2780586450960566,0.2404040404040404,0.6669320464134216,0.7480362057685852,0.7883134331205028,0.730829419860702,0.7897857551441413,0.6837233642087888,0.7481629930835336
49,2.0,1.0,1.0,1.0,2,0.6396148555708391,0.31129476584022037,0.3108665749656121,0.6632542014122009,0.6444225311279297,0.6438545473099022,0.5060080058220113,0.6287940004850721,0.5898253468553183,0.592120475118076
50,1.0,2.0,1.0,0.7777777777777778,1,0.653763440860215,0.317545748116254,0.2956989247311828,0.6549708247184753,0.6194828748703003,0.831642584247835,0.5188156682282998,0.6742177563771939,0.8341631421362179,0.7147097877473867
51,8.0,1.0,0.0,0.8888888888888888,3,0.6137012369172217,0.34666666666666673,0.30732635585157,0.6681219339370728,0.677588164806366,0.8706091847247691,0.584514514736559,0.8088909684127479,0.8577146491863884,0.7804323292651161
52,8.0,2.0,1.0,1.0,1,0.6030927835051546,0.31153184165232356,0.29553264604810997,0.6669227480888367,0.6875163316726685,0.792369691527104,0.6433519229219606,0.7934110117897354,0.6446754500480599,0.718452019071715
53,2.0,2.0,0.0,0.5555555555555556,3,0.6158357771260997,0.3463796477495108,0.3010752688172043,0.6641009449958801,0.8012838959693909,0.8400281170365388,0.662058173371493,0.7743659392188459,0.8255381630620943,0.775497598172243
54,9.0,2.0,0.0,0.6666666666666666,1,0.5498281786941581,0.27710843373493976,0.2594501718213058,0.6890265941619873,0.8067010641098022,0.22335035198973974,0.7071019848166836,0.7151314507912182,0.10286208367906656,0.43711146781917704
55,1.0,2.0,1.0,0.8888888888888888,1,0.5027777777777778,0.21448467966573817,0.21944444444444441,0.6316425204277039,0.7993256449699402,0.5520580048689065,0.8111682243625312,0.8003811398079019,0.7937570529914071,0.7393411055076867
56,1.0,2.0,1.0,0.6666666666666666,1,0.5719844357976654,0.27555988315481983,0.26848249027237353,0.6128940582275391,0.607637345790863,0.778552160919978,0.5499597330129448,0.6147640406744236,0.7833011022485603,0.6816442592139766
57,9.0,1.0,1.0,0.6666666666666666,4,0.3776337115072933,0.19318181818181815,0.2171799027552674,0.6399638056755066,0.7319848537445068,0.6079176830993759,0.728679855029352,0.8091359834700224,0.5140493101775724,0.6649457079440807
58,3.0,2.0,0.0,0.6666666666666666,2,0.37932715748415413,0.17569546120058566,0.19307654802535346,0.6067706942558289,0.7629929184913635,0.8235630044975624,0.6780474014984901,0.8476098856250782,0.6730476276676741,0.7555669798222012
59,12.0,1.0,0.0,0.5555555555555556,2,0.5865051903114187,0.3292894280762565,0.2768166089965398,0.7086811661720276,0.6657732725143433,0.661100396212017,0.6828826050911577,0.4779721636134769,0.5446221509262422,0.5916443289607234
60,1.0,2.0,0.0,1.0,2,0.6048925129725724,0.2806236080178173,0.2757598220904373,0.6973897218704224,0.7906251549720764,0.18023295328451472,0.6616405316903274,0.709499842109252,0.20968857273503197,0.4402654749547815
61,2.0,2.0,1.0,0.6666666666666666,1,0.22137887413029728,0.09499683343888538,0.1265022137887413,0.6431460380554199,0.6257731318473816,0.17625828852586933,0.7393994957360573,0.8370653526216884,0.06824754349169376,0.45524267009382724
62,1.0,1.0,0.0,0.5555555555555556,1,0.45244690674053556,0.2198952879581152,0.17297630040012313,0.6109615564346313,0.7543594241142273,0.8787979272048073,0.5931248229672004,0.8198080077267591,0.8796112642389562,0.7928355055344308
63,1.0,2.0,1.0,1.0,1,0.6033601168736303,0.3716166788588149,0.308254200146092,0.6943914890289307,0.6970365047454834,0.7672578775545565,0.6315710562800586,0.5466277277324174,0.7512378719395671,0.6741736333766499
64,13.0,2.0,1.0,0.8888888888888888,1,0.5950302216252518,0.2878278412911903,0.2323707186030893,0.637633740901947,0.7181729674339294,0.8468583807017529,0.6295732893469982,0.7787915056831664,0.852907631932743,0.7770327019161651
65,2.0,1.0,1.0,0.5555555555555556,2,0.5231296402055967,0.28473413379073753,0.23415191319246145,0.653122067451477,0.6329566836357117,0.2437793988610335,0.5992654151253988,0.7997139846949237,0.4896501236116397,0.5331022305732489
66,3.0,2.0,0.0,0.75,2,0.5666251556662516,0.33541147132169574,0.3051058530510585,0.6749892830848694,0.7845633625984192,0.8070231362998032,0.7073694271235,0.7270699866142017,0.6454613702600013,0.7217309800743765
67,1.0,2.0,1.0,0.5555555555555556,1,0.4411177644710579,0.25674325674325676,0.22954091816367267,0.6052244305610657,0.706027090549469,0.05217886790443129,0.5350742267906438,0.5639331648093212,0.0959553402564655,0.3117853999402154
68,8.0,1.0,0.0,1.0,3,0.6151631477927063,0.29971181556195964,0.2523992322456814,0.639548659324646,0.7948184013366699,0.8527023599527277,0.591269641361693,0.7563276001426962,0.8460365167880907,0.7615840295613019
69,8.0,1.0,1.0,0.625,3,0.6063760572543916,0.33615635179153097,0.3083929733246585,0.6557230353355408,0.7268509864807129,0.896985243221649,0.52059037709286,0.7447001305170121,0.8867845060993289,0.7622650642327125
70,10.0,2.0,1.0,1.0,1,0.6188548293811451,0.28257093225246094,0.2475419317524581,0.6544854044914246,0.7669751644134521,0.8385358656324858,0.6040220367051681,0.7989396689507657,0.8386323242651492,0.7700324738883921
71,8.0,2.0,0.0,0.6666666666666666,3,0.6075122482308111,0.2811989100817439,0.2547632008709853,0.6229017972946167,0.6851006746292114,0.8516047057895092,0.6802555448414348,0.6793710849624,0.8177502629558095,0.7572453996372883
72,2.0,2.0,0.0,0.7777777777777778,3,0.5642105263157895,0.2839072382290935,0.2610526315789473,0.6588819026947021,0.7910176515579224,0.5979647910223757,0.6460132908035524,0.744272324771115,0.42959146514337393,0.6044604679351042
73,4.0,1.0,1.0,1.0,1,0.4363419007770472,0.29084380610412924,0.2857142857142857,0.6224319934844971,0.8345932960510254,0.4232479072132949,0.6639783679420391,0.78119980816198,0.5810270085558118,0.6123632729682815
74,1.0,1.0,1.0,1.0,2,0.6178770949720671,0.29642058165548096,0.26480446927374296,0.6103344559669495,0.6407959461212158,0.4888880848776756,0.5278290746468149,0.5950337218986946,0.4849451965080143,0.5241740194828
75,1.0,2.0,1.0,0.6666666666666666,1,0.6285971223021583,0.3078307830783078,0.2607913669064748,0.6401263475418091,0.843454122543335,0.8505162036060864,0.6514490797887574,0.8178192450863447,0.860980742667223,0.7951913177871028
76,8.0,1.0,0.0,1.0,4,0.627177700348432,0.25122121423586885,0.2662020905923345,0.6683696508407593,0.8095568418502808,0.5039453381059522,0.7182932818177069,0.8000463979371806,0.5667487823246024,0.6472584500463605
77,8.0,2.0,1.0,1.0,2,0.36003600360036003,0.15689810640216414,0.15121512151215122,0.6343202590942383,0.5658764839172363,0.9622195570287996,0.8523159223597104,0.8717491111714122,0.9355540354992229,0.9054596565147863
78,2.0,2.0,1.0,1.0,2,0.6391545042778057,0.33551637279596974,0.2747861097131354,0.6193369030952454,0.7150763869285583,0.7548955399053862,0.5726473186161479,0.7362792574060394,0.7834644626197713,0.7118216446368362
79,1.0,1.0,0.0,0.7777777777777778,1,0.6180203045685279,0.2731893265565438,0.2703045685279188,0.666536271572113,0.6579434871673584,0.8357375559833747,0.5598966969091456,0.7360631391568423,0.8036212809083744,0.7338296682394343
80,9.0,1.0,0.0,0.6666666666666666,1,0.5651685393258428,0.27671541057367827,0.26629213483146064,0.6798250079154968,0.804044783115387,0.8940402412481101,0.6791692818802278,0.7585775913132699,0.8760630233001244,0.801962534435433
81,9.0,1.0,1.0,0.5555555555555556,3,0.5968008825151683,0.31363887355052456,0.25592939878654164,0.6796528100967407,0.7873239517211914,0.8296098640537548,0.6729228296576225,0.6711220311799958,0.876314333089079,0.7624922644951131
82,9.0,1.0,1.0,0.5555555555555556,2,0.6211646837820914,0.2946708463949843,0.23418910457107076,0.6412447690963745,0.6624261736869812,0.7905363411939265,0.6389112539699702,0.7862952005562679,0.7977139621432536,0.7533641894658545
83,10.0,2.0,0.0,1.0,2,0.4240687679083095,0.22948938611589215,0.24527220630372493,0.6345357894897461,0.6620113849639893,0.5929562178463014,0.6567056466166308,0.7767432856750205,0.3788566130149189,0.6013154407882177
84,8.0,2.0,1.0,0.875,3,0.5313531353135313,0.2687224669603524,0.2706270627062706,0.6600833535194397,0.5686721801757812,0.25436993723512685,0.6862915563068814,0.7472686511447828,0.2893798524188735,0.49432749927641617
85,1.0,2.0,1.0,0.8888888888888888,1,0.5952264978080858,0.2944904924427109,0.2562104237700925,0.6927745342254639,0.7219417095184326,0.9142550279533814,0.6371121614681301,0.7972198398782914,0.9023566345359961,0.8127359159589498
86,1.0,2.0,1.0,0.8888888888888888,1,0.5833333333333333,0.2645444566410538,0.25548245614035087,0.6862082481384277,0.6883676052093506,0.8856753031683564,0.5921972202129143,0.6374467573944942,0.8614013484222578,0.7441801572995057
87,2.0,1.0,1.0,0.875,1,0.6584234930448224,0.37338834450747815,0.2895414734672849,0.6696253418922424,0.7798371911048889,0.8718866621088639,0.5092790379585005,0.7730079588850891,0.8618816568969629,0.7540138289623541
88,1.0,1.0,1.0,1.0,2,0.6433649289099528,0.2870699881376038,0.25,0.6235319375991821,0.8241831064224243,0.06873483171414728,0.6376989712886548,0.7086707028328473,0.10643298483349284,0.38038437266728553
89,1.0,2.0,0.0,0.5555555555555556,2,0.46774193548387094,0.2129221732745962,0.2155425219941349,0.5975052714347839,0.8010238409042358,0.8696558923616964,0.5524766617841321,0.8131626587869718,0.8629485034753145,0.7745609291020287
90,1.0,2.0,1.0,0.625,3,0.5727568572756857,0.26151698464402046,0.2296606229660623,0.619015097618103,0.7280344367027283,0.86368834811866,0.47887986713746056,0.7850845894148685,0.8585390666872662,0.7465479678395638
91,8.0,2.0,1.0,1.0,4,0.5620473201352003,0.27356210729821173,0.22790922259777885,0.6557623744010925,0.6856493949890137,0.7179780802729907,0.6500221173841416,0.7458338402563148,0.7144089518587786,0.7070607474430565
92,8.0,2.0,1.0,1.0,1,0.6112629852378348,0.2922824302134647,0.25806451612903225,0.6296007037162781,0.6949690580368042,0.9052281958680138,0.4975086542211618,0.588780424195683,0.8980868732924951,0.7224010368943385
93,7.0,1.0,1.0,0.5555555555555556,2,0.5848375451263538,0.26987951807228916,0.23706377858002406,0.692183792591095,0.659644603729248,0.39114017024298736,0.7443378523700815,0.7821435428232277,0.3510571064143439,0.5671696679626601
94,10.0,1.0,1.0,1.0,2,0.41988950276243087,0.21185770750988142,0.2004735595895817,0.6708350777626038,0.7484278082847595,0.09792049682566038,0.6172818131803566,0.7140314378589528,0.07328506803269952,0.37562970397441736
95,1.0,2.0,1.0,0.6666666666666666,1,0.6305858987090367,0.2912524850894632,0.24627606752730885,0.6796180605888367,0.7475748062133789,0.9079339946417982,0.6213771170092722,0.6195584822068079,0.8672319469667725,0.7540253852061627
96,10.0,2.0,0.0,1.0,2,0.5906040268456376,0.2597984322508399,0.25838926174496646,0.679875910282135,0.6539580821990967,0.8877531949847514,0.537729090107688,0.7850898303882089,0.8751363362935657,0.7714271129435535
97,9.0,1.0,0.0,0.5555555555555556,2,0.5479688850475368,0.2846020761245675,0.205704407951599,0.6513649225234985,0.6259528994560242,0.8855592040656,0.6462143194454937,0.6393742369117466,0.8645896461822379,0.7589343516512695
98,4.0,2.0,1.0,1.0,1,0.5604681404421326,0.2890625,0.29648894668400516,0.6563040614128113,0.6443416476249695,0.7088034486624791,0.661013981000305,0.7580320145978368,0.6307559442160456,0.6896513471191665
99,1.0,1.0,1.0,1.0,2,0.6375000000000001,0.32638164754953075,0.3145833333333333,0.6773264408111572,0.6924222707748413,0.7992636698648873,0.550147899811044,0.6830166043788983,0.7477051745374503,0.6950333371480699
100,8.0,2.0,1.0,0.6666666666666666,3,0.46116504854368934,0.2458697764820214,0.26601941747572816,0.6562023758888245,0.6673365831375122,0.8072338411700726,0.7176468020884481,0.8306563446846664,0.6561030407571139,0.7529100071750753
101,2.0,2.0,1.0,1.0,1,0.6377708978328174,0.3429752066115702,0.31991744066047473,0.6548250317573547,0.5843391418457031,0.9180864674107573,0.4961699983435448,0.7354233542369988,0.8942775428593823,0.7609893407126709
102,4.0,2.0,1.0,0.5555555555555556,1,0.5450409463148317,0.21311475409836067,0.20291173794358502,0.6162954568862915,0.8194217681884766,0.8933085653391895,0.6817975439028002,0.8917939684788964,0.8744066475825906,0.8353266813258692
103,8.0,1.0,1.0,1.0,1,0.5825545171339563,0.2931392931392931,0.2502596053997923,0.6666536927223206,0.6650621891021729,0.8551354458711611,0.5399577657557748,0.6933854740702358,0.799065258108512,0.721885985951421
104,8.0,1.0,1.0,1.0,3,0.5998469778117826,0.3601532567049808,0.28768171384850805,0.7112330794334412,0.6119279265403748,0.7532136857477989,0.6328236030313277,0.7931564849176072,0.7717484977100139,0.7377355678516869
105,4.0,2.0,1.0,0.7777777777777778,1,0.5685218432076601,0.26722588376273215,0.2800718132854578,0.6253210306167603,0.6635522842407227,0.870673629481396,0.6932033422816958,0.7166003466907261,0.825503566023071,0.7764952211192222
106,6.0,1.0,1.0,0.5555555555555556,2,0.5573476702508959,0.295067264573991,0.2661290322580645,0.6900914907455444,0.736539900302887,0.8055183315423139,0.6992121771094234,0.7578900167989769,0.8034396762839237,0.7665150504336594
107,8.0,1.0,0.0,0.7777777777777778,3,0.6413100898045431,0.3585404547858276,0.2778658214474379,0.6903708577156067,0.6214045882225037,0.8854771227877422,0.5995480468191733,0.7659033180493199,0.8686318231272758,0.7798900776958778
108,1.0,1.0,1.0,0.5555555555555556,2,0.5589555283557732,0.22948142098815844,0.1778865769073847,0.6483768820762634,0.765589714050293,0.914230765324925,0.6371556369104066,0.7997962020061701,0.9029830667928198,0.8135414177585805
109,5.0,1.0,0.0,1.0,1,0.5306122448979591,0.29118773946360155,0.29081632653061223,0.6336983442306519,0.7058168649673462,0.5398753877554888,0.7129801069382794,0.796716622812641,0.5442528608028472,0.6484562445773141
110,1.0,2.0,1.0,0.5555555555555556,1,0.5572755417956656,0.29545454545454547,0.23219814241486067,0.6424608826637268,0.7520503401756287,0.8735974947721077,0.5101726170597085,0.7270240761204486,0.8516996145956142,0.7406234506369698
111,1.0,1.0,1.0,1.0,2,0.527048741296197,0.28310991957104553,0.292447777182646,0.674626886844635,0.6011704206466675,0.18501510126704848,0.45636177232629155,0.6516685676300115,0.17145943940624114,0.36612622015739815
112,8.0,1.0,1.0,1.0,1,0.638671875,0.3463796477495108,0.3203125,0.6826875805854797,0.733328640460968,0.27001066733313783,0.7420716498452775,0.7829971451733247,0.1052965604330998,0.47509400569621
113,1.0,2.0,0.0,0.5555555555555556,2,0.5806754221388368,0.30422535211267604,0.2551594746716698,0.6814497709274292,0.6443125605583191,0.8257756287980719,0.6672421639496962,0.7846984520408373,0.8295110770699121,0.7768068304646294
114,2.0,2.0,1.0,0.7777777777777778,1,0.44779874213836474,0.2216624685138539,0.21132075471698117,0.6698039174079895,0.6377454400062561,0.8632837172061653,0.8109436240975204,0.8144260088382466,0.7871967485970678,0.81896252468475
115,10.0,2.0,1.0,0.5555555555555556,2,0.6304824561403509,0.283205268935236,0.23026315789473684,0.6198512315750122,0.7419902086257935,0.9125762147686801,0.7179919455783378,0.826829025945407,0.8778520147850016,0.8338123002693566
116,8.0,1.0,0.0,1.0,2,0.5493087557603686,0.25300092336103414,0.2377880184331797,0.6750234961509705,0.7227082848548889,0.9446366552043548,0.75146860381763,0.7484875076557711,0.8971303057463242,0.83543076810602
117,1.0,2.0,1.0,0.5555555555555556,1,0.5865620402157921,0.2719685812469318,0.25404610102991665,0.6615979671478271,0.6187133193016052,0.881345435160561,0.561676907843514,0.7810924173611873,0.8674466701762116,0.7728903576353685
118,12.0,2.0,1.0,1.0,1,0.6451612903225806,0.3290676416819013,0.26536822884966527,0.6543808579444885,0.7135240435600281,0.9187915745478328,0.6127380579264704,0.7716604698301013,0.9091262562445704,0.8030790896372437
119,1.0,1.0,1.0,1.0,2,0.5739471106758081,0.25588235294117645,0.20861900097943192,0.6424331068992615,0.565291702747345,0.718524832350379,0.5072347682468838,0.6173661203007106,0.7231933233976577,0.6415797610739078
120,1.0,1.0,0.0,0.5555555555555556,1,0.6286043829296425,0.302540415704388,0.2883506343713956,0.7062289714813232,0.8041582107543945,0.8976638649759634,0.5793578818396935,0.7725719758242824,0.8652091731168984,0.7787007239392094
121,9.0,2.0,1.0,1.0,2,0.5187083546899025,0.2842483324781939,0.2665299846232701,0.6824379563331604,0.6844029426574707,0.8471855303937534,0.5998657503449588,0.7247070770916747,0.8220991177417305,0.7484643688930295
122,6.0,2.0,0.0,1.0,2,0.6655808903365906,0.3706521739130435,0.3365906623235614,0.6513147354125977,0.7447803020477295,0.7548672000648506,0.6571654340736107,0.6919409022492969,0.7416935236003999,0.7114167649970395
123,1.0,2.0,1.0,1.0,1,0.5751295336787565,0.2439446366782007,0.2521588946459413,0.6462047100067139,0.6457136869430542,0.045542416053288036,0.689282396027413,0.7653233417590056,0.12627261300134085,0.4066051917102619
124,2.0,1.0,1.0,0.5555555555555556,1,0.38259206121472983,0.19722355193872668,0.22477283596365377,0.6133764982223511,0.8124930262565613,0.40464658589319097,0.6139632540932896,0.7867431997812177,0.6887265430055441,0.6235198956933106
125,1.0,1.0,0.0,1.0,1,0.5641025641025641,0.2607040913415794,0.27350427350427353,0.6688128709793091,0.7699800729751587,0.17851656620401873,0.7643166477769979,0.8109238127304507,0.41752213343591793,0.5428197900368463
126,9.0,2.0,1.0,1.0,2,0.5814463111760408,0.2721287490855888,0.2892622352081811,0.6667793393135071,0.6638832092285156,0.9111725680216941,0.728814599307377,0.8060319299087662,0.8898668007519671,0.833971474497451
127,10.0,2.0,0.0,1.0,1,0.5642105263157895,0.28739991571849977,0.2534736842105263,0.6269983649253845,0.7126805186271667,0.8454496242308095,0.6205861431946369,0.8139699610548612,0.825421741379241,0.7763568674648872
128,2.0,2.0,1.0,0.5555555555555556,2,0.39401197604790417,0.23621103117505995,0.2502994011976048,0.6463909149169922,0.6802735328674316,0.09934729939519073,0.7549637000327284,0.7537443065275703,0.13426515486534946,0.43558011520520973
129,5.0,1.0,1.0,1.0,2,0.5747973470891672,0.2774907749077491,0.21960206337509208,0.6669679284095764,0.7072494029998779,0.837505053210009,0.6404570443327277,0.7176328201962495,0.8482103544398305,0.7609513180447043
130,1.0,1.0,1.0,1.0,2,0.5996258185219832,0.33333333333333326,0.23573433115060802,0.6012288928031921,0.5940459966659546,0.8855816234005182,0.6619646238091735,0.7070346892520766,0.8623651819490571,0.7792365296027064
131,1.0,1.0,1.0,0.7777777777777778,2,0.6102675343456254,0.2708182476466329,0.2877801879971077,0.6546257138252258,0.7246319055557251,0.05676376386688308,0.626800728331257,0.7774407814616988,0.05905473743864995,0.3800150027746222
132,4.0,2.0,0.0,0.5555555555555556,2,0.5123751628310899,0.22598870056497172,0.2032132001736865,0.6348811984062195,0.640093207359314,0.8601367037771207,0.6677432190608761,0.7600303339931785,0.8303665783088946,0.7795692087850175
133,2.0,1.0,1.0,0.5555555555555556,2,0.35649202733485186,0.17901938426453823,0.16173120728929385,0.5640993118286133,0.714664101600647,0.5307443361837814,0.7142571484988945,0.7854619775814418,0.31935129639807863,0.5874536896655491
134,8.0,1.0,0.0,0.5555555555555556,2,0.5998934469898776,0.2634666666666666,0.2376132125732552,0.6349902749061584,0.716780960559845,0.878233261738981,0.6778477709069554,0.637519018827989,0.8616862162580525,0.7638215669329945
135,2.0,1.0,0.0,0.5555555555555556,1,0.5015151515151515,0.24886191198786037,0.2560606060606061,0.6249892115592957,0.6934385895729065,0.6329746775271734,0.48599996097836157,0.7938003280034831,0.5793061370900379,0.623020275899764
136,10.0,2.0,0.0,0.6666666666666666,2,0.6319018404907977,0.29375639713408397,0.26789366053169733,0.6592682003974915,0.6971673369407654,0.8790901595842332,0.4909858228963798,0.7432117647238091,0.8693028407776717,0.7456476469955234
137,8.0,1.0,1.0,0.6666666666666666,4,0.47477174435367614,0.26166426166426165,0.245074483421432,0.6212143898010254,0.7867514491081238,0.8530620267260414,0.7039850758413414,0.7994596315250794,0.8616841692639438,0.8045477258391015
138,1.0,2.0,0.0,0.5555555555555556,1,0.43800904977375565,0.1559383499546691,0.2171945701357466,0.6002122163772583,0.765000581741333,0.41712755435364257,0.6705901490368594,0.7945008098328256,0.8704489409982448,0.688166863555393
139,3.0,2.0,1.0,0.6666666666666666,2,0.5469565217391305,0.27850304612706706,0.21217391304347827,0.5263469219207764,0.7027038931846619,0.7780822252577894,0.6325290630740271,0.7529645305365008,0.7680581768078577,0.7329084989190437
140,8.0,2.0,0.0,1.0,0,0.6344755970924195,0.3451143451143451,0.24506749740394598,0.6885273456573486,0.7792495489120483,0.8880212185540843,0.7181209512742058,0.6692611315382191,0.867681565116993,0.7857712166208756
141,5.0,2.0,0.0,0.875,2,0.5617977528089887,0.2580645161290323,0.2546816479400749,0.6195012927055359,0.7316561341285706,0.8844631187882144,0.6061934738409396,0.5751733710586544,0.8484826214221154,0.728578146277481
142,9.0,2.0,1.0,1.0,4,0.6097560975609756,0.34929577464788736,0.2279549718574109,0.6873417496681213,0.6636657118797302,0.7831904629757768,0.5767444163778785,0.623377277661673,0.7805017729298266,0.6909534824862886
143,8.0,1.0,1.0,0.7777777777777778,1,0.5711547676090081,0.3251798561151079,0.3229516051748922,0.6446169018745422,0.7579303979873657,0.8785150809409705,0.5754738816012613,0.7564153387352207,0.8701910135031239,0.7701488286951441
144,1.0,2.0,1.0,1.0,1,0.468032278088144,0.2896208825357365,0.2731222842954687,0.6014841794967651,0.7323336601257324,0.6898055921011947,0.678865349014111,0.6905325288360237,0.5516198470574266,0.652705829252189
145,1.0,2.0,1.0,1.0,1,0.5727636849132176,0.2927807486631016,0.205607476635514,0.6759096384048462,0.6464649438858032,0.8569059693343538,0.6205664136250287,0.8231939624180451,0.8566420715893777,0.7893271042417014
146,1.0,1.0,1.0,1.0,2,0.5917560700169395,0.2679479932165065,0.23150762281197063,0.6381184458732605,0.7358376979827881,0.838102565575121,0.6453926459513789,0.5843931348504252,0.8026227795079645,0.7176277814712224
147,3.0,2.0,0.0,0.5555555555555556,3,0.392904073587385,0.2044707429322814,0.17411300919842315,0.6147498488426208,0.6545745134353638,0.23510059434319178,0.4910036730048058,0.7102958295075698,0.2847677552105223,0.43029196301652245
148,8.0,2.0,0.0,0.7777777777777778,2,0.6106796116504856,0.3362487852283771,0.3116504854368932,0.6883866786956787,0.7461758852005005,0.8185259878732403,0.5612592395523269,0.6905719781064195,0.7907507875681938,0.7152769982750451
149,10.0,2.0,1.0,0.7777777777777778,2,0.4321372854914197,0.1609375,0.19032761310452415,0.6388720273971558,0.7336508631706238,0.2442899878771218,0.6277581939334953,0.7317224745747379,0.4003604767362505,0.5010327832804014
150,4.0,2.0,1.0,1.0,3,0.5474201474201474,0.2164289227742253,0.2054054054054054,0.6146359443664551,0.712881863117218,0.798436959920663,0.5277992723967622,0.6428175831610118,0.7853759300024298,0.6886074363702167
151,8.0,2.0,1.0,0.75,3,0.35803497085761865,0.2008333333333333,0.18984179850124894,0.6482964158058167,0.6542530059814453,0.7532395785557557,0.6996307225997548,0.6703190407610504,0.5804558377099234,0.675911294906621
152,8.0,2.0,0.0,1.0,2,0.5028328611898017,0.26099290780141843,0.2719546742209632,0.6604138612747192,0.5934866070747375,0.8100707337476309,0.7232794202916324,0.6561180338405511,0.6141589995468498,0.7009067968566661
153,1.0,1.0,0.0,0.6666666666666666,1,0.6299303944315545,0.2764227642276422,0.2772621809744779,0.639392614364624,0.7509944438934326,0.9012043990973828,0.6206210967767334,0.8813920100764728,0.8822111129331244,0.8213571547209284
154,8.0,1.0,1.0,1.0,2,0.6076502732240437,0.26805251641137856,0.2262295081967213,0.6743414402008057,0.7040665149688721,0.8589029005455501,0.5729810443155849,0.7680584066099226,0.8269077260279084,0.7567125193747415
155,1.0,2.0,1.0,0.5555555555555556,1,0.6304691618344757,0.29868073878627965,0.26251976805482347,0.6517714858055115,0.7643438577651978,0.8384684926689852,0.493612890930614,0.7160810733249734,0.8100072518693464,0.7145424271984797
156,8.0,1.0,1.0,1.0,2,0.4142683421159303,0.23123732251521298,0.19294689906769355,0.682531476020813,0.6489487290382385,0.3802470728223889,0.5446342560672705,0.6407290621525458,0.270194400644406,0.4589511979216528
157,7.0,1.0,1.0,0.5555555555555556,1,0.5476402493321461,0.23529411764705888,0.19056099732858414,0.6373857259750366,0.6849863529205322,0.8527233934489973,0.5868988492365181,0.6871810646857457,0.7731427850372913,0.7249865231021381
158,8.0,1.0,0.0,1.0,3,0.6082474226804124,0.2724458204334365,0.22371134020618558,0.6542757153511047,0.6833169460296631,0.8675599707810002,0.6054557026834191,0.6904541562063726,0.850381425885515,0.7534628138890767
159,6.0,2.0,1.0,1.0,2,0.4832904884318766,0.25407725321888414,0.19194515852613536,0.6424070000648499,0.6031661629676819,0.6753925823090888,0.6053306468139047,0.5932945523960429,0.6642883254349016,0.6345765267384845
160,1.0,1.0,0.0,0.6666666666666666,1,0.6049528301886793,0.2538370720188902,0.2358490566037736,0.6638174653053284,0.7208962440490723,0.8645730848194397,0.6164862513060688,0.7993386157223671,0.8419993822510548,0.7805993335247325
161,1.0,1.0,1.0,1.0,2,0.4225352112676056,0.24835371589840075,0.25727699530516435,0.6827538013458252,0.7331790924072266,0.36337561565270365,0.7541370992063154,0.7549006889384955,0.6429029539667661,0.6288290894410702
162,3.0,1.0,0.0,1.0,1,0.5227138643067846,0.24099232132309512,0.24306784660766967,0.6307324767112732,0.6778349876403809,0.6864067797418376,0.6006591669997071,0.7044785675683759,0.48528017702292586,0.6192061728332117
163,8.0,2.0,1.0,1.0,2,0.6083283041641522,0.227190332326284,0.22208811104405551,0.6141038537025452,0.7219162583351135,0.9344612826581417,0.6532437233982791,0.7571374651139985,0.9235412565245825,0.8170959319237505
164,5.0,2.0,1.0,0.6666666666666666,3,0.5,0.2204362801377727,0.23509174311926606,0.661613941192627,0.5695016980171204,0.5836080613836327,0.5424254037010673,0.7521144001661167,0.6383681862784177,0.6291290128823087
165,9.0,2.0,0.0,1.0,3,0.4631008801624915,0.20338983050847456,0.20582261340555177,0.6015008091926575,0.6200330853462219,0.06579626022779646,0.5942563624425032,0.6991317814348962,0.0853530825508706,0.36113437166401663
166,8.0,2.0,1.0,1.0,2,0.5724585436193222,0.244043321299639,0.2595529920692141,0.654466450214386,0.6697315573692322,0.8501072714894351,0.716086976203242,0.689112064895155,0.8493588705752007,0.7761662957907582
167,1.0,1.0,0.0,1.0,1,0.5053147996729354,0.21785421785421785,0.23221586263286997,0.6611921787261963,0.7401498556137085,0.8759224350075837,0.7967725802207416,0.7667497605148477,0.6120461212319102,0.7628727242437707
168,2.0,2.0,0.0,1.0,2,0.6037735849056604,0.3175089331291475,0.22233554309026007,0.6401740908622742,0.6922813653945923,0.8182090185434493,0.5665841591942885,0.5655364795130438,0.8150785023625484,0.6913520399033325
169,5.0,1.0,1.0,1.0,1,0.5012510425354463,0.23706176961602674,0.20517097581317764,0.6219662427902222,0.7991095781326294,0.8790158190333478,0.6149896076783238,0.7800916937541865,0.8734509417020659,0.7868870155419809
170,3.0,1.0,1.0,0.5555555555555556,1,0.4605978260869566,0.229775662814412,0.203125,0.6696887016296387,0.6794038414955139,0.8682382385763885,0.6049794987215036,0.6400868282382461,0.8675959206840405,0.7452251215550447
171,8.0,2.0,1.0,1.0,2,0.5909090909090908,0.280046674445741,0.28088578088578087,0.6755000948905945,0.5763314962387085,0.8603948585383991,0.5720207597319712,0.734543438182927,0.8705129929664338,0.7593680123549328
172,2.0,2.0,0.0,0.5555555555555556,3,0.6025492468134415,0.2088167053364269,0.19582850521436848,0.6565636992454529,0.7571660280227661,0.8993679953101633,0.5898088046431261,0.7887350456195587,0.8848808665028122,0.7906981780189151
173,9.0,1.0,1.0,1.0,3,0.6472765732416711,0.31551085230280573,0.25066102591221573,0.6508519649505615,0.7081035375595093,0.9074956623423891,0.5661332381797314,0.7298934176121098,0.8918009066031638,0.7738308061843486
174,13.0,1.0,0.0,1.0,3,0.49421661409043116,0.2813048053314626,0.19418156326673677,0.6483799815177917,0.7350226044654846,0.8370757216573377,0.5918951530997709,0.6635387202383016,0.7935718546207998,0.7215203624040525
175,8.0,2.0,1.0,1.0,2,0.24872231686541738,0.17406143344709898,0.141396933560477,0.5642471313476562,0.61747807264328,0.876718050034287,0.7084243567030883,0.5924649090355637,0.14207511665646366,0.5799206081073507
176,10.0,2.0,1.0,1.0,3,0.6061757719714964,0.29006181645268664,0.2489311163895487,0.6691155433654785,0.5914821028709412,0.8334684660258589,0.6296845175651524,0.7573618704889052,0.8072212019488456,0.7569340140071905
177,6.0,2.0,1.0,1.0,3,0.6249201277955272,0.3109404990403071,0.273482428115016,0.6523301005363464,0.6523950695991516,0.8773989103080034,0.5536999690816463,0.668607317991058,0.85834054990056,0.7395116868203169
178,8.0,1.0,1.0,0.5555555555555556,1,0.48691099476439786,0.2477544910179641,0.20344053851907254,0.6571855545043945,0.7236131429672241,0.8732273468759104,0.6160006733443719,0.7265004269828971,0.871532229890326,0.7718151692733763
179,8.0,2.0,1.0,0.6666666666666666,4,0.5256252562525625,0.215839146491588,0.1730217302173022,0.609524130821228,0.5763531923294067,0.9195110864879733,0.5903640650092282,0.8013865375546583,0.9086336251672218,0.8049738285547705
180,2.0,1.0,1.0,1.0,2,0.6022187004754359,0.2718138551031201,0.2556788166930798,0.6078579425811768,0.6720919609069824,0.7590714412173559,0.6478897224975052,0.6324987715701758,0.7734247982275021,0.7032211833781348
181,8.0,2.0,1.0,1.0,3,0.5615234374999999,0.22776148582600197,0.24023437500000003,0.6423496007919312,0.735645055770874,0.8512089211084533,0.4480869503650823,0.6424052979538342,0.8345783361112318,0.6940698763846503
182,1.0,1.0,0.0,0.5555555555555556,1,0.5628834355828221,0.29032258064516125,0.24079754601226996,0.6654391884803772,0.7726637721061707,0.1054029374701257,0.7371538729723123,0.6989018963043298,0.09960808672346641,0.4102666983675585
183,1.0,2.0,1.0,1.0,1,0.506880733944954,0.2433052792654935,0.20183486238532108,0.6184430718421936,0.7998898029327393,0.885848110964092,0.6095659875001368,0.7340166430619921,0.8432426649118901,0.7681683516095277
184,1.0,1.0,0.0,1.0,1,0.5976284584980237,0.26761678543151224,0.2640316205533597,0.6587503552436829,0.6855155825614929,0.8675495434470138,0.7377707341029146,0.7937256062763586,0.7864837684133197,0.7963824130599017
185,1.0,2.0,1.0,0.7777777777777778,1,0.5791925465838509,0.2908242612752722,0.27018633540372666,0.6801863312721252,0.668854832649231,0.27682060184050333,0.7533423603723499,0.732320199088492,0.17279501479584616,0.48381954402429783
186,7.0,1.0,0.0,1.0,3,0.6099537037037037,0.31402085747392816,0.2685185185185185,0.6402502655982971,0.67995685338974,0.7131612793051916,0.6430477278990686,0.778835257020232,0.7188911231630519,0.713483846846886
187,2.0,1.0,1.0,0.75,2,0.41638846737481033,0.22411175220163984,0.17905918057663125,0.6363822221755981,0.7737606763839722,0.9072944157279358,0.5052594023200188,0.8048855697094971,0.8613282993624591,0.7696919217799777
188,2.0,1.0,1.0,0.5555555555555556,2,0.502643350955673,0.21978021978021975,0.19520130134200894,0.6462576985359192,0.6923049688339233,0.8905709880990589,0.5945492801424569,0.6975509309854306,0.8805515004669087,0.7658056749234639
189,9.0,2.0,1.0,1.0,3,0.37047756874095517,0.16666666666666666,0.17655571635311143,0.6262040734291077,0.5949684381484985,0.7166256280479262,0.7654520982482407,0.7157517350189978,0.49430283310692247,0.6730330736055218
190,9.0,2.0,1.0,1.0,2,0.6206467661691543,0.2752179327521793,0.22512437810945277,0.6593774557113647,0.7630200386047363,0.8885041455430751,0.6310250044104321,0.8233131324703297,0.8515525075384749,0.7985986974905779
191,3.0,1.0,1.0,0.5555555555555556,2,0.5594989561586639,0.23150856665273714,0.20375782881002089,0.6297335624694824,0.8484694361686707,0.8174071523900704,0.5927263713355253,0.8051563709517646,0.8427510531267821,0.7645102369510357
192,1.0,1.0,1.0,1.0,2,0.6853731343283582,0.34429169157202627,0.30208955223880596,0.6769493222236633,0.7210658192634583,0.9170204748615163,0.49036244885198493,0.7338927445126453,0.8899465406818665,0.7578055522270033
193,1.0,1.0,1.0,1.0,2,0.5952208544532946,0.30166787527193617,0.27226647356987693,0.683681309223175,0.687606692314148,0.584923750060872,0.6554865772160307,0.7913844580937843,0.49932113912012227,0.6327789811227024
194,12.0,2.0,1.0,1.0,3,0.6357615894039734,0.2546419098143236,0.25430463576158935,0.639768660068512,0.682136595249176,0.8415774623138723,0.6568463338850259,0.7307003003925081,0.7840949297162184,0.7533047565769062
195,12.0,2.0,1.0,1.0,2,0.6348837209302326,0.289871944121071,0.25232558139534883,0.6274293065071106,0.680172860622406,0.8994441704355248,0.6590074771426855,0.7421428965297578,0.8861168657459935,0.7966778524634904
196,8.0,2.0,0.0,0.7777777777777778,1,0.5733590733590734,0.2879227053140097,0.2519305019305019,0.6521456241607666,0.6117914319038391,0.8757970851853054,0.540935413295803,0.767779251389112,0.8662754114138436,0.762696790321016
197,4.0,2.0,1.0,1.0,2,0.6036217303822937,0.2713230355943586,0.24279007377598924,0.6524780988693237,0.8235223293304443,0.9265630668165917,0.81042901730864,0.7928739645644145,0.9065618954707704,0.8591069860401042
198,1.0,1.0,1.0,0.6666666666666666,2,0.6069841269841271,0.2708200890019072,0.25142857142857145,0.6538978219032288,0.7379658818244934,0.9023393245870225,0.5628223758239227,0.6978432298864984,0.8790650632521677,0.7605174983874028
199,3.0,1.0,1.0,1.0,2,0.5929871282734132,0.2896490448689471,0.255659121171771,0.6690002679824829,0.7322748303413391,0.8848822028400757,0.66595959419776,0.7700634444824732,0.8802643310650462,0.8002923931463388
200,8.0,2.0,1.0,0.7777777777777778,3,0.5190510424155285,0.2678185745140389,0.2818116462976276,0.686165988445282,0.6497922539710999,0.3889562694477419,0.6616362077610835,0.6997517350887644,0.13935306910440537,0.4724243203504988
201,2.0,2.0,1.0,0.5555555555555556,1,0.5258175559380378,0.2704565030146425,0.21514629948364888,0.6526228785514832,0.6589646339416504,0.879509061873849,0.6396182014068639,0.7075636608988619,0.873749592394647,0.7751101291435554
202,2.0,2.0,0.0,0.5555555555555556,1,0.5414414414414415,0.27141568981064024,0.24954954954954953,0.6750903725624084,0.7751035690307617,0.9099121244217575,0.6065177382703454,0.7345650640482548,0.8900415909896712,0.7852591294325072
203,9.0,1.0,1.0,0.5555555555555556,2,0.56120826709062,0.232484076433121,0.27821939586645467,0.6347768306732178,0.6365106701850891,0.5713589351691193,0.6554700293851409,0.7665980816918981,0.553246733507272,0.6366684449383576
204,8.0,1.0,1.0,0.7777777777777778,3,0.5510688836104514,0.19262782401902495,0.2042755344418052,0.6359900236129761,0.6320509910583496,0.7230647140195668,0.5206951182292601,0.6477107510311643,0.6142976963583061,0.6264420699095744
205,6.0,1.0,0.0,0.6666666666666666,3,0.5603015075376885,0.23773584905660375,0.24246231155778894,0.6334474086761475,0.7775477170944214,0.9123475827482445,0.610390951238358,0.8011046533296132,0.883618868714492,0.8018655140076769
206,1.0,2.0,0.0,0.5555555555555556,2,0.6086956521739131,0.2679479932165065,0.26086956521739135,0.6984652876853943,0.7029130458831787,0.8782782464724616,0.490575015717477,0.7094817018997648,0.8709243570855638,0.7373148302938167
207,2.0,1.0,0.0,1.0,1,0.6287192755498059,0.31606217616580307,0.31306597671410097,0.7096433043479919,0.6245319843292236,0.02952497308979471,0.4885359635929275,0.6672219909894417,0.09925825585499555,0.32113529588178985
208,8.0,1.0,0.0,0.5555555555555556,2,0.4640434192672999,0.19972826086956522,0.24151967435549523,0.6218095421791077,0.6749495267868042,0.5046068880277655,0.6557624586150899,0.63501359824841,0.5005202194461489,0.5739757910843536
209,9.0,2.0,1.0,0.5555555555555556,2,0.6473118279569892,0.33799784714747044,0.30752688172043013,0.6847767233848572,0.61592036485672,0.9070965789008099,0.5653093351172601,0.7530822187918853,0.8889330959651757,0.7786053071937827
210,1.0,1.0,1.0,0.5555555555555556,2,0.6115364982133742,0.28308635666836995,0.22052067381316998,0.6718106269836426,0.6100388765335083,0.23563663275045563,0.45863143690326524,0.7883885819718117,0.23637280099496044,0.42975736315512325
211,3.0,2.0,0.0,0.7777777777777778,2,0.6202393906420022,0.31263616557734203,0.3133841131664853,0.6498313546180725,0.6521924138069153,0.8314871472651861,0.46960311503956265,0.7708598263523682,0.8052064735356793,0.719289140548199
212,8.0,1.0,1.0,1.0,1,0.6022525192649674,0.25163204747774487,0.2774155305275637,0.6883754730224609,0.7920352816581726,0.8982788547772217,0.557956143426097,0.7551566443355411,0.8874653945201101,0.7747142592647425
213,1.0,2.0,1.0,0.8888888888888888,1,0.40553633217993085,0.22176022176022173,0.20484429065743945,0.6336205005645752,0.6788578629493713,0.9157098206615913,0.6292348092317225,0.8871943100665088,0.8215278680752486,0.8134167020087678
214,2.0,2.0,1.0,0.8888888888888888,3,0.5114806017418843,0.26804123711340205,0.1884402216943785,0.6665063500404358,0.7705435156822205,0.7441069571972487,0.6456776373588982,0.6387803387667729,0.7046112846788116,0.6832940545004328
215,9.0,2.0,1.0,1.0,2,0.6086956521739131,0.2636419374616799,0.2241273729332517,0.6729508638381958,0.6122483611106873,0.05985418001321323,0.5117864852731195,0.5497209716281124,0.049496481869280747,0.2927145296959314
216,1.0,1.0,0.0,0.5555555555555556,1,0.5717017208413002,0.261244019138756,0.20936902485659653,0.6348727345466614,0.7708489298820496,0.8629203003391714,0.5771020574889562,0.7659793319863314,0.8525464999744294,0.7646370474472222
217,8.0,2.0,0.0,1.0,2,0.605570530098832,0.2934293429342934,0.30727762803234493,0.6299687623977661,0.8433346748352051,0.5144893895854401,0.68488589687868,0.8058430098539029,0.5936332666508435,0.6497128907422165
218,1.0,1.0,0.0,0.8888888888888888,1,0.5301837270341206,0.24572930354796324,0.2598425196850394,0.6591603755950928,0.7600295543670654,0.9540543425033162,0.6717351921670646,0.8762878310456804,0.9527666824451637,0.8637110120403062
219,1.0,2.0,1.0,1.0,1,0.5672299779573843,0.23399558498896245,0.24981631153563558,0.6759432554244995,0.7075830698013306,0.8513947726808654,0.6987144565285694,0.660439608524824,0.7136496435879159,0.7310496203305438
220,3.0,2.0,1.0,1.0,1,0.6112185686653772,0.29235237173281703,0.2553191489361702,0.6626762747764587,0.6592451333999634,0.9157294365164517,0.5629517440053198,0.7730529432949338,0.8795466988684906,0.782820205671299
221,7.0,1.0,1.0,1.0,2,0.6419379258137774,0.37604245640636846,0.36033308099924305,0.6766296029090881,0.7261598706245422,0.3531575184843656,0.6267983118825129,0.7504072705416859,0.5011654350298805,0.5578821339846112
222,8.0,2.0,1.0,1.0,0,0.5505952380952381,0.2985074626865672,0.30654761904761907,0.6899965405464172,0.8335925936698914,0.8822955612721233,0.7666683815798774,0.8397338954426854,0.5212098608941549,0.7524769247972103
223,4.0,2.0,1.0,0.8888888888888888,1,0.59727385377943,0.27791563275434245,0.241635687732342,0.6328243613243103,0.7028154730796814,0.8424217261801605,0.5207144937087532,0.7910755073882682,0.7906263427503087,0.7362095175068726
224,8.0,1.0,1.0,1.0,2,0.6214689265536724,0.27601809954751133,0.2440677966101695,0.6569502353668213,0.7334904074668884,0.847968509945383,0.7014821496500514,0.7748836760805015,0.8708792165499971,0.7988033880564832
225,2.0,1.0,1.0,0.5555555555555556,2,0.5780564263322884,0.23226616446955428,0.25329153605015675,0.6345425844192505,0.6849548816680908,0.7010598304373822,0.6262034174885878,0.7445572115490187,0.7098430208055764,0.6954158700701412
226,12.0,2.0,0.0,0.6666666666666666,1,0.49053564236810304,0.3022974607013301,0.2722513089005235,0.5965442061424255,0.7119688391685486,0.537368362074926,0.6037220548155324,0.6627357753775673,0.4982177445196583,0.575510984196921
227,2.0,2.0,1.0,0.5555555555555556,1,0.6327272727272727,0.27427184466019416,0.24000000000000002,0.6371675133705139,0.6989305019378662,0.8574040514952783,0.6513772378748467,0.8537255413401924,0.8173917578665232,0.7949746471442102
228,8.0,1.0,1.0,1.0,2,0.569528415961306,0.30145278450363194,0.25151148730350664,0.6263295412063599,0.5819437503814697,0.78664544002018,0.6312829193047955,0.6942406680109537,0.7210876868614653,0.7083141785493486
229,9.0,2.0,1.0,1.0,1,0.587564175698802,0.2284408909194746,0.2464346833998859,0.6398687362670898,0.6665786504745483,0.7754900258231531,0.5892325099147626,0.7174170735167222,0.760817736626149,0.7107393364701968
230,2.0,2.0,1.0,0.7777777777777778,1,0.4975541579315164,0.2365290412876137,0.2250174703004892,0.6529030799865723,0.7302350997924805,0.6530882950001605,0.6739571953797872,0.7703429820034311,0.7368266581176985,0.7085537826252695
231,4.0,2.0,1.0,0.5555555555555556,1,0.45917001338688096,0.2632283991962492,0.18406961178045517,0.6136824488639832,0.6998692750930786,0.31322839633773153,0.489736009182892,0.5808859425285271,0.29951086745796485,0.42084030387677884
232,1.0,1.0,1.0,1.0,2,0.6723300970873788,0.33900364520048604,0.2754854368932039,0.669695258140564,0.6825642585754395,0.7741983821886342,0.6798988880276049,0.6266291338364129,0.7650102140446948,0.7114341545243368
233,8.0,1.0,1.0,1.0,3,0.6027837259100642,0.24115755627009647,0.21627408993576017,0.6249983310699463,0.7892901301383972,0.8597983338157615,0.7054007783987908,0.7907093326524436,0.8476810589446242,0.800897375952905
234,10.0,1.0,0.0,0.7777777777777778,4,0.5716088328075709,0.2842703727100442,0.26246056782334387,0.6337680816650391,0.6952317953109741,0.9155702210653947,0.7240775740646501,0.6369798957469858,0.8251810303569043,0.7754521803084837
235,7.0,2.0,1.0,1.0,0,0.3697478991596639,0.22580645161290322,0.21568627450980388,0.6062505841255188,0.7811183333396912,0.760801751390335,0.7167765258709574,0.5484097388775047,0.6936637885302908,0.6799129511672719
236,3.0,2.0,1.0,1.0,1,0.5982672138622891,0.3249657690552259,0.25809393524851804,0.630158007144928,0.7417479157447815,0.8325914439770481,0.659053547858446,0.7585473690884429,0.8422312403596007,0.7731059003208844
237,9.0,2.0,1.0,0.8888888888888888,1,0.5683297180043384,0.22013034033309198,0.24439624005784527,0.658306360244751,0.7080973386764526,0.8887608704980039,0.6968417861860079,0.8149145843998782,0.8235810702967461,0.806024577845159
238,1.0,2.0,1.0,0.6666666666666666,1,0.6589728793998846,0.33737723859041013,0.3092902481246393,0.6522517204284668,0.6902623772621155,0.8010198805357052,0.6174029865134126,0.8012071716540111,0.8061793680065015,0.7564523516774077
239,8.0,1.0,1.0,0.6666666666666666,1,0.6125503742084053,0.2743515850144092,0.22567645365572828,0.6457417011260986,0.796485185623169,0.8075974219439348,0.6511513254892821,0.7598691679716352,0.7975010486803764,0.7540297410213073
240,8.0,1.0,1.0,0.7777777777777778,3,0.4848800834202294,0.26931106471816285,0.24608967674661106,0.6355292201042175,0.6942138075828552,0.5868593429760897,0.7193449253900202,0.6432910288835392,0.5561536719916192,0.6264122423103171
241,2.0,2.0,0.0,0.5555555555555556,3,0.5343053173241853,0.28755364806866957,0.25300171526586623,0.6899051666259766,0.7259884476661682,0.7966452522023646,0.5280320749447163,0.7362811872986028,0.7909050248611097,0.7129658848266983
242,8.0,2.0,1.0,1.0,3,0.6818505338078292,0.42908054169636495,0.2775800711743772,0.7110470533370972,0.6563238501548767,0.847815948901716,0.6388105512465292,0.7258784119461464,0.8044663194519676,0.7542428078865898
243,8.0,2.0,1.0,1.0,3,0.4983388704318936,0.2961730449251248,0.29401993355481726,0.6512337327003479,0.7154488563537598,0.6249701600280814,0.7791138564606528,0.6544793847905296,0.7282996901652362,0.696715772861125
244,8.0,1.0,0.0,0.5555555555555556,2,0.5480427046263344,0.21852731591448932,0.24317912218268095,0.6621670722961426,0.7501353621482849,0.436213164769717,0.6061985443828621,0.7827353165028605,0.3739889087941335,0.5497839836123932
245,3.0,1.0,1.0,0.5555555555555556,3,0.5789473684210525,0.31284302963776073,0.2916666666666667,0.6909429430961609,0.7991547584533691,0.640798082834023,0.6203681091497271,0.812090476759811,0.7114024053711139,0.6961647685286687
246,1.0,1.0,0.0,1.0,2,0.625154130702836,0.29012345679012347,0.27127003699136865,0.6747837662696838,0.7443629503250122,0.8696535546508173,0.6271905867231832,0.7570864797473797,0.8484718852710824,0.7756006265981157
247,9.0,2.0,1.0,0.6666666666666666,3,0.5467208357515959,0.23939570017431724,0.22402785838653513,0.6257858276367188,0.7410247921943665,0.4649974891107876,0.6812210042485822,0.7727719128170355,0.3763498722313629,0.5738350696019421
248,1.0,1.0,0.0,1.0,1,0.56353591160221,0.29235880398671094,0.34475138121546967,0.6746591925621033,0.6236411333084106,0.025171351700714977,0.7504129264994727,0.5986214338305481,0.023265707670807066,0.3493678549253857
249,3.0,2.0,0.0,0.5555555555555556,2,0.5222502099076406,0.3142857142857143,0.253568429890848,0.6545237898826599,0.737560510635376,0.9098057513238931,0.5790149300078604,0.6844705074257638,0.8935798756277497,0.7667177660963167
250,1.0,2.0,1.0,0.5555555555555556,1,0.49268841394825647,0.23198198198198203,0.25309336332958376,0.6269312500953674,0.6714557409286499,0.17311000364458803,0.6459210189550859,0.553961737978349,0.159118538621585,0.383027824799902
251,2.0,2.0,1.0,0.6666666666666666,3,0.5637130801687764,0.2685810810810811,0.20843881856540084,0.654737114906311,0.7422072887420654,0.9030171497077953,0.560315637856796,0.7926112054078638,0.8772712109340558,0.7833038009766277
252,13.0,2.0,0.0,0.6666666666666666,1,0.5750566893424036,0.2623694961416251,0.2222222222222222,0.6417921185493469,0.7297914624214172,0.8802968192684955,0.5641416592006496,0.7848391839825206,0.8656022806555892,0.7737199857768138
253,9.0,1.0,0.0,1.0,3,0.559662090813094,0.28148148148148144,0.2597676874340021,0.6522815823554993,0.6886293888092041,0.4847817142268583,0.6611047489194789,0.6675009845947528,0.4619585941574815,0.5688365104746429
254,8.0,2.0,0.0,0.75,2,0.6104276508494435,0.3143695014662756,0.2413591095489162,0.6371147036552429,0.7266138195991516,0.7907150271494883,0.5314751432746668,0.6685191227928207,0.8104806007283349,0.7002974734863276
255,1.0,1.0,0.0,1.0,1,0.5820689655172414,0.2748618784530387,0.2537931034482758,0.6376455426216125,0.5833004713058472,0.1598073465784175,0.5575864915840749,0.7403814795163427,0.19023517561138187,0.4120026233225542
256,1.0,2.0,1.0,0.875,1,0.45608962775569206,0.2213381555153707,0.18792916516082397,0.6100432276725769,0.6750051379203796,0.9227742238608753,0.6932327638643229,0.8355402749965154,0.9022874565457718,0.8384586798168713
257,2.0,1.0,0.0,1.0,1,0.5875785066294487,0.2948986722571629,0.2707606420097697,0.685860812664032,0.5573002696037292,0.5763537639846849,0.4908568402104136,0.7496758206209773,0.5722635573017454,0.5972874955294553
258,9.0,2.0,0.0,0.6666666666666666,2,0.6342042755344418,0.27229488703923904,0.26009501187648454,0.654482364654541,0.6879097819328308,0.7891195935873964,0.5513004098750729,0.6326228255046212,0.8086870519216686,0.6954324702221898
259,2.0,1.0,1.0,1.0,1,0.5562208915502328,0.2251832111925383,0.21290751829673984,0.6309400200843811,0.5681365728378296,0.8419611691063282,0.7143250717875229,0.8852056168216715,0.8373495352926887,0.8197103482520529
260,8.0,2.0,0.0,0.75,1,0.4402257567983582,0.22701592193117615,0.24114930733709591,0.6948811411857605,0.6474137306213379,0.611625399669047,0.7423058739329453,0.7446244629495256,0.43220360678378933,0.6326898358338268
261,9.0,1.0,0.0,0.75,2,0.5990541250656858,0.2861651762230405,0.2438255386232265,0.6530830264091492,0.6469473838806152,0.8694772973736159,0.6407231460658114,0.7351183355040388,0.8579328878294028,0.7758129166932172
262,8.0,1.0,1.0,0.6666666666666666,2,0.6539877300613497,0.32063882063882065,0.25521472392638034,0.6341192722320557,0.7150764465332031,0.8424180389855641,0.565930096568555,0.5947404520934939,0.8380166394167093,0.7102763067660807
263,7.0,1.0,1.0,0.75,2,0.6464864864864865,0.3495670995670996,0.26918918918918916,0.6726396083831787,0.7157866358757019,0.6636176495727871,0.5208909727456387,0.7161131196488225,0.6851234487930528,0.6464362976900753
264,2.0,2.0,0.0,1.0,1,0.6470194239785666,0.335345405767941,0.2451440053583389,0.6832606196403503,0.6645603179931641,0.7027500425063059,0.5343923184279752,0.6922761814765048,0.707231934439464,0.6591626192125625
265,8.0,2.0,1.0,0.75,3,0.3749324689357105,0.1795565170362358,0.20745542949756887,0.6242004632949829,0.7664210796356201,0.6161401046336998,0.6085550028688859,0.6398254826245026,0.4035441691948065,0.5670161898304737
266,2.0,2.0,0.0,0.5714285714285714,1,0.4173813607775872,0.1866056096164854,0.2012578616352201,0.6233896613121033,0.745473325252533,0.6639803526443558,0.5893444800094719,0.8112019519416722,0.5553888523242494,0.6549789092299374
267,1.0,2.0,1.0,0.875,1,0.3656136716727084,0.18662519440124414,0.22993267736923872,0.6242133975028992,0.6862663626670837,0.5375500597128301,0.734249254921269,0.762636946824744,0.46707517976832547,0.6253778603067922
268,8.0,1.0,1.0,0.75,2,0.6185160866710441,0.3155818540433925,0.2836506894287591,0.6906915903091431,0.7261437177658081,0.892636258374709,0.61450896734501,0.6673480196893281,0.8879501639456436,0.7656108523386727
269,10.0,2.0,0.0,0.75,3,0.6223776223776224,0.2913165266106443,0.2853146853146853,0.661475658416748,0.8484891653060913,0.5229103730584513,0.5451371980750849,0.7762477354379934,0.21402490034645905,0.5145800517294972
270,2.0,2.0,1.0,0.875,1,0.6602491506228766,0.29705215419501135,0.24009060022650056,0.6735443472862244,0.7204322218894958,0.8805434013007162,0.6149384329081131,0.7074662095325687,0.8559241323247608,0.7647180440165398
271,8.0,1.0,1.0,1.0,3,0.6091780131114471,0.31802120141342755,0.27534039334341903,0.6604195833206177,0.721889317035675,0.8824607589913278,0.587093765976887,0.6780989816597894,0.8718830447511048,0.7548841378447773
272,2.0,2.0,0.0,1.0,1,0.25140712945590993,0.10526315789473684,0.13883677298311448,0.5802991986274719,0.6256170272827148,0.47920558790982976,0.7586465658181464,0.7876795647646306,0.3739910449149915,0.5998806908518995
273,3.0,2.0,1.0,0.75,1,0.6733601070950468,0.3592493297587132,0.35876840696117807,0.6621499061584473,0.7897379994392395,0.09095946536942863,0.5458087452846412,0.572566716964732,0.109239449860876,0.32964359436991947
274,10.0,2.0,0.0,1.0,3,0.6137624861265261,0.2922222222222222,0.2863485016648169,0.5952653288841248,0.6985173225402832,0.8659548444462777,0.5299414340152167,0.6195424599695568,0.8525206128436794,0.7169898378186826
275,1.0,2.0,1.0,0.8888888888888888,1,0.6532797858099063,0.29624664879356566,0.26238286479250333,0.6841538548469543,0.7452762126922607,0.7526104364887901,0.47378574665968365,0.7112064550094572,0.7141676323929095,0.6629425676377101
276,8.0,1.0,1.0,0.875,2,0.6336779911373707,0.28550295857988167,0.2378138847858198,0.6180609464645386,0.5413888692855835,0.5521321583335057,0.6441430040396844,0.8056615971984927,0.36734225549842914,0.592319753767528
277,1.0,1.0,1.0,0.8888888888888888,2,0.6305475504322766,0.30351990767455284,0.25360230547550433,0.6396306753158569,0.6755269169807434,0.8209639616194925,0.6751555567944132,0.7348695652345554,0.8318317812211012,0.7657052162173906
278,8.0,1.0,1.0,1.0,1,0.5988700564971751,0.2927864214992928,0.27259887005649713,0.6578577160835266,0.6574048399925232,0.5081879920377786,0.5556177656472283,0.7484197683083934,0.2159216515619379,0.5070367943888346
279,6.0,2.0,1.0,1.0,3,0.5790671217292377,0.22437357630979504,0.20705346985210468,0.6427356004714966,0.7854438424110413,0.8790104534055944,0.6681977779823672,0.7854882149910561,0.8525446621223717,0.7963102771253473
280,3.0,1.0,0.0,0.75,1,0.4963144963144963,0.2247744052502051,0.2375102375102375,0.6370785236358643,0.7051299810409546,0.14694735013782523,0.6371691312578651,0.7285694505630482,0.14811302877209728,0.41519974018270894
281,1.0,2.0,1.0,0.625,1,0.5907636031092821,0.3203661327231121,0.2917238225880201,0.6861459612846375,0.6957257390022278,0.8914792842492524,0.6387586476503505,0.6547974621171094,0.8800525007188182,0.7662719736838826
282,1.0,1.0,0.0,0.625,1,0.6290516206482593,0.265625,0.23529411764705885,0.648352861404419,0.7245389223098755,0.8975677470227663,0.7557868986892614,0.760809111208411,0.8859868522920378,0.8250376523031191
283,1.0,2.0,1.0,0.625,1,0.4769493454752419,0.2222222222222222,0.2310756972111554,0.6550493836402893,0.8258846998214722,0.7074578627926913,0.7466418773129799,0.8356483927619879,0.36695728085826673,0.6641763534314814
284,1.0,2.0,1.0,1.0,1,0.1324009324009324,0.06999533364442372,0.08484848484848484,0.5651299357414246,0.6265935301780701,0.8977564897368432,0.7876851545619896,0.8349802218747221,0.7596262340910717,0.8200120250661567
285,2.0,1.0,0.0,1.0,1,0.6036363636363636,0.27967953386744354,0.2647272727272727,0.6529763340950012,0.7771710157394409,0.9153530173173948,0.6682182626116553,0.7834804632109054,0.8903802255917718,0.8143579921829319
286,9.0,1.0,0.0,1.0,2,0.5902439024390244,0.3089133089133089,0.28292682926829266,0.6367790699005127,0.7407668828964233,0.5151475811870427,0.6143024991114945,0.7422572024355114,0.6277532309678908,0.6248651284254849
287,1.0,2.0,1.0,1.0,1,0.37676609105180536,0.17767295597484278,0.1993720565149137,0.6083972454071045,0.7416013479232788,0.40621800920860923,0.81192096494574,0.8843639929238224,0.6163950531451968,0.6797245050558421
288,8.0,2.0,1.0,0.8888888888888888,3,0.6639439906651109,0.33528037383177567,0.31971995332555425,0.7043448686599731,0.7436399459838867,0.8778423417308527,0.6487227125101866,0.6882756881178947,0.8767843505912873,0.7729062732375553
289,1.0,2.0,1.0,0.6666666666666666,1,0.6188068756319515,0.28846153846153844,0.22446916076845297,0.6807612776756287,0.7186100482940674,0.9028412805338529,0.488315969167857,0.788247611313131,0.8845111372813257,0.7659789995740417
290,1.0,1.0,0.0,1.0,1,0.656047197640118,0.3059657412876551,0.2713864306784661,0.6621775031089783,0.7224277257919312,0.8732304811734002,0.6516277226906408,0.6463971823876999,0.8505935625640577,0.7554622372039497
291,2.0,2.0,0.0,1.0,4,0.5813478556841389,0.283571915473756,0.26957113682777395,0.6283465623855591,0.7408971786499023,0.05480860173641055,0.4664287769150448,0.8047010430925869,0.07821747869102383,0.3510389751087665
292,1.0,2.0,1.0,1.0,1,0.6423791821561339,0.3306031273268801,0.27063197026022306,0.6624795794487,0.6580692529678345,0.797488829036897,0.5580490624292254,0.651005798715628,0.7162418644107399,0.6806963886481225
293,8.0,1.0,1.0,1.0,2,0.552099533437014,0.25389408099688476,0.25194401244167963,0.6677860021591187,0.6143278479576111,0.47164868454804215,0.5533318491650658,0.7262058729329841,0.6453143664386435,0.5991251932711839
294,1.0,1.0,0.0,0.625,1,0.6081560283687943,0.3055062166962699,0.28014184397163117,0.6910455226898193,0.7547228932380676,0.15558585113695456,0.6467650627211297,0.6253351222269065,0.39332172326174225,0.4552519398366832
295,8.0,1.0,0.0,0.7142857142857143,2,0.5974185617701291,0.2633846153846154,0.2286416717885679,0.6626729369163513,0.6347331404685974,0.878877948406963,0.6182710193444384,0.7176750430938817,0.8758351674762124,0.7726647945803738
296,1.0,2.0,0.0,0.75,2,0.5704189803129732,0.2809499747347145,0.23119636547198386,0.6203033924102783,0.743320882320404,0.7222560003476195,0.5792758114343581,0.7379199469926281,0.7079012121164978,0.6868382427227758
297,8.0,1.0,1.0,0.5714285714285714,1,0.3020515058926233,0.16076889471384884,0.17285028371890002,0.6532198786735535,0.7222058773040771,0.7363280640556763,0.8147699430529012,0.8458340048537406,0.440015404515459,0.7092368541194443
298,2.0,1.0,1.0,1.0,1,0.6444107233181589,0.33518987341772155,0.2620131512392514,0.6456884741783142,0.8258166313171387,0.8882609830933483,0.6539034495046228,0.8216874693441966,0.8747431654203492,0.8096487668406291
299,9.0,2.0,1.0,1.0,1,0.4596949891067539,0.2052401746724891,0.2047930283224401,0.6435386538505554,0.49908506870269775,0.7347481002553974,0.6031268607449553,0.5220691987563362,0.6013681192260333,0.6153280697456806
300,2.0,1.0,1.0,1.0,2,0.6259818731117824,0.29280096793708404,0.28882175226586104,0.6335064172744751,0.6223433613777161,0.8517978313956676,0.6549083610021857,0.6717948758505418,0.8260752868589952,0.7511440887768476
301,8.0,2.0,0.0,1.0,2,0.6368159203980099,0.33314886552296624,0.24986180210060807,0.6503336429595947,0.6482932567596436,0.8839255768738211,0.675234341895062,0.725133898190015,0.869616944198404,0.7884776902893256
302,9.0,1.0,1.0,0.75,2,0.44064748201438847,0.24864864864864863,0.20863309352517984,0.6459212303161621,0.751154363155365,0.3324432447053495,0.7276404854942942,0.6809961332125103,0.3708481998061094,0.5279820158045658
303,8.0,1.0,1.0,1.0,1,0.4373211219232971,0.22578796561604583,0.2198053806525472,0.6253842711448669,0.6645635962486267,0.0542120547282039,0.5623376809242915,0.5178237968996754,0.06475064610395397,0.2997810446640312
304,1.0,1.0,0.0,0.875,1,0.5551330798479087,0.2914285714285714,0.33269961977186313,0.6521222591400146,0.6766722202301025,0.06891734881613298,0.7157161979060731,0.7400247356453513,0.06938449944339203,0.3985106954527374
305,7.0,2.0,0.0,0.75,2,0.6172363986519018,0.28819277108433733,0.24362060664419838,0.6517970561981201,0.8228144645690918,0.884388184798915,0.6260555599308617,0.8946256897511354,0.8704152242741326,0.8188711646887612
306,8.0,1.0,0.0,1.0,3,0.5627602617489589,0.28350208457415127,0.26412849494348606,0.5894465446472168,0.8321000933647156,0.653270839806733,0.5689874968934555,0.751865706226746,0.33286371891228433,0.5767469404598047
307,1.0,1.0,1.0,1.0,3,0.5889079473985135,0.2999427590154551,0.2973127501429388,0.6726593375205994,0.6328288316726685,0.8973911304567392,0.6539572564346633,0.7279120393276655,0.8835541972359544,0.7907036558637556
308,8.0,1.0,1.0,1.0,1,0.6123809523809524,0.338417540514776,0.2380952380952381,0.6183057427406311,0.7647431492805481,0.790785215161782,0.597775359134632,0.8285121240737724,0.7730320832495567,0.7475261954049358
309,1.0,1.0,1.0,0.625,2,0.6180758017492711,0.2673671920607122,0.241399416909621,0.6423795819282532,0.7069517970085144,0.9198774054496307,0.6995322154522561,0.7940117189492657,0.9018448043785962,0.8288165360574372
310,1.0,1.0,0.0,0.75,1,0.5967130214917825,0.26329113924050634,0.2465233881163085,0.6795042753219604,0.6912150979042053,0.5101434811100113,0.6043248435430176,0.7825483820376027,0.4789614382865628,0.5939945362442987
311,1.0,2.0,1.0,0.875,1,0.6446280991735537,0.3017186505410567,0.2708200890019072,0.6803705096244812,0.7055678963661194,0.8355472858096198,0.5170416101028649,0.70179667390261,0.8291168353642857,0.7208756012948451
312,5.0,2.0,1.0,0.625,1,0.3192561022859357,0.18456766188445134,0.17125145292522279,0.6490064859390259,0.6760885119438171,0.8681347866405099,0.6872965408565294,0.7647249597051606,0.8059720619548573,0.7815320872892643
313,4.0,2.0,1.0,0.625,1,0.585812356979405,0.29095074455899195,0.27688787185354696,0.6377846598625183,0.7993250489234924,0.6135543165811108,0.613376060520854,0.7094071896400264,0.5889137973580466,0.6313128410250094
314,9.0,1.0,0.0,1.0,2,0.5819494584837546,0.29501084598698485,0.275812274368231,0.6832528710365295,0.6967290043830872,0.8022321257205991,0.5478054630072468,0.7661211607500502,0.8272877307172447,0.7358616200487852
315,8.0,1.0,1.0,1.0,2,0.639080459770115,0.3037974683544304,0.2735632183908046,0.6990230083465576,0.6967746019363403,0.9059921969675239,0.6534073478184437,0.7394022872311341,0.8521523152903443,0.7877385368268615
316,9.0,2.0,1.0,0.625,1,0.4836020011117287,0.26822481914301616,0.2712618121178433,0.6355558037757874,0.7787207365036011,0.23748528905163904,0.5709649055019999,0.6866834601478613,0.15951168695686538,0.4136613354145914
317,1.0,1.0,0.0,1.0,1,0.6247240618101544,0.3027624309392265,0.28697571743929357,0.6497159004211426,0.724155068397522,0.8349939519988355,0.5831532013895369,0.7880978974686086,0.8432370520230275,0.7623705257200021
318,2.0,2.0,1.0,1.0,1,0.6374113475177304,0.42058562555456963,0.350177304964539,0.6918842196464539,0.7975515127182007,0.7168396834237853,0.6371311148208397,0.7938869370950611,0.6759421417354684,0.7059499692687886
319,4.0,1.0,1.0,0.8888888888888888,2,0.6368843069873998,0.31766055045871555,0.25200458190148917,0.6260225772857666,0.6780846118927002,0.7676277666852278,0.5610487961070973,0.6027846867265556,0.7738682281599184,0.6763323694196998
320,1.0,1.0,0.0,1.0,1,0.6255974508762613,0.32216905901116427,0.2092405735528412,0.6413383483886719,0.7109354138374329,0.8675105746790045,0.551285751315031,0.805443296185418,0.8611039655428022,0.7713358969305639
321,4.0,1.0,1.0,0.8888888888888888,2,0.505938242280285,0.27824019024970276,0.2980997624703088,0.6600282192230225,0.7282316088676453,0.35140458687896303,0.6794681596412169,0.6472156958294797,0.3488680459597466,0.5067391220773515
322,1.0,2.0,1.0,0.75,1,0.40903169778549714,0.20338983050847456,0.18497611810681722,0.6065229177474976,0.7677541971206665,0.8617924556206559,0.5971485464171356,0.6941714036539747,0.8387208408597068,0.7479583116378682
323,9.0,1.0,0.0,0.5555555555555556,3,0.5666256662566626,0.3159622486663931,0.2870028700287003,0.6689330339431763,0.7517038583755493,0.9202799124532807,0.649062040270517,0.7974573320120328,0.9096826124809528,0.8191204743041959
324,2.0,2.0,0.0,1.0,2,0.4172003659652333,0.23619163869392737,0.1915218054284843,0.6387834548950195,0.7177774310112,0.8165252376769082,0.5693434088045967,0.6304215531291828,0.8030314772996462,0.7048304192275835
325,2.0,1.0,1.0,1.0,2,0.6705675833820948,0.3596953719976567,0.30661205383265067,0.664553165435791,0.7582056522369385,0.837562978868283,0.6070910128481831,0.7409205373796754,0.8442574476386402,0.7574579941836954
326,10.0,2.0,1.0,1.0,2,0.6024096385542168,0.31131533601378514,0.2547332185886403,0.7005519270896912,0.6007263660430908,0.8772440890791482,0.5580799064749716,0.6732008415769154,0.8614649839795517,0.7424974552776468
327,8.0,1.0,1.0,0.75,3,0.5872430152872957,0.2775725593667546,0.2519768054823405,0.659437894821167,0.716783881187439,0.8318224108078074,0.6531955272396625,0.6884963078339362,0.8216007469128044,0.7487787481985526
328,1.0,1.0,0.0,0.5555555555555556,1,0.5588558855885589,0.2610132158590308,0.22332233223322331,0.6699793934822083,0.6827707290649414,0.6287263727138498,0.6255123485336291,0.6853153752796481,0.6596301743674359,0.6497960677236407
329,1.0,2.0,1.0,1.0,1,0.37241379310344824,0.19800460475825019,0.18084291187739465,0.6284146904945374,0.5332472324371338,0.9414780185690212,0.74597060241237,0.936931315909296,0.9137956976724685,0.8845439086407889
330,2.0,2.0,1.0,1.0,1,0.3973509933774834,0.17569060773480663,0.18432671081677704,0.6277269721031189,0.729025661945343,0.9612832998908444,0.6942021809765041,0.8978358157877088,0.9188845957542544,0.8680514731023279
331,2.0,2.0,1.0,1.0,1,0.6554973821989529,0.33438155136268344,0.25968586387434556,0.6722065210342407,0.6532964110374451,0.802179485473472,0.6087327363571915,0.6332904230434713,0.781760083943404,0.7064906822043847
332,3.0,2.0,1.0,1.0,1,0.6037483266398929,0.3324396782841823,0.30388219544846057,0.6906675100326538,0.6746816635131836,0.8125335288502751,0.5037040545054152,0.6777067739571855,0.7983154116891351,0.6980649422505028
333,2.0,2.0,1.0,1.0,1,0.564836179049377,0.2337182448036951,0.21504383940932162,0.6106418967247009,0.8032022714614868,0.8838969958150859,0.7505892975346216,0.7793349065951755,0.8604138531980368,0.8185587632857299
334,9.0,1.0,1.0,1.0,2,0.6061493411420206,0.2882266731802638,0.26647144948755486,0.6517192125320435,0.7698342800140381,0.8954239538718873,0.6817890628400471,0.817281870822411,0.8871227713690178,0.8204044147258408
335,8.0,1.0,0.0,1.0,2,0.6034732272069465,0.26666666666666666,0.24023154848046308,0.6629396677017212,0.7432618737220764,0.873854650040258,0.6183832347271033,0.7092720423107967,0.8621477387101208,0.7659144164470697
336,8.0,1.0,1.0,1.0,1,0.44137931034482764,0.2504317789291883,0.24655172413793103,0.705350935459137,0.7451196312904358,0.8771459857852483,0.8469774501960662,0.9246007184373749,0.8005535770942561,0.8623194328782364
337,10.0,2.0,1.0,1.0,2,0.6890203813280736,0.3778801843317972,0.34845496383957925,0.6849443912506104,0.5511972308158875,0.856471644577181,0.5542490797176118,0.6470081160076515,0.8693390059050861,0.7317669615518827
338,8.0,2.0,1.0,1.0,2,0.3824383164005805,0.24400871459694987,0.23367198838896952,0.6131864190101624,0.7322948575019836,0.8562468977370449,0.6324070106647802,0.7731652497529987,0.5982686553712943,0.7150219533815295
339,8.0,1.0,1.0,0.875,2,0.5777777777777777,0.30581478822684854,0.31397849462365585,0.6356790661811829,0.7366653680801392,0.6209881709372039,0.7371063985927324,0.7273233150664322,0.743232646816064,0.7071626328531082
340,8.0,1.0,1.0,1.0,1,0.4976599063962558,0.22812499999999997,0.22152886115444614,0.6698884963989258,0.6822158098220825,0.47214374712048374,0.5312119960819189,0.6259354594312999,0.276255105785939,0.4763865771049104
341,1.0,2.0,1.0,0.75,1,0.5382803297997644,0.3183962264150943,0.26501766784452296,0.6221096515655518,0.7030310034751892,0.8860004065057611,0.46696810209059514,0.7444364841727208,0.7929530212143223,0.7225895034958498
342,2.0,1.0,1.0,1.0,3,0.5756929637526653,0.3174377224199288,0.3169864960909737,0.6797825694084167,0.7205567955970764,0.7610858821077356,0.5769346380725018,0.5696123267278967,0.5196070843362822,0.6068099828111041
343,8.0,2.0,1.0,1.0,2,0.5615615615615617,0.27669172932330827,0.2792792792792793,0.6794289350509644,0.7079339027404785,0.445095408324885,0.7017780029724797,0.7996326885415866,0.6153278618537077,0.6404584904231647
344,9.0,2.0,1.0,1.0,0,0.5676741130091983,0.27631578947368424,0.2943495400788437,0.6833345293998718,0.6651777029037476,0.028017048898903486,0.5354178498518702,0.661132591074081,0.036874891898083885,0.31536059543073464
345,9.0,1.0,0.0,0.75,1,0.719908727895037,0.40319817247287265,0.33884768967484313,0.7148755192756653,0.7485526204109192,0.9223322796088836,0.6036190864266623,0.7589490831903521,0.9120539755015755,0.7992386061818684
346,1.0,2.0,1.0,0.75,1,0.6215384615384615,0.2476894639556377,0.21784615384615386,0.6320894956588745,0.7031286954879761,0.8445475745921145,0.5584457344248571,0.6280081625407833,0.8228919638784697,0.7134733588590562
347,2.0,2.0,1.0,1.0,1,0.470891293147862,0.2475502836513667,0.2277176713034518,0.6180281043052673,0.7879363894462585,0.565648087184672,0.6652917981057567,0.8289930891282391,0.24982779547164044,0.577440192472577
348,3.0,2.0,0.0,1.0,2,0.49464922711058257,0.239587465291551,0.17281014665081254,0.6098058223724365,0.6395179629325867,0.8597394484924544,0.47995978063948924,0.6669591329861395,0.8595738868725913,0.7165580622476686
349,9.0,1.0,1.0,0.875,1,0.5860271115745569,0.28288100208768263,0.27007299270073,0.6223648190498352,0.687587559223175,0.8737338170006408,0.5897768868251774,0.6966931983923035,0.8720140365128028,0.7580544846827311
350,1.0,2.0,1.0,0.5555555555555556,1,0.6247216035634743,0.31661092530657753,0.25946547884187077,0.6389070749282837,0.7298418879508972,0.7967060496057452,0.6022651615679782,0.6618424483983152,0.826288268564272,0.7217754820340776
351,9.0,1.0,1.0,1.0,2,0.561122244488978,0.2828485456369107,0.20140280561122242,0.6438674926757812,0.6767345666885376,0.8869951999091144,0.5749216574901743,0.5835713244269617,0.8640218607539236,0.7273775106450435
352,2.0,1.0,1.0,0.625,3,0.5347177157689811,0.2897985705003249,0.24269954574951333,0.614916205406189,0.8023432493209839,0.3425877648323159,0.6526920502247691,0.8141155882874799,0.4151490916514487,0.5561361237490033
353,1.0,2.0,1.0,0.625,1,0.5911133300049926,0.288855572213893,0.23564653020469298,0.6619955897331238,0.5976960062980652,0.8784134550395777,0.6495207782237757,0.7131956548218682,0.871349861515943,0.7781199374002912
354,4.0,2.0,0.0,0.625,1,0.48694826767916477,0.23467933491686463,0.2401518747033697,0.6262202262878418,0.7713454365730286,0.935283878409312,0.7048020639286635,0.7999431283496883,0.8681220290426158,0.8270377749325699
355,13.0,1.0,0.0,0.75,3,0.5341222879684417,0.294512435846822,0.26429980276134124,0.6662915349006653,0.6711266040802002,0.8769012155129603,0.5776002368566276,0.6744000593080802,0.8604160464328002,0.7473293895276171
356,4.0,2.0,1.0,0.875,1,0.656072644721907,0.3215909090909091,0.3200908059023836,0.6402977705001831,0.6610758304595947,0.764479591932985,0.597109332249564,0.680063292565014,0.6481058050473837,0.6724395054487367
357,3.0,2.0,1.0,1.0,1,0.5367693274670019,0.31088735053492766,0.29666876178504087,0.6305877566337585,0.8066416382789612,0.8040284107715359,0.5801123674788033,0.7800486757401167,0.691283391081184,0.71386821126791
358,1.0,2.0,1.0,0.625,1,0.5633456334563346,0.35125153877718507,0.26814268142681424,0.6612628102302551,0.7103561758995056,0.8496232692615031,0.6868623934824987,0.7510760279428293,0.8473443657559058,0.7837265141106842
359,9.0,2.0,1.0,0.7777777777777778,1,0.6156521739130434,0.3006384213580964,0.25623188405797104,0.6692028641700745,0.6359178423881531,0.8848350504131278,0.6144869738147333,0.676978832574862,0.8685729817099526,0.761218459628169
360,1.0,1.0,0.0,1.0,1,0.5892277741726152,0.33268356075373623,0.3114860480207657,0.6885532736778259,0.7083815336227417,0.20943062748534755,0.5365755434789867,0.6891208051458008,0.12608167834958858,0.3903021636149309
361,8.0,2.0,1.0,1.0,3,0.3963963963963964,0.18580645161290324,0.21106821106821105,0.6199683547019958,0.6382691860198975,0.6337247569721954,0.7800850251713345,0.8367314055767756,0.8440035075828076,0.7736361738257783
362,8.0,2.0,1.0,1.0,2,0.567983367983368,0.28297960882230544,0.24199584199584198,0.6652264595031738,0.7013243436813354,0.7988356973247566,0.6159624804209245,0.7521538942686269,0.7805952164262502,0.7368868221101396
363,8.0,2.0,1.0,0.875,2,0.5789218067022825,0.26737967914438504,0.2098105876639145,0.6455155611038208,0.576280415058136,0.8441627293244719,0.515080790506802,0.7452292493581799,0.8139714926360492,0.7296110654563758
364,2.0,2.0,1.0,1.0,2,0.3435185185185185,0.19833178869323448,0.20648148148148143,0.6418905258178711,0.6478561758995056,0.7329086985810013,0.6605519011444202,0.671294408594693,0.6278109340671818,0.6731414855968241
365,1.0,1.0,1.0,1.0,1,0.2590476190476191,0.1545801526717557,0.1542857142857143,0.63166743516922,0.5897923111915588,0.8230991868934007,0.7476561840871558,0.5746629337101277,0.7842674497305901,0.7324214386053187
366,8.0,1.0,0.0,0.75,3,0.6119673617407072,0.3284936479128856,0.2665457842248414,0.6937913298606873,0.6926509737968445,0.9166556683277897,0.5809788335904975,0.7307352322763724,0.8858779994936551,0.7785619334220787
367,8.0,2.0,0.0,1.0,2,0.6295264623955431,0.3223647518126046,0.3075208913649025,0.6194747686386108,0.6383042335510254,0.8811006751120758,0.5798197531221762,0.650526302809697,0.8360572256249,0.7368759891672122
368,9.0,1.0,1.0,1.0,2,0.6175847457627118,0.32767762460233296,0.2648305084745763,0.7161390781402588,0.5517544150352478,0.8887478966997703,0.6475630803803215,0.7622145878048084,0.845845889878392,0.7860928636908231
369,9.0,1.0,1.0,1.0,3,0.6598726114649681,0.35331632653061223,0.3528662420382166,0.6873941421508789,0.6648451685905457,0.5247844435461901,0.6356996390301515,0.7084749121368589,0.5753341275168865,0.6110732805575217
370,3.0,2.0,1.0,0.7777777777777778,1,0.5383936451897617,0.27650176678445226,0.20741394527802295,0.6269450187683105,0.7407461404800415,0.872484031746352,0.5473453837627328,0.7164152640699445,0.8633875926627529,0.7499080680604456
371,1.0,1.0,0.0,0.75,1,0.6615469007131102,0.3075233388248215,0.2797586396050466,0.6415116190910339,0.7173041701316833,0.8864207936159165,0.592268524803171,0.7459729400801416,0.8668807878355652,0.7728857615836987
372,9.0,1.0,1.0,1.0,3,0.6190241498275012,0.33251110014800195,0.2483982257269591,0.6725929975509644,0.6888046264648438,0.8817451856308771,0.6733743322768008,0.7655995374656119,0.8883477668809057,0.8022667055635488
373,9.0,2.0,1.0,1.0,2,0.5378973105134475,0.28641370869033045,0.27383863080684595,0.6528140306472778,0.6858702301979065,0.24582476420983873,0.6884847802918684,0.6733024272117056,0.19274226309585363,0.45008855870231657
374,2.0,1.0,0.0,0.7777777777777778,1,0.48024855747891704,0.2718791648156375,0.21304926764314244,0.6649443507194519,0.7227875590324402,0.29587139565015574,0.6051761951576832,0.5786562139791057,0.2872775258166524,0.44174533265089927
375,2.0,1.0,1.0,0.6666666666666666,2,0.47271509876129897,0.22177554438860972,0.18279209909608304,0.6134448051452637,0.7550916075706482,0.851897406171291,0.5597103113460218,0.7289092752406111,0.8390553601914993,0.7448930882373558
376,2.0,1.0,1.0,0.5555555555555556,2,0.4952246197382384,0.264070796460177,0.19101521047046338,0.5956684350967407,0.6380564570426941,0.8048984424970617,0.49814157845074647,0.6172619958362257,0.8095286183861865,0.682457658792555
377,9.0,2.0,1.0,1.0,3,0.6125461254612545,0.2881266490765172,0.21191354770690568,0.6065810918807983,0.7431751489639282,0.8724592472457513,0.4983951506944409,0.582974759555824,0.8381391103698541,0.6979920669664675
378,9.0,2.0,1.0,0.5555555555555556,1,0.5905759162303665,0.2893081761006289,0.24712041884816757,0.6885448098182678,0.605883002281189,0.8375710911323254,0.47750747444214364,0.6370015234561525,0.8229264009256435,0.6937516224890663
379,2.0,2.0,1.0,1.0,1,0.6374419804022692,0.2798141455859577,0.2485817431665807,0.6390388607978821,0.6901082992553711,0.8985183487768301,0.4973167084159347,0.6892454075007612,0.8859358957976182,0.742754090122786
380,1.0,2.0,1.0,1.0,1,0.4095744680851064,0.22237017310253,0.24202127659574468,0.6669093370437622,0.8252856731414795,0.29043324095390455,0.7445681679106806,0.63595452057658,0.20701810143114843,0.4694935077180784
381,1.0,2.0,1.0,0.5555555555555556,1,0.5063913470993117,0.2677165354330709,0.2664700098328417,0.6479972004890442,0.7440381050109863,0.2935355914098443,0.7410270746980727,0.7530576181425083,0.3661672241966877,0.5384468771117783
382,1.0,1.0,0.0,0.625,1,0.5426997245179064,0.28413793103448276,0.26584022038567495,0.6673065423965454,0.7681109309196472,0.04471367022466655,0.711185269232069,0.7339257461817903,0.08996404587700912,0.39494718287888375
383,9.0,1.0,1.0,1.0,2,0.5862984599044079,0.30090377458798506,0.27296866702071165,0.6452789902687073,0.6687615513801575,0.8130668046880665,0.6048752178823388,0.6925951603348923,0.7819357588626711,0.7231182354419922
384,1.0,2.0,1.0,0.6666666666666666,1,0.5943396226415094,0.30224321133412047,0.24528301886792453,0.6853929758071899,0.6827288269996643,0.3761189103914118,0.5053579458862705,0.6244357350235569,0.48889100224215787,0.4987008983858492
385,1.0,2.0,1.0,0.8888888888888888,1,0.5914893617021275,0.3056443024494143,0.2117021276595745,0.6188454627990723,0.6950311064720154,0.8582831969736806,0.5341547629370347,0.5708309422708325,0.8203585926751845,0.6959068737141831
386,1.0,1.0,0.0,0.5555555555555556,1,0.6010050251256281,0.31187122736418504,0.23919597989949748,0.6844861507415771,0.6785224080085754,0.8689012658215777,0.49808160290208553,0.7571531902830957,0.8641864281230065,0.7470806217824413
387,8.0,2.0,0.0,1.0,2,0.5022156573116691,0.24611973392461195,0.2141802067946824,0.6022290587425232,0.5986738801002502,0.4864042752381559,0.5492869447436903,0.8177619125176612,0.5662172405038295,0.6049175932508342
388,1.0,1.0,0.0,1.0,1,0.6139896373056996,0.24513618677042806,0.2189119170984456,0.6527599692344666,0.6810175180435181,0.8571329158745716,0.6467570446621899,0.6888827542977328,0.8452327062963841,0.7595013552827197
389,8.0,1.0,1.0,1.0,2,0.5,0.2728184553660983,0.2575150300601203,0.6861488819122314,0.6126502752304077,0.5991456323503479,0.5907274113402073,0.7567771423586326,0.5180614542297076,0.6161779100697238
390,8.0,1.0,1.0,1.0,2,0.5813832553302132,0.2675689744924518,0.2579303172126885,0.66058349609375,0.7217235565185547,0.6474600958029751,0.6688984930301541,0.7464172005896736,0.6944830986602216,0.6893147220207562
391,7.0,1.0,1.0,0.5555555555555556,2,0.5763779527559055,0.2981072555205047,0.3228346456692914,0.6143898963928223,0.753426194190979,0.6509238676106163,0.6056160569670265,0.776955058443333,0.7698561031322055,0.7008377715382954
392,7.0,1.0,1.0,0.5555555555555556,2,0.4028639618138425,0.15193502150023888,0.16038186157517897,0.6196942329406738,0.6845672130584717,0.21647820435184284,0.5858218926643398,0.7195034392320332,0.20787246861204933,0.43241900121506627
393,9.0,1.0,1.0,1.0,2,0.5533898305084746,0.29092451229855815,0.27881355932203394,0.6603534817695618,0.7678182125091553,0.6128529529837106,0.6244351310385675,0.7902395144468114,0.6041685014127657,0.6579240249704638
394,9.0,2.0,1.0,1.0,2,0.6172344689378757,0.33901705115346037,0.2705410821643287,0.6513188481330872,0.6685893535614014,0.8688288944696512,0.5930286594567119,0.7439206825186885,0.8504842104742397,0.7640656117298228
395,9.0,2.0,1.0,1.0,3,0.49233543733092877,0.26558265582655827,0.27592425608656446,0.6842514276504517,0.6575745940208435,0.6424996233684702,0.6930471312121178,0.7003655658759655,0.4674005950551626,0.625828228877929
396,1.0,2.0,1.0,0.6666666666666666,1,0.6083294337856809,0.3325526932084309,0.26204960224613943,0.6710706353187561,0.6681916117668152,0.8776335819184716,0.5689281187208545,0.6069399546033011,0.8527930987143,0.7265736884892318
397,2.0,1.0,1.0,0.5555555555555556,2,0.6313276026743075,0.3030592734225621,0.2903533906399236,0.6672750115394592,0.6176257133483887,0.8684482811545854,0.5752794755888067,0.7692669740979627,0.8545271796121363,0.7668804776133727
398,7.0,1.0,1.0,0.5555555555555556,3,0.3284433577832111,0.16231647634584015,0.15077424612876936,0.5998256802558899,0.7387102246284485,0.08007830806467028,0.5601027309845712,0.7290578986153144,0.2091397272877627,0.39459466623807965
399,2.0,1.0,1.0,0.625,2,0.33366533864541836,0.16550348953140578,0.14741035856573703,0.6142008304595947,0.7364190816879272,0.7409961331158961,0.6842318822879438,0.8686882172094658,0.8460355748743403,0.7849879518719115
400,9.0,1.0,0.0,0.5555555555555556,3,0.4053899082568807,0.2363740676993689,0.1823394495412844,0.6425479054450989,0.7006333470344543,0.7393657803438578,0.536430530962537,0.7024734712051289,0.7470116309513574,0.6813203533657203
401,1.0,1.0,0.0,1.0,1,0.6582278481012659,0.3619718309859155,0.28270042194092826,0.6702929735183716,0.7355576157569885,0.7675833830975138,0.677559094659391,0.6514028496651388,0.5760531365860879,0.6681496160020328
402,1.0,2.0,1.0,1.0,1,0.6529032258064515,0.3436692506459948,0.29677419354838713,0.6553406119346619,0.7272338271141052,0.8823671061631956,0.7150594837922163,0.7747148618472955,0.8732599454037817,0.8113503493016223
403,8.0,2.0,0.0,1.0,2,0.5601187530925286,0.23873204556711244,0.21672439386442355,0.6677178144454956,0.6893284320831299,0.9212738054417594,0.6221945502096862,0.7388400968357756,0.9080748681991114,0.7975958301715831
404,3.0,2.0,1.0,0.8888888888888888,1,0.4628190899001109,0.2755555555555556,0.2796892341842397,0.582377552986145,0.7047072052955627,0.12019552878096659,0.42649274479133825,0.638383259954767,0.09905155609082435,0.32103077240447403
405,1.0,2.0,1.0,0.7777777777777778,1,0.4657534246575343,0.240365774003919,0.228310502283105,0.6513835191726685,0.706486701965332,0.6218218689096159,0.688003991867081,0.7137949055806242,0.5287892997005988,0.63810251651448
406,2.0,1.0,1.0,0.7777777777777778,1,0.6241201313937118,0.3297322686707374,0.2374472078836227,0.6362828612327576,0.7901942729949951,0.8922651281463218,0.4375503690820354,0.683691264369232,0.8719888464663256,0.7213739020159786
407,1.0,2.0,1.0,0.6666666666666666,1,0.6478439425051336,0.3648509763617677,0.22792607802874745,0.6313665509223938,0.7165694236755371,0.7003028825264687,0.6921585513311974,0.7849059254105281,0.6725299684948732,0.7124743319407668
408,8.0,2.0,0.0,1.0,3,0.3324160704457898,0.22038567493112945,0.19922949917446336,0.6080787777900696,0.694498598575592,0.6869687974107745,0.7188817697261222,0.6518837619617948,0.682255263577409,0.684997398169025
409,3.0,2.0,1.0,0.7777777777777778,1,0.47100486941124386,0.28533451484271155,0.29570606463036747,0.6083848476409912,0.7721382975578308,0.5098947595299278,0.5652848123488448,0.8219497383960257,0.44171676403509885,0.5847115185774743
410,10.0,1.0,1.0,0.7777777777777778,3,0.5406275140788415,0.26570048309178745,0.2188254223652454,0.6186022162437439,0.6100717186927795,0.865608322903056,0.5891011067117521,0.7195358086695496,0.8568105329896819,0.7577639428185099
411,6.0,1.0,0.0,0.5555555555555556,1,0.5750394944707741,0.2689873417721519,0.2575039494470774,0.678316593170166,0.7434177398681641,0.422340154929483,0.720029028029606,0.871772779568517,0.4445591916635265,0.6146752885477831
412,9.0,1.0,1.0,1.0,1,0.5502645502645502,0.28243601059135043,0.24603174603174602,0.6378617882728577,0.6960007548332214,0.8814968951279751,0.641553937909851,0.818004501524735,0.8643815300682188,0.8013592161576951
413,5.0,1.0,1.0,0.5555555555555556,1,0.5692041522491349,0.2779220779220779,0.2577854671280277,0.6566176414489746,0.674394965171814,0.873483036477697,0.43802431331659647,0.7302385981379429,0.8527896534151387,0.7236339003368437
414,8.0,1.0,0.0,0.5555555555555556,2,0.36239950525664805,0.18328173374613005,0.1991341991341991,0.635466992855072,0.8370325565338135,0.2572075447315979,0.7135997289155249,0.8792230144290847,0.1439970956576413,0.49850684593346223
415,8.0,2.0,0.0,0.7777777777777778,3,0.4590769230769231,0.2563154651879236,0.24369230769230768,0.6505074501037598,0.6937587261199951,0.4812399663335818,0.584524571685766,0.7915366849811404,0.38466071706163807,0.5604904850155317
416,9.0,1.0,0.0,0.6666666666666666,1,0.5394088669950738,0.218249075215783,0.1933497536945813,0.6189010143280029,0.650564432144165,0.9107578929902601,0.5722113559476623,0.8654226069580326,0.8901747618543602,0.8096416544375789
417,2.0,2.0,1.0,0.8888888888888888,1,0.5676255903821382,0.33347657928663516,0.30055817947617003,0.6615599393844604,0.6888801455497742,0.8312621831378324,0.6366241703382686,0.8358738826522164,0.7830043420598474,0.7716911445470411
418,1.0,2.0,1.0,0.7777777777777778,1,0.5907248986942818,0.29562866155926093,0.2134173795587573,0.6192339062690735,0.6968048810958862,0.773362058767084,0.631237591536872,0.6397958591886118,0.7707733774476825,0.7037922217350626
419,8.0,1.0,0.0,1.0,1,0.6264113892979872,0.33022113022113025,0.2916053019145803,0.7162377238273621,0.5478162169456482,0.8810106357281944,0.5810062279972451,0.7475467552914702,0.8569905873216878,0.7666385515846493
420,8.0,2.0,1.0,0.5555555555555556,1,0.6156462585034014,0.2633371169125993,0.2494331065759637,0.6721372008323669,0.7333361506462097,0.8830698140980545,0.5890829318670328,0.8113496050268902,0.8614037042926361,0.7862265138211535
421,4.0,2.0,0.0,0.5555555555555556,2,0.4723032069970846,0.25455871626549964,0.22959183673469383,0.6544427275657654,0.6657291054725647,0.9015755107823713,0.5743420139054161,0.7549953548143178,0.8842438546325088,0.7787891835336535
422,8.0,2.0,1.0,0.5555555555555556,3,0.5201072386058981,0.30126485243388273,0.25124473381846035,0.6548316478729248,0.653274416923523,0.9029984145156896,0.493757173600867,0.7384323126987253,0.8784320910819923,0.7534049979743186
423,8.0,2.0,1.0,0.8888888888888888,2,0.6449864498644986,0.36245252306022785,0.31544715447154476,0.6822868585586548,0.8079367876052856,0.8491108953042222,0.599298386084584,0.6947516396559791,0.8406771714340534,0.7459595231197097
424,2.0,1.0,1.0,0.5555555555555556,1,0.33791748526522597,0.17145104207628786,0.17760314341846759,0.595330536365509,0.6695084571838379,0.16517900802474816,0.5865053629538864,0.5910575817992162,0.5221018682841829,0.46621095526550843
425,8.0,2.0,0.0,1.0,3,0.6135040745052386,0.2622377622377622,0.21653084982537835,0.5673909783363342,0.7359945774078369,0.793379896828516,0.6368720793848673,0.7694879281242039,0.7818319875219586,0.7453929729648865
426,9.0,1.0,1.0,1.0,2,0.5509383378016085,0.26979865771812084,0.2520107238605898,0.6411887407302856,0.6855930685997009,0.044590781759458326,0.6580883516589332,0.7071013657324335,0.04096639791447003,0.3626867242663238
427,2.0,2.0,1.0,0.7777777777777778,2,0.5503731343283582,0.24485981308411214,0.2686567164179104,0.633608877658844,0.7681933641433716,0.19920417222468617,0.6210383492409202,0.7910723976586689,0.1965064999831689,0.45195535477686105
428,8.0,1.0,1.0,0.7777777777777778,3,0.5971830985915494,0.31875881523272215,0.2802816901408451,0.6726779937744141,0.6084145307540894,0.6397315512728629,0.66816060809321,0.8977163267429582,0.6533873178666483,0.7147489509939198
429,1.0,2.0,1.0,0.6666666666666666,1,0.6284701712935616,0.3500887049083382,0.34022445363260484,0.6880694031715393,0.6890673041343689,0.7819230028060439,0.591467755075476,0.831656005294275,0.7971597950984051,0.75055163956855
430,12.0,1.0,1.0,0.5555555555555556,1,0.5823353293413174,0.31484257871064464,0.33083832335329344,0.639416515827179,0.7539184093475342,0.6152014800973559,0.7841913759046133,0.7851025606596592,0.3543047262555091,0.6347000357292844
431,14.0,2.0,0.0,0.6666666666666666,2,0.6491416309012876,0.34693877551020413,0.3304721030042918,0.6861875057220459,0.7118011116981506,0.9225770118556164,0.6346711076382605,0.7826274533291785,0.8955027375414945,0.8088445775911375
432,8.0,2.0,0.0,0.5555555555555556,2,0.6496739774748074,0.34540059347181007,0.28927089508002374,0.691006064414978,0.7400868535041809,0.8827211307590127,0.4570012229524769,0.7824282261925292,0.8672298467702504,0.7473451066685672
433,9.0,2.0,0.0,0.875,4,0.5919732441471571,0.26227678571428564,0.24860646599777037,0.610107421875,0.7120492458343506,0.8773168545456121,0.6181637781647318,0.748646767150737,0.8508031410649317,0.7737326352315032
434,2.0,1.0,0.0,0.6666666666666666,1,0.5857908847184987,0.24697986577181205,0.24664879356568362,0.6453216671943665,0.8205805420875549,0.8023108954593243,0.5623450611866581,0.8207640265429312,0.7796079585846487,0.7412569854433906
435,12.0,2.0,1.0,0.7777777777777778,2,0.5238444607483492,0.3056576047024247,0.24651504035216434,0.6714388132095337,0.7014276385307312,0.3236693307609126,0.6257844869552233,0.7453281769190548,0.3662748280739032,0.5152642056772734
436,1.0,1.0,0.0,0.5555555555555556,1,0.5843037974683544,0.26558540293968574,0.2146835443037975,0.6345548629760742,0.6494280695915222,0.7377322974695089,0.5257104884212963,0.6686012421520017,0.7071467155352373,0.6597976858945112
437,9.0,2.0,0.0,1.0,1,0.6255737704918033,0.37557452396585683,0.359344262295082,0.6678342819213867,0.7252693176269531,0.34592023746813905,0.6545376818401007,0.7005266302619162,0.4325008963139814,0.5333713614710344
438,6.0,2.0,1.0,1.0,1,0.6698176907494935,0.31643002028397565,0.26333558406482105,0.6557577848434448,0.7077839970588684,0.8757939419237188,0.6913783014530672,0.7155080983393008,0.8364268064040985,0.7797767870300464
439,10.0,1.0,1.0,1.0,1,0.5964912280701754,0.29182582123758594,0.2761250953470633,0.6782989501953125,0.787614643573761,0.7764410525108473,0.6233613375573218,0.7914758295270887,0.41844836796777735,0.6524316468907588
440,9.0,2.0,0.0,0.5555555555555556,1,0.48065173116089616,0.25203804347826086,0.1961982348947726,0.5970282554626465,0.7802316546440125,0.866005642728812,0.527616793492657,0.7606974912521067,0.844090876118438,0.7496027008980033
441,1.0,2.0,1.0,0.7777777777777778,1,0.6254434870755196,0.3084728564180619,0.2392295995945261,0.676564633846283,0.6958180069923401,0.8965791526917893,0.5207415182162384,0.6621911572056961,0.877740057080139,0.7393129712984657
442,5.0,1.0,1.0,0.6666666666666666,3,0.6477916194790486,0.3117913832199547,0.288788221970555,0.6569485664367676,0.6555895805358887,0.8134257154450356,0.5834634715957865,0.73577842886931,0.7798447969097487,0.7281281032049702
443,2.0,2.0,0.0,1.0,2,0.595360824742268,0.2361290322580645,0.2667525773195876,0.656591534614563,0.719714343547821,0.8716367819167432,0.5922668303907964,0.6854900792952072,0.8832352914814421,0.7581572457710472
444,8.0,2.0,0.0,1.0,3,0.6332622601279317,0.31803628601921025,0.2622601279317697,0.6762024164199829,0.6581574082374573,0.8281037170152923,0.5900254798720765,0.7030475617778088,0.8274525124212405,0.7371573177716045
445,8.0,2.0,1.0,0.5555555555555556,2,0.48466981132075465,0.2408500590318772,0.2830188679245283,0.6384893655776978,0.8108322024345398,0.4690255781067943,0.6927416296896081,0.7539892529788722,0.40323998388984633,0.5797491111662801
446,1.0,1.0,0.0,0.7777777777777778,1,0.5692398350029464,0.21474926253687313,0.19092516205067764,0.6088132262229919,0.6124469637870789,0.6741524606049732,0.44671276182172415,0.5376555947006765,0.6739161455471656,0.5831092406686349
447,1.0,2.0,1.0,0.6666666666666666,1,0.6324878575283325,0.29713668287412215,0.2676740420939018,0.6832127571105957,0.716973066329956,0.8352574821203445,0.6931475223831374,0.7728030105689873,0.7976407241051029,0.774712184794393
448,8.0,2.0,0.0,1.0,3,0.5550660792951542,0.2647058823529412,0.23201174743024963,0.5965772867202759,0.6027921438217163,0.7748033668138039,0.53600279297473,0.6852158875454745,0.7570367361402205,0.6882646958685572
449,8.0,1.0,1.0,1.0,3,0.6258234519104083,0.32849604221635886,0.2542819499341239,0.6500242352485657,0.6113730669021606,0.899015413976788,0.5104101536993474,0.7409135639501344,0.8736361167629965,0.7559938120973165
450,2.0,2.0,1.0,0.5555555555555556,1,0.5781584582441114,0.34083601286173637,0.3158458244111349,0.684973955154419,0.6430618166923523,0.38937950317469167,0.4753610267974839,0.8115977455658065,0.4908075907747543,0.5417864665781841
451,9.0,2.0,0.0,0.5555555555555556,2,0.6605624591236102,0.352324819908317,0.2943100065402224,0.6670655608177185,0.6566721796989441,0.8177759284270264,0.5956308869989829,0.6763181532294205,0.8095491417530153,0.7248185276021113
452,3.0,2.0,0.0,0.6666666666666666,2,0.5754385964912281,0.26844694307800415,0.27649122807017545,0.6157494187355042,0.6890937685966492,0.7757534290136425,0.522649445937126,0.650510661975624,0.7712850768632329,0.6800496534474063
453,9.0,2.0,1.0,0.875,1,0.6539325842696629,0.33070866141732286,0.2966292134831461,0.6453701257705688,0.8288032412528992,0.9081592891084258,0.6955954780991352,0.779166281594524,0.8835887371945376,0.8166274464991555
454,9.0,2.0,1.0,1.0,1,0.5090771558245083,0.2816048448145345,0.21331316187594554,0.659919798374176,0.7872703075408936,0.8919474771318533,0.6043244376361653,0.8400511744232935,0.8712261922923704,0.8018873203709207
455,4.0,1.0,1.0,0.5555555555555556,1,0.6185080264400379,0.3468809073724008,0.2417374881964117,0.6484734416007996,0.7627126574516296,0.8640333683856236,0.6321969757119402,0.6714636363204736,0.8386315743907061,0.7515813887021858
456,7.0,1.0,1.0,0.5555555555555556,2,0.581043185642176,0.27063447501403703,0.2209758833426809,0.6502769589424133,0.7663061618804932,0.8916803455280689,0.6077205516612562,0.77762582635029,0.8632133372317075,0.7850600151928306
457,8.0,2.0,0.0,0.75,1,0.5834617360041089,0.2910025706940874,0.2465331278890601,0.6675580143928528,0.6563504934310913,0.9164406817027703,0.61419211612305,0.8280692861778972,0.8981094368031147,0.8142028802017081
458,1.0,2.0,1.0,0.625,1,0.6378575776019477,0.2864107251675807,0.18746195982958003,0.6405078172683716,0.7916526794433594,0.7032090081302868,0.6177461061850571,0.7307736408388777,0.7283423607056088,0.6950177789649576
459,3.0,1.0,1.0,0.5555555555555556,3,0.6746268656716419,0.3693962940824866,0.27582089552238803,0.6921896934509277,0.7273300886154175,0.8779588800891643,0.6041631528888586,0.7047251960062232,0.8485668561330438,0.7588535212793225
460,2.0,2.0,1.0,0.6666666666666666,1,0.6162610046607976,0.28304821150855364,0.2589331952356292,0.6876752972602844,0.7012636661529541,0.5355193129690866,0.5157937804438492,0.6959488025982177,0.5083557458088946,0.563904410455012
461,10.0,1.0,1.0,1.0,2,0.6096096096096096,0.2895791583166333,0.24024024024024027,0.6388729810714722,0.7500841617584229,0.8929420256307851,0.7422898064402456,0.7063465908993656,0.8651783825284999,0.801689201374724
462,8.0,2.0,1.0,0.8888888888888888,2,0.5657568238213401,0.21490683229813667,0.22332506203473945,0.6564956903457642,0.6790956258773804,0.9160473852358574,0.5843335339077279,0.7687545957944033,0.9039156828862163,0.7932627994560513
463,1.0,1.0,1.0,0.5555555555555556,1,0.5671641791044776,0.22091782283884734,0.22174840085287847,0.6773715019226074,0.786490797996521,0.8593638317314692,0.6273361365465195,0.7638639981457356,0.8335182563076085,0.7710205556828331
464,1.0,1.0,0.0,0.5555555555555556,1,0.6663025669033315,0.36632039365773644,0.3244128891316221,0.6969226598739624,0.7262056469917297,0.8256869635896188,0.5368964600381029,0.7656701432399181,0.7949892448199419,0.7308107029218954
465,2.0,2.0,0.0,1.0,2,0.6216596343178621,0.3577464788732394,0.2672292545710267,0.664875328540802,0.6462628245353699,0.7515643989201115,0.6218314893856186,0.6289677180649665,0.7963962767025506,0.6996899707683119
466,7.0,2.0,0.0,1.0,2,0.4370319945541184,0.21813224267211995,0.20558202859087815,0.6615716814994812,0.7264403104782104,0.776138019373472,0.837408668747459,0.7842645287993818,0.7166820472617648,0.7786233160455194
467,2.0,1.0,1.0,0.5555555555555556,2,0.2796071634893125,0.10294968189705032,0.11322934719815136,0.6452602744102478,0.7284368872642517,0.8368562207305327,0.6306996841250063,0.5865466836806139,0.893154225628751,0.736814203541226
468,3.0,1.0,1.0,0.8888888888888888,2,0.5592011412268187,0.2646358876725369,0.21112696148359486,0.6128942370414734,0.7562336325645447,0.825596552053097,0.5905670953598448,0.7310784190258771,0.8336791379345954,0.7452303010933535
469,8.0,1.0,0.0,1.0,2,0.6333887964503605,0.3209328151027207,0.2606766500277316,0.6292732357978821,0.7885728478431702,0.8509998658586235,0.6562820062988363,0.779890501817963,0.8450577148917281,0.7830575222167878
470,9.0,1.0,1.0,1.0,2,0.6209573091849936,0.2979274611398964,0.2820181112548512,0.6719768047332764,0.7065392136573792,0.8806989114654779,0.6128674948264536,0.6351928826214639,0.8615542357564907,0.7475783811674716
471,8.0,1.0,0.0,1.0,2,0.6744730679156908,0.32473622508792493,0.2763466042154567,0.6405158042907715,0.6026690006256104,0.8967346882059577,0.6485836749174373,0.6179585198045237,0.8830447072164189,0.7615803975360844
472,10.0,1.0,1.0,1.0,2,0.40980735551663744,0.2244301578024547,0.2136602451838879,0.6781818866729736,0.6932753324508667,0.7106436837658564,0.7655754562664312,0.6402855214463887,0.6127033198091277,0.682301995321951
473,9.0,2.0,1.0,1.0,2,0.6013793103448275,0.33011049723756897,0.2662068965517241,0.6501715779304504,0.6481976509094238,0.7692866376989079,0.4987178995340038,0.5860606255415237,0.7502439493672516,0.6510772780354218
474,1.0,1.0,0.0,1.0,1,0.6523911491791577,0.3187991422444603,0.28693790149892934,0.6803495287895203,0.6990005373954773,0.14670521063965528,0.5540344840438142,0.6970958491502618,0.30969498867172646,0.4268826331263644
475,1.0,2.0,1.0,0.7777777777777778,1,0.6822262118491921,0.3283403235470342,0.2812687013764213,0.67376309633255,0.745632529258728,0.8176233878430891,0.6268369106535904,0.7869398479641482,0.8236490446708677,0.7637622977829239
476,8.0,1.0,1.0,0.8888888888888888,2,0.665623369848722,0.3373368146214099,0.2524778299426187,0.6462417840957642,0.7869378328323364,0.877533238365758,0.6640408578350164,0.8540900494876631,0.8599798311463873,0.8139109942087062
477,8.0,1.0,1.0,0.6666666666666666,1,0.5624044829342842,0.325344212136665,0.2944472745797249,0.629666268825531,0.6500458121299744,0.05421548896782671,0.6359018713124353,0.6268163754468363,0.05176653281930233,0.3421750671366002
478,8.0,2.0,1.0,1.0,3,0.6583229036295369,0.3145363408521303,0.25156445556946183,0.691119372844696,0.639123260974884,0.9088657798338969,0.5473803719542314,0.6340766675029972,0.8702128730880427,0.7401339230947921
479,2.0,1.0,1.0,0.5555555555555556,2,0.48180112570356476,0.23056702966579048,0.20787992495309568,0.627223789691925,0.7538173198699951,0.9081106785314699,0.5571475505953694,0.731391464982596,0.8833017172027426,0.7699878528280444
480,9.0,2.0,1.0,1.0,1,0.6100536847242557,0.3214460185637518,0.2859931673987311,0.7030038833618164,0.7598086595535278,0.8337961553892984,0.6109023847627619,0.7022042306486473,0.8248066429062384,0.7429273534267364
481,1.0,1.0,0.0,0.5555555555555556,1,0.652856246076585,0.3293526084223758,0.2699309478970496,0.6481015086174011,0.7223609685897827,0.8434635018857394,0.565124665724362,0.6840913921416272,0.8320953139243775,0.7311937184190265
482,8.0,1.0,1.0,1.0,1,0.5377107364685004,0.23978685612788633,0.2209405501330967,0.6093693375587463,0.7291768789291382,0.9147406866576134,0.5581031074660378,0.7365643410379094,0.8902062177582888,0.7749035882299623
483,8.0,2.0,1.0,1.0,2,0.6457399103139013,0.3296985246953175,0.2959641255605381,0.6657239198684692,0.7278144955635071,0.9012048297618531,0.6658658561035461,0.7280586845985122,0.8959266757740204,0.797764011559483
484,8.0,2.0,0.0,0.7777777777777778,1,0.501335368180084,0.24131347842688047,0.23884013735215567,0.6567906141281128,0.7352189421653748,0.9264787982652614,0.7038316017932418,0.7820812562214313,0.9039358630363848,0.8290818798290798
485,8.0,2.0,1.0,1.0,1,0.5483359746434231,0.2285714285714286,0.2519809825673534,0.6628323197364807,0.6304823160171509,0.5661806975601764,0.5599792863831652,0.6713506050664764,0.5994050297392742,0.5992289046872731
486,3.0,1.0,1.0,0.7777777777777778,2,0.37604082728982,0.18220908357968288,0.15256513564329843,0.5644320845603943,0.6714362502098083,0.8411130620501533,0.6120423242135622,0.7284798985336285,0.8535321275583694,0.7587918530889284
487,8.0,1.0,1.0,0.6666666666666666,2,0.6051838456901748,0.27881713940856967,0.21338155515370708,0.6322574615478516,0.6175847053527832,0.44697827409879787,0.5692630326485628,0.7138160696149075,0.4963425291952134,0.5565999763893704
488,4.0,2.0,1.0,1.0,1,0.4931945556445156,0.301523656776263,0.28502802241793435,0.6476313471794128,0.665502667427063,0.12698286627818314,0.7114867619698592,0.7482405811212259,0.21446221641295096,0.4502931064455548
489,4.0,2.0,0.0,0.5555555555555556,2,0.5765503875968992,0.27061105722599416,0.24709302325581398,0.6677684187889099,0.7228104472160339,0.8848356330066204,0.6249917929541626,0.8097470542540162,0.8589308549400594,0.7946263337887147
490,1.0,2.0,1.0,0.5555555555555556,2,0.5776458951533137,0.22376237623762377,0.20573689416419388,0.6417100429534912,0.7091794610023499,0.8580431372126525,0.6216777935615849,0.848340187270526,0.7389600892625401,0.7667553018268258
491,1.0,1.0,1.0,1.0,2,0.6522875816993464,0.3167539267015707,0.2901960784313726,0.6691418290138245,0.5780843496322632,0.7999482626911194,0.5342656505099886,0.68512093707457,0.8279563696415344,0.7118228049793032
492,9.0,1.0,0.0,0.5555555555555556,2,0.6509539842873177,0.3561797752808989,0.30303030303030304,0.6688055396080017,0.6675995588302612,0.8593748309635674,0.6010894658622095,0.6973469549258096,0.8624664935885472,0.7550694363350334
493,10.0,1.0,0.0,0.6666666666666666,1,0.5308098591549296,0.2475770925110132,0.25440140845070425,0.6878657937049866,0.7438919544219971,0.8888753717874488,0.5772344784629495,0.7613415054361955,0.8474554156637466,0.7687266928375851
494,2.0,2.0,0.0,0.5555555555555556,3,0.5316231755860239,0.23815847720230193,0.205218929677134,0.657393753528595,0.6790989637374878,0.9065598903507253,0.6138048772245767,0.7505317586759049,0.8785975474504428,0.7873735184254124
495,8.0,1.0,1.0,1.0,1,0.5667234525837592,0.31040363843092666,0.24985803520726857,0.653553307056427,0.6605162024497986,0.7878162428071694,0.5532872497540352,0.6749332645028138,0.7898690073772665,0.7014764411103211
496,10.0,1.0,0.0,1.0,1,0.5673289183222957,0.24861878453038672,0.21302428256070635,0.6474637985229492,0.7191980481147766,0.8191259529289027,0.6089307332249156,0.6401843066549012,0.8126682825065588,0.7202273188288195
497,8.0,1.0,1.0,0.7777777777777778,2,0.5444299956653662,0.27158351409978304,0.2375379280450802,0.6380386352539062,0.6304227113723755,0.8878341779886783,0.5813183964499277,0.7352581544098818,0.8698569556206402,0.768566921117282
498,2.0,2.0,1.0,0.8888888888888888,1,0.5875930521091811,0.32389468455042225,0.2620347394540943,0.6712489724159241,0.650911808013916,0.8954944551340541,0.51521136179408,0.5930737145683798,0.8755317365857659,0.71982781702057
499,1.0,2.0,1.0,0.7777777777777778,1,0.5932294465341216,0.27756858526089295,0.24395486297689417,0.6542419195175171,0.7036987543106079,0.8644214657513867,0.623313846945582,0.7462881475078562,0.8316061653461261,0.7664074063877377
500,3.0,2.0,0.0,0.6666666666666666,3,0.5653798256537983,0.2655860349127182,0.25653798256537985,0.6698684692382812,0.6050796508789062,0.8756036363025683,0.534647255312276,0.7569155395106124,0.8474392733157478,0.7536514261103011
501,2.0,1.0,0.0,0.5555555555555556,1,0.5970952124798279,0.27571351642434033,0.22485207100591717,0.6484991908073425,0.7337644100189209,0.9322466672502976,0.6477198981138804,0.9107006340414411,0.9065233771651237,0.8492976441426856
502,2.0,2.0,1.0,0.6666666666666666,1,0.473257698541329,0.2668288726682887,0.21717990275526744,0.6017161011695862,0.7224442362785339,0.043106760237782864,0.538992350284212,0.6791199082276007,0.08384045267374918,0.3362648678558362
503,2.0,2.0,0.0,1.0,1,0.43831640058055155,0.2005813953488372,0.22351233671988388,0.627865195274353,0.8555231094360352,0.7875713583180964,0.6676894156586937,0.8649423185195434,0.541656598293922,0.7154649226975639
504,8.0,2.0,0.0,0.7777777777777778,4,0.5840621963070942,0.2850194552529183,0.2555879494655005,0.6317310929298401,0.6692163944244385,0.9073772125320961,0.6432782721799826,0.7957848349332222,0.8946882816341092,0.8102821503198525
505,2.0,1.0,1.0,1.0,3,0.46097738876732314,0.18261504747991233,0.19693654266958427,0.6402453184127808,0.6524119973182678,0.7807997250528267,0.6694099936177585,0.6253718510501508,0.5750260185439253,0.6626518970661653
506,8.0,2.0,1.0,0.6666666666666666,3,0.4871794871794871,0.24086870681145114,0.22485207100591717,0.5873138904571533,0.6935605406761169,0.4044209875985786,0.483433760350742,0.6849405664184188,0.3607841060411074,0.48339485510221175
507,2.0,2.0,0.0,0.5555555555555556,1,0.46045694200351495,0.2377769961308477,0.21370826010544813,0.6634734869003296,0.6978463530540466,0.9039560495841179,0.6123026727049021,0.7290717623768538,0.8894497317639259,0.7836950541074499
508,2.0,1.0,1.0,0.7777777777777778,2,0.5647840531561462,0.2139689578713969,0.203765227021041,0.6243467330932617,0.6881667375564575,0.45536147358778095,0.531696911592395,0.6777717170173997,0.3665435353747104,0.5078434093930715
509,3.0,2.0,1.0,0.5555555555555556,1,0.5917901938426454,0.2625570776255708,0.20524515393386544,0.6494499444961548,0.6420331001281738,0.8283888449042477,0.49470819008708494,0.7707157400706988,0.8313208966957008,0.731283417939433
510,10.0,2.0,1.0,1.0,2,0.5009940357852882,0.272636815920398,0.2504970178926441,0.6559308171272278,0.727664053440094,0.39645335453699054,0.6338946570827211,0.7504289171165561,0.31906242485081326,0.5249598383967703
511,8.0,1.0,1.0,1.0,3,0.5415907710989678,0.27720364741641335,0.23436551305403763,0.6280231475830078,0.6375712752342224,0.4761756926788677,0.5978871003135269,0.6900307433846464,0.3744624765099601,0.5346390032217503
512,8.0,2.0,0.0,0.5555555555555556,3,0.5632530120481928,0.25025125628140704,0.2560240963855422,0.6477452516555786,0.7739725112915039,0.8419951288738997,0.5027971723437478,0.7254888546152672,0.8332911330234829,0.7258930722140994
513,2.0,2.0,1.0,0.7777777777777778,1,0.5481955230698948,0.34293552812071326,0.34810415714938325,0.684441089630127,0.6661597490310669,0.04345161415325037,0.644818802502183,0.6678209450793406,0.0899287945802782,0.3615050390787631
514,8.0,1.0,0.0,0.5555555555555556,2,0.5602910602910602,0.2029136316337149,0.19334719334719336,0.6351287364959717,0.7477322220802307,0.7248985578678149,0.5448150090703426,0.8283865466131715,0.6908626656190361,0.6972406947925912
515,1.0,2.0,1.0,1.0,1,0.5092896174863389,0.27163198247535597,0.3169398907103825,0.6514075994491577,0.7362979650497437,0.6804012611787695,0.8271052868736396,0.6093284936853867,0.36444422112182184,0.6203198157149044
516,8.0,2.0,0.0,1.0,2,0.6035313001605136,0.3167202572347267,0.3033707865168539,0.6697396039962769,0.6646868586540222,0.840659293908545,0.6473270675463919,0.7574347611118909,0.6690126136822868,0.7286084340622786
517,5.0,2.0,1.0,0.5555555555555556,1,0.48489369638194696,0.21799178798058977,0.20663931368892205,0.6340133547782898,0.6529794931411743,0.8646385299484514,0.4909137259727235,0.8143219674089965,0.8458809716099907,0.7539387987350405
518,4.0,1.0,0.0,0.6666666666666666,1,0.5942350332594236,0.22086570477247502,0.20066518847006654,0.6365658044815063,0.8022657632827759,0.8579668937915134,0.6108215366203131,0.617070250639157,0.8330716617063748,0.7297325856893396
519,10.0,1.0,1.0,0.5555555555555556,2,0.5696316262353999,0.30845323741007197,0.2183288409703504,0.6390355229377747,0.675158679485321,0.8530099974924163,0.5987709015375042,0.7049438367770718,0.8494734394691313,0.7515495438190309
520,1.0,1.0,1.0,0.8888888888888888,2,0.5487489214840379,0.24719101123595505,0.2640207075064711,0.6470061540603638,0.7373531460762024,0.7445902422029624,0.754034230510184,0.7109861742200926,0.6065969535736169,0.704051900126714
521,1.0,2.0,1.0,1.0,1,0.6238532110091743,0.29823321554770316,0.23712067748764998,0.6195164918899536,0.7942603826522827,0.42000473207494154,0.7003324703599586,0.7572080350628587,0.3903859762791357,0.5669828034442236
522,9.0,1.0,1.0,0.7777777777777778,1,0.5736738703339882,0.26155358898721737,0.20039292730844796,0.6164252161979675,0.733461320400238,0.8585971328354348,0.5272102552760435,0.8169427971009741,0.8561424872504632,0.7647231681157289
523,8.0,1.0,1.0,0.8888888888888888,1,0.5729221118661788,0.26373626373626374,0.2331416623105071,0.658534586429596,0.7100628614425659,0.8840529726131358,0.4371541958558326,0.8119928184645495,0.8689147647028469,0.7505286879090912
524,2.0,1.0,0.0,1.0,1,0.6433076384022425,0.3677192982456141,0.3910301331464611,0.7224391102790833,0.722800612449646,0.8916460058234714,0.6461960602754165,0.6310515055828537,0.8886997951784208,0.7643983417150406
525,8.0,2.0,1.0,1.0,3,0.550561797752809,0.27004219409282704,0.23174157303370788,0.5775219202041626,0.7106851935386658,0.6944874951619167,0.5662224899687411,0.7265295800347453,0.6101072322906144,0.6493366993640044
526,8.0,1.0,1.0,0.8888888888888888,1,0.5661399548532732,0.28920018075011295,0.23747178329571106,0.6498832106590271,0.6963018178939819,0.8646853892645546,0.5090684503141489,0.6844571448284048,0.8616857291346118,0.7299741783854301
527,2.0,2.0,1.0,0.5555555555555556,1,0.59002624671916,0.23751970572779824,0.2183727034120735,0.6370864510536194,0.7208816409111023,0.8155620842328718,0.49989213349780826,0.724844523433701,0.7856057580973095,0.7064761248154225
528,1.0,1.0,0.0,0.5555555555555556,1,0.6158415841584158,0.3075396825396825,0.2891089108910891,0.7067444324493408,0.7359204292297363,0.5937541686738887,0.6774327076811169,0.7423011362550646,0.560343638556041,0.6434579127915278
529,2.0,2.0,1.0,0.7777777777777778,1,0.6225462703309028,0.308815272318922,0.23331463825014023,0.6809712052345276,0.6437788605690002,0.7034911598703255,0.5117136284436945,0.6616899266430196,0.7223933880896551,0.6498220257616737
530,8.0,2.0,1.0,1.0,1,0.5665722379603398,0.2283687943262411,0.2223796033994334,0.6022735834121704,0.8159375190734863,0.641067444270602,0.7090611283161232,0.7861926790702434,0.3622673588357597,0.6246471526231822
531,3.0,2.0,1.0,0.7777777777777778,2,0.5921364282330648,0.2655286865813182,0.21506395073424917,0.6614434719085693,0.7616890072822571,0.5540207600626292,0.5612133013125279,0.6821998713581238,0.5960896185703182,0.5983808878258997
532,6.0,1.0,0.0,1.0,2,0.551440329218107,0.2868920032976092,0.2897119341563786,0.6643120646476746,0.5714665651321411,0.35207315913039516,0.683490960491184,0.6394325822068759,0.18930183236641737,0.4660746335487181
533,1.0,2.0,1.0,0.6666666666666666,1,0.5464114832535885,0.235632183908046,0.21435406698564594,0.6299172639846802,0.6467157006263733,0.8299190587748356,0.5631908140660461,0.7113422391766997,0.8214934498929307,0.731486390477628
534,8.0,2.0,0.0,1.0,2,0.61875,0.2503128911138924,0.21875000000000003,0.6028586626052856,0.7125948667526245,0.8597189552574663,0.689994597054079,0.6581675352360395,0.8374126809365378,0.7613234421210306
535,8.0,1.0,1.0,1.0,3,0.5617529880478087,0.21956087824351297,0.23705179282868524,0.6287826895713806,0.6298011541366577,0.28836500082612926,0.650750136789575,0.608988577626356,0.29809323660417325,0.46154923796155845
536,8.0,1.0,0.0,0.8888888888888888,2,0.5439642324888226,0.27761194029850744,0.29508196721311475,0.6997742652893066,0.6970768570899963,0.7157803427793631,0.5651828970304935,0.6948150422754508,0.7701245240654749,0.6864757015376957
537,13.0,2.0,1.0,0.5555555555555556,1,0.36155800169348007,0.16440677966101694,0.15749364944961897,0.60640949010849,0.7648575901985168,0.12290735657827388,0.7429110745690142,0.6682687256668274,0.25104089518133,0.4462820129988614
538,1.0,1.0,0.0,1.0,1,0.38693035253654345,0.1929371231696813,0.22012037833190023,0.669636607170105,0.6742061972618103,0.9505764524859206,0.6412474146239843,0.7096139303509834,0.9473692535584772,0.8122017627548415
539,8.0,1.0,0.0,0.5555555555555556,0,0.6137491141034728,0.2966643009226401,0.27356484762579725,0.646596372127533,0.7206032872200012,0.16388803003324595,0.675743022570027,0.7428698746683822,0.1505986863746481,0.43327490341157576
540,8.0,2.0,1.0,0.7777777777777778,3,0.540880503144654,0.2729181245626312,0.26415094339622647,0.6656845211982727,0.669837236404419,0.7580558767366391,0.669998766893085,0.8621406314257262,0.6658983163955828,0.7390233978627583
541,13.0,2.0,1.0,0.7777777777777778,3,0.43470639789658194,0.25263157894736843,0.24189307624890447,0.600256621837616,0.7721165418624878,0.5021586796834662,0.5487036547965486,0.7914162090802549,0.1622197565830061,0.5011245750358189
542,1.0,1.0,0.0,0.7777777777777778,1,0.39767538397675384,0.258412962193602,0.23827314238273142,0.6671836376190186,0.7402153015136719,0.6651345279084289,0.6387178231071988,0.7386477606126384,0.4856041978682531,0.6320260773741299
543,8.0,1.0,0.0,0.8888888888888888,3,0.6121091151031272,0.2651565622918055,0.23020625415834997,0.6554464101791382,0.7167197465896606,0.8944379070950395,0.6586805731533887,0.7788988435864065,0.8752242327656771,0.8018103891501279
544,3.0,1.0,1.0,0.625,2,0.5553435114503817,0.2447418738049713,0.21183206106870228,0.6362290382385254,0.7766627669334412,0.42306244353126204,0.7362389469804382,0.8471826106539188,0.28257182769846156,0.5722639572160202
545,8.0,1.0,1.0,0.7777777777777778,3,0.6322444678609062,0.31434599156118137,0.22760800842992623,0.6569912433624268,0.7350163459777832,0.7243899958860389,0.5376098746658465,0.7531136123586216,0.5835310425734973,0.6496611313710011
546,9.0,1.0,1.0,1.0,2,0.6057692307692308,0.2857142857142857,0.2868589743589743,0.6375702619552612,0.6946331262588501,0.6930493622619583,0.6197966292190391,0.6851034679902493,0.5008782224786569,0.624706920487476
