index,issueArea,decisionDirection,partyWinning,voteDistribution,respondentType,rouge1,rouge2,rougeL,bert_f1,align_score,unieval_coherence,unieval_consistency,unieval_fluency,unieval_relevance,unieval_overall
0,10.0,2.0,0.0,0.625,1,0.5440885725583234,0.3078749505342303,0.24041122973507317,0.6343061327934265,0.7633236646652222,0.8556181881132947,0.6133804105714272,0.7412167258633594,0.8401723976817362,0.7625969305574544
1,8.0,1.0,0.0,0.6666666666666666,1,0.5512679162072768,0.23178807947019867,0.23153252480705624,0.6087323427200317,0.7864943146705627,0.8626050620146068,0.468898004995879,0.6120347520091104,0.8504362044784807,0.6984935058745192
2,2.0,1.0,1.0,1.0,2,0.5536136041568257,0.31394799054373523,0.24752007557864902,0.6740482449531555,0.5721301436424255,0.41023978704907993,0.6498812037886623,0.735421039250567,0.44313872073979516,0.5596701877070261
3,1.0,1.0,0.0,0.6666666666666666,1,0.6239067055393586,0.33858727378867487,0.27521865889212827,0.6460455656051636,0.711832582950592,0.8765649834696964,0.570746304097133,0.670726962678634,0.840923147243487,0.7397403493722376
4,8.0,2.0,1.0,1.0,3,0.5330895795246801,0.28466886205634834,0.21206581352833637,0.646223783493042,0.6544305086135864,0.8208800550288274,0.5871648091891026,0.8002621265645287,0.8312280610516419,0.7598837629585251
5,7.0,1.0,0.0,0.5555555555555556,3,0.5129553135561397,0.2818489289740699,0.2530980097634247,0.5866299867630005,0.6444689631462097,0.8054483927884715,0.5661645434183573,0.7410596392039317,0.7849366338352484,0.7244023023115023
6,10.0,1.0,0.0,0.5555555555555556,1,0.4959196484620214,0.2426147077309868,0.2335216572504708,0.6241043210029602,0.7289544939994812,0.7775326207386166,0.7122509340112749,0.7965857015175558,0.8017051563043057,0.7720186031429382
7,8.0,1.0,1.0,0.8888888888888888,2,0.598116169544741,0.28773584905660377,0.27943485086342224,0.6756514310836792,0.658240795135498,0.7922981625834774,0.692664965867345,0.7916419224158013,0.796984477973557,0.7683973822100452
8,8.0,1.0,1.0,1.0,2,0.5756676557863502,0.3230921704658078,0.334322453016815,0.6477910876274109,0.6303737759590149,0.4029257218280182,0.6248786715255025,0.6884312301479328,0.11005665293702399,0.4565730691096193
9,1.0,2.0,1.0,0.5555555555555556,1,0.5280898876404495,0.24461105904404876,0.24344569288389517,0.632643461227417,0.6745861768722534,0.48946359234050246,0.478237156617934,0.7194653134166898,0.507913011089177,0.5487697683660758
10,2.0,2.0,1.0,0.5555555555555556,2,0.6178861788617886,0.26370048833423765,0.22330623306233063,0.6289044618606567,0.6295827627182007,0.9133202502946068,0.5206095683643353,0.7459733496654034,0.9019674805211386,0.7704676622113711
11,9.0,1.0,0.0,0.6666666666666666,1,0.5553182400683468,0.3180846515604959,0.22639897479709525,0.6358229517936707,0.7629374265670776,0.8045025500727317,0.6223052098176018,0.6938538557940213,0.7712946143404589,0.7229890575062035
12,5.0,1.0,1.0,0.625,2,0.5575888051668461,0.27478448275862066,0.2669537136706136,0.6640622615814209,0.73617023229599,0.46798301627430217,0.598435253237629,0.7687750207128474,0.26109478140054726,0.5240720179063314
13,4.0,2.0,0.0,1.0,3,0.6117867165575304,0.32677902621722843,0.25724976613657624,0.5848912596702576,0.7316877841949463,0.8659422308547011,0.5040104136269001,0.834359841015024,0.8533591129919474,0.7644178996221432
14,2.0,1.0,1.0,1.0,1,0.6480386888769478,0.3238300161377085,0.21171413218699622,0.5521819591522217,0.759354829788208,0.5383334960571367,0.5289530649135097,0.641880874984097,0.5612977608047018,0.5676162991898612
15,1.0,1.0,0.0,0.5555555555555556,1,0.6119815668202765,0.33394833948339486,0.2737327188940092,0.625311553478241,0.7562900185585022,0.7242287927735922,0.6135348158446923,0.7192466098299571,0.7078707617675807,0.6912202450539556
16,8.0,1.0,0.0,1.0,2,0.5911528150134049,0.2483221476510067,0.2667560321715817,0.6953255534172058,0.5847477912902832,0.8600853306503095,0.5997875622685911,0.6782125592606731,0.8420825881140678,0.7450420100734103
17,8.0,1.0,0.0,0.75,1,0.2560411311053985,0.16572310859495626,0.1789203084832905,0.6321495771408081,0.9199099540710449,0.688411409294704,0.8275526644413018,0.8128209861484069,0.15838033028121395,0.6217913475414067
18,9.0,1.0,0.0,0.8888888888888888,1,0.5958254269449715,0.31339031339031337,0.25521821631878555,0.6864087581634521,0.6379860639572144,0.9047737210887765,0.5621157207020813,0.8189862759717609,0.8703600661490773,0.789058945977924
19,1.0,1.0,0.0,1.0,1,0.360056258790436,0.2538787023977433,0.2616033755274262,0.665151834487915,0.6596576571464539,0.5104959989576169,0.6953793416814683,0.8209275156420119,0.4435625763529047,0.6175913581585004
20,12.0,2.0,0.0,0.5555555555555556,1,0.6443327749860414,0.30631637786472893,0.30039084310441094,0.6697949171066284,0.5721073746681213,0.8672593592236861,0.5665793566649564,0.7575541396399825,0.8444631041622785,0.758963989922726
21,2.0,1.0,1.0,1.0,2,0.41485714285714287,0.24599542334096106,0.20000000000000004,0.6660014986991882,0.6683521866798401,0.11297924773158308,0.5960792973745924,0.7947913015670951,0.06722069348969806,0.3927676350407422
22,3.0,2.0,1.0,1.0,1,0.5345413363533409,0.3324518322629392,0.34126085315213284,0.6572161912918091,0.68079674243927,0.8793228616305637,0.5395024722049939,0.7426059130733141,0.857559901481657,0.7547477870976322
23,1.0,1.0,1.0,0.6666666666666666,2,0.636042402826855,0.3415866599292572,0.25946491670873295,0.6489852666854858,0.803347647190094,0.8993815220483399,0.6420751767415233,0.841488064224597,0.8792566982747508,0.8155503653223026
24,2.0,2.0,1.0,1.0,1,0.5719626168224299,0.23386342376052385,0.2168224299065421,0.6627881526947021,0.6308925747871399,0.9132951821047098,0.49063887592991084,0.7965121120257743,0.9111773534077254,0.77790588086703
25,8.0,2.0,0.0,1.0,2,0.670474014848658,0.339622641509434,0.24328954882924042,0.6328528523445129,0.6893463730812073,0.8565553595756762,0.5997828766289456,0.6700271697617279,0.8483365148066137,0.7436754801932408
26,2.0,1.0,0.0,0.6666666666666666,1,0.627518710420265,0.3077809798270893,0.2337363270005757,0.6958022117614746,0.6043593883514404,0.9018024671353573,0.518641576008126,0.714526802935308,0.8824083239039396,0.7543447924956826
27,9.0,1.0,0.0,1.0,3,0.2426229508196721,0.1691297208538588,0.1918032786885246,0.6529903411865234,0.5655288100242615,0.07121541995185719,0.797104185369514,0.848106089484184,0.06486280316530456,0.4453221244927149
28,7.0,1.0,1.0,0.7777777777777778,3,0.39964633068081346,0.18849557522123891,0.1768346595932803,0.6155723333358765,0.7449458837509155,0.5064176556088137,0.627863316992994,0.827760713449734,0.5997441120590098,0.6404464495276379
29,10.0,2.0,0.0,0.6666666666666666,3,0.31911532385466035,0.17721518987341772,0.20537124802527648,0.6282491683959961,0.5655970573425293,0.5170637335955097,0.7347212848153283,0.5928386774271225,0.602054232777702,0.6116694821539156
30,2.0,2.0,1.0,0.5555555555555556,1,0.5560344827586208,0.3114754098360656,0.2836206896551724,0.6941664218902588,0.7032695412635803,0.8772700449781136,0.675172664216339,0.7873683896185585,0.8736873386929291,0.8033746093764851
31,2.0,2.0,1.0,0.7777777777777778,1,0.5533016832110489,0.273866090712743,0.2123435476909797,0.6171170473098755,0.6520729064941406,0.8502717461599635,0.5100128134147139,0.6517499143828814,0.8471441010827215,0.7147946437600701
32,2.0,1.0,1.0,1.0,2,0.5818759936406995,0.32060461416070013,0.27980922098569155,0.6342176198959351,0.7500961422920227,0.8859100516021735,0.5225874895569272,0.8307315598632437,0.885258133620729,0.7811218086607683
33,2.0,2.0,1.0,0.7777777777777778,1,0.621031746031746,0.27805362462760674,0.23611111111111113,0.6747922301292419,0.7435753345489502,0.8646396331757046,0.5842541308467512,0.7554447817604255,0.8388743713051781,0.7608032292720148
34,9.0,1.0,0.0,0.8888888888888888,2,0.6177897574123989,0.30545062061521855,0.2846361185983827,0.6613723635673523,0.7044994235038757,0.8619607619559145,0.5108110027196242,0.7696991006271743,0.8777393171478807,0.7550525456126485
35,8.0,2.0,1.0,1.0,2,0.3230088495575222,0.16943521594684383,0.1891592920353982,0.6167027950286865,0.7238133549690247,0.07402758068448026,0.6465074773828791,0.7672061301679952,0.07860244751870603,0.39158590893851514
36,2.0,1.0,1.0,0.6666666666666666,2,0.5863655374320368,0.2712431979907911,0.20995399414470933,0.5791386365890503,0.7322561740875244,0.8691377968124758,0.5918106748222616,0.7688230942471383,0.8315764713981653,0.7653370093200103
37,1.0,2.0,1.0,0.5555555555555556,1,0.3589981447124304,0.18384401114206125,0.20871985157699444,0.6352372765541077,0.6221808791160583,0.13523932650973827,0.5387331850275201,0.7445372154032642,0.43195198625453884,0.4626154282987654
38,8.0,2.0,1.0,1.0,2,0.6254329539831766,0.3655274888558693,0.28500742206828306,0.6558295488357544,0.7374966144561768,0.8985551900422412,0.6085713892672149,0.7351311531895715,0.888411320742318,0.7826672633103363
39,1.0,1.0,1.0,0.8888888888888888,2,0.4615384615384615,0.25830815709969784,0.25188536953242835,0.633365273475647,0.5668768286705017,0.4796092685833684,0.6219959262203107,0.7096238854325517,0.5197169724695861,0.5827365131764543
40,2.0,2.0,1.0,0.5555555555555556,2,0.6409807355516637,0.3637160385626644,0.29334500875656744,0.7101006507873535,0.7424469590187073,0.782860943885611,0.6742792572861931,0.766715528273331,0.7578073214307987,0.7454157627189834
41,8.0,1.0,0.0,1.0,1,0.6430288461538463,0.3116726835138388,0.2548076923076923,0.6520139575004578,0.7629104852676392,0.8090454357969324,0.5939284825557029,0.6877096620029137,0.7932592731925238,0.7209857133870181
42,10.0,2.0,0.0,0.5555555555555556,1,0.41347626339969373,0.20104198590254366,0.17580398162327718,0.5918011665344238,0.6732791066169739,0.8581101300528469,0.45188226993751246,0.6898656396974727,0.846411320900862,0.7115673401471735
43,10.0,2.0,1.0,1.0,1,0.6076502732240436,0.24835886214442013,0.22076502732240433,0.6153867244720459,0.6382870674133301,0.8338076387049098,0.46216655694612774,0.7526232544514613,0.7995701032192757,0.7120418883304436
44,8.0,2.0,0.0,1.0,2,0.5702851425712857,0.24737105658487732,0.2251125562781391,0.6692520976066589,0.5677128434181213,0.894539219542627,0.5483067813097927,0.7952855312975609,0.8851425099437887,0.7808185105234423
45,1.0,1.0,0.0,0.8888888888888888,1,0.5950023573785951,0.347333647947145,0.28665723715228664,0.6648893356323242,0.6540619730949402,0.7643699397992143,0.6004464994744628,0.6421885030720905,0.7591068245952438,0.6915279417352529
46,8.0,1.0,1.0,1.0,1,0.24900793650793648,0.11320754716981132,0.1378968253968254,0.606127917766571,0.7039147615432739,0.896824990294281,0.6390937456254019,0.8482127079607492,0.8036365722545291,0.7969420040337403
47,2.0,1.0,0.0,1.0,0,0.48901098901098894,0.25688073394495414,0.25824175824175827,0.6770355701446533,0.6377791166305542,0.8605699350201258,0.8296315247475968,0.7964683726119484,0.6767448686670778,0.7908536752616873
48,2.0,1.0,0.0,1.0,1,0.5813616610333173,0.3102948284195263,0.25301786576533075,0.6445272564888,0.7680362462997437,0.903115407132664,0.7344624177809209,0.8027742127114393,0.8811326102863942,0.8303711619778547
49,2.0,1.0,1.0,1.0,2,0.6305278174037089,0.30714285714285716,0.340941512125535,0.6634691953659058,0.6021674871444702,0.7766975482536655,0.6043245325229365,0.6529691755693933,0.788306213943241,0.7055743675723091
50,1.0,2.0,1.0,0.7777777777777778,1,0.6283744974152785,0.3484761357101782,0.3572659391154509,0.6597925424575806,0.728895902633667,0.5059064247227347,0.507852887070084,0.5216655665180986,0.5414013701268687,0.5192065621094465
51,8.0,1.0,0.0,0.8888888888888888,3,0.6153846153846154,0.3535108958837772,0.31736816642477017,0.6587475538253784,0.653152585029602,0.866088074608579,0.5640719431263701,0.7440727341424822,0.8514329111079603,0.7564164157463479
52,8.0,2.0,1.0,1.0,1,0.6211278792692613,0.3293556085918854,0.32088959491660046,0.6589841842651367,0.5961333513259888,0.10313345117758682,0.5619755976308884,0.7997711977297379,0.10355144306373894,0.39210792240048803
53,2.0,2.0,0.0,0.5555555555555556,3,0.6254901960784314,0.3473994111874387,0.28921568627450983,0.6819398999214172,0.7301439642906189,0.8818641776850189,0.6293424410057807,0.6778678196602494,0.8690319872456929,0.7645266063991855
54,9.0,2.0,0.0,0.6666666666666666,1,0.553156146179402,0.2462562396006656,0.25083056478405313,0.6607471108436584,0.6193686723709106,0.649830942291792,0.6332823007570287,0.6870927120427598,0.5564852707289331,0.6316728064551284
55,1.0,2.0,1.0,0.8888888888888888,1,0.6157894736842106,0.3614775725593668,0.35000000000000003,0.7093427777290344,0.8179036378860474,0.06510090153134755,0.7902684703476199,0.6172105985419902,0.07476746236451834,0.386836858196369
56,1.0,2.0,1.0,0.6666666666666666,1,0.46674057649667405,0.2641509433962264,0.25055432372505543,0.6503226161003113,0.6511301398277283,0.09543998925738148,0.5796300646510308,0.6794423554172722,0.18703583287398834,0.3853870605499182
57,9.0,1.0,1.0,0.6666666666666666,4,0.5426251691474967,0.2791327913279133,0.2706359945872801,0.64628666639328,0.7233883738517761,0.6496327945475778,0.6990074461206609,0.7206437230461908,0.6293304524050783,0.674653604029877
58,3.0,2.0,0.0,0.6666666666666666,2,0.5533696107157806,0.25136154168412234,0.21012976140644624,0.6052528023719788,0.8020258545875549,0.884447047889701,0.5524756002587365,0.7528991802246552,0.8681446997538506,0.7644916320317359
59,12.0,1.0,0.0,0.5555555555555556,2,0.5752066115702479,0.2947019867549669,0.25950413223140495,0.674903929233551,0.6906072497367859,0.29359573254673416,0.6748502092668668,0.5976442934158902,0.32943945768230304,0.4738824232279485
60,1.0,2.0,0.0,1.0,2,0.5938206480783723,0.2913207547169811,0.31198191409193676,0.6997203230857849,0.7622244954109192,0.6602202442233985,0.6788055961701224,0.6736299876783582,0.6853183074809887,0.674493533888217
61,2.0,2.0,1.0,0.6666666666666666,1,0.5599250936329588,0.27085285848172447,0.22940074906367042,0.6106750965118408,0.6241316199302673,0.8759923623160664,0.4370464818681806,0.8018200338161222,0.8614105450390482,0.7440673557598544
62,1.0,1.0,0.0,0.5555555555555556,1,0.4321796071094481,0.20717628705148206,0.1690053009042719,0.6249352693557739,0.7298591136932373,0.8825399844439767,0.5364251749923964,0.6143541400411981,0.8655587359348905,0.7247195088531154
63,1.0,2.0,1.0,1.0,1,0.6586447118429385,0.36017755231452125,0.3495883470550981,0.6615866422653198,0.7169760465621948,0.9102913461152534,0.6407074066075308,0.696916347922993,0.894014804151471,0.785482476199312
64,13.0,2.0,1.0,0.8888888888888888,1,0.5679676985195155,0.24258760107816713,0.22476446837146702,0.6453697681427002,0.6636826395988464,0.8906955083504041,0.6517324854460534,0.6570003782643968,0.8675879549479477,0.7667540817522005
65,2.0,1.0,1.0,0.5555555555555556,2,0.6211116777154513,0.29198570699336396,0.2325344212136665,0.640713095664978,0.6090483665466309,0.7644007187570306,0.5775459066805673,0.6816547323990054,0.7748532699064961,0.6996136569357748
66,3.0,2.0,0.0,0.75,2,0.4496124031007752,0.2582921665490473,0.2917547568710359,0.6334460377693176,0.8076539039611816,0.15085478351236256,0.5971730209913777,0.7275061816381377,0.08541108138952538,0.39023626688285085
67,1.0,2.0,1.0,0.5555555555555556,1,0.3139664804469273,0.21588366890380314,0.18212290502793296,0.5953526496887207,0.824269711971283,0.35262317771136403,0.6214312645222452,0.6632452883879671,0.38504298029110345,0.50558567772817
68,8.0,1.0,0.0,1.0,3,0.5210810810810811,0.2867965367965368,0.292972972972973,0.6399604678153992,0.7711226940155029,0.877974543132929,0.680087644717608,0.7038103833634706,0.7210771107469285,0.7457374204902341
69,8.0,1.0,1.0,0.625,3,0.5848329048843187,0.2998712998712999,0.2724935732647815,0.6601070761680603,0.6835802793502808,0.9215012343755468,0.5452722739874833,0.7124806880121787,0.9032923592256026,0.7706366389002028
70,10.0,2.0,1.0,1.0,1,0.6408328513591671,0.3126809496236248,0.2834008097165992,0.6552709937095642,0.7668449282646179,0.90103020037685,0.6189611078572282,0.7838200526731989,0.8903885518968487,0.7985499782010315
71,8.0,2.0,0.0,0.6666666666666666,3,0.3881401617250674,0.18353576248313092,0.1752021563342318,0.6092173457145691,0.7445130348205566,0.5756677992283608,0.8017066141669664,0.8251806996610744,0.49702526515178497,0.6748950945520467
72,2.0,2.0,0.0,0.7777777777777778,3,0.619815668202765,0.24798154555940022,0.22465437788018433,0.6530380249023438,0.6880836486816406,0.9179197622036329,0.4528624204771179,0.6857129580270482,0.8984118532043995,0.7387267484780496
73,4.0,1.0,1.0,1.0,1,0.43123123123123114,0.2898376428141912,0.2966966966966967,0.6297599077224731,0.8273030519485474,0.31599537651305826,0.6937970694242521,0.8237252068252034,0.3998205160544908,0.5583345422042512
74,1.0,1.0,1.0,1.0,2,0.6026637069922308,0.2588888888888889,0.23418423973362928,0.5990049839019775,0.6670379638671875,0.6736989543569177,0.5274284637623596,0.6160358664910637,0.713498545825171,0.632665457608878
75,1.0,2.0,1.0,0.6666666666666666,1,0.615595075239398,0.30762209036969423,0.2717738258093935,0.6625312566757202,0.8094338178634644,0.9075558020018115,0.6562500541988122,0.769609024281441,0.8891926092042152,0.8056518724215699
76,8.0,1.0,0.0,1.0,4,0.6432360742705571,0.2775564409030545,0.2877984084880637,0.6712363362312317,0.7964736223220825,0.476439576805668,0.6555849684304915,0.7978912438516713,0.6114539501989104,0.6353424348216853
77,8.0,2.0,1.0,1.0,2,0.5718475073313782,0.3098384728340675,0.3519061583577712,0.6586861610412598,0.6539284586906433,0.11178440550853339,0.7270057932589521,0.7063787229902314,0.08739957246255825,0.4081421235550688
78,2.0,2.0,1.0,1.0,2,0.6109979633401221,0.3037716615698267,0.25356415478615074,0.581519603729248,0.7662695646286011,0.806517111427443,0.5498699808644772,0.6192922223613399,0.7864589717627021,0.6905345716039905
79,1.0,1.0,0.0,0.7777777777777778,1,0.6390149060272197,0.3218689162881246,0.2786779001944264,0.6706615686416626,0.6679250597953796,0.9079321433000548,0.4749380196214317,0.7666227920747452,0.8851070693242341,0.7586500060801165
80,9.0,1.0,0.0,0.6666666666666666,1,0.5823798627002288,0.27720504009163804,0.28947368421052627,0.6505332589149475,0.7492400407791138,0.8518464642014123,0.6780550317463189,0.813651080794888,0.8554483144862587,0.7997502228072194
81,9.0,1.0,1.0,0.5555555555555556,3,0.6065217391304348,0.3025027203482046,0.2673913043478261,0.667041003704071,0.7470478415489197,0.881928127433054,0.5934326052077853,0.744369782934902,0.8618004977268977,0.7703827533256598
82,9.0,1.0,1.0,0.5555555555555556,2,0.611353711790393,0.2835727670206121,0.2694946974422957,0.6706807017326355,0.6844519972801208,0.8770778218863248,0.5649049728119421,0.8634757746739717,0.8600678734784765,0.7913816107126788
83,10.0,2.0,0.0,1.0,2,0.33374536464771326,0.16955445544554454,0.15822002472187885,0.6371572613716125,0.6050013899803162,0.8358164651718131,0.672878113708702,0.7012004120307814,0.8505801075923112,0.7651187746259018
84,8.0,2.0,1.0,0.875,3,0.411543287327478,0.2349246231155779,0.23337515683814306,0.6416008472442627,0.5513660311698914,0.545038720814622,0.7941441233476785,0.8237170261300607,0.5738830120882902,0.6841957205951629
85,1.0,2.0,1.0,0.8888888888888888,1,0.5629268292682927,0.232421875,0.22243902439024388,0.6532750725746155,0.6875079274177551,0.8943280943368503,0.591373195531177,0.81732086222184,0.8650697695987346,0.7920229804221505
86,1.0,2.0,1.0,0.8888888888888888,1,0.5049019607843137,0.21717791411042944,0.22916666666666669,0.6861531734466553,0.7524226307868958,0.7429983850565457,0.6063588090533365,0.7104023068790343,0.7366703732171819,0.6991074685515246
87,2.0,1.0,1.0,0.875,1,0.6434872859366891,0.34285714285714286,0.26881162428645566,0.687092125415802,0.7555312514305115,0.8987072638972202,0.5664795267389907,0.7151890310218663,0.8713123304496196,0.7629220380269243
88,1.0,1.0,1.0,1.0,2,0.648491879350348,0.2706155632984901,0.2273781902552204,0.6551640629768372,0.8306809663772583,0.9038155782251069,0.6561706164720064,0.7764310518200458,0.8807978788208964,0.8043037813345139
89,1.0,2.0,0.0,0.5555555555555556,2,0.4914965986394558,0.19931856899488926,0.24829931972789118,0.6076924800872803,0.7589129209518433,0.5132425328434723,0.6507162067721166,0.7617000298446971,0.3648727146688713,0.5726328710322893
90,1.0,2.0,1.0,0.625,3,0.5504162812210915,0.2351851851851852,0.21739130434782608,0.5736401081085205,0.7063246369361877,0.8989975729183419,0.5250115772336071,0.8056601031656513,0.8841921491082325,0.7784653506064582
91,8.0,2.0,1.0,1.0,4,0.3603603603603604,0.17678893565844858,0.18978978978978978,0.5863473415374756,0.7450317144393921,0.5107927253956981,0.6975956053113525,0.7609475519946178,0.4402495721754812,0.6023963637192874
92,8.0,2.0,1.0,1.0,1,0.5626566416040101,0.29736511919698866,0.2957393483709273,0.6410501599311829,0.7182114720344543,0.3071053969645332,0.5664386497377384,0.748931632097968,0.1927256849476789,0.45380034093697963
93,7.0,1.0,1.0,0.5555555555555556,2,0.6568144499178983,0.33315068493150685,0.2791461412151067,0.7039101123809814,0.7453276515007019,0.8334067818638844,0.6684135245862245,0.7424018118268508,0.8155214866329844,0.764935901227486
94,10.0,1.0,1.0,1.0,2,0.5733422638981917,0.30449362843729044,0.2679169457468185,0.6746675372123718,0.7378730773925781,0.09935959149779673,0.6079908564794018,0.7083816234305466,0.09691622784290789,0.37816207481266323
95,1.0,2.0,1.0,0.6666666666666666,1,0.6183091545772885,0.300450676014021,0.25212606303151575,0.6885140538215637,0.7669273018836975,0.8530854769465328,0.641094503381338,0.7271988285428079,0.8497506568948542,0.7677823664413832
96,10.0,2.0,0.0,1.0,2,0.5721012360211889,0.2404242781378904,0.25073572689817536,0.6702848672866821,0.6366919875144958,0.3296924097914164,0.4322620264188939,0.837747690048398,0.42853208056525127,0.5070585517059899
97,9.0,1.0,0.0,0.5555555555555556,2,0.5388046387154326,0.29732142857142857,0.22123104371097232,0.6506587266921997,0.644440770149231,0.8508961033761069,0.5512838410243978,0.6933919824779302,0.8383633454985969,0.733483818094258
98,4.0,2.0,1.0,1.0,1,0.5682382133995038,0.29440993788819875,0.2866004962779157,0.6436619162559509,0.7177083492279053,0.11755288737187602,0.6266515900231823,0.8174225837642016,0.1517310617006867,0.42833953071498665
99,1.0,1.0,1.0,1.0,2,0.6336633663366337,0.3109024517475222,0.29807191245440334,0.664181649684906,0.6986201405525208,0.7839852829848311,0.43857985880232203,0.8446923252398941,0.8004875116127856,0.7169362446599581
100,8.0,2.0,1.0,0.6666666666666666,3,0.5252082419991232,0.22290478279947343,0.24199912319158265,0.6424612402915955,0.649070680141449,0.9062664349017461,0.5695910006168291,0.6932913039556734,0.8849524657590065,0.7635253013083139
101,2.0,2.0,1.0,1.0,1,0.6478439425051336,0.3463514902363823,0.3100616016427105,0.6491045951843262,0.5797168016433716,0.865872387962443,0.49499607785289695,0.8562692089739236,0.8558917133860869,0.7682573470438376
102,4.0,2.0,1.0,0.5555555555555556,1,0.5656379548595118,0.2517289073305671,0.23399355135882083,0.6132349371910095,0.6720268726348877,0.897747609193075,0.6600846016116516,0.7730106754153966,0.8755528628645582,0.8015989372711704
103,8.0,1.0,1.0,1.0,1,0.5219874357509994,0.2881646655231561,0.2844089091947459,0.6662736535072327,0.6792506575584412,0.3667904540714972,0.5814107755077049,0.6987994563328235,0.27052027607293216,0.47938024049623945
104,8.0,1.0,1.0,1.0,3,0.596302003081664,0.3564814814814815,0.27889060092449924,0.7062371969223022,0.662662923336029,0.7819247744581419,0.611649283045686,0.6317428492820956,0.7816001032005662,0.7017292524966225
105,4.0,2.0,1.0,0.7777777777777778,1,0.6058185966913862,0.28783552255853795,0.25442099258414147,0.6245241165161133,0.6995455026626587,0.8862855656051818,0.688620840371233,0.6374850540898749,0.8437481932202052,0.7640349133216237
106,6.0,1.0,1.0,0.5555555555555556,2,0.5571873609256788,0.265478841870824,0.25545171339563866,0.69389408826828,0.7621402740478516,0.805482359735839,0.6602140545363303,0.8459219633809367,0.7450928967585437,0.7641778186029125
107,8.0,1.0,0.0,0.7777777777777778,3,0.6291179596174281,0.32446808510638303,0.2507970244420829,0.691567063331604,0.6143273711204529,0.8655911806592943,0.617170469858728,0.6722024725913608,0.8917024688512984,0.7616666479901704
108,1.0,1.0,1.0,0.5555555555555556,2,0.3242424242424243,0.14560161779575329,0.15454545454545454,0.6079953908920288,0.80045485496521,0.8359366469016062,0.6517632408135262,0.790959037064972,0.43948405017039877,0.6795357437376257
109,5.0,1.0,0.0,1.0,1,0.46688102893890665,0.22665808113329042,0.21864951768488747,0.6246970295906067,0.7824254631996155,0.38656023777281584,0.7094488966368291,0.7977918331941961,0.4179516982157737,0.5779381664549037
110,1.0,2.0,1.0,0.5555555555555556,1,0.5607763023493361,0.3016359918200409,0.27170582226762,0.6431660056114197,0.6960648894309998,0.8133870912703256,0.6013638929421377,0.7383500097834164,0.8138110024798,0.7417279991189198
111,1.0,1.0,1.0,1.0,2,0.5804569761789014,0.30754257907542576,0.24501701507049098,0.6682252883911133,0.6535905599594116,0.888537828419979,0.5585340335776329,0.818578371684044,0.8705325335933428,0.7840456918187496
112,8.0,1.0,1.0,1.0,1,0.6162162162162161,0.3232791956689868,0.26872586872586873,0.698642909526825,0.7491142749786377,0.8738804494924227,0.621222400207522,0.8436882384779847,0.8433570260596545,0.795537028559396
113,1.0,2.0,0.0,0.5555555555555556,2,0.49603384452670546,0.27739544732662785,0.26017979904812266,0.6867624521255493,0.6647346019744873,0.7040993689156647,0.7682666583630582,0.8202030384482687,0.4533117366135599,0.6864702005851379
114,2.0,2.0,1.0,0.7777777777777778,1,0.5865647187329329,0.28540185893931114,0.26324412889131615,0.6580290794372559,0.6534669995307922,0.8548356085310896,0.6885415225073698,0.843389098390815,0.8427031435874933,0.8073673432541919
115,10.0,2.0,1.0,0.5555555555555556,2,0.5976884975233901,0.2611570247933884,0.2201430930104568,0.5943127870559692,0.7114389538764954,0.8864323360097036,0.6434618048694549,0.7694872475595018,0.8522087872263827,0.7878975439162608
116,8.0,1.0,0.0,1.0,2,0.5982783357245337,0.2658045977011494,0.2496413199426112,0.6787146329879761,0.735064685344696,0.8407674830747186,0.5651451841929455,0.714363330259699,0.8242417635266528,0.736129440263504
117,1.0,2.0,1.0,0.5555555555555556,1,0.5893294175232502,0.3057324840764331,0.268232990699951,0.669837474822998,0.7200573682785034,0.8943269663177348,0.6247170135932039,0.821317113966823,0.8831671676652179,0.8058820653857449
118,12.0,2.0,1.0,1.0,1,0.5460992907801419,0.2485795454545455,0.24113475177304966,0.6349679827690125,0.7576363682746887,0.34736075140487715,0.6519171805401561,0.8113235769711992,0.3295178589847674,0.5350298419752499
119,1.0,1.0,1.0,1.0,2,0.5918367346938775,0.2743190661478599,0.25753158406219634,0.6668856143951416,0.6105995774269104,0.8703478843418831,0.5366223871046991,0.6621174502607837,0.8663547837955634,0.7338606263757324
120,1.0,1.0,0.0,0.5555555555555556,1,0.6338561384532181,0.3096913914455874,0.25202812330989727,0.6641606092453003,0.8065246939659119,0.47715910530928013,0.7009523949816995,0.7690284095046759,0.7042482078928621,0.6628470294221295
121,9.0,2.0,1.0,1.0,2,0.5656565656565656,0.2994703899855561,0.27705627705627706,0.6614652276039124,0.7676206827163696,0.721986591489744,0.5834631019834615,0.7316719519214643,0.7426481457462697,0.6949424477852348
122,6.0,2.0,0.0,1.0,2,0.6241056686846451,0.32837465564738294,0.31700605393505776,0.6352335810661316,0.7367580533027649,0.8511233080700584,0.60719951899446,0.7396274668692244,0.8220396796309722,0.7549974933911787
123,1.0,2.0,1.0,1.0,1,0.5661700262927257,0.2370500438981563,0.2541630148992112,0.6467369794845581,0.6788891553878784,0.6942613767411193,0.6024677620602901,0.5687183905326466,0.6921292242570084,0.6393941883977662
124,2.0,1.0,1.0,0.5555555555555556,1,0.42627468994028483,0.2124137931034483,0.23334864492420762,0.6082828640937805,0.8011609315872192,0.6283631179919162,0.6054855400245233,0.7937380536386248,0.6703246566167759,0.6744778420679601
125,1.0,1.0,0.0,1.0,1,0.5853304284676834,0.32,0.29193899782135074,0.6806364059448242,0.8001965880393982,0.9060082151761383,0.6501697628574695,0.8023629215439353,0.8799095284205803,0.8096126069995309
126,9.0,2.0,1.0,1.0,2,0.6200432588320115,0.3090252707581228,0.3143475126171593,0.6427706480026245,0.6960176229476929,0.9134402350640513,0.7188438499191016,0.8394982933156999,0.8884954233604827,0.8400694504148338
127,10.0,2.0,0.0,1.0,1,0.5522001725625539,0.2962003454231434,0.276962899050906,0.6686747670173645,0.6952051520347595,0.8922394526770069,0.5572763192900914,0.706887177859156,0.8856088033018037,0.7605029382820144
128,2.0,2.0,1.0,0.5555555555555556,2,0.5944862155388471,0.3542398394380331,0.29172932330827067,0.6746287941932678,0.6521986126899719,0.8714491207258571,0.6757178040325619,0.6774897609781578,0.8525778310555554,0.7693086291980331
129,5.0,1.0,1.0,1.0,2,0.6121416526138281,0.28547297297297297,0.24957841483979765,0.6845933198928833,0.5606287121772766,0.8169342177532498,0.6929588869956471,0.7069814938620028,0.6485354451440063,0.7163525109387265
130,1.0,1.0,1.0,1.0,2,0.5966850828729282,0.3050691244239631,0.24217311233885816,0.6131601333618164,0.6685390472412109,0.854198036652228,0.5743558228664802,0.7716219329552684,0.8454783035520835,0.761413524006515
131,1.0,1.0,1.0,0.7777777777777778,2,0.6128301886792453,0.2872260015117158,0.3079245283018868,0.6514149904251099,0.685718297958374,0.8181658845899297,0.6604790186071771,0.7635627112116512,0.681735809842988,0.7309858560629365
132,4.0,2.0,0.0,0.5555555555555556,2,0.466604823747681,0.21819870009285053,0.1985157699443414,0.6506577134132385,0.6871992349624634,0.5982678636249573,0.6284722257599418,0.6899010953393221,0.5559724134856211,0.6181533995524605
133,2.0,1.0,1.0,0.5555555555555556,2,0.27355623100303955,0.17407181984175288,0.1629179331306991,0.579768180847168,0.7148292064666748,0.4035332469484909,0.6811883703187832,0.7629445385167614,0.1999153121331731,0.5118953669793022
134,8.0,1.0,0.0,0.5555555555555556,2,0.5140845070422536,0.21974148061104584,0.22065727699530513,0.6429162621498108,0.7037287950515747,0.5420082423413586,0.7082466543404287,0.7337014594413988,0.5542196229562252,0.6345439947698528
135,2.0,1.0,0.0,0.5555555555555556,1,0.6312056737588653,0.3207100591715977,0.27541371158392436,0.6302821636199951,0.5854114294052124,0.889336258054787,0.520864747159956,0.7506257116434624,0.8632303931883397,0.7560142775116363
136,10.0,2.0,0.0,0.6666666666666666,2,0.6129032258064516,0.28958333333333336,0.27991675338189387,0.65510493516922,0.6665583252906799,0.8462813402033912,0.5264701133063366,0.747603544020564,0.8644850836107802,0.7462100202852681
137,8.0,1.0,1.0,0.6666666666666666,4,0.5804772234273319,0.3308727746417716,0.25943600867678956,0.6675223112106323,0.7296545505523682,0.8927957747720293,0.597595213941391,0.7755430710893133,0.8402188175512285,0.7765382193384905
138,1.0,2.0,0.0,0.5555555555555556,1,0.5085910652920962,0.18244406196213425,0.20962199312714777,0.641140878200531,0.647548258304596,0.5684048286967563,0.592757163971453,0.6758099827823735,0.6380003259805516,0.6187430753577836
139,3.0,2.0,1.0,0.6666666666666666,2,0.17153284671532848,0.1023142509135201,0.12895377128953772,0.5239142775535583,0.6971704959869385,0.599939631577382,0.8203763789681635,0.7348779284879672,0.4489021570615468,0.6510240240237649
140,8.0,2.0,0.0,1.0,0,0.6446621970087675,0.35209086215797625,0.26302217637957703,0.6801528930664062,0.7799029350280762,0.8985008214460634,0.6718320862962301,0.681421151848074,0.8738448672942134,0.7813997317211452
141,5.0,2.0,0.0,0.875,2,0.5403050108932462,0.23709090909090907,0.22657952069716775,0.6405499577522278,0.7150854468345642,0.8802190240954206,0.6652996496465309,0.7395631876235369,0.8712746069338361,0.7890891170748311
142,9.0,2.0,1.0,1.0,4,0.6230876216968011,0.3647331786542923,0.2559109874826147,0.6822166442871094,0.6280971765518188,0.8877575652345757,0.5998520298881809,0.7466791200668186,0.8669796164883249,0.7753170829194751
143,8.0,1.0,1.0,0.7777777777777778,1,0.6156648451730419,0.3427529626253419,0.3333333333333333,0.6509023904800415,0.6586785912513733,0.8686964843638706,0.6337876748295,0.7547510141203077,0.8659641133214468,0.7807998216587813
144,1.0,2.0,1.0,1.0,1,0.440826549780839,0.21567398119122258,0.2204132748904195,0.5590359568595886,0.8001368641853333,0.10977047668895339,0.74096562527916,0.7613777074167133,0.10119029963698484,0.4283260272554529
145,1.0,2.0,1.0,1.0,1,0.5906666666666666,0.2750333778371161,0.212,0.65849769115448,0.6402408480644226,0.8870052124038184,0.6097828496511893,0.7822802449305019,0.8785581288759765,0.7894066089653715
146,1.0,1.0,1.0,1.0,2,0.635524798154556,0.30138568129330257,0.25490196078431376,0.6822861433029175,0.6517868638038635,0.9013414077721779,0.6444976589112781,0.8584431784690685,0.8881755765748938,0.8231144554318546
147,3.0,2.0,0.0,0.5555555555555556,3,0.32800555941626125,0.16411682892906812,0.14315496872828354,0.6166219115257263,0.6516139507293701,0.47529861631147463,0.4881822792730142,0.6394662839333245,0.37678213833383756,0.49493232946291277
148,8.0,2.0,0.0,0.7777777777777778,2,0.6195811008280565,0.341296928327645,0.32830004870920604,0.6612492799758911,0.6879376769065857,0.8966953361018144,0.5450265507303826,0.7574667846030902,0.8614989122230344,0.7651718959145805
149,10.0,2.0,1.0,0.7777777777777778,2,0.5634379263301501,0.22950819672131145,0.2319236016371078,0.6551628708839417,0.6641767621040344,0.19528487433621292,0.6164581506693044,0.6947537013601491,0.17495414005656454,0.4203627166055578
150,4.0,2.0,1.0,1.0,3,0.5798237022526934,0.25882352941176473,0.2468168462291871,0.6469810009002686,0.659064531326294,0.8668486848544187,0.5887799282399961,0.7452357776747311,0.8084696926557664,0.7523335208562281
151,8.0,2.0,1.0,0.75,3,0.4886911383018168,0.24044526901669758,0.18835743418613274,0.6546457409858704,0.6380051970481873,0.8972951802744631,0.5775570904801094,0.7004404624127651,0.8605904643126089,0.7589707993699866
152,8.0,2.0,0.0,1.0,2,0.6035805626598465,0.3072983354673495,0.2877237851662404,0.6545827388763428,0.6377204656600952,0.6568004553617647,0.7159547427309283,0.7251890994409634,0.4631236476456461,0.6402669862948256
153,1.0,1.0,0.0,0.6666666666666666,1,0.6196854979615608,0.241399416909621,0.22597553873034365,0.6332294940948486,0.7011918425559998,0.9093528286180157,0.7172389765040863,0.7681909094515561,0.8871581569394542,0.8204852178782781
154,8.0,1.0,1.0,1.0,2,0.6068515497553018,0.25040827436037016,0.24578575312669929,0.6747387051582336,0.6852694749832153,0.9111455907559153,0.6746513852743878,0.8906094660142369,0.8759456026892375,0.8380880111834443
155,1.0,2.0,1.0,0.5555555555555556,1,0.6265448683503493,0.2764927380311995,0.23643202579258463,0.6525751948356628,0.7793965339660645,0.7732721812053349,0.5083515322151395,0.8008657530670059,0.7460167959897337,0.7071265656193035
156,8.0,1.0,1.0,1.0,2,0.5106861642294712,0.2686679174484053,0.20697412823397077,0.6939216256141663,0.6809561848640442,0.8875355908799847,0.6684922953557648,0.8182692389849967,0.8855273996100269,0.8149561312076933
157,7.0,1.0,1.0,0.5555555555555556,1,0.5044042651831248,0.2097447795823666,0.2151135836810385,0.6345623135566711,0.6765876412391663,0.808263582327724,0.6287817658465161,0.6443029581981037,0.714912779765981,0.6990652715345812
158,8.0,1.0,0.0,1.0,3,0.4664179104477612,0.22540473225404734,0.2101990049751244,0.6718214154243469,0.730323314666748,0.6770225534151991,0.7192435930989856,0.7384020428775108,0.6160662293406961,0.6876836046830979
159,6.0,2.0,1.0,1.0,2,0.5773672055427251,0.32407407407407407,0.2678983833718245,0.633756697177887,0.6459559798240662,0.03226914022654742,0.6581121836352722,0.6389405780625187,0.05323815687185328,0.3456400146990479
160,1.0,1.0,0.0,0.6666666666666666,1,0.6066869300911855,0.2556299452221546,0.25531914893617025,0.6814632415771484,0.669124186038971,0.8804213760893447,0.621967418363429,0.7589485231327914,0.8398702992029302,0.7753019041971239
161,1.0,1.0,1.0,1.0,2,0.4731750219876869,0.2607929515418502,0.25329815303430075,0.6761950254440308,0.7046489715576172,0.3990504018271214,0.621506553238716,0.7720085527202012,0.4213396379983424,0.5534762864460953
162,3.0,1.0,0.0,1.0,1,0.5550187869028449,0.25147770016120363,0.22436929683306495,0.652779757976532,0.6160383820533752,0.6390013192220926,0.5850923279370938,0.654532550071803,0.734684482992521,0.6533276700558777
163,8.0,2.0,1.0,1.0,2,0.6026731470230862,0.2360097323600973,0.2515188335358445,0.6391760110855103,0.6245046854019165,0.5248898745897753,0.5790834578042593,0.7207473402541088,0.5431886318158401,0.591977326115996
164,5.0,2.0,1.0,0.6666666666666666,3,0.5633658286300667,0.25064201335387776,0.2606464853771165,0.6497478485107422,0.6769940257072449,0.8894003465526847,0.4931400221180741,0.7967965389179924,0.8562173965930159,0.7588885760454418
165,9.0,2.0,0.0,1.0,3,0.5494375370041444,0.22880853586247776,0.18946121965660156,0.5988114476203918,0.6634498238563538,0.6421059988129602,0.6740723362696618,0.7709199048496381,0.6820827316182756,0.6922952428876339
166,8.0,2.0,1.0,1.0,2,0.5836200963523743,0.24259131633356307,0.2477632484514797,0.6558170914649963,0.7206180095672607,0.8070641461596934,0.6835753290656154,0.7004065451108947,0.794292894827332,0.7463347287908839
167,1.0,1.0,0.0,1.0,1,0.5280826339573919,0.21073044602456364,0.21562298256939963,0.6646395921707153,0.7026798129081726,0.8988999832733621,0.6764063258346195,0.7425614071131212,0.8776992877920482,0.7988917510032877
168,2.0,2.0,0.0,1.0,2,0.5228310502283104,0.26857142857142857,0.25342465753424653,0.6078714728355408,0.6289578676223755,0.2227933883477332,0.6143617800333873,0.6318306416674938,0.25141795641718767,0.4301009416164505
169,5.0,1.0,1.0,1.0,1,0.5094339622641509,0.2348111658456486,0.19606234618539786,0.6298897862434387,0.7343268990516663,0.9275377366906941,0.625372555144592,0.746292491988076,0.9085600520493384,0.8019407089681752
170,3.0,1.0,1.0,0.5555555555555556,1,0.4558674332093338,0.22808798646362102,0.2083192424754819,0.6514899730682373,0.7226303219795227,0.9241744681548252,0.5045237232930666,0.7051835635505493,0.9012979328579452,0.7587949219640966
171,8.0,2.0,1.0,1.0,2,0.5700934579439252,0.2573099415204679,0.25817757009345793,0.6580775380134583,0.5538945198059082,0.8604141143874295,0.4879949702274228,0.6922914226239485,0.8304749716931501,0.7177938697329876
172,2.0,2.0,0.0,0.5555555555555556,3,0.5946902654867257,0.23981098641464854,0.23480825958702065,0.6566767692565918,0.6790897846221924,0.8315725209858761,0.6527578166002324,0.7914439138279479,0.8513405539481687,0.7817787013405562
173,9.0,1.0,1.0,1.0,3,0.5868814729574223,0.29032258064516125,0.2439585730724971,0.6299757361412048,0.6697660088539124,0.05041397712853521,0.5684683106029162,0.7671182593757523,0.05954945593134534,0.36138750075963727
174,13.0,1.0,0.0,1.0,3,0.4968421052631579,0.2984550561797753,0.2112280701754386,0.6401766538619995,0.7031024098396301,0.8389233033471095,0.5882476326807929,0.5967090895883506,0.8312268951580721,0.7137767301935813
175,8.0,2.0,1.0,1.0,2,0.5243589743589743,0.26957637997432604,0.2487179487179487,0.5954011082649231,0.5570243000984192,0.03683380781994113,0.49674835590272015,0.6923509083318125,0.05309684821552189,0.31975748006749893
176,10.0,2.0,1.0,1.0,3,0.604206500956023,0.291866028708134,0.26003824091778205,0.6807551980018616,0.6742044687271118,0.7545994118564372,0.6227759870380271,0.7910060221134372,0.739775222445187,0.7270391608632721
177,6.0,2.0,1.0,1.0,3,0.5119617224880383,0.2763578274760384,0.25518341307814996,0.6414050459861755,0.6778437495231628,0.2971453498472116,0.659370951841479,0.573702621002633,0.2705902212084522,0.45020228597494394
178,8.0,1.0,1.0,0.5555555555555556,1,0.5131044665928387,0.25932766900628,0.2170542635658915,0.6472166180610657,0.7243421077728271,0.9171301479823443,0.6312044103461383,0.8002998065011557,0.8974228488964981,0.8115143034315341
179,8.0,2.0,1.0,0.6666666666666666,4,0.5274365274365275,0.23278688524590166,0.18837018837018837,0.6258566379547119,0.6279209852218628,0.8287732589602128,0.628969521298776,0.8073689846640005,0.8222432678606354,0.7718387581959062
180,2.0,1.0,1.0,1.0,2,0.46947765890497173,0.2344045368620038,0.24417872876022656,0.6225891709327698,0.6478046178817749,0.6957525129900853,0.6508909899385256,0.5967705744229147,0.768561195881706,0.677993818308308
181,8.0,2.0,1.0,1.0,3,0.49556598852373507,0.19843342036553524,0.22952529994783516,0.6639653444290161,0.7156563997268677,0.4534566825211789,0.5427278376931379,0.6026226738633119,0.3876266844910017,0.4966084696421576
182,1.0,1.0,0.0,0.5555555555555556,1,0.5770423991726991,0.28808290155440414,0.2957600827300931,0.6843537092208862,0.7582929134368896,0.0387934094696902,0.7324635601485144,0.7132532190805094,0.026051996189512514,0.37764054622205667
183,1.0,2.0,1.0,1.0,1,0.4538553735517379,0.22071171531387446,0.19097083499800238,0.6102967262268066,0.7147944569587708,0.4407426278019133,0.5372019213137754,0.6681448421032812,0.36816944955526154,0.5035647101935579
184,1.0,1.0,0.0,1.0,1,0.607936507936508,0.28457869634340216,0.2841269841269841,0.6555299758911133,0.7450517416000366,0.29369930047859355,0.7537486078540664,0.8085135458418059,0.24560749731358344,0.5253922378720123
185,1.0,2.0,1.0,0.7777777777777778,1,0.6331034482758622,0.3080110497237569,0.3158620689655173,0.6913212537765503,0.7011122107505798,0.8636227763967621,0.7149286072498544,0.7393138318576619,0.8663260179176915,0.7960478083554925
186,7.0,1.0,0.0,1.0,3,0.5948126801152738,0.27351413733410274,0.23976945244956774,0.6454397439956665,0.6341400742530823,0.21700506492828966,0.6654060956000851,0.7023438125374613,0.2677248633096441,0.46311995909387005
187,2.0,1.0,1.0,0.75,2,0.39841124350748547,0.20055029043106087,0.16620837152459517,0.6469437479972839,0.7765724062919617,0.9210847225188391,0.525938283972614,0.7953401167398586,0.867667387649263,0.7775076277201436
188,2.0,1.0,1.0,0.5555555555555556,2,0.28824397442203636,0.16445100935499754,0.15051647811116575,0.6287859678268433,0.6756398677825928,0.2854383980367424,0.641636356602255,0.7116700376775243,0.27283546717811985,0.4778950648736604
189,9.0,2.0,1.0,1.0,3,0.6275370268787712,0.30203185063152116,0.27098189797037847,0.6435538530349731,0.6929059028625488,0.8523114734216174,0.5561233366657552,0.7853742667794149,0.8353618444875072,0.7572927303385737
190,9.0,2.0,1.0,1.0,2,0.6290018832391714,0.2551854179761156,0.22598870056497175,0.6545249819755554,0.7615575790405273,0.8265507521009778,0.6503726301097863,0.6892168428884,0.8337860045584818,0.7499815574144115
191,3.0,1.0,1.0,0.5555555555555556,2,0.5445378151260504,0.23633305298570226,0.20336134453781513,0.6442432999610901,0.8071267604827881,0.777360294026924,0.5781865308046874,0.8164550178977391,0.6660603976936904,0.7095155601057602
192,1.0,1.0,1.0,1.0,2,0.6783343391671696,0.35045317220543803,0.255884127942064,0.6674865484237671,0.6462229490280151,0.7272754095185932,0.467723066666047,0.7770488743332747,0.7211114483454484,0.6732896997158409
193,1.0,1.0,1.0,1.0,2,0.585,0.26908635794743424,0.215,0.6833531260490417,0.6638659834861755,0.8980004065802825,0.4409441524021586,0.7280658000314425,0.8704494866798976,0.7343649614234453
194,12.0,2.0,1.0,1.0,3,0.6526984126984127,0.28099173553719003,0.2704761904761905,0.6630294322967529,0.6744085550308228,0.7612189837619683,0.5774526610196645,0.5358771297342496,0.8158599563443174,0.6726021827150499
195,12.0,2.0,1.0,1.0,2,0.6190201729106629,0.24120023081361802,0.23285302593659946,0.6180233359336853,0.6738829016685486,0.8731771202877426,0.5500176172462422,0.7020187133336867,0.861086373284554,0.7465749560380563
196,8.0,2.0,0.0,0.7777777777777778,1,0.5646836638338055,0.24858223062381848,0.21340887629839472,0.6223993301391602,0.6376155018806458,0.8941232604539656,0.4902796665750351,0.8225602968369036,0.871315916824814,0.7695697851726796
197,4.0,2.0,1.0,1.0,2,0.6152832674571804,0.262532981530343,0.2674571805006588,0.6508285999298096,0.7773523926734924,0.899197995986113,0.7404290771974293,0.8163003466431763,0.8238135161474565,0.8199352339935437
198,1.0,1.0,1.0,0.6666666666666666,2,0.6248382923673999,0.27979274611398963,0.2716688227684347,0.6517983078956604,0.7481012940406799,0.8552172100596908,0.6221481653235509,0.6351199087611976,0.7524247665446099,0.7162275126722623
199,3.0,1.0,1.0,1.0,2,0.5891265597147951,0.2997323818019625,0.27005347593582885,0.6766619682312012,0.7138924598693848,0.905103704106534,0.6605643875781094,0.834424178475348,0.8953082933850961,0.823850140886272
200,8.0,2.0,1.0,0.7777777777777778,3,0.6418764302059496,0.2829324169530355,0.23569794050343248,0.6581035256385803,0.6502712368965149,0.9208277475510785,0.5722866100898185,0.7222844801760635,0.8929379522637094,0.7770841975201676
201,2.0,2.0,1.0,0.5555555555555556,1,0.5732376530181511,0.30671736375158426,0.2152807091599831,0.6096770763397217,0.7417344450950623,0.9084358097810413,0.5792681292737416,0.7250175490940782,0.8657245211599778,0.7696115023272097
202,2.0,2.0,0.0,0.5555555555555556,1,0.4363286881307064,0.21452621452621454,0.19317635752042286,0.6078032851219177,0.669266402721405,0.7254664498870097,0.5604255318713138,0.6263219357556424,0.5825934185668573,0.6237018340202058
203,9.0,1.0,1.0,0.5555555555555556,2,0.5541125541125541,0.25144508670520227,0.2813852813852814,0.6399564743041992,0.63074791431427,0.5565104581112278,0.630733094145359,0.7294420639893684,0.46780374647313766,0.5961223406797732
204,8.0,1.0,1.0,0.7777777777777778,3,0.4950755088640841,0.16962524654832348,0.20223243598161522,0.6420132517814636,0.7036492228507996,0.3372882387410695,0.603188657620559,0.8017014603986299,0.28874652279294527,0.5077312198883008
205,6.0,1.0,0.0,0.6666666666666666,3,0.6164154103852596,0.2660704304080492,0.21998883305415967,0.6551976799964905,0.7687705755233765,0.8566931975183247,0.6448613923345057,0.8156176242883765,0.879949367321369,0.799280395365644
206,1.0,2.0,0.0,0.5555555555555556,2,0.5965942454492072,0.27630805408583187,0.24779800352319437,0.6589915156364441,0.5466145277023315,0.9084333922107074,0.6110312216929155,0.7095509488498136,0.8539040367134832,0.7707298998667299
207,2.0,1.0,0.0,1.0,1,0.5485625485625485,0.2599221789883268,0.2843822843822844,0.6824779510498047,0.693668007850647,0.45878449973436813,0.5992694827766011,0.7501695951461437,0.5161650108389416,0.5810971471240136
208,8.0,1.0,0.0,0.5555555555555556,2,0.528735632183908,0.2237851662404092,0.24521072796934862,0.6295471787452698,0.7620231509208679,0.5156915301104148,0.6647581511536957,0.6822578610894966,0.5719622682153459,0.6086674526422383
209,9.0,2.0,1.0,0.5555555555555556,2,0.6324412889131622,0.31492618917441223,0.2687056253413435,0.7158688306808472,0.6929192543029785,0.8647400662403629,0.6670310275831353,0.6582691411594223,0.83908349535396,0.7572809325842201
210,1.0,1.0,1.0,0.5555555555555556,2,0.609007164790174,0.2879098360655738,0.21289662231320367,0.6559917330741882,0.66374272108078,0.21400212891951323,0.46923998119833504,0.8456036607401972,0.24823795782686212,0.4442709321712269
211,3.0,2.0,0.0,0.7777777777777778,2,0.6350404312668464,0.3011332973556395,0.30296495956873315,0.6669468283653259,0.6565601229667664,0.8659332900848427,0.48436454140832574,0.8348631011200046,0.8697349207830818,0.7637239633490638
212,8.0,1.0,1.0,1.0,1,0.5034324942791762,0.23682200152788388,0.2745995423340961,0.6730395555496216,0.6001432538032532,0.6495139334044164,0.6230424826723181,0.6043742057486572,0.49708872387071185,0.593504836424026
213,1.0,2.0,1.0,0.8888888888888888,1,0.5750000000000001,0.3162684869169511,0.2943181818181818,0.6235535740852356,0.7471550703048706,0.550699845957564,0.6302830389799416,0.7879654934763042,0.5735440594031816,0.6356231094542478
214,2.0,2.0,1.0,0.8888888888888888,3,0.49325931800158596,0.22875297855440824,0.18556701030927833,0.6450610756874084,0.7353690266609192,0.650863813846503,0.6630893226463418,0.6119683194294756,0.6746012956097068,0.6501306878830068
215,9.0,2.0,1.0,1.0,2,0.6292537313432837,0.28332337118948,0.23402985074626864,0.6522986888885498,0.570927619934082,0.7218676611787282,0.6547828546354151,0.6923995473558743,0.6997553194913506,0.692201345665342
216,1.0,1.0,0.0,0.5555555555555556,1,0.5816618911174785,0.26481835564053535,0.218720152817574,0.6548285484313965,0.7548191547393799,0.8943544045849499,0.5402774710362516,0.7176087311179057,0.8632488739863046,0.7538723701813529
217,8.0,2.0,0.0,1.0,2,0.5455850681981335,0.2358015815959741,0.2067480258435032,0.6527113914489746,0.7458177804946899,0.796635956641448,0.5702206853000743,0.6633653156707804,0.7769492011763547,0.7017927896971644
218,1.0,1.0,0.0,0.8888888888888888,1,0.6268656716417911,0.2811289429994466,0.24765063571033719,0.658212423324585,0.8278589844703674,0.804823751960531,0.5870749923535875,0.8527813421911514,0.7888045100967327,0.7583711491505007
219,1.0,2.0,1.0,1.0,1,0.601593625498008,0.21675531914893617,0.22045152722443562,0.6535017490386963,0.6746813058853149,0.6284986855714224,0.5805515993395456,0.5391858239738289,0.6507418996338112,0.5997445021296521
220,3.0,2.0,1.0,1.0,1,0.6490638502160346,0.3238827486785199,0.2755640902544407,0.6749691963195801,0.6837013363838196,0.8995286209635558,0.5535367783000755,0.7907128356088752,0.8663682595007461,0.7775366235933132
221,7.0,1.0,1.0,1.0,2,0.5446428571428572,0.3559928443649374,0.3678571428571428,0.6754944920539856,0.7511624097824097,0.9453546763311805,0.7375371042237581,0.7151765283017448,0.9036777400510525,0.825436512226934
222,8.0,2.0,1.0,1.0,0,0.6629464285714285,0.3780760626398211,0.3727678571428571,0.6952571868896484,0.7264941930770874,0.8229207525533223,0.8016245929177692,0.752556539394559,0.4847283437826619,0.7154575571620782
223,4.0,2.0,1.0,0.8888888888888888,1,0.6033519553072626,0.3045369794903667,0.24581005586592178,0.6223211288452148,0.7448025345802307,0.8395089109958997,0.5969809892612343,0.6712320249840379,0.8387157100422287,0.7366094088208501
224,8.0,1.0,1.0,1.0,2,0.6080178173719377,0.25195094760312153,0.2305122494432071,0.6594696044921875,0.7216704487800598,0.8859695070316993,0.6334542662219976,0.7567890285596653,0.8527398943302379,0.7822381740359
225,2.0,1.0,1.0,0.5555555555555556,2,0.5654008438818565,0.22253521126760564,0.24472573839662445,0.6472119688987732,0.6640380620956421,0.13577086286590398,0.6443343032905401,0.6713371474805069,0.07104447594124405,0.38062169739454876
226,12.0,2.0,0.0,0.6666666666666666,1,0.5189775367931836,0.2953488372093023,0.2176607281177382,0.5939868688583374,0.7300045490264893,0.9003170866517871,0.590863998009053,0.7380379215462891,0.8743312489922104,0.775887563799835
227,2.0,2.0,1.0,0.5555555555555556,1,0.6255737704918033,0.2836506894287591,0.2255737704918033,0.648818850517273,0.7747911214828491,0.15419566777532365,0.675752526097583,0.8244667535028105,0.12651004557713552,0.44523124823821314
228,8.0,1.0,1.0,1.0,2,0.5201037613488976,0.29220779220779225,0.27367055771725035,0.6338726282119751,0.6297870874404907,0.5308690631293254,0.6593567539420021,0.6112761344975332,0.369470641438555,0.5427431482518539
229,9.0,2.0,1.0,1.0,1,0.5461393596986818,0.24261470773098684,0.2310106716886378,0.6395952701568604,0.5915404558181763,0.7264139846008669,0.6404680299897896,0.7734184977434614,0.7090510253128582,0.7123378844117441
230,2.0,2.0,1.0,0.7777777777777778,1,0.6146010186757216,0.2526912181303116,0.21279003961516696,0.6201938986778259,0.7275243401527405,0.7433903046745091,0.6195469783128482,0.79298334279366,0.7530627490499943,0.7272458437077529
231,4.0,2.0,1.0,0.5555555555555556,1,0.28682170542635665,0.19317300232738557,0.17131782945736432,0.6516261100769043,0.7451326251029968,0.22916138816406517,0.578681954730402,0.5619682600462744,0.19966079724746755,0.3923681000470523
232,1.0,1.0,1.0,1.0,2,0.6237288135593221,0.3027834351663272,0.29152542372881357,0.6712291836738586,0.6980748772621155,0.71930455021568,0.6610167011831445,0.750515560416066,0.809491587251467,0.7350820997665893
233,8.0,1.0,1.0,1.0,3,0.5995740149094781,0.24307036247334757,0.20873269435569758,0.608552098274231,0.6894450783729553,0.6949098089078731,0.6580247547772669,0.7700196265369764,0.76819516077029,0.7227873377481016
234,10.0,1.0,0.0,0.7777777777777778,4,0.5096085409252669,0.23521026372059872,0.18505338078291816,0.624759316444397,0.7734341621398926,0.7515134529490445,0.6401967705260302,0.6923466733953618,0.5583382038395593,0.660598775177499
235,7.0,2.0,1.0,1.0,0,0.5813692480359147,0.3101123595505618,0.2368125701459035,0.6488677263259888,0.6968141794204712,0.866532284207799,0.6402858021175358,0.7524628387406447,0.8822438838371912,0.7853812022257928
236,3.0,2.0,1.0,1.0,1,0.5081723625557206,0.27764005949429843,0.26349678058444775,0.6335042119026184,0.7734453082084656,0.8661324228529608,0.6661853437872604,0.7303233763344419,0.8918340538503458,0.7886187992062521
237,9.0,2.0,1.0,0.8888888888888888,1,0.5036764705882353,0.2302025782688766,0.25,0.6632553935050964,0.7534081935882568,0.4915470333567763,0.8019475501685326,0.8063571045438874,0.21619279675937353,0.5790111212071425
238,1.0,2.0,1.0,0.6666666666666666,1,0.6031545741324921,0.3019583070120025,0.31293375394321765,0.6422227025032043,0.7576653957366943,0.2593108599422369,0.6581701924158809,0.7748007021610319,0.19074617776749056,0.4707569830716601
239,8.0,1.0,1.0,0.6666666666666666,1,0.6227614095898326,0.2683632157316368,0.2264586943963027,0.6453173756599426,0.7830682396888733,0.6870381980220234,0.6128616988566796,0.7369097409019727,0.6854549404223521,0.6805661445507569
240,8.0,1.0,1.0,0.7777777777777778,3,0.591523055426176,0.3337995337995338,0.28039124359571493,0.6618338227272034,0.716748058795929,0.8098098415516138,0.5842190240073044,0.6790759860127792,0.7889808491588018,0.7155214251826248
241,2.0,2.0,0.0,0.5555555555555556,3,0.5423431329530496,0.32147562582345196,0.28960070206230804,0.6690840125083923,0.7300850749015808,0.8193820986649959,0.6272964249733732,0.7319213235587289,0.7228562743263138,0.725364030380853
242,8.0,2.0,1.0,1.0,3,0.6556434219985622,0.4118070554355651,0.3076923076923077,0.7183080315589905,0.6896963715553284,0.835175479607753,0.5973903697109291,0.6162323568886273,0.8048565112662793,0.7134136793683972
243,8.0,2.0,1.0,1.0,3,0.6338729763387299,0.3304239401496259,0.25404732254047324,0.6587884426116943,0.6092067956924438,0.7858177242772779,0.5414033911869364,0.6896905420240386,0.7959684333080945,0.7032200226990869
244,8.0,1.0,0.0,0.5555555555555556,2,0.5520581113801454,0.2315151515151515,0.24939467312348668,0.6583556532859802,0.6429347991943359,0.7366839601217376,0.5795745983157939,0.7780037455143206,0.6608335786834019,0.6887739706588135
245,3.0,1.0,1.0,0.5555555555555556,3,0.6407960199004976,0.33864541832669326,0.24875621890547264,0.675486147403717,0.7804914116859436,0.925040638240807,0.6191009084354059,0.6641084206186604,0.9075600670013296,0.7789525085740507
246,1.0,1.0,0.0,1.0,2,0.6135802469135802,0.28182941903584674,0.27283950617283953,0.6681457757949829,0.7063791155815125,0.7574942304561018,0.5603760111209988,0.6635972098542956,0.8012946522755882,0.6956905259267461
247,9.0,2.0,1.0,0.6666666666666666,3,0.598610368786745,0.27929373996789725,0.26082308925708175,0.6178689002990723,0.7046866416931152,0.8534571631773485,0.6108990241738713,0.686788164009283,0.864588722777429,0.753933268534483
248,1.0,1.0,0.0,1.0,1,0.5685019206145966,0.3106546854942233,0.379001280409731,0.6694374084472656,0.6710365414619446,0.16561869361887493,0.722762555821509,0.6073829178824136,0.2078905692119461,0.4259136841336859
249,3.0,2.0,0.0,0.5555555555555556,2,0.5407830342577489,0.31265306122448977,0.26916802610114193,0.6809630393981934,0.7727742195129395,0.8371426900353869,0.628456631424424,0.734459914334646,0.8239337559640598,0.7559982479396292
250,1.0,2.0,1.0,0.5555555555555556,1,0.5636638147961751,0.256926952141058,0.22345244086562657,0.6240037679672241,0.6647921800613403,0.8586394253268773,0.6629289451391884,0.6056673242868043,0.8109831925302413,0.7345547218207779
251,2.0,2.0,1.0,0.6666666666666666,3,0.5634156550858099,0.2790113112693758,0.23608204269568858,0.6587221026420593,0.7124212980270386,0.8930115516188736,0.5727656068336752,0.733302475471932,0.8806011055439255,0.7699201848671016
252,13.0,2.0,0.0,0.6666666666666666,1,0.5679012345679012,0.24897025171624715,0.2167352537722908,0.6385351419448853,0.7965132594108582,0.881273278191316,0.5965521990058722,0.791868384639936,0.8517929769735747,0.7803717097026747
253,9.0,1.0,0.0,1.0,3,0.4696774193548387,0.1914618369987063,0.2064516129032258,0.6444014310836792,0.6352701783180237,0.5654776440676138,0.7075205263923687,0.7220736116780724,0.7839049671637277,0.6947441873254456
254,8.0,2.0,0.0,0.75,2,0.5876404494382023,0.2542182227221597,0.21123595505617979,0.6391943097114563,0.7369665503501892,0.8606227708146151,0.5592412199327541,0.6248145333913565,0.8436281238243355,0.7220766619907654
255,1.0,1.0,0.0,1.0,1,0.5435897435897435,0.22849807445442877,0.19743589743589743,0.6462903618812561,0.5591412782669067,0.84322172353929,0.478383550633592,0.6612678988055724,0.8157987520965571,0.6996679812687528
256,1.0,2.0,1.0,0.875,1,0.4841805901173125,0.23621487015297046,0.186277995023107,0.6220377683639526,0.7570744156837463,0.8834421284208657,0.6724818664510888,0.7533513603358607,0.8664926866336997,0.7939420104603787
257,2.0,1.0,0.0,1.0,1,0.5965635738831615,0.33172746042670337,0.27903780068728523,0.6848599314689636,0.6304234862327576,0.9065343512298956,0.5941974136560269,0.7277788464649136,0.8904369910017385,0.7797369005881436
258,9.0,2.0,0.0,0.6666666666666666,2,0.5995232419547081,0.220763723150358,0.1930870083432658,0.6201192140579224,0.6098741888999939,0.8843122943993856,0.5669972701347751,0.7041886411739319,0.8770327965134148,0.7581327505553768
259,2.0,1.0,1.0,1.0,1,0.5979513444302177,0.2858974358974359,0.23431498079385402,0.5795604586601257,0.7039900422096252,0.7585800121535109,0.6869583103362468,0.6915717769921558,0.7930367054626839,0.7325367012361492
260,8.0,2.0,0.0,0.75,1,0.5521978021978022,0.27039413382218147,0.2619047619047619,0.6868613958358765,0.6825025677680969,0.6465676670717259,0.6582872832096477,0.8138311062381156,0.5974766965039593,0.6790406882558621
261,9.0,1.0,0.0,0.75,2,0.5496091401082381,0.2624924744130042,0.2597714972940469,0.6595516204833984,0.6051105856895447,0.04889102851970269,0.6963090068971824,0.7705134567753141,0.04823682617666215,0.39098757959221536
262,8.0,1.0,1.0,0.6666666666666666,2,0.493573264781491,0.2866952789699571,0.23821765209940018,0.6501560807228088,0.7061457633972168,0.8165209837805159,0.6115739299001386,0.6441443779980618,0.26656519247755045,0.5847011210390667
263,7.0,1.0,1.0,0.75,2,0.47481021394064865,0.2750518313752592,0.27329192546583847,0.6730676293373108,0.7769128084182739,0.8695204125478845,0.7107871090229041,0.8193208777425494,0.766855993567171,0.7916210982201273
264,2.0,2.0,0.0,1.0,1,0.6160919540229886,0.385264773599386,0.3310344827586207,0.6881423592567444,0.7197763323783875,0.8084717344923406,0.6382949463580925,0.8024468381948382,0.7841302534757059,0.7583359431302443
265,8.0,2.0,1.0,0.75,3,0.49448969813128885,0.23405275779376503,0.240536655486344,0.6240662336349487,0.7389065623283386,0.47585561884123684,0.70867555481118,0.5764970551746916,0.3239052341382363,0.5212333657413362
266,2.0,2.0,0.0,0.5714285714285714,1,0.5881792183031458,0.2624045801526718,0.22878932316491898,0.6268697381019592,0.7866676449775696,0.9073600555434785,0.5651368090183323,0.7801001621621333,0.8809870289232599,0.783396013911801
267,1.0,2.0,1.0,0.875,1,0.4055944055944056,0.224,0.22777222777222778,0.6211805939674377,0.7243672609329224,0.7945029285045069,0.6440607477660817,0.7923654726947617,0.7024181712653381,0.7333368300576721
268,8.0,1.0,1.0,0.75,2,0.648074369189907,0.32579787234042556,0.2934926958831341,0.6488212943077087,0.7508819103240967,0.901100552186056,0.579381483486473,0.5973851274713402,0.8871513270818541,0.7412546225564309
269,10.0,2.0,0.0,0.75,3,0.6170952050034746,0.3006263048016701,0.3141070187630299,0.6623905301094055,0.6938417553901672,0.7933173399686628,0.5275430724409487,0.7221007007786922,0.6757407146910301,0.6796754569698334
270,2.0,2.0,1.0,0.875,1,0.6300114547537229,0.27064220183486243,0.22565864833906069,0.6453090906143188,0.6636092066764832,0.5898082202624221,0.5924898532053106,0.7118775515599195,0.606360140869685,0.6251339414743342
271,8.0,1.0,1.0,1.0,3,0.5737439222042139,0.32666306111411575,0.27984873041599134,0.67031329870224,0.7523475885391235,0.048364703433149865,0.6309103559946496,0.7409616637396215,0.04676049608530988,0.36674930481318274
272,2.0,2.0,0.0,1.0,1,0.6391875746714457,0.3277511961722488,0.2664277180406212,0.6192469000816345,0.693781316280365,0.8820042411374598,0.5434222035436085,0.7080074473725453,0.8692143120448204,0.7506620510246085
273,3.0,2.0,1.0,0.75,1,0.4995678478824546,0.2510822510822511,0.2834917891097666,0.642225444316864,0.8361750841140747,0.6883927048563192,0.6843991463009678,0.83040143509876,0.47264346447123157,0.6689591876818196
274,10.0,2.0,0.0,1.0,3,0.6057855927396484,0.2737081203861442,0.264322178105502,0.6032037734985352,0.7299575209617615,0.5471644502110656,0.5788949505432252,0.6196827860073009,0.5418674328594816,0.5719024049052683
275,1.0,2.0,1.0,0.8888888888888888,1,0.638112973308504,0.28589185829707897,0.25201738050900063,0.672525942325592,0.7440635561943054,0.8581038327470992,0.5023008126463613,0.6601263440949025,0.8667223895172693,0.721813344751408
276,8.0,1.0,1.0,0.875,2,0.6362989323843415,0.2965074839629365,0.2889679715302491,0.6534214615821838,0.5587455630302429,0.469536178271275,0.5979793562423827,0.7730437901654806,0.5009989373438173,0.585389565505739
277,1.0,1.0,1.0,0.8888888888888888,2,0.6440049443757725,0.34529702970297027,0.28924598269468477,0.639165461063385,0.6567237973213196,0.3832095476091488,0.6536089671593855,0.6455123327554063,0.40151255258425617,0.5209608500270492
278,8.0,1.0,1.0,1.0,1,0.5818181818181819,0.27450980392156865,0.2713286713286713,0.6549447178840637,0.5959492325782776,0.30023332855396884,0.6390087644565002,0.6600520623283864,0.3127295012099445,0.4780059141372
279,6.0,2.0,1.0,1.0,3,0.3587038432554635,0.15698113207547168,0.16880180859080635,0.6118376851081848,0.7758217453956604,0.8965857678090366,0.803951848451605,0.8397407579743353,0.605492314435067,0.7864426721675111
280,3.0,1.0,0.0,0.75,1,0.5020712510356254,0.22572614107883818,0.22866611433305717,0.6326769590377808,0.7032921314239502,0.2002516319216157,0.5989959979291858,0.6981975546220281,0.18508015962573707,0.4206313360246417
281,1.0,2.0,1.0,0.625,1,0.5811494252873564,0.28531983433041874,0.24183908045977015,0.6793720722198486,0.6298303604125977,0.7938586765501372,0.5947539604253783,0.6055575349228133,0.7939863374510764,0.6970391273373513
282,1.0,1.0,0.0,0.625,1,0.5513595166163142,0.2526475037821483,0.2613293051359517,0.6581841111183167,0.7779783010482788,0.9325585268105145,0.8224793801479114,0.7219120524673224,0.9185133554136533,0.8488658287098503
283,1.0,2.0,1.0,0.625,1,0.5540254237288137,0.2725344644750795,0.24576271186440676,0.6331502795219421,0.7180214524269104,0.3483607889952163,0.6669506925076466,0.7460660262573081,0.383629339394819,0.5362517117887475
284,1.0,2.0,1.0,1.0,1,0.13233923578751164,0.06902985074626866,0.08201304753028892,0.5638265609741211,0.6301328539848328,0.8868895510940338,0.800820749850731,0.8172810924823781,0.7377089321200836,0.8106750813868067
285,2.0,1.0,0.0,1.0,1,0.598145285935085,0.2585139318885448,0.25502318392581147,0.6580486297607422,0.8042205572128296,0.23551097235784918,0.6367187059489564,0.7830599495478736,0.19992501650881067,0.46380366109087245
286,9.0,1.0,0.0,1.0,2,0.4150943396226414,0.2297808012093727,0.24452830188679245,0.6367619633674622,0.7536618709564209,0.8897184370778854,0.6996034636202616,0.7078516893633164,0.7582712662738135,0.7638612140838192
287,1.0,2.0,1.0,1.0,1,0.6538461538461539,0.31573157315731576,0.2714285714285714,0.6255143880844116,0.7162710428237915,0.8968242153090016,0.6527947045604845,0.7687263052876195,0.8864511682399506,0.8011990983492641
288,8.0,2.0,1.0,0.8888888888888888,3,0.6721025043680838,0.3230320699708455,0.302853814793244,0.6632972359657288,0.6645777821540833,0.8763490403382479,0.578767114494115,0.7612401114606099,0.8804505093769804,0.7742016939174883
289,1.0,2.0,1.0,0.6666666666666666,1,0.6202661207778914,0.2735655737704918,0.2067553735926305,0.6682167649269104,0.6987108588218689,0.778368935307282,0.3836483103227563,0.8023775472094957,0.7566531032461833,0.6802619740214293
290,1.0,1.0,0.0,1.0,1,0.6524570751924217,0.31653823355068167,0.30550621669627004,0.6519429087638855,0.7192285060882568,0.904550580632727,0.6679376611588351,0.6701227932352319,0.8680915896445581,0.7776756561678381
291,2.0,2.0,0.0,1.0,4,0.6482260974143115,0.3106562311860325,0.28382441371016237,0.6591559052467346,0.7069843411445618,0.8537126403205713,0.4709688267387656,0.7375780512268404,0.8525827128616071,0.7287105577869462
292,1.0,2.0,1.0,1.0,1,0.638655462184874,0.3197755960729313,0.25210084033613445,0.671934962272644,0.6660909056663513,0.8204837362432184,0.5621191674263365,0.5779661245772437,0.81845210204083,0.6947552825719072
293,8.0,1.0,1.0,1.0,2,0.5860857343640196,0.2561576354679803,0.2572030920590302,0.650283932685852,0.6885131001472473,0.05664444891481705,0.5446695865663841,0.775346390190043,0.06902807419035563,0.3614221249654
294,1.0,1.0,0.0,0.625,1,0.6308539944903582,0.3310344827586207,0.27272727272727276,0.695712685585022,0.7521246075630188,0.7094508494951226,0.5900104892998519,0.6754335145836774,0.728821996010492,0.675929212347286
295,8.0,1.0,0.0,0.7142857142857143,2,0.6201358863495985,0.2795299938157081,0.2557134033353922,0.670103907585144,0.6998025178909302,0.9198757572573232,0.5305627280045765,0.7023924992926511,0.8969097479384976,0.7624351831232621
296,1.0,2.0,0.0,0.75,2,0.5622166246851386,0.2319717599596571,0.19546599496221662,0.6433334946632385,0.7301540970802307,0.8658352525441184,0.5609357610060072,0.7201470730158215,0.8389821944012877,0.7464750702418086
297,8.0,1.0,1.0,0.5714285714285714,1,0.33968657348581105,0.17465027554048326,0.18297331639135958,0.6542358994483948,0.6173458099365234,0.8313217152028668,0.827217620580299,0.8881484098139081,0.7185512129964461,0.81630973964838
298,2.0,1.0,1.0,1.0,1,0.20165537998495106,0.10851544837980408,0.13995485327313767,0.6124135851860046,0.7294653654098511,0.9359534654165999,0.8281160053170094,0.6242183065777765,0.81504677324679,0.8008336376395438
299,9.0,2.0,1.0,1.0,1,0.6020066889632107,0.304857621440536,0.2508361204013378,0.6505968570709229,0.5126237273216248,0.5837670362165216,0.6169914957304448,0.6051002795103207,0.21299711720828673,0.5047139821663935
300,2.0,1.0,1.0,1.0,2,0.49960222752585526,0.2645418326693227,0.25139220365950676,0.6507703065872192,0.6308860778808594,0.8700478308850254,0.628459292121006,0.7367700473941498,0.8171611310195181,0.7631095753549249
301,8.0,2.0,0.0,1.0,2,0.6431372549019609,0.3331463825014021,0.27226890756302524,0.6448544859886169,0.6206914782524109,0.8028251559256578,0.7051045826766964,0.6986968351934154,0.7969032350510633,0.7508824522117082
302,9.0,1.0,1.0,0.75,2,0.6488946684005201,0.3229166666666667,0.2379713914174252,0.6531194448471069,0.732327938079834,0.7513071949868182,0.453075617334268,0.7002173224707282,0.748291035815984,0.6632227926519496
303,8.0,1.0,1.0,1.0,1,0.43902439024390244,0.26444312090530075,0.23676383105294468,0.638792872428894,0.7017523050308228,0.0862148899249789,0.525908923846447,0.7760127202035698,0.08345182900243643,0.36789709074435806
304,1.0,1.0,0.0,0.875,1,0.5873153779322329,0.26631853785900783,0.2901824500434405,0.647827684879303,0.7716404795646667,0.5751271344862101,0.6521147602828715,0.7831169550758794,0.5162476737170295,0.6316516308904977
305,7.0,2.0,0.0,0.75,2,0.4951974386339381,0.20619658119658119,0.20170757737459977,0.6060805916786194,0.7035265564918518,0.7783603289645422,0.5621641911645535,0.7854361712111012,0.6950164122817631,0.70524427590549
306,8.0,1.0,0.0,1.0,3,0.6035294117647059,0.2979976442873969,0.28705882352941176,0.6015438437461853,0.8040812015533447,0.5098652777491754,0.5526268121103696,0.6485506110620488,0.3655843673001972,0.5191567670554477
307,1.0,1.0,1.0,1.0,3,0.5071707953063885,0.2584856396866841,0.21773142112125163,0.681307315826416,0.6493954658508301,0.7014656561477561,0.6803801710906207,0.8319733105957796,0.2971161187389428,0.6277338141432748
308,8.0,1.0,1.0,1.0,1,0.5855327468230693,0.30724070450097846,0.24340175953079174,0.6315456628799438,0.7688553333282471,0.8396055886245037,0.5787760156080759,0.6839441083509271,0.8030713336520036,0.7263492615588776
309,1.0,1.0,1.0,0.625,2,0.6335697399527186,0.26272189349112424,0.2293144208037825,0.6371415257453918,0.676403284072876,0.9025516157848609,0.6194414830605505,0.8062238509683338,0.895108401797777,0.8058313379028805
310,1.0,1.0,0.0,0.75,1,0.5853985264567985,0.28303152246814217,0.28667113194909577,0.6853383183479309,0.6577885150909424,0.8697341458014565,0.6824501223823124,0.7981618560192351,0.8282624207559315,0.7946521362397339
311,1.0,2.0,1.0,0.875,1,0.6213349968808485,0.27857589006870703,0.23580786026200873,0.6498147249221802,0.7533642649650574,0.7855671851617261,0.5502193637925908,0.8105817018910388,0.823346294271267,0.7424286362791557
312,5.0,2.0,1.0,0.625,1,0.466734902763562,0.2287470126322977,0.17741385192766973,0.6589926481246948,0.7188153862953186,0.9011089501005237,0.5098267636885435,0.594120796187529,0.8610515553315863,0.7165270163270456
313,4.0,2.0,1.0,0.625,1,0.5682352941176471,0.2991755005889281,0.3023529411764706,0.6410186290740967,0.7752751111984253,0.7918109147371378,0.6586319391157065,0.7770571840766536,0.6707025385401624,0.724550644117415
314,9.0,1.0,0.0,1.0,2,0.6199052132701421,0.271604938271605,0.31469194312796206,0.6565548777580261,0.665094792842865,0.1286035690955511,0.5349703265001606,0.7597851700098647,0.23577106166952258,0.4147825318187748
315,8.0,1.0,1.0,1.0,2,0.5484089370345294,0.27932203389830507,0.2870683818551117,0.6689186692237854,0.7262176871299744,0.7084626164732919,0.8286384544615786,0.7366759581639463,0.47438107119461975,0.6870395250733591
316,9.0,2.0,1.0,0.625,1,0.5721343873517786,0.27299703264094954,0.22430830039525695,0.6310644745826721,0.7087922096252441,0.8850205873628048,0.5264903749710306,0.6827486684299412,0.8773978251133859,0.7429143639692906
317,1.0,1.0,0.0,1.0,1,0.603174603174603,0.26447219069239497,0.24036281179138325,0.6916730403900146,0.6374104022979736,0.9093915564871545,0.5797402718205875,0.6431391523737516,0.8839121657389178,0.7540457866051028
318,2.0,2.0,1.0,1.0,1,0.6364835164835165,0.4223493180818302,0.3261538461538462,0.6730222702026367,0.7976655960083008,0.8578189901585199,0.7710970411244851,0.7771675876747988,0.8610081434348179,0.8167729405981554
319,4.0,1.0,1.0,0.8888888888888888,2,0.5653298835705045,0.30958549222797926,0.25097024579560157,0.6248718500137329,0.70991450548172,0.02960004387521798,0.6710460807944822,0.5630604219576538,0.05171543436909117,0.3288554952491113
320,1.0,1.0,0.0,1.0,1,0.6446727961060033,0.3562533838657282,0.2487831260140617,0.638348400592804,0.7309501767158508,0.8949146416185978,0.5359886912425639,0.7603556105869076,0.888745492377188,0.7700011089563144
321,4.0,1.0,1.0,0.8888888888888888,2,0.5832349468713105,0.3581560283687943,0.3152302243211334,0.6638703942298889,0.7393783330917358,0.8608646790376026,0.6665229909797038,0.5722349295807736,0.8044394595372925,0.7260155147838431
322,1.0,2.0,1.0,0.75,1,0.515304145679969,0.23885226832105472,0.2115459124370399,0.597104549407959,0.6822339296340942,0.815333707743296,0.5800357531733616,0.7143672296818949,0.8273702531595113,0.734276735939516
323,9.0,1.0,0.0,0.5555555555555556,3,0.5772256728778468,0.32324906755076666,0.28902691511387163,0.6479513049125671,0.6868051290512085,0.8690422393292276,0.608950819726618,0.7437383219709435,0.8592384628087385,0.7702424609588818
324,2.0,2.0,0.0,1.0,2,0.14765596160945,0.09678611008496489,0.10040605389442597,0.6518280506134033,0.7622103691101074,0.5231133108304866,0.7363017972293484,0.7310302391518316,0.4452525189668329,0.608924466544625
325,2.0,1.0,1.0,1.0,2,0.6533957845433255,0.33294255568581477,0.29274004683840754,0.6655075550079346,0.8019489049911499,0.7945977901581417,0.625256985161008,0.7445870357948842,0.8600717553384627,0.7561283916131241
326,10.0,2.0,1.0,1.0,2,0.583381088825215,0.2593230063109581,0.2303724928366762,0.681408166885376,0.6801597476005554,0.8008684131768917,0.4810061201777525,0.6048402114040673,0.8313890122262458,0.6795259392462394
327,8.0,1.0,1.0,0.75,3,0.4789067142008318,0.21058893515764424,0.19370172311348782,0.5892946124076843,0.6253842711448669,0.3443713999445011,0.5681161988642636,0.7383090561943426,0.2432566963272224,0.4735133378325824
328,1.0,1.0,0.0,0.5555555555555556,1,0.6057201225740553,0.32310838445807766,0.2645556690500511,0.6586202383041382,0.763494610786438,0.7952878721084459,0.5912689643313136,0.7412357429459534,0.7921910796557983,0.7299959147603777
329,1.0,2.0,1.0,1.0,1,0.5433911882510014,0.2887700534759358,0.24299065420560748,0.6532542705535889,0.5337504744529724,0.5726920421965057,0.6384299189151614,0.7059757879894591,0.5542166398204018,0.617828597230382
330,2.0,2.0,1.0,1.0,1,0.6003666361136573,0.31100917431192665,0.28689275893675525,0.6251113414764404,0.7300375699996948,0.903306849959047,0.6286248419603987,0.8001473055414755,0.8801705383794428,0.803062383960091
331,2.0,2.0,1.0,1.0,1,0.630252100840336,0.33859095688748686,0.30357142857142855,0.6781377196311951,0.6591030359268188,0.9179605956304557,0.6306027003299256,0.7046155001082284,0.9100497183498564,0.7908071286046164
332,3.0,2.0,1.0,1.0,1,0.6049382716049383,0.28846153846153844,0.28669410150891633,0.690737783908844,0.7202407717704773,0.8076701036114101,0.6369165391409001,0.698861642934938,0.83810959157023,0.7453894693143696
333,2.0,2.0,1.0,1.0,1,0.5763500931098696,0.272134203168686,0.22439478584729983,0.6232626438140869,0.7101109027862549,0.8741529491465576,0.7072908096489401,0.7918796132789478,0.8490613941264299,0.8055961915502189
334,9.0,1.0,1.0,1.0,2,0.6267190569744596,0.3382497541789577,0.29960707269155207,0.6384018659591675,0.7117205858230591,0.9253439701560358,0.7015937205592688,0.8531106294327127,0.9137925156200751,0.8484602089420231
335,8.0,1.0,0.0,1.0,2,0.5882352941176471,0.28105039034776436,0.25655563430191347,0.6510718464851379,0.7172286510467529,0.8673524508845637,0.6093753533583397,0.7295263159905447,0.8458767883530154,0.7630327271466159
336,8.0,1.0,1.0,1.0,1,0.5575757575757576,0.29438543247344456,0.2712121212121212,0.6839163899421692,0.7403277158737183,0.7743961194645697,0.6565519010153433,0.8524303139881899,0.8937716935954895,0.7942875070158981
337,10.0,2.0,1.0,1.0,2,0.6746987951807228,0.3672922252010724,0.3105756358768407,0.6626371741294861,0.6139526963233948,0.8854544383552854,0.5067667883901975,0.6680223555833938,0.8829976155408141,0.7358102994674227
338,8.0,2.0,1.0,1.0,2,0.464346062859074,0.2806898884004058,0.22304832713754646,0.608146607875824,0.7083042860031128,0.8531283709529007,0.5797657432765762,0.7681877419581994,0.8505534894515695,0.7629088364098114
339,8.0,1.0,1.0,0.875,2,0.6738351254480286,0.3803827751196172,0.3213859020310633,0.6504969596862793,0.7235943078994751,0.655028173838345,0.5928420161266359,0.7400066423342478,0.6717324085678082,0.6649023102167593
340,8.0,1.0,1.0,1.0,1,0.5077720207253886,0.2223869532987398,0.23538119911176905,0.6622308492660522,0.5352261066436768,0.5977833442148373,0.6650790256494781,0.6490516967745171,0.4046157066684723,0.5791324433268262
341,1.0,2.0,1.0,0.75,1,0.6000000000000001,0.32453245324532454,0.27142857142857146,0.6359736919403076,0.7964785695075989,0.39573276370647004,0.5669937236140072,0.8234090589805687,0.26920171591241193,0.5138343155533645
342,2.0,1.0,1.0,1.0,3,0.6958062610750148,0.3571850975753992,0.31541642055522734,0.6989551782608032,0.6833217740058899,0.8736120239581869,0.5336271539664547,0.6758948437447305,0.8701479577442573,0.7383204948534074
343,8.0,2.0,1.0,1.0,2,0.6453715775749674,0.31070496083550914,0.25423728813559326,0.6797159910202026,0.7361040115356445,0.274152358593512,0.6027648312745645,0.6833110359279371,0.22668376468241885,0.44672799761960813
344,9.0,2.0,1.0,1.0,0,0.5820983995257855,0.26824925816023737,0.24540604623592174,0.6560781598091125,0.676138699054718,0.7717938614831656,0.5141570172549085,0.6441760913868817,0.7725307483349532,0.6756644296149772
345,9.0,1.0,0.0,0.75,1,0.6646266829865362,0.3627450980392157,0.3317013463892289,0.7069610357284546,0.7127634286880493,0.8345200589953666,0.6083854142391222,0.6706027764623589,0.7472122601900026,0.7151801274717126
346,1.0,2.0,1.0,0.75,1,0.5682451253481894,0.22175732217573224,0.24930362116991645,0.6413922905921936,0.745026171207428,0.06001884683865732,0.5212839118550124,0.6863537213610895,0.07262190923422156,0.33506959732224517
347,2.0,2.0,1.0,1.0,1,0.5904328018223234,0.3255813953488372,0.26879271070615035,0.6348928213119507,0.7055948972702026,0.8972654033066341,0.6377206176246272,0.817250494574678,0.8500646960439293,0.8005753028874671
348,3.0,2.0,0.0,1.0,2,0.4901806755695208,0.220125786163522,0.187745483110762,0.6124967932701111,0.7489721179008484,0.7239372351013386,0.45673837652036964,0.6874611466919859,0.8133748270352759,0.6703778963372425
349,9.0,1.0,1.0,0.875,1,0.49710982658959535,0.26157407407407407,0.26589595375722547,0.6502377390861511,0.6645277142524719,0.08935250567434365,0.660633895337489,0.7468473603479329,0.17898904356236925,0.4189557012305337
350,1.0,2.0,1.0,0.5555555555555556,1,0.6939861628525812,0.3995737879595099,0.3033528472591804,0.6536269783973694,0.7616917490959167,0.7490259407591019,0.5036556545170695,0.7574269896862394,0.7725699369388742,0.6956696304753213
351,9.0,1.0,1.0,1.0,2,0.5060773480662983,0.25,0.21546961325966849,0.6191225051879883,0.6554916501045227,0.5870142384136848,0.5514621375789472,0.8149555314953254,0.5820254703880915,0.6338643444690122
352,2.0,1.0,1.0,0.625,3,0.6060968320382547,0.2848593656493118,0.27973699940227137,0.6458855867385864,0.7149622440338135,0.1356553049747537,0.5725689432147091,0.7650360182351246,0.12282081691556614,0.3990202708350384
353,1.0,2.0,1.0,0.625,1,0.4718714121699197,0.24597701149425288,0.2583237657864524,0.6462942957878113,0.594123899936676,0.9082109016726515,0.6886515956264128,0.6805812394813268,0.9040038910642962,0.7953619069611719
354,4.0,2.0,0.0,0.625,1,0.5464382326420197,0.2870036101083033,0.23264201983769162,0.6442152857780457,0.7950573563575745,0.8079147233262511,0.683748193492252,0.7878911276640592,0.7430358734104029,0.7556474794732414
355,13.0,1.0,0.0,0.75,3,0.33286843328684335,0.1926477431363425,0.18317061831706186,0.6724899411201477,0.741418182849884,0.809407067964077,0.6818961411877934,0.8011808932948232,0.7541551845170045,0.7616598217409245
356,4.0,2.0,1.0,0.875,1,0.6524741081703107,0.3490783410138249,0.30494821634062136,0.6429054737091064,0.6760236024856567,0.8554306232073757,0.6044653504717027,0.7288179474570744,0.8552298049022717,0.7609859315096061
357,3.0,2.0,1.0,1.0,1,0.5869565217391305,0.3325272067714631,0.3176328502415459,0.6321690082550049,0.804608166217804,0.12070860077427353,0.499533480712945,0.8042466322070418,0.17083347495844717,0.3988305471631769
358,1.0,2.0,1.0,0.625,1,0.318297009630005,0.20903094875697617,0.22098327420172326,0.6465844511985779,0.6827474236488342,0.4576213853731808,0.8114921241907902,0.7774250277238813,0.13227404612831112,0.5447031458540409
359,9.0,2.0,1.0,0.7777777777777778,1,0.6460834762721556,0.3251287922152261,0.2870211549456832,0.6976035833358765,0.6498387455940247,0.8491079839546577,0.4946419305941314,0.6851794327765803,0.8452655269004412,0.7185487185564525
360,1.0,1.0,0.0,1.0,1,0.6496018202502845,0.3154897494305239,0.2582480091012514,0.6631083488464355,0.7007350325584412,0.7474341284924041,0.5948001255821443,0.6370070820784347,0.7518168299693676,0.6827645415305877
361,8.0,2.0,1.0,1.0,3,0.38852672750977835,0.21437908496732025,0.18252933507170793,0.6194294095039368,0.6482057571411133,0.7568829673739466,0.8239950504555253,0.8563803273931445,0.683840756254486,0.7802747753692757
362,8.0,2.0,1.0,1.0,2,0.5144144144144144,0.3146979260595131,0.2801801801801802,0.6523584723472595,0.5629576444625854,0.04138793875560693,0.5878004570638964,0.7158444751154323,0.06064750430813374,0.35142009381076733
363,8.0,2.0,1.0,0.875,2,0.5420188960716062,0.2578397212543554,0.20188960716061663,0.6412715911865234,0.687397301197052,0.8726078448161302,0.5523616388772508,0.7410845438067828,0.839615767520962,0.7514174487552815
364,2.0,2.0,1.0,1.0,2,0.22690763052208837,0.12060301507537688,0.142570281124498,0.6423830389976501,0.6719334125518799,0.1778382257512609,0.5167826266503153,0.8365478651908864,0.2689588097389084,0.45003188183284276
365,1.0,1.0,1.0,1.0,1,0.6691086691086692,0.3251833740831296,0.28083028083028083,0.6657106280326843,0.7306544780731201,0.905602878823775,0.5825333721922917,0.7606613993704889,0.8707238953133436,0.7798803864249748
366,8.0,1.0,0.0,0.75,3,0.595227375056281,0.31635872014420907,0.22692480864475462,0.6885995268821716,0.6727255582809448,0.9174752177517848,0.5719326506072058,0.6601460010292458,0.8845943916031628,0.7585370652478497
367,8.0,2.0,0.0,1.0,2,0.5983981693363843,0.3024054982817869,0.23798627002288328,0.6030288338661194,0.6290357112884521,0.8553051585336333,0.5576493038090967,0.6829134968274714,0.8314729146629372,0.7318352184582846
368,9.0,1.0,1.0,1.0,2,0.6184696569920844,0.3254094030639197,0.26174142480211077,0.7004343867301941,0.5961695909500122,0.6700055599875449,0.4915125374370897,0.7107031515681359,0.6759317518030638,0.6370382501989585
369,9.0,1.0,1.0,1.0,3,0.6991089787525703,0.4461221688400824,0.3920493488690884,0.6826735138893127,0.7340459823608398,0.2332385646130838,0.6125343278369756,0.6112809515644063,0.23924199151408487,0.4240739588821376
370,3.0,2.0,1.0,0.7777777777777778,1,0.5321100917431193,0.3076216712580349,0.20275229357798166,0.6246465444564819,0.6817253828048706,0.8741656829462798,0.5884615438652734,0.7080601993632275,0.8612843749498944,0.7579929502811689
371,1.0,1.0,0.0,0.75,1,0.5212620027434842,0.28983516483516486,0.2729766803840878,0.6190524697303772,0.7605756521224976,0.22697428354903323,0.656610915396233,0.611740156445971,0.20869676096536255,0.4260055290891499
372,9.0,1.0,1.0,1.0,3,0.6016658500734934,0.2873957822461991,0.2302792748652621,0.6451178789138794,0.7188972234725952,0.915245141218113,0.7374704235278813,0.7702519964150932,0.8948728817833956,0.8294601107361207
373,9.0,2.0,1.0,1.0,2,0.5908299477655252,0.31028471818710046,0.26233313987231577,0.6327602863311768,0.6743483543395996,0.0883086352951788,0.5984209986114244,0.7205692797524236,0.1518268277184454,0.389781435344368
374,2.0,1.0,0.0,0.7777777777777778,1,0.4281742354031511,0.23376623376623373,0.2103799814643188,0.6442304849624634,0.7762165069580078,0.9199852260422172,0.6635229442592914,0.604901265850202,0.9041610219012799,0.7731426145132476
375,2.0,1.0,1.0,0.6666666666666666,2,0.4925224327018944,0.24276687728633184,0.2047191758059156,0.6343965530395508,0.6985841393470764,0.8583882191369465,0.5612998026047327,0.6971218484929168,0.8512679465913863,0.7420194542064955
376,2.0,1.0,1.0,0.5555555555555556,2,0.48482709950599856,0.2683615819209039,0.19971771347918135,0.5847492218017578,0.7613937258720398,0.8633819109486862,0.45854579161757153,0.72832859510765,0.8539766660155292,0.7260582409223593
377,9.0,2.0,1.0,1.0,3,0.6383202099737533,0.33841303205465056,0.2362204724409449,0.6062092781066895,0.7090003490447998,0.8697109517814673,0.5249991827197295,0.5580856382696886,0.8458332620554878,0.6996572587065932
378,9.0,2.0,1.0,0.5555555555555556,1,0.531617235590375,0.26890756302521013,0.23726916620033575,0.6834138631820679,0.5933674573898315,0.5093180815050123,0.45462799650376384,0.7133337220370061,0.5244882133347957,0.5504420033451445
379,2.0,2.0,1.0,1.0,1,0.5911949685534591,0.24134312696747115,0.22012578616352202,0.6375405192375183,0.6980573534965515,0.8809806964483781,0.5530422256095675,0.8044910288569681,0.8398157653066265,0.769582429055385
380,1.0,2.0,1.0,1.0,1,0.5226190476190478,0.2896305125148987,0.29642857142857143,0.6821633577346802,0.6773306727409363,0.6924042253465719,0.6268939229836832,0.5983876282982623,0.6890043848372471,0.6516725403664412
381,1.0,2.0,1.0,0.5555555555555556,1,0.5684591052869408,0.2858435097241067,0.24762765476728427,0.6601219177246094,0.708655834197998,0.8756457592921079,0.6772650327426059,0.725442106526189,0.872448593147414,0.7877003729270791
382,1.0,1.0,0.0,0.625,1,0.5948785292186474,0.3247863247863248,0.3086014445173999,0.6478034853935242,0.8598528504371643,0.21994968518295605,0.6864366967850006,0.8389683420082819,0.334389901483037,0.5199361563648189
383,9.0,1.0,1.0,1.0,2,0.5674418604651162,0.2803931712364201,0.22118863049095608,0.63639897108078,0.6870715618133545,0.7537113751199318,0.6134620156479866,0.613851616033712,0.7811339002416807,0.6905397267608278
384,1.0,2.0,1.0,0.6666666666666666,1,0.588456712672522,0.28643216080402006,0.25219573400250944,0.6583722829818726,0.7073660492897034,0.8620757173386886,0.5692849758311762,0.566262585754602,0.8184012588022915,0.7040061344316896
385,1.0,2.0,1.0,0.8888888888888888,1,0.6315240083507306,0.3197492163009404,0.20772442588726514,0.6017025709152222,0.771001935005188,0.9068655414182841,0.5053230615431221,0.7153712841138176,0.870768611700962,0.7495821246940464
386,1.0,1.0,0.0,0.5555555555555556,1,0.5867850098619329,0.28232971372161897,0.22583826429980275,0.6532050967216492,0.6194452047348022,0.8481354919926472,0.5076317325785631,0.7952427775811612,0.8363753715434145,0.7468463434239465
387,8.0,2.0,0.0,1.0,2,0.3932926829268293,0.1952707856598017,0.18521341463414634,0.6051812171936035,0.642174482345581,0.7685990071596687,0.5805553370326513,0.7219157770035839,0.7637171877070116,0.7086968272257288
388,1.0,1.0,0.0,1.0,1,0.4359214218896165,0.17432052483598875,0.2020579981290926,0.6389195919036865,0.8542340993881226,0.5811039434419433,0.6979521344120697,0.8885766989790139,0.5589355071709629,0.6816420710009975
389,8.0,1.0,1.0,1.0,2,0.4585106382978724,0.28221512247071356,0.23191489361702128,0.6773515939712524,0.6746432781219482,0.5001911092661305,0.7310688616626042,0.6654161695526988,0.2684365961054066,0.54127818414671
390,8.0,1.0,1.0,1.0,2,0.5921259842519684,0.28376248029427215,0.23937007874015748,0.6337471604347229,0.704304039478302,0.8557435418889416,0.7009240178913478,0.7287923456116946,0.8414963739541613,0.7817390698365363
391,7.0,1.0,1.0,0.5555555555555556,2,0.6558533145275035,0.37711864406779666,0.36530324400564174,0.6278964877128601,0.7738348245620728,0.4062789711892322,0.6272509186266724,0.7437139889471217,0.4074529129082035,0.5461741979178074
392,7.0,1.0,1.0,0.5555555555555556,2,0.5165505226480835,0.21098517872711423,0.18728222996515678,0.6380249261856079,0.6541203260421753,0.8492523737713907,0.5902309123276274,0.77557382733402,0.8293985649568932,0.7611139195974828
393,9.0,1.0,1.0,1.0,2,0.5277296360485269,0.27493495229835213,0.24263431542461,0.6456496715545654,0.7771092057228088,0.5206435580063392,0.5692007676167489,0.7915062172797483,0.5332769461512843,0.6036568722635302
394,9.0,2.0,1.0,1.0,2,0.5494623655913978,0.3046286329386437,0.27741935483870966,0.6912070512771606,0.6316523551940918,0.5273247231993943,0.660660610637021,0.6951678799530421,0.5568502254167609,0.6100008598015545
395,9.0,2.0,1.0,1.0,3,0.618570474281897,0.29698996655518395,0.25517702070808285,0.6654605865478516,0.6509684324264526,0.7674351375278902,0.624690853248799,0.6664131620458346,0.7486876517219689,0.7018067011361231
396,1.0,2.0,1.0,0.6666666666666666,1,0.6372503483511378,0.37470943747094376,0.29354389224338134,0.6460179090499878,0.717869758605957,0.8794307560651551,0.6751219207407675,0.7168609342595698,0.8577568160913018,0.7822926067891985
397,2.0,1.0,1.0,0.5555555555555556,2,0.6054158607350096,0.28751210067763794,0.24951644100580267,0.6682791709899902,0.6549497246742249,0.8535887040605951,0.571158771592697,0.6651604917615254,0.8607805712535197,0.7376721346670843
398,7.0,1.0,1.0,0.5555555555555556,3,0.28739495798319326,0.14129520605550883,0.12605042016806722,0.598069965839386,0.7728012800216675,0.2491388551529318,0.5614009244120989,0.6949211554807524,0.1534575743657882,0.4147296273528928
399,2.0,1.0,1.0,0.625,2,0.5033222591362126,0.22527015793848712,0.1868770764119601,0.6103999018669128,0.6645417213439941,0.887723227989531,0.6707227981451518,0.7903884559883187,0.8670736180602304,0.803977025045808
400,9.0,1.0,0.0,0.5555555555555556,3,0.41314285714285715,0.22698684962835902,0.18228571428571425,0.6231390833854675,0.7224647998809814,0.8840431568028208,0.5038488211607852,0.7166448398300149,0.8047685347754214,0.7273263381422606
401,1.0,1.0,0.0,1.0,1,0.6280587275693311,0.3398692810457516,0.2707993474714519,0.6833965182304382,0.6653760075569153,0.83761733751548,0.6676908518625401,0.6363482812176862,0.8106637819386676,0.7380800631335934
402,1.0,2.0,1.0,1.0,1,0.6684005201560467,0.35546874999999994,0.3068920676202861,0.6632677912712097,0.7323400974273682,0.8833301793519539,0.7332912918922239,0.7586331179180886,0.8612162741883418,0.8091177158376521
403,8.0,2.0,0.0,1.0,2,0.5556701030927835,0.29721362229102166,0.2701030927835052,0.6530267000198364,0.6862492561340332,0.8898218387332781,0.6407128084459552,0.7334413631557362,0.8594024711680397,0.7808446203757524
404,3.0,2.0,1.0,0.8888888888888888,1,0.5995226730310264,0.3287147634973722,0.26443914081145586,0.6429277062416077,0.7442710399627686,0.849166907459357,0.5467183948145418,0.6434073939464336,0.81272514332662,0.713004459886738
405,1.0,2.0,1.0,0.7777777777777778,1,0.2774390243902439,0.13740458015267173,0.14939024390243902,0.6497963070869446,0.7497484087944031,0.8737597626197232,0.825905206504124,0.827495367396779,0.6587965161335047,0.7964892131635327
406,2.0,1.0,1.0,0.7777777777777778,1,0.5841726618705037,0.2736437830052808,0.2302158273381295,0.5907019972801208,0.7040778994560242,0.7657521901125439,0.5775956498134984,0.711671638046664,0.7688963206964541,0.7059789496672901
407,1.0,2.0,1.0,0.6666666666666666,1,0.5494137353433836,0.2951369480156512,0.3093243997766611,0.6780250668525696,0.7971810102462769,0.364761045589647,0.6417799163088537,0.7235923746235037,0.23281179472402702,0.49073628281150783
408,8.0,2.0,0.0,1.0,3,0.5970937912813739,0.33494931687968266,0.26067811536767943,0.6288976669311523,0.6083361506462097,0.9168677141880303,0.623920192523444,0.8564728439572175,0.9032601101191374,0.8251302151969573
409,3.0,2.0,1.0,0.7777777777777778,1,0.5162618361465623,0.24474660074165638,0.2091395636064224,0.6176457405090332,0.801550567150116,0.8423014114625739,0.4587874816958374,0.7070603420262942,0.8147900774918689,0.7057348281691436
410,10.0,1.0,1.0,0.7777777777777778,3,0.5381818181818182,0.26283865750101093,0.21494949494949497,0.6305457353591919,0.6910011172294617,0.8858196261460952,0.5530046537928326,0.7623146676879593,0.8625901106679569,0.7659322645737111
411,6.0,1.0,0.0,0.5555555555555556,1,0.5722379603399435,0.29645390070921984,0.25354107648725216,0.7039675712585449,0.6863096952438354,0.9149870091010799,0.6818464245157879,0.7766319332824497,0.9003821601077729,0.8184618817517726
412,9.0,1.0,1.0,1.0,1,0.26318711826762914,0.12340188993885493,0.14103275957801223,0.6110872626304626,0.6724604964256287,0.5001634233287688,0.7204898024845738,0.7952180679201875,0.2803361261390943,0.5740518549681561
413,5.0,1.0,1.0,0.5555555555555556,1,0.49788633161108503,0.28396803008932775,0.25551902301550017,0.6758117079734802,0.7199980616569519,0.20911210784035641,0.4592439345866961,0.7200715669459602,0.10102023817456084,0.37236196188689336
414,8.0,1.0,0.0,0.5555555555555556,2,0.5685230024213075,0.2666020358700921,0.2547215496368038,0.5727002024650574,0.7136088013648987,0.8575363873800755,0.5091018096239676,0.7177690607828447,0.8419963174431644,0.7316008938075131
415,8.0,2.0,0.0,0.7777777777777778,3,0.5863874345549738,0.3029350104821803,0.25130890052356025,0.6513167023658752,0.6931755542755127,0.9116107870480881,0.5186609829487367,0.7667314870913724,0.8962622789202038,0.7733163840021003
416,9.0,1.0,0.0,0.6666666666666666,1,0.528415961305925,0.22154963680387413,0.18621523579201935,0.6331377029418945,0.62788987159729,0.9007067358958296,0.5888433722558948,0.8482932289139122,0.889970639779576,0.8069534942113031
417,2.0,2.0,1.0,0.8888888888888888,1,0.5705548274355614,0.3270660253607346,0.2717343818261249,0.6952899694442749,0.5915630459785461,0.8466900985327797,0.648813772995207,0.7793433143166794,0.841287298947457,0.7790336211980308
418,1.0,2.0,1.0,0.7777777777777778,1,0.5747126436781609,0.30740911182696734,0.2289655172413793,0.6399117112159729,0.735848605632782,0.8461256643849719,0.5505432389852235,0.6955698103031808,0.8312729049829877,0.730877904664091
419,8.0,1.0,0.0,1.0,1,0.4617210682492582,0.28401663695781343,0.2741839762611276,0.6907901763916016,0.6653317213058472,0.21496373712905126,0.6197079440048844,0.7167676786097346,0.23277468277327681,0.44605351062923676
420,8.0,2.0,1.0,0.5555555555555556,1,0.6341183228029867,0.28637147786083955,0.25157955198161974,0.6813751459121704,0.7205177545547485,0.8350758537873383,0.6230597060869154,0.7616445058209738,0.8134771890967721,0.7583143136979998
421,4.0,2.0,0.0,0.5555555555555556,2,0.48023213638012335,0.24682395644283123,0.22125498730504167,0.6453850269317627,0.7323847413063049,0.849920495704825,0.6197433535642346,0.7224653392870326,0.8393320125633289,0.7578653002798552
422,8.0,2.0,1.0,0.5555555555555556,3,0.34797891036906853,0.2119613016710642,0.19332161687170477,0.641873836517334,0.6211962699890137,0.07232129575073117,0.6108154018374617,0.7667630468466307,0.048311644467209564,0.3745528472255083
423,8.0,2.0,1.0,0.8888888888888888,2,0.523117569352708,0.33862433862433855,0.3725231175693527,0.6582013964653015,0.7255823016166687,0.46945243975936113,0.7437244571157524,0.7863768690640057,0.4504698695926283,0.6125059088829369
424,2.0,1.0,1.0,0.5555555555555556,1,0.4823446327683616,0.223321554770318,0.19279661016949148,0.5981910228729248,0.6645482778549194,0.8967938831311539,0.5893618550661576,0.7577008898161427,0.8650330525573519,0.7772224201427015
425,8.0,2.0,0.0,1.0,3,0.601521357519017,0.24370240187463385,0.22586307782328846,0.6048234701156616,0.7365939617156982,0.8366050763489654,0.6522064074940492,0.8784398264026514,0.8353721031298211,0.8006558533438718
426,9.0,1.0,1.0,1.0,2,0.5657633840052875,0.2528127068166777,0.24454725710508926,0.65522700548172,0.7050578594207764,0.5814097428116964,0.5951883720434245,0.7863542648012359,0.24959207290829602,0.5531361131411632
427,2.0,2.0,1.0,0.7777777777777778,2,0.5204731574158324,0.21330902461257978,0.22565969062784347,0.620438814163208,0.7826874256134033,0.3517809199651021,0.5275230509292405,0.840717863799149,0.3382061509226366,0.5145569964040321
428,8.0,1.0,1.0,0.7777777777777778,3,0.6004084411164058,0.3231083844580777,0.2968005445881552,0.679568350315094,0.6674894094467163,0.23138118386225992,0.6071490674777064,0.7290940799951483,0.23026996721735749,0.449473574638118
429,1.0,2.0,1.0,0.6666666666666666,1,0.5741565881604074,0.30465264499681327,0.3017186505410567,0.6918632388114929,0.7000772356987,0.2049292987043982,0.6494830987398637,0.7605540694055687,0.21240294903590648,0.4568423539714343
430,12.0,1.0,1.0,0.5555555555555556,1,0.5963636363636363,0.32920611798980337,0.30254545454545456,0.6214192509651184,0.637451708316803,0.5622896099537561,0.7130712366903615,0.6725770989937255,0.4223417415419117,0.5925699217949387
431,14.0,2.0,0.0,0.6666666666666666,2,0.6445040214477212,0.35319377348362857,0.3367292225201072,0.6823258996009827,0.7722664475440979,0.9249287547664679,0.6474075224008022,0.8055667194600039,0.8983566197980966,0.8190649041063426
432,8.0,2.0,0.0,0.5555555555555556,2,0.666270783847981,0.37098692033293695,0.2814726840855107,0.6917691826820374,0.8291943073272705,0.8869281512463792,0.5220666440239735,0.7895295318618643,0.8873148852694935,0.7714598031004277
433,9.0,2.0,0.0,0.875,4,0.5568053993250843,0.21846846846846846,0.2125984251968504,0.5760221481323242,0.7022969126701355,0.8163350833711144,0.6513368947351077,0.7370775331392164,0.7478422535604161,0.7381479412014637
434,2.0,1.0,0.0,0.6666666666666666,1,0.5834464043419267,0.27173913043478254,0.2645861601085482,0.6376166939735413,0.7801804542541504,0.8347309616366696,0.5849513773420306,0.7527152601714678,0.8487630920033337,0.7552901727883754
435,12.0,2.0,1.0,0.7777777777777778,2,0.6152919927754364,0.29776974080771557,0.20469596628537026,0.6250776052474976,0.5549398064613342,0.8855731946256409,0.5307028837141952,0.7040079881684363,0.8646317572294698,0.7462289559344356
436,1.0,1.0,0.0,0.5555555555555556,1,0.6214859437751004,0.32160804020100503,0.27208835341365456,0.631956934928894,0.6309478878974915,0.6684935788655644,0.5162515580185881,0.7187384120089687,0.7433765279304547,0.661715019205894
437,9.0,2.0,0.0,1.0,1,0.3971291866028707,0.22523961661341851,0.20893141945773527,0.6589624285697937,0.6970863342285156,0.8859003827986344,0.750921308053637,0.897386835956634,0.6508826285010162,0.7962727888274804
438,6.0,2.0,1.0,1.0,1,0.637407157326131,0.2920892494929006,0.25118163403106003,0.6557470560073853,0.6778951287269592,0.8695390896562609,0.5907537835182982,0.7282744152015483,0.8625308986773723,0.76277454676337
439,10.0,1.0,1.0,1.0,1,0.6352459016393444,0.3132694938440493,0.3046448087431694,0.6804229617118835,0.7991891503334045,0.9148496913342103,0.6956084589944791,0.7863657371646487,0.8810844029346961,0.8194770726070086
440,9.0,2.0,0.0,0.5555555555555556,1,0.47741935483870973,0.26027862725110434,0.24787775891341254,0.6146160364151001,0.6359240412712097,0.4219490176643478,0.5751003644938525,0.6516879377229378,0.5732064662752714,0.5554859465391024
441,1.0,2.0,1.0,0.7777777777777778,1,0.5878172588832488,0.2886178861788618,0.27309644670050764,0.6737249493598938,0.7531522512435913,0.8961862635679125,0.513111201293445,0.7081356339348689,0.8726690461892718,0.7475255362463745
442,5.0,1.0,1.0,0.6666666666666666,3,0.6414881623449831,0.3397291196388262,0.26493799323562567,0.6821343898773193,0.7621799111366272,0.8757930655466641,0.6395232444927533,0.8191924850924914,0.8608988481757779,0.7988519108269218
443,2.0,2.0,0.0,1.0,2,0.6263020833333333,0.2633637548891786,0.25651041666666663,0.624367356300354,0.6567872762680054,0.9107512673333151,0.7398359516247855,0.7800088569755166,0.9039572861363825,0.8336383405174999
444,8.0,2.0,0.0,1.0,3,0.6532091097308488,0.32746113989637304,0.2339544513457557,0.6769030690193176,0.6224331259727478,0.7207486424882412,0.5814211412282952,0.7052630505532791,0.715677875670388,0.6807776774850509
445,8.0,2.0,1.0,0.5555555555555556,2,0.45508982035928147,0.21223021582733814,0.2526946107784431,0.6245219111442566,0.7658260464668274,0.12943527340759198,0.719693389384752,0.7728313326036053,0.11823435904496461,0.43504858861022844
446,1.0,1.0,0.0,0.7777777777777778,1,0.5920745920745921,0.25204200700116686,0.23193473193473194,0.6313812136650085,0.6136431097984314,0.9150135368075742,0.5433664949326388,0.6433831068368462,0.8980228448057386,0.7499464958456994
447,1.0,2.0,1.0,0.6666666666666666,1,0.47448641484426773,0.23357664233576642,0.2836315440689199,0.6509478092193604,0.740448534488678,0.5630764852978088,0.7771188548566975,0.7968741310561018,0.6108628369024717,0.68698307702827
448,8.0,2.0,0.0,1.0,3,0.6225980015372791,0.31100846805234794,0.3074558032282859,0.7085444927215576,0.6123965978622437,0.014784491656877856,0.6355627243798848,0.6157778561520134,0.013037407996976875,0.3197906200464382
449,8.0,1.0,1.0,1.0,3,0.49564375605033884,0.2502424830261882,0.2420135527589545,0.6330282092094421,0.755123496055603,0.4370970200663499,0.6947162406420943,0.6828191790460673,0.08938627170730053,0.47600467786545303
450,2.0,2.0,1.0,0.5555555555555556,1,0.6437007874015748,0.34778325123152715,0.29822834645669294,0.6967726945877075,0.7302191257476807,0.9153128013328182,0.5409937948704564,0.828092442941135,0.8915970598157985,0.793999024740052
451,9.0,2.0,0.0,0.5555555555555556,2,0.6685714285714286,0.33333333333333337,0.2957142857142857,0.6824464797973633,0.6401511430740356,0.5612842051568218,0.6273216504361185,0.7134683536091552,0.4749070597348239,0.5942453172342298
452,3.0,2.0,0.0,0.6666666666666666,2,0.5943262411347517,0.33238636363636365,0.29645390070921984,0.6402445435523987,0.6954540610313416,0.729949328773063,0.5417807158157636,0.6570919246557584,0.8280482920170947,0.68921756531542
453,9.0,2.0,1.0,0.875,1,0.6349206349206349,0.35550323719835203,0.2727807172251617,0.6482589840888977,0.6648380756378174,0.713647246237093,0.6491750853290401,0.7501527907793359,0.7416075893753085,0.7136456779301945
454,9.0,2.0,1.0,1.0,1,0.48776758409785936,0.23871461361897478,0.19877675840978595,0.6866415739059448,0.7510871887207031,0.9064571921917415,0.6723302131743955,0.7771925537417183,0.8740152215590279,0.8074987951667207
455,4.0,1.0,1.0,0.5555555555555556,1,0.6014051522248243,0.3103609939052977,0.24730679156908666,0.6984968185424805,0.7362333536148071,0.8421441696817595,0.6688271754293235,0.7908590119378357,0.8041551479344962,0.7764963762458537
456,7.0,1.0,1.0,0.5555555555555556,2,0.5968289920724802,0.2811791383219954,0.25141562853907135,0.6608696579933167,0.7481539845466614,0.8688282905998291,0.5844549662274949,0.7670953335204649,0.8463163689619276,0.7666737398274291
457,8.0,2.0,0.0,0.75,1,0.579650565262076,0.32098765432098764,0.26002055498458376,0.6718446612358093,0.5238731503486633,0.8869587785670999,0.6655136110459057,0.844719746703107,0.8714265303783252,0.8171546666736095
458,1.0,2.0,1.0,0.625,1,0.5924574209245741,0.2789281364190012,0.19343065693430658,0.6293079257011414,0.7874772548675537,0.7075080633547943,0.6344129732657706,0.6584865364869291,0.6802794236383796,0.6701717491864684
459,3.0,1.0,1.0,0.5555555555555556,3,0.6477341389728097,0.3484573502722323,0.2646525679758308,0.6917093396186829,0.734760046005249,0.7589182229864949,0.6341187369276713,0.6663542246161129,0.7441094812941262,0.7008751664561014
460,2.0,2.0,1.0,0.6666666666666666,1,0.6019517205957884,0.2755784061696658,0.24242424242424243,0.677643358707428,0.64081871509552,0.9025626399526648,0.5500926447209337,0.7206364581339811,0.8918419832141721,0.766283431505438
461,10.0,1.0,1.0,1.0,2,0.5540756526371869,0.272,0.2216302610548748,0.6275845766067505,0.8107444047927856,0.7736234135326393,0.6767062199630817,0.7107303172903987,0.7430924288965159,0.726038094920659
462,8.0,2.0,1.0,0.8888888888888888,2,0.5604863221884498,0.22276323797930614,0.21276595744680848,0.6365633010864258,0.6406174302101135,0.7712098732575606,0.6508567628693485,0.820602623472027,0.8087795585308745,0.7628622045324526
463,1.0,1.0,1.0,0.5555555555555556,1,0.46548323471400394,0.23568136932192232,0.23011176857330704,0.6342122554779053,0.8179146647453308,0.6312634030044187,0.7465551385729731,0.7001624184650649,0.5833749999292187,0.6653389899929189
464,1.0,1.0,0.0,0.5555555555555556,1,0.6794101583833969,0.3378895571350465,0.28399781540142,0.650532066822052,0.7712936997413635,0.8586856738377383,0.5919180081879252,0.770557523379056,0.8274923143192596,0.7621633799309948
465,2.0,2.0,0.0,1.0,2,0.5913528591352859,0.2918994413407821,0.22175732217573219,0.6439864635467529,0.5440303087234497,0.9020835016394202,0.5840169229832979,0.7300625991705597,0.8813662878049675,0.7743823278995614
466,7.0,2.0,0.0,1.0,2,0.5161691542288557,0.23163138231631383,0.21268656716417908,0.6446089744567871,0.7390704154968262,0.03849490911559923,0.6573211851759378,0.7481261827739861,0.05054727384709139,0.37362238772815365
467,2.0,1.0,1.0,0.5555555555555556,2,0.5505415162454874,0.22312556458897922,0.194043321299639,0.6548783183097839,0.7537298202514648,0.7067930948024155,0.6145636213104948,0.6900029909285504,0.6535478870840528,0.6662268985313784
468,3.0,1.0,1.0,0.8888888888888888,2,0.57825679475164,0.2973733583489681,0.260543580131209,0.6382132768630981,0.7497234344482422,0.833743233041235,0.6018860050348264,0.783845500327518,0.8450695737890251,0.7661360780481511
469,8.0,1.0,0.0,1.0,2,0.49925037481259377,0.30180180180180183,0.2833583208395802,0.6650806069374084,0.778153121471405,0.7178075269410372,0.7576952646099621,0.8046592352497596,0.5199898813779923,0.7000379770446877
470,9.0,1.0,1.0,1.0,2,0.6438631790744467,0.3143049026192075,0.33266264252179745,0.6765281558036804,0.7049293518066406,0.6890657232147054,0.6335537530325209,0.6885758533748645,0.6808949867128998,0.6730225790837476
471,8.0,1.0,0.0,1.0,2,0.6438515081206496,0.3275261324041812,0.28770301624129924,0.6548609137535095,0.5926254391670227,0.909575782328094,0.6298925122746687,0.7433275827807415,0.8825928469436237,0.791347181081782
472,10.0,1.0,1.0,1.0,2,0.3697674418604652,0.20721769499417927,0.18953488372093022,0.6358682513237,0.6883646249771118,0.3619892008963728,0.5316521582072076,0.4597924035547942,0.3444041222407407,0.4244594712247788
473,9.0,2.0,1.0,1.0,2,0.6401137980085349,0.37606837606837606,0.28591749644381226,0.6401687860488892,0.5859954953193665,0.8165109534690281,0.5424908042083338,0.4938672071231545,0.8033519048427193,0.664055217410809
474,1.0,1.0,0.0,1.0,1,0.4737344794651385,0.2641148325358852,0.24450811843361983,0.6794942617416382,0.6698514223098755,0.5140903861857673,0.8386367651409785,0.7685537902392651,0.43195090664799896,0.6383079620535025
475,1.0,2.0,1.0,0.7777777777777778,1,0.6670665866826634,0.32552552552552555,0.3071385722855428,0.6925039887428284,0.6873706579208374,0.7913602036688357,0.5773836031130122,0.7023548164597401,0.7254279896886278,0.6991316532325539
476,8.0,1.0,1.0,0.8888888888888888,2,0.668769716088328,0.35157894736842105,0.3038906414300736,0.6594988703727722,0.7301602363586426,0.6820428024794939,0.6648422889526585,0.7684422442576248,0.6312353235839054,0.6866406648184207
477,8.0,1.0,1.0,0.6666666666666666,1,0.5672514619883041,0.295609756097561,0.2719298245614035,0.6385505199432373,0.6924117803573608,0.8972800156975873,0.7296786311002094,0.7448142839461049,0.8858315075562064,0.814401109575027
478,8.0,2.0,1.0,1.0,3,0.5723270440251572,0.310236220472441,0.27358490566037735,0.6853295564651489,0.7095354199409485,0.059500065643920894,0.724426704649592,0.6905954605867863,0.1431038496875305,0.40440652014195744
479,2.0,1.0,1.0,0.5555555555555556,2,0.49776453055141584,0.24310216256524986,0.21236959761549928,0.606603741645813,0.7683568596839905,0.8931562209272081,0.5250721735075783,0.7763499455995116,0.8623919235998091,0.7642425659085268
480,9.0,2.0,1.0,1.0,1,0.4737732656514383,0.2303783173348391,0.23237450648618163,0.675689160823822,0.7756761312484741,0.17427962381667844,0.7624097126300318,0.8230799080758091,0.12635197706533696,0.47153030539696406
481,1.0,1.0,0.0,0.5555555555555556,1,0.6423452768729642,0.3065883887801696,0.2488599348534202,0.6519089341163635,0.7150495648384094,0.8576441484662494,0.5864900726358616,0.5652934243298569,0.8405364532402,0.712491024668042
482,8.0,1.0,1.0,1.0,1,0.5403726708074534,0.21314387211367675,0.20763087843833186,0.6308672428131104,0.6767091751098633,0.8946121762433147,0.532787037153297,0.6967378831358556,0.8732840858457089,0.7493552955945442
483,8.0,2.0,1.0,1.0,2,0.5963149078726969,0.30872483221476515,0.2814070351758794,0.6576740741729736,0.6159330010414124,0.4451056177932191,0.7345593147855637,0.7010627989219237,0.29725631453926554,0.544496011509993
484,8.0,2.0,0.0,0.7777777777777778,1,0.42377049180327875,0.21493027071369977,0.2081967213114754,0.63301682472229,0.7423262596130371,0.7452965228652578,0.5885789158154564,0.7173147820011636,0.749884432601251,0.7002686633207823
485,8.0,2.0,1.0,1.0,1,0.6497725795971411,0.3539362394274561,0.27290448343079926,0.6580989360809326,0.7213776111602783,0.4554090261471814,0.47290655074936233,0.7457819530686375,0.5404767444566991,0.5536435686054701
486,3.0,1.0,1.0,0.7777777777777778,2,0.37574445046020577,0.20043336944745394,0.14943151055766107,0.5798002481460571,0.7069046497344971,0.8597966264386345,0.6214434577753116,0.6417222341129966,0.8927891655360104,0.7539378709657383
487,8.0,1.0,1.0,0.6666666666666666,2,0.3612565445026178,0.19055944055944055,0.15532286212914484,0.6145743727684021,0.6793791055679321,0.4807903029584877,0.6402887170210615,0.590254869014225,0.3810094702037854,0.5230858397993898
488,4.0,2.0,1.0,1.0,1,0.6801223241590214,0.3870177587262707,0.2948012232415902,0.6391520500183105,0.6926895976066589,0.864762935249555,0.4803876050387072,0.6422154565766195,0.8272346301346936,0.7036501567498938
489,4.0,2.0,0.0,0.5555555555555556,2,0.5016077170418006,0.25429184549356226,0.27116827438370844,0.6813257932662964,0.6054585576057434,0.5322234900606774,0.7274841481202006,0.7466599043418544,0.4585228498193168,0.6162225980855123
490,1.0,2.0,1.0,0.5555555555555556,2,0.5734914904589995,0.2560660815694373,0.22692109334708616,0.6507956981658936,0.7129065990447998,0.9029230277042859,0.6989621631608327,0.7207621071655599,0.8919540429938627,0.8036503352561353
491,1.0,1.0,1.0,1.0,2,0.6456009913258984,0.29776674937965264,0.26641883519206944,0.6733840703964233,0.6716869473457336,0.8448373964016814,0.5353650119259085,0.7079798340745005,0.8420231679517055,0.732551352588449
492,9.0,1.0,0.0,0.5555555555555556,2,0.6640045636052482,0.3883495145631068,0.3365658870507701,0.7002144455909729,0.6980808973312378,0.8323144112481882,0.6125246450280663,0.702612695245652,0.8431261341812626,0.7476444714257922
493,10.0,1.0,0.0,0.6666666666666666,1,0.523306948109059,0.25,0.2506596306068602,0.6684232354164124,0.7414685487747192,0.9078543907580133,0.5730296009594665,0.7984706039454916,0.8785374066506773,0.7894730005784122
494,2.0,2.0,0.0,0.5555555555555556,3,0.5273454868830592,0.2358700489541611,0.20987105380168963,0.6707031726837158,0.6812390685081482,0.8587204339680791,0.5394400072567354,0.7428465764469749,0.8205175354495421,0.7403811382803329
495,8.0,1.0,1.0,1.0,1,0.6715557883708748,0.3807026743576298,0.26820324777370347,0.6568908095359802,0.5837547183036804,0.8274124736121327,0.4840140926076438,0.7301837096754368,0.8258595515623648,0.7168674568643945
496,10.0,1.0,0.0,1.0,1,0.27613727055067844,0.15187849720223823,0.15323224261771748,0.6233994960784912,0.6888129711151123,0.9007401272954545,0.7403259858686568,0.67493372611235,0.6638181623976456,0.7449545004185267
497,8.0,1.0,1.0,0.7777777777777778,2,0.5584807941303409,0.2868250539956803,0.22356495468277945,0.6426074504852295,0.7090739607810974,0.8636867645201203,0.5550247948179997,0.7109176435347577,0.8025492623466819,0.7330446163048898
498,2.0,2.0,1.0,0.8888888888888888,1,0.47038724373576307,0.29076396807297605,0.24487471526195898,0.6588050723075867,0.6817725300788879,0.5207034358922777,0.5720725095948641,0.569893321656528,0.606415574320596,0.5672712103660665
499,1.0,2.0,1.0,0.7777777777777778,1,0.43840808591282365,0.2125237191650854,0.19204042956411876,0.6767621040344238,0.7375644445419312,0.5832613399039184,0.7835349290585466,0.8151758797146756,0.39426561058248255,0.6440594398149059
500,3.0,2.0,0.0,0.6666666666666666,3,0.6036621382161843,0.2602010644589,0.251624335499114,0.6597336530685425,0.6496569514274597,0.871916152831217,0.5321764323631152,0.7131708477933093,0.8524907702943999,0.7424385508205104
501,2.0,1.0,0.0,0.5555555555555556,1,0.6067291781577496,0.2661512976256212,0.23496966354109214,0.6445140838623047,0.7084521651268005,0.9134120827544171,0.6228361620277105,0.8411881931549692,0.8849949108836339,0.8156078372051827
502,2.0,2.0,1.0,0.6666666666666666,1,0.4414303329223181,0.22624434389140274,0.1890669954788327,0.5931690335273743,0.8174498677253723,0.38756200006473224,0.6554666463306487,0.7830732551182601,0.24122046605854955,0.5168305918930477
503,2.0,2.0,0.0,1.0,1,0.4714989444053484,0.2424242424242424,0.27867698803659396,0.6569942235946655,0.7462142705917358,0.7217865925153906,0.7746950390217987,0.8161865078880958,0.5442826353327307,0.714237693689504
504,8.0,2.0,0.0,0.7777777777777778,4,0.5567907201546641,0.2351233671988389,0.23392943450942486,0.5946679711341858,0.6985067129135132,0.8461479933889571,0.5798478070528327,0.7999404817960282,0.8467595907579294,0.7681739682489368
505,2.0,1.0,1.0,1.0,3,0.5916473317865428,0.2415795586527294,0.2146171693735499,0.6189366579055786,0.6450297832489014,0.784402775985269,0.5095855357636656,0.6961093294994863,0.7424390670737098,0.6831341770805327
506,8.0,2.0,1.0,0.6666666666666666,3,0.5377839592025961,0.24779582366589326,0.22438572090866946,0.6079967617988586,0.7220578789710999,0.8678698479901673,0.4529601875726027,0.6763750271867488,0.8439964960532617,0.7103003897006951
507,2.0,2.0,0.0,0.5555555555555556,1,0.43617021276595747,0.205819730305181,0.20425531914893622,0.6575514674186707,0.670741081237793,0.7459484716041639,0.6277931510402469,0.7356721291163578,0.7651568736566893,0.7186426563543645
508,2.0,1.0,1.0,0.7777777777777778,2,0.6029567053854276,0.24524312896405917,0.19640971488912357,0.6425088047981262,0.6426374912261963,0.8734943560653118,0.5626937677725149,0.7642361082508111,0.8604590601298615,0.7652208230546249
509,3.0,2.0,1.0,0.5555555555555556,1,0.5807174887892377,0.24691358024691357,0.21636771300448432,0.6618816256523132,0.6621173024177551,0.8131630457335444,0.43231707387491913,0.7455145794971695,0.8207179559745119,0.7029281637700362
510,10.0,2.0,1.0,1.0,2,0.5019685039370079,0.2502463054187192,0.22145669291338582,0.6124191284179688,0.7162744998931885,0.1500223683657217,0.6693678054531593,0.7032796417459809,0.12851560309039223,0.41279635466381354
511,8.0,1.0,1.0,1.0,3,0.6518282988871223,0.3660477453580902,0.2755696873343932,0.6780613660812378,0.676437497138977,0.918937868026911,0.7126856952997204,0.7836135690757041,0.9058852240585056,0.8302805891152103
512,8.0,2.0,0.0,0.5555555555555556,3,0.5825734549138805,0.28600405679513186,0.26443768996960487,0.6502180695533752,0.6967908143997192,0.8500092514610595,0.5998994777920225,0.6590678193366123,0.8480103340937355,0.7392467206708575
513,2.0,2.0,1.0,0.7777777777777778,1,0.5629432624113475,0.32741792369121564,0.29166666666666663,0.6482073068618774,0.6169131994247437,0.9121240600173293,0.6109162463553606,0.751902886795948,0.9053247025165315,0.7950669739212923
514,8.0,1.0,0.0,0.5555555555555556,2,0.5906463478717815,0.2619673855865334,0.2186022070415134,0.6089792251586914,0.7536090016365051,0.8147449972854313,0.6250961636088752,0.7498633377568849,0.7849459237921486,0.743662605610835
515,1.0,2.0,1.0,1.0,1,0.3806060606060606,0.1968408262454435,0.23030303030303031,0.6464499235153198,0.7404869794845581,0.9556108773793363,0.8401044629339186,0.6594752181137136,0.9544239705759944,0.8524036322507408
516,8.0,2.0,0.0,1.0,2,0.5626515763945028,0.2817813765182186,0.29587712206952305,0.674583375453949,0.7353199124336243,0.7406935751946333,0.6362964379157264,0.7787916041010263,0.5853611230214382,0.6852856850582061
517,5.0,2.0,1.0,0.5555555555555556,1,0.5043087298613713,0.2617172853393326,0.2098164106406894,0.6406411528587341,0.7261415719985962,0.8686590912338706,0.5031224269343936,0.7610674631753118,0.8511613347408267,0.7460025790211007
518,4.0,1.0,0.0,0.6666666666666666,1,0.6021264689423614,0.22296918767507,0.21376608841634023,0.6254341006278992,0.7533275485038757,0.9173601654204561,0.5633081670836799,0.8092876182683438,0.8860477944705933,0.7940009363107683
519,10.0,1.0,1.0,0.5555555555555556,2,0.5458612975391498,0.2722794446932378,0.20671140939597318,0.6136762499809265,0.6973869204521179,0.8152909294395536,0.5868408360710168,0.7643666520691192,0.8120977856897593,0.7446490508173622
520,1.0,1.0,1.0,0.8888888888888888,2,0.5306828003457217,0.22683982683982684,0.236819360414866,0.6462780237197876,0.6753801107406616,0.6195464387536389,0.6433609556266092,0.7450065109350807,0.5270375091460989,0.633737853615357
521,1.0,2.0,1.0,1.0,1,0.6175386882829771,0.2878228782287823,0.26676492262343404,0.6253308057785034,0.8138687014579773,0.6060501245557429,0.6546400595731795,0.807932142775873,0.23714176095934922,0.5764410219660361
522,9.0,1.0,1.0,0.7777777777777778,1,0.57421875,0.2561094819159335,0.2275390625,0.6481387615203857,0.7015528082847595,0.910497882619775,0.5716234759893442,0.8704216199630816,0.8928927371680553,0.811358928935064
523,8.0,1.0,1.0,0.8888888888888888,1,0.5586533403471857,0.2538177988414955,0.25670699631772753,0.6566202640533447,0.7356386184692383,0.9155764914288967,0.4750280292424315,0.8055208871348634,0.8939167916967442,0.772510549875734
524,2.0,1.0,0.0,1.0,1,0.6784343821949348,0.3781706379707917,0.38986953184957795,0.722507894039154,0.6447100043296814,0.19029024864573735,0.6719286587323424,0.5898151935805093,0.18699988607972468,0.4097584967595784
525,8.0,2.0,1.0,1.0,3,0.5259026687598116,0.22484276729559746,0.2323390894819466,0.5634888410568237,0.7488848567008972,0.8019070771656147,0.6883146512429751,0.7525444421451143,0.7665870714155594,0.7523383104923158
526,8.0,1.0,1.0,0.8888888888888888,1,0.5582849486377847,0.27089852481001336,0.22510049129075482,0.642663300037384,0.6629732251167297,0.8876954917659706,0.5511833382494901,0.6532496203731588,0.86192090763213,0.7385123395051874
527,2.0,2.0,1.0,0.5555555555555556,1,0.5758382118147951,0.1917954182205647,0.20010643959552957,0.6159893274307251,0.7039496898651123,0.7741250770270954,0.5904629291539991,0.668096735501273,0.7585463687748059,0.6978077776142934
528,1.0,1.0,0.0,0.5555555555555556,1,0.4855769230769231,0.2674698795180723,0.2548076923076923,0.6950590014457703,0.7671672701835632,0.7338056044896953,0.7074712373739499,0.7365499558884238,0.7066375208547857,0.7211160796517136
529,2.0,2.0,1.0,0.7777777777777778,1,0.6294019005030743,0.3200895355344152,0.23588596981553941,0.6632069945335388,0.6343821883201599,0.8765425061150761,0.5030997275893374,0.6499998482789939,0.8594111267041191,0.7222633021718816
530,8.0,2.0,1.0,1.0,1,0.5139664804469274,0.21742605915267785,0.26656025538707107,0.6060606837272644,0.8118520379066467,0.597579618267198,0.7385161356425443,0.8039198541319805,0.42529198156452397,0.6413268974015617
531,3.0,2.0,1.0,0.7777777777777778,2,0.6201991465149359,0.2743236829615567,0.22759601706970128,0.640057384967804,0.6959230303764343,0.8029723674688795,0.4540176613143613,0.7678265201570046,0.7747551715802424,0.6998929301301219
532,6.0,1.0,0.0,1.0,2,0.5920873124147339,0.30327868852459017,0.2919508867667121,0.6954986453056335,0.6207754015922546,0.3341065357539361,0.734359896200249,0.7405668068981012,0.3329912182175077,0.5355061142674485
533,1.0,2.0,1.0,0.6666666666666666,1,0.3034215622982569,0.178409825468649,0.16785022595222723,0.6354553699493408,0.725966215133667,0.8600120860954142,0.7300090962531116,0.8325923662182255,0.8086106352147715,0.8078060459453806
534,8.0,2.0,0.0,1.0,2,0.5938480853735092,0.23884349465744814,0.21092278719397364,0.596677839756012,0.70096755027771,0.5307511648449599,0.6768085118131818,0.7332588604760798,0.5491085247036497,0.6224817654594679
535,8.0,1.0,1.0,1.0,3,0.430806257521059,0.11821471652593488,0.16365824308062574,0.618770182132721,0.7062132358551025,0.3132783379847593,0.8146936721908975,0.8256871862617864,0.13385840335404411,0.5218793999478718
536,8.0,1.0,0.0,0.8888888888888888,2,0.5757806549885759,0.33714721586575136,0.3214013709063214,0.6946766972541809,0.7185033559799194,0.8885135962757875,0.5473062854153254,0.5461363876639018,0.8638500165508297,0.7114515714764611
537,13.0,2.0,1.0,0.5555555555555556,1,0.465418418035919,0.20726577437858507,0.1918226977455101,0.6160693764686584,0.5911142826080322,0.8826714933242201,0.5010669794251076,0.679040282352807,0.8700039053223966,0.7331956651061329
538,1.0,1.0,0.0,1.0,1,0.656516443361754,0.3073170731707317,0.2935444579780755,0.6844431161880493,0.6416990756988525,0.9132081301726949,0.532221216121902,0.6919104365361113,0.8891268715729763,0.7566166636009211
539,8.0,1.0,0.0,0.5555555555555556,0,0.5822339489885663,0.28370044052863436,0.27088830255057167,0.6446974277496338,0.7260370850563049,0.12949160078911498,0.6700305250075878,0.7702031607180972,0.13979793123465403,0.4273808044373635
540,8.0,2.0,1.0,0.7777777777777778,3,0.6269207129686539,0.2941538461538462,0.28395820528580207,0.6802380084991455,0.6237607002258301,0.8444033354548782,0.673342041815779,0.6864927323546705,0.8317860616563405,0.7590060428204171
541,13.0,2.0,1.0,0.7777777777777778,3,0.5324830609804703,0.31751096928599926,0.23674770825029895,0.622186541557312,0.8026609420776367,0.05385557186851288,0.5465053669274277,0.7107711734229091,0.12056448775622232,0.357924149993768
542,1.0,1.0,0.0,0.7777777777777778,1,0.3963210702341137,0.27531380753138074,0.2566889632107024,0.6655807495117188,0.7164252400398254,0.5906184541276891,0.6750091136933667,0.7491544941150257,0.5276848813363736,0.6356167358181137
543,8.0,1.0,0.0,0.8888888888888888,3,0.5977468522200133,0.2614465826144658,0.24121935056328694,0.6441209316253662,0.7119573354721069,0.7815760677985579,0.6507057611742424,0.7602638865391776,0.8041957003030595,0.7491853539537594
544,3.0,1.0,1.0,0.625,2,0.5237084217975938,0.23812898653437276,0.21939136588818117,0.6264767646789551,0.7215518355369568,0.8690286717692478,0.6658883296778899,0.6803298587902792,0.8479130827592687,0.7657899857491715
545,8.0,1.0,1.0,0.7777777777777778,3,0.6450261780104712,0.3155136268343815,0.24816753926701568,0.6454576849937439,0.7161291241645813,0.6903736596058153,0.4234699682976127,0.7674383041933168,0.6951468254867063,0.6441071893958628
546,9.0,1.0,1.0,1.0,2,0.574496644295302,0.28629032258064513,0.22684563758389262,0.6183553338050842,0.6178278923034668,0.8676027240694982,0.6325226959224489,0.8131328877029401,0.8310267076754202,0.7860712538425768
