index,issueArea,decisionDirection,partyWinning,voteDistribution,respondentType,rouge1,rouge2,rougeL,bert_f1,align_score,unieval_coherence,unieval_consistency,unieval_fluency,unieval_relevance,unieval_overall
0,10.0,2.0,0.0,0.625,1,0.41468875951634576,0.24204392649036308,0.2382445141065831,0.6502042412757874,0.8409296870231628,0.4109330417741084,0.7107926572395561,0.769217115170961,0.29521239270868965,0.5465388017233288
1,8.0,1.0,0.0,0.6666666666666666,1,0.5960406634563937,0.2592394215318693,0.2225789192081327,0.6024091839790344,0.810623288154602,0.8959645768958371,0.5622896732189068,0.752236144248274,0.8818015857143638,0.7730729950193455
2,2.0,1.0,1.0,1.0,2,0.584757505773672,0.32917244567730003,0.2309468822170901,0.6673386693000793,0.6580784320831299,0.9133680074718982,0.6137396381512075,0.7577981674873725,0.8693526476716028,0.7885646151955202
3,1.0,1.0,0.0,0.6666666666666666,1,0.6579881656804734,0.3803317535545024,0.3147928994082841,0.6429609060287476,0.7006275653839111,0.8959091185136789,0.544367285922589,0.6699329313519767,0.8623727985553147,0.7431455335858899
4,8.0,2.0,1.0,1.0,3,0.5262385321100918,0.27836944546456116,0.21137614678899083,0.6619349718093872,0.7216767072677612,0.8798962484693144,0.6768590616044402,0.7511602186639081,0.8687135615378283,0.7941572725688728
5,7.0,1.0,0.0,0.5555555555555556,3,0.5155722326454034,0.3056702966579046,0.24090056285178235,0.5825749635696411,0.6785112023353577,0.9066102183852721,0.5556423313647522,0.8299776371357458,0.8776211782793207,0.7924628412912726
6,10.0,1.0,0.0,0.5555555555555556,1,0.6285714285714286,0.27665106604264167,0.2566233766233766,0.6507564783096313,0.7767311334609985,0.8928357103527985,0.5333976352836578,0.7706554275350156,0.8744952739096307,0.7678460117702756
7,8.0,1.0,1.0,0.8888888888888888,2,0.5763508222396241,0.2556862745098039,0.26311667971808933,0.6482264995574951,0.6817668676376343,0.6974839027893884,0.6026160583058616,0.7114446276166231,0.5950811251119543,0.6516564284559567
8,8.0,1.0,1.0,1.0,2,0.5931321540062435,0.3420229405630866,0.34339229968782514,0.6766526103019714,0.5924577116966248,0.706096844475924,0.7162282445486254,0.8771422554024021,0.09183954671732394,0.5978267227860689
9,1.0,2.0,1.0,0.5555555555555556,1,0.5594913714804722,0.2727272727272727,0.28247048138056313,0.6349530816078186,0.7729793190956116,0.8588050766846606,0.5812822194501986,0.8162565794596139,0.851844804085819,0.777047169920073
10,2.0,2.0,1.0,0.5555555555555556,2,0.625,0.2904707233065442,0.3188073394495413,0.6392260789871216,0.7031615376472473,0.4522133015054961,0.5683478822264761,0.5993967439467836,0.5035179982000891,0.5308689814697112
11,9.0,1.0,0.0,0.6666666666666666,1,0.5485665382969619,0.29464668094218416,0.23791185280273855,0.6550136804580688,0.7477318048477173,0.8815635367657108,0.6223445687188232,0.8511066703751053,0.8429908946322849,0.7995014176229811
12,5.0,1.0,1.0,0.625,2,0.5810234541577824,0.27321237993596587,0.24626865671641793,0.66265469789505,0.7258628606796265,0.748145330586048,0.6094918413156202,0.8423842598639032,0.6632546337106694,0.7158190163690602
13,4.0,2.0,0.0,1.0,3,0.6221590909090909,0.34976303317535545,0.30303030303030304,0.5839282870292664,0.7292665243148804,0.8769634890511768,0.565540827687331,0.7611509536929395,0.8557249405777861,0.7648450527523084
14,2.0,1.0,1.0,1.0,1,0.5989304812834225,0.2773019271948608,0.20320855614973263,0.5647611021995544,0.8040319085121155,0.34229103687035745,0.6002219417265823,0.7513279902114868,0.38301325604536923,0.519213556213449
15,1.0,1.0,0.0,0.5555555555555556,1,0.5635255508673229,0.2759267949319568,0.21940928270042193,0.6243685483932495,0.7452553510665894,0.8906873583975161,0.6701216454530321,0.81050208287577,0.8369127830105942,0.802055967434228
16,8.0,1.0,0.0,1.0,2,0.33769063180827885,0.1724890829694323,0.1895424836601307,0.6566243171691895,0.6494728922843933,0.9461492250374371,0.8319174916434668,0.812271208856677,0.6103612222911428,0.8001747869571809
17,8.0,1.0,0.0,0.75,1,0.5204248366013071,0.26573998364677026,0.24673202614379086,0.6637890934944153,0.7025293707847595,0.4173994086405994,0.5453906631857757,0.6761598999581957,0.6232049265048549,0.5655387245723564
18,9.0,1.0,0.0,0.8888888888888888,1,0.5890214797136039,0.3038700430004778,0.25202863961813843,0.7168348431587219,0.6601734757423401,0.849506307158712,0.6356577725933404,0.838272536629974,0.8490844759111752,0.7931302730733004
19,1.0,1.0,0.0,1.0,1,0.5405405405405406,0.3227326266195524,0.34782608695652173,0.6653321981430054,0.641873300075531,0.5870407825247426,0.5926505531752729,0.5998443520289134,0.5923732160553558,0.5929772259460712
20,12.0,2.0,0.0,0.5555555555555556,1,0.6339622641509435,0.32703723691311387,0.307277628032345,0.6977210640907288,0.6831870079040527,0.8576433282370858,0.5859096712079694,0.67467665644346,0.8529177665196097,0.7427868556020312
21,2.0,1.0,1.0,1.0,2,0.3499406880189798,0.20546318289786222,0.17081850533807827,0.6455909013748169,0.6256325244903564,0.7716856716276237,0.6923957419622598,0.812891368684708,0.5211690799749145,0.6995354655623764
22,3.0,2.0,1.0,1.0,1,0.4992307692307692,0.279445727482679,0.2815384615384615,0.6510493159294128,0.7109248638153076,0.9159514959721017,0.6550895245445556,0.7698030022853529,0.8759882472823611,0.8042080675210929
23,1.0,1.0,1.0,0.6666666666666666,2,0.6771096513390602,0.34699038947900857,0.2678120262758969,0.6804107427597046,0.8023961782455444,0.9168505259978131,0.6110525610170668,0.8679834921968193,0.903875250521495,0.8249404574332985
24,2.0,2.0,1.0,1.0,1,0.47352024922118374,0.21205821205821207,0.19626168224299065,0.6071575880050659,0.688860297203064,0.6402274206501496,0.5898658528718309,0.6150086797035104,0.533189171816644,0.5945727812605337
25,8.0,2.0,0.0,1.0,2,0.6350540216086434,0.32692307692307687,0.2496998799519808,0.6414709091186523,0.6825668215751648,0.8408724076218566,0.6293713020476596,0.6744250847899529,0.8293771565166141,0.7435114877440208
26,2.0,1.0,0.0,0.6666666666666666,1,0.5923344947735192,0.29069767441860467,0.25667828106852497,0.6819394826889038,0.5739650726318359,0.8811560285036983,0.5284542817677822,0.692752003451523,0.8640186811718302,0.7415952487237084
27,9.0,1.0,0.0,1.0,3,0.5741254858411994,0.3079488604780434,0.2853970016657412,0.6755335330963135,0.6626799702644348,0.8892727652750102,0.5345546391123582,0.7701465563373555,0.8424409753192608,0.7591037340109962
28,7.0,1.0,1.0,0.7777777777777778,3,0.47591601482091395,0.2126081582200247,0.20008233841086867,0.5995817184448242,0.8067393898963928,0.6692198957794709,0.6127765368100102,0.7564466353124367,0.7323994133512801,0.6927106203132996
29,10.0,2.0,0.0,0.6666666666666666,3,0.24190800681431004,0.15699658703071673,0.15502555366269166,0.6305776238441467,0.41236281394958496,0.29927418925582655,0.6386569621532818,0.8286112069128589,0.6377447904427361,0.6010717871911759
30,2.0,2.0,1.0,0.5555555555555556,1,0.595048258497692,0.3368332633347333,0.29710449013848095,0.6931976079940796,0.7838176488876343,0.8509855327483001,0.7469006719666494,0.7792028946137867,0.8531274302126812,0.8075541323853543
31,2.0,2.0,1.0,0.7777777777777778,1,0.5784563189143341,0.2699490662139219,0.22137404580152673,0.6290370225906372,0.7037284970283508,0.89689208541499,0.5468675723767398,0.7695864245918106,0.8732266374808466,0.7716431799660968
32,2.0,1.0,1.0,1.0,2,0.5683709869203329,0.30543435144783815,0.26634958382877527,0.6642183661460876,0.7856810092926025,0.7127893162419017,0.5119544409083665,0.803193990873534,0.6651718539410111,0.6732774004912033
33,2.0,2.0,1.0,0.7777777777777778,1,0.6458951533135509,0.29900990099009905,0.26310583580613256,0.6797845959663391,0.7726029753684998,0.8702719115059144,0.631832613288668,0.844422535069045,0.8607300811801005,0.801814285260932
34,9.0,1.0,0.0,0.8888888888888888,2,0.6355340848094471,0.29983879634605054,0.2823403113258186,0.6525934338569641,0.6259860992431641,0.7819778720540151,0.5219184240081268,0.6877554495717135,0.7853780033943416,0.6942574372570492
35,8.0,2.0,1.0,1.0,2,0.4043321299638989,0.22405782137325764,0.21041774110366168,0.6365181803703308,0.6907680630683899,0.2858276724478659,0.658975802821965,0.7082892463160883,0.6759204353359406,0.5822532892304649
36,2.0,1.0,1.0,0.6666666666666666,2,0.5859178541492037,0.28859060402684567,0.24727577535624476,0.5879191160202026,0.7396044135093689,0.8469866122718249,0.6033103719777241,0.7780999598627973,0.8320120774425832,0.7651022553887324
37,1.0,2.0,1.0,0.5555555555555556,1,0.38571428571428573,0.16890080428954424,0.18482142857142855,0.6232489943504333,0.5523324608802795,0.7602637895966812,0.6087656191182709,0.7079435068113757,0.6818358073869072,0.6897021807283087
38,8.0,2.0,1.0,1.0,2,0.6130803794308538,0.3498250874562719,0.26959560659011483,0.6661643385887146,0.7459601163864136,0.9073617300040736,0.606790869661253,0.7734099591489135,0.8897894417311977,0.7943380001363595
39,1.0,1.0,1.0,0.8888888888888888,2,0.6081802015411975,0.28249258160237395,0.23829282750444578,0.6481801271438599,0.5625933408737183,0.8317182184853523,0.5260857847864489,0.5708556582392069,0.7909423724117883,0.6799005084806992
40,2.0,2.0,1.0,0.5555555555555556,2,0.6155195089872862,0.3045195261079421,0.24462954844366505,0.676239013671875,0.7447819113731384,0.8634942183581035,0.6998396423485936,0.8105782555852964,0.8555151680962217,0.8073568210970539
41,8.0,1.0,0.0,1.0,1,0.6519877675840978,0.3172075933864054,0.26055045871559634,0.6638672351837158,0.7709884643554688,0.7471412246852035,0.6286829217351706,0.6659045586504891,0.7367049630298533,0.6946084170251792
42,10.0,2.0,0.0,0.5555555555555556,1,0.40830027464144036,0.19664122137404577,0.17393957888312483,0.6041942238807678,0.6251411437988281,0.7592208931370975,0.5572259004781274,0.7682040379977111,0.7567940037982164,0.710361208852788
43,10.0,2.0,1.0,1.0,1,0.6143162393162392,0.2342245989304813,0.22222222222222224,0.6119785308837891,0.5826802849769592,0.8963104557749414,0.5610148708562434,0.8279420957021236,0.8782845910714943,0.7908880033512007
44,8.0,2.0,0.0,1.0,2,0.5846774193548387,0.28456104944500504,0.23286290322580644,0.6892719864845276,0.6897606253623962,0.9110083530007945,0.6610289292020113,0.7081078116460345,0.8864545921462971,0.7916499214987843
45,1.0,1.0,0.0,0.8888888888888888,1,0.5597365945437442,0.30979284369114873,0.22201317027281278,0.6575645804405212,0.6727936863899231,0.8639929208184803,0.5607554658822607,0.5840559552742354,0.8497700434163752,0.7146435963478379
46,8.0,1.0,1.0,1.0,1,0.2513607125185552,0.11887072808320952,0.14151410192973773,0.6249493956565857,0.7231311798095703,0.7434239162359263,0.6458381978284439,0.8487893399606504,0.752117495056676,0.7475422372704241
47,2.0,1.0,0.0,1.0,0,0.4597701149425288,0.24568138195777353,0.22796934865900384,0.6878207325935364,0.5910844802856445,0.834358725102608,0.7659337179052943,0.9123299696222692,0.6433191448474886,0.7889853893694151
48,2.0,1.0,0.0,1.0,1,0.6046511627906976,0.32589073634204274,0.2667299477930707,0.6560366153717041,0.786513090133667,0.8803406454467795,0.7434222107948887,0.8969435907119557,0.8624437800657605,0.8457875567548461
49,2.0,1.0,1.0,1.0,2,0.5987261146496815,0.30616583982990786,0.3255484784147204,0.6577794551849365,0.7386578321456909,0.7798731180725534,0.6661628688738042,0.6504036203879389,0.714862063496217,0.7028254177076284
50,1.0,2.0,1.0,0.7777777777777778,1,0.5903083700440529,0.3427851291745431,0.3574575204531152,0.665298342704773,0.8034312129020691,0.6845739901012265,0.5732866092780571,0.653102639085961,0.5505496295619003,0.6153782170067863
51,8.0,1.0,0.0,0.8888888888888888,3,0.5999046256556987,0.33412887828162297,0.2804005722460658,0.6401842832565308,0.558448314666748,0.8078933761569019,0.5809513979932573,0.7975423356492438,0.8252895956278388,0.7529191763568105
52,8.0,2.0,1.0,1.0,1,0.6324786324786325,0.32529182879377433,0.3247863247863248,0.6522075533866882,0.6399967074394226,0.08086110539791459,0.6566842245443058,0.8052787175299058,0.1145886999012572,0.4143531868433459
53,2.0,2.0,0.0,0.5555555555555556,3,0.6006927263730827,0.33283803863298655,0.30282038594755073,0.6919706463813782,0.7771303057670593,0.8852029331692205,0.6238519734876221,0.6654845465307492,0.8596970305078474,0.7585591209238598
54,9.0,2.0,0.0,0.6666666666666666,1,0.6203763789746919,0.2664067576348278,0.2478909798831927,0.6713314056396484,0.6851043105125427,0.8209026865899387,0.562610246731892,0.71918523219714,0.8179933502835909,0.7301728789506404
55,1.0,2.0,1.0,0.8888888888888888,1,0.500805152979066,0.3064516129032258,0.2898550724637681,0.7094874382019043,0.6676168441772461,0.4140729866653148,0.5846465722039467,0.5932919921208252,0.39382949368869613,0.4964602611696957
56,1.0,2.0,1.0,0.6666666666666666,1,0.5768298594280175,0.3085880640465793,0.2569074163839069,0.6976326704025269,0.6037033200263977,0.8854296305314872,0.488877662939679,0.6390393533236329,0.855968677717546,0.7173288311280863
57,9.0,1.0,1.0,0.6666666666666666,4,0.4407039020657995,0.22528735632183908,0.24483550114766642,0.6420788168907166,0.7197552919387817,0.5210952229767379,0.7448022486891582,0.7512175572336326,0.4805069974200942,0.6244055065799057
58,3.0,2.0,0.0,0.6666666666666666,2,0.2848067760719957,0.136724960254372,0.1524616199047115,0.6190818548202515,0.7305277585983276,0.5373364325394709,0.7391292081416023,0.6855479764094096,0.16065031634968913,0.530665983360043
59,12.0,1.0,0.0,0.5555555555555556,2,0.39823008849557523,0.2815964523281596,0.2853982300884956,0.6849575042724609,0.6349243521690369,0.5942443726702862,0.756853861852046,0.5437566560032805,0.28353937547105185,0.5445985664991662
60,1.0,2.0,0.0,1.0,2,0.5646437994722955,0.26948480845442535,0.2730870712401055,0.6956483721733093,0.7810243368148804,0.7289504907272244,0.6207476868449625,0.670756223731706,0.7586878977763388,0.6947855747700579
61,2.0,2.0,1.0,0.6666666666666666,1,0.38956714761376243,0.18444444444444444,0.1997780244173141,0.6259127855300903,0.6562283039093018,0.4258247722905729,0.5410481249845889,0.7099750907456017,0.36954562274125075,0.5115984026905035
62,1.0,1.0,0.0,0.5555555555555556,1,0.42137973896830333,0.18034825870646765,0.15910503418272218,0.6267198920249939,0.7005074620246887,0.854495107797495,0.5356027833295706,0.67187734179358,0.8462021927829227,0.7270443564258922
63,1.0,2.0,1.0,1.0,1,0.6186953597848016,0.3367003367003367,0.34431741761936785,0.664688229560852,0.7280289530754089,0.0842623149813329,0.6408784687399322,0.6328041364520984,0.09164839380760446,0.362398328495242
64,13.0,2.0,1.0,0.8888888888888888,1,0.5533391153512576,0.2571676802780191,0.23937554206418038,0.6484367251396179,0.6995124816894531,0.04224472561566571,0.6981098104917153,0.6889591207514957,0.06867547564489647,0.37449728312594327
65,2.0,1.0,1.0,0.5555555555555556,2,0.6266531027466938,0.32179226069246436,0.25534079348931843,0.643598198890686,0.6921476721763611,0.6438676202436797,0.5075974611808525,0.8041790172915613,0.6713719792360018,0.6567540194880238
66,3.0,2.0,0.0,0.75,2,0.45275035260930885,0.2627118644067797,0.2933709449929478,0.6352147459983826,0.7904664874076843,0.134002137102766,0.6135865751074908,0.7285846242725486,0.06799034096454752,0.3860409193618382
67,1.0,2.0,1.0,0.5555555555555556,1,0.29183098591549295,0.20642978003384094,0.1780281690140845,0.5931605696678162,0.7751222848892212,0.582527991100212,0.6575142301737823,0.7115370392142937,0.7866524119173527,0.6845579181014102
68,8.0,1.0,0.0,1.0,3,0.604358353510896,0.2937469704314105,0.26731234866828085,0.6373149752616882,0.7724270820617676,0.8564069875965024,0.6108133638906175,0.7726208718147918,0.8324527887798453,0.7680735030204392
69,8.0,1.0,1.0,0.625,3,0.5843828715365239,0.3253467843631778,0.3022670025188917,0.653817355632782,0.7289683222770691,0.9157049270336239,0.5665954493303321,0.7009709360023646,0.9024490084059784,0.7714300801930748
70,10.0,2.0,1.0,1.0,1,0.6321839080459771,0.3049482163406214,0.2724137931034483,0.6709280610084534,0.7499337792396545,0.9125263250070709,0.6470254686037945,0.7797567257100676,0.8978290305713857,0.8092843874730796
71,8.0,2.0,0.0,0.6666666666666666,3,0.6440854611776967,0.35680751173708913,0.23241271495570612,0.6176247000694275,0.6337478160858154,0.638757731528926,0.5932385310860853,0.7572673228824498,0.5865967347835538,0.6439650800702537
72,2.0,2.0,0.0,0.7777777777777778,3,0.5679347826086957,0.28299319727891153,0.27445652173913043,0.6601251363754272,0.782274067401886,0.09725592762026734,0.6392506148351241,0.7190580761913495,0.1039134588944814,0.3898695193853056
73,4.0,1.0,1.0,1.0,1,0.5403356794802383,0.3533875338753388,0.28262046561992415,0.6083105802536011,0.7868163585662842,0.2240525572935422,0.6058017726001035,0.6612781007887589,0.26728176604447823,0.43960354918172073
74,1.0,1.0,1.0,1.0,2,0.5345911949685535,0.2506297229219143,0.24025157232704408,0.619023859500885,0.6767321825027466,0.34000045836708126,0.47243472598501673,0.6543735562418372,0.34065694858358364,0.4518664222943798
75,1.0,2.0,1.0,0.6666666666666666,1,0.574397732640529,0.27801418439716313,0.23901747756258857,0.6390129923820496,0.8032750487327576,0.6677373043129853,0.7097064565991628,0.8228416074495549,0.7188195207521765,0.7297762222784698
76,8.0,1.0,0.0,1.0,4,0.6346015793251975,0.27893601725377426,0.2770997846374731,0.6488572359085083,0.7816044688224792,0.8989329977157672,0.7136181053779421,0.8927927752986952,0.8829276217965727,0.8470678750472442
77,8.0,2.0,1.0,1.0,2,0.5443609022556392,0.3072289156626506,0.3067669172932331,0.6535953879356384,0.663874089717865,0.6352630645178162,0.7479655117689386,0.6728746305203382,0.5953486714225772,0.6628629695574175
78,2.0,2.0,1.0,1.0,2,0.6316851664984863,0.35555555555555557,0.30474268415741673,0.5914730429649353,0.7388561367988586,0.8461093760347103,0.5367615426270106,0.752144812966183,0.840896213453752,0.743977986270414
79,1.0,1.0,0.0,0.7777777777777778,1,0.6137091607943626,0.2591404746632457,0.2549647661755285,0.6655781865119934,0.6084465980529785,0.8760907203997458,0.5025762772746403,0.6404770283989901,0.8408523102615634,0.7149990840837349
80,9.0,1.0,0.0,0.6666666666666666,1,0.5643105446118193,0.2436194895591647,0.24681344148319817,0.6508277058601379,0.7567359805107117,0.8872962486169487,0.7193240576279997,0.767630027492519,0.8661716277991746,0.8101054903841605
81,9.0,1.0,1.0,0.5555555555555556,3,0.5932484781405645,0.2925207756232687,0.25788599889319314,0.6696293950080872,0.7613165378570557,0.7470742892132954,0.6486632395809377,0.8086038545999901,0.7582810477094577,0.7406556077759203
82,9.0,1.0,1.0,0.5555555555555556,2,0.6045845272206303,0.2783357245337159,0.29512893982808025,0.6554871797561646,0.7672618627548218,0.5457055509096144,0.6139369610611229,0.8469908407248521,0.592988389940774,0.6499054356590908
83,10.0,2.0,0.0,1.0,2,0.47321428571428564,0.2681564245810056,0.2700892857142857,0.6646116971969604,0.7205405831336975,0.686860495057531,0.6739387485239027,0.7411959434485721,0.39066812366405396,0.6231658276735149
84,8.0,2.0,1.0,0.875,3,0.6035805626598465,0.3297491039426523,0.2751918158567775,0.6434488296508789,0.6051806211471558,0.8982244979499511,0.6031242377058208,0.7810880943442408,0.8455301111517074,0.7819917352879301
85,1.0,2.0,1.0,0.8888888888888888,1,0.6151603498542274,0.29863813229571984,0.24878522837706515,0.6593409776687622,0.7122973203659058,0.8237438309910944,0.6212016689775887,0.7668963634731784,0.8128762504129151,0.7561795284636941
86,1.0,2.0,1.0,0.8888888888888888,1,0.4893754024468769,0.21405544809800128,0.24855119124275593,0.680366039276123,0.7993273735046387,0.17248702352343545,0.6425139286530136,0.7387905143681067,0.2198081650559621,0.44339990790012945
87,2.0,1.0,1.0,0.875,1,0.6311345646437996,0.33914421553090335,0.29762532981530343,0.6788542866706848,0.7818769812583923,0.8860081173134634,0.571214435571811,0.690629341277799,0.8783891885387692,0.7565602706754606
88,1.0,1.0,1.0,1.0,2,0.6320093457943925,0.26900584795321636,0.2429906542056075,0.6332690715789795,0.7921497225761414,0.397806763237512,0.6510245591883363,0.7777948775732973,0.38900481945161786,0.553907754862691
89,1.0,2.0,0.0,0.5555555555555556,2,0.46937269372693724,0.19807834441980782,0.23025830258302582,0.6135787963867188,0.7620367407798767,0.8529215067572617,0.5486691389149759,0.7833636618881155,0.8620854468506756,0.7617599386027571
90,1.0,2.0,1.0,0.625,3,0.5706422018348623,0.24242424242424243,0.21743119266055044,0.5985702872276306,0.6514304280281067,0.8520727683244045,0.5012768450432691,0.8354838757825517,0.8348379601706932,0.7559178623302296
91,8.0,2.0,1.0,1.0,4,0.5041152263374487,0.22451081359423272,0.20987654320987653,0.6014828085899353,0.6194906234741211,0.16390819466540918,0.5624612181064239,0.6099753509906769,0.1794606291103685,0.37895134821821963
92,8.0,2.0,1.0,1.0,1,0.6351648351648352,0.30913091309130913,0.2824175824175824,0.6368589401245117,0.7484333515167236,0.8686833423550562,0.5394342563873864,0.716546423176947,0.8599313384648186,0.7461488400960521
93,7.0,1.0,1.0,0.5555555555555556,2,0.6414881623449831,0.3182844243792325,0.26944757609921083,0.6971948146820068,0.7694383859634399,0.8717250461457655,0.7088346950998593,0.8012261049863775,0.8763469088044098,0.8145331887591031
94,10.0,1.0,1.0,1.0,2,0.6030534351145038,0.29426751592356687,0.26208651399491095,0.6656915545463562,0.8170598745346069,0.4430090019573204,0.606180470878549,0.710422408138035,0.29577391415421045,0.5138464487820287
95,1.0,2.0,1.0,0.6666666666666666,1,0.6147704590818364,0.29570429570429574,0.24650698602794413,0.7020338773727417,0.7670734524726868,0.6446156982330488,0.648537169469878,0.7328050130759477,0.7408506289255224,0.6917021274260993
96,10.0,2.0,0.0,1.0,2,0.5524673851389676,0.22600795002839297,0.23028927963698242,0.6492652893066406,0.6305128335952759,0.8512809944356291,0.5121193734395345,0.6423486887722695,0.8306654163678272,0.7091036182538151
97,9.0,1.0,0.0,0.5555555555555556,2,0.5634648370497427,0.30472103004291845,0.20668953687821612,0.6432270407676697,0.7104842662811279,0.8363941866600624,0.5247815549222065,0.7190182177191462,0.8246587692564957,0.7262131821394776
98,4.0,2.0,1.0,1.0,1,0.6030211480362538,0.29522081064730793,0.3021148036253777,0.6608549356460571,0.7003159523010254,0.8143403897953712,0.5943541834523629,0.7776219309661462,0.7598209124120847,0.7365343541564913
99,1.0,1.0,1.0,1.0,2,0.6340956340956342,0.32049947970863685,0.25675675675675674,0.6451808214187622,0.5946441292762756,0.8927761583525978,0.4600611303734501,0.6570566426417155,0.8803530156599894,0.7225617367569381
100,8.0,2.0,1.0,0.6666666666666666,3,0.5432967032967033,0.2622085349758029,0.25054945054945055,0.630917489528656,0.6698019504547119,0.909090830520608,0.5801870472725835,0.7922862498317772,0.8904350838474792,0.792999802868112
101,2.0,2.0,1.0,1.0,1,0.6352459016393444,0.3282051282051282,0.3278688524590164,0.6626174449920654,0.6304865479469299,0.8907132573532635,0.5022533223340795,0.7582617356408503,0.8950329402637961,0.7615653138979974
102,4.0,2.0,1.0,0.5555555555555556,1,0.5588235294117647,0.24563017479300828,0.25,0.6697250604629517,0.7379384636878967,0.8883995910169554,0.6096492380489688,0.7440809229820392,0.8680716838144423,0.7775503589656014
103,8.0,1.0,1.0,1.0,1,0.5651720542231491,0.29227557411273486,0.2700729927007299,0.6711556911468506,0.6042426228523254,0.8399069956431887,0.5526040253342043,0.7364839939861547,0.8085232017022085,0.734379554166439
104,8.0,1.0,1.0,1.0,3,0.6354410616705699,0.42533229085222835,0.3731459797033568,0.7456047534942627,0.7295325398445129,0.8734639129715182,0.6911564548367004,0.5951840115809731,0.8685721264619939,0.7570941264627964
105,4.0,2.0,1.0,0.7777777777777778,1,0.5627760252365931,0.279216677195199,0.261198738170347,0.6479061245918274,0.6533517241477966,0.03485471882298897,0.6846706314798451,0.7086792069557534,0.042735557273726944,0.36773502863307855
106,6.0,1.0,1.0,0.5555555555555556,2,0.5160997732426305,0.2532909668633681,0.24308390022675738,0.6585894227027893,0.689600944519043,0.9254465919725465,0.6430113871406007,0.8257824391674684,0.928914836108954,0.8307888135973923
107,8.0,1.0,0.0,0.7777777777777778,3,0.6332622601279317,0.3297758804695837,0.25799573560767597,0.6857543587684631,0.637248694896698,0.8721721655792224,0.5485302932195092,0.608702798744634,0.8609175136555348,0.722580692799725
108,1.0,1.0,1.0,0.5555555555555556,2,0.4270690443529949,0.1839816933638444,0.17558299039780523,0.6491446495056152,0.7107362151145935,0.6955146668473903,0.6737914919803036,0.7968075540265792,0.46478894814928373,0.6577256652508892
109,5.0,1.0,0.0,1.0,1,0.5424148606811146,0.2938623682579045,0.2773993808049536,0.6447396874427795,0.7152730226516724,0.7882734124536356,0.7493234621863292,0.7005804967576775,0.5575683267710287,0.6989364245421678
110,1.0,2.0,1.0,0.5555555555555556,1,0.44274809160305345,0.2645502645502646,0.2419260129183793,0.6471461653709412,0.729226291179657,0.5723405525423487,0.6191939001945179,0.6679553629866984,0.5770298649795573,0.6091299201757806
111,1.0,1.0,1.0,1.0,2,0.5830903790087464,0.28599221789883267,0.2750242954324587,0.6454364061355591,0.6411271691322327,0.9036733416020307,0.42470889056327804,0.7135415597663779,0.8891507007586889,0.7327686231725938
112,8.0,1.0,1.0,1.0,1,0.6163051608077786,0.35805243445692886,0.2737471952131638,0.6966579556465149,0.7510377168655396,0.8951170699373812,0.563157840470195,0.757754853235422,0.8572749761743388,0.7683261849543344
113,1.0,2.0,0.0,0.5555555555555556,2,0.5498575498575499,0.285171102661597,0.24311490978157643,0.6877100467681885,0.698658287525177,0.8815580014794873,0.6833464663670785,0.7490158710463394,0.8672862073798158,0.7953016365681802
114,2.0,2.0,1.0,0.7777777777777778,1,0.40810987573577506,0.19515389652914208,0.2027468933943754,0.6413760781288147,0.6665495038032532,0.3936034403889076,0.765640537112464,0.8702834518432162,0.18448665454297875,0.5535035209718916
115,10.0,2.0,1.0,0.5555555555555556,2,0.6017595307917888,0.3006459189665297,0.27448680351906163,0.591838538646698,0.7115410566329956,0.6129141230389379,0.6392398036214703,0.8407688463220253,0.6202584132392714,0.6782952965554262
116,8.0,1.0,0.0,1.0,2,0.6125,0.26134585289514867,0.2578125,0.6716780066490173,0.7084034085273743,0.2051486157615918,0.6314029600729198,0.7479082746396046,0.15366787335043358,0.43453193095613746
117,1.0,2.0,1.0,0.5555555555555556,1,0.5652387986213687,0.2730409068506653,0.2698178237321517,0.6686497330665588,0.6076107025146484,0.8998027640569539,0.569561140994721,0.7011146879167021,0.8838658858833303,0.7635861197129268
118,12.0,2.0,1.0,1.0,1,0.6089171974522293,0.26785714285714285,0.2445859872611465,0.6615132689476013,0.7193745970726013,0.841987552453811,0.7142098449530369,0.80688803031979,0.8469865084467588,0.8025179840433492
119,1.0,1.0,1.0,1.0,2,0.611889801836636,0.28447024673439764,0.2329627839536008,0.6718457341194153,0.6029126048088074,0.8739058111809864,0.5317642603452208,0.7070136081455853,0.836293595800902,0.7372443188681737
120,1.0,1.0,0.0,0.5555555555555556,1,0.6124293785310734,0.2873303167420814,0.26666666666666666,0.6967678666114807,0.7842869758605957,0.8703858701684756,0.5691917902270276,0.777647970259419,0.8553956263781078,0.7681553142582574
121,9.0,2.0,1.0,1.0,2,0.5989508822126848,0.3369928400954654,0.2861230329041488,0.6695072650909424,0.6799696087837219,0.8896103020412837,0.5512268693339972,0.7261767243581895,0.88132035253614,0.7620835620674026
122,6.0,2.0,0.0,1.0,2,0.6454398273070697,0.3479200432198812,0.29357798165137616,0.6305238604545593,0.678971529006958,0.7550092503203719,0.5553910661635539,0.6352914380626514,0.7626041032009172,0.6770739644368736
123,1.0,2.0,1.0,1.0,1,0.5900962861072901,0.25206611570247933,0.22833562585969738,0.6457394957542419,0.7056273818016052,0.8719429299589329,0.6072659151074765,0.7050641213679749,0.8463387197216174,0.7576529215390004
124,2.0,1.0,1.0,0.5555555555555556,1,0.5362853628536286,0.24702503077554372,0.22714227142271423,0.6107122302055359,0.8050535321235657,0.6412294968203115,0.5799684578120053,0.6999319145016294,0.6872315565528909,0.6520903564217093
125,1.0,1.0,0.0,1.0,1,0.5652173913043479,0.25979680696661833,0.2492753623188406,0.6715525984764099,0.7685104608535767,0.8744912279959303,0.6709391877114141,0.8350906993594958,0.8520549523115759,0.8081440168446041
126,9.0,2.0,1.0,1.0,2,0.6178092986603625,0.3188634569850039,0.30890464933018125,0.6614474058151245,0.6541029810905457,0.6227068502981555,0.6509247386255489,0.6759947671276311,0.5074379670215453,0.6142660807682202
127,10.0,2.0,0.0,1.0,1,0.5356988316745998,0.27197921177999135,0.2025097360450022,0.6407836079597473,0.7751070857048035,0.8637573222980601,0.5854821424158826,0.7170564250674957,0.7939264340557338,0.7400555809592931
128,2.0,2.0,1.0,0.5555555555555556,2,0.5345377258235919,0.3031914893617021,0.26142401700318807,0.6754605174064636,0.6425325274467468,0.7282987284854131,0.7143295114104589,0.8210819191391424,0.4324603013880265,0.6740426151057602
129,5.0,1.0,1.0,1.0,2,0.6306976744186047,0.2721342031686859,0.25488372093023254,0.6834031939506531,0.6031464338302612,0.8696553687199123,0.6411793388372212,0.6708545455013514,0.6529222141142534,0.7086528667931846
130,1.0,1.0,1.0,1.0,2,0.592626728110599,0.3201107011070111,0.25990783410138246,0.6213052272796631,0.66115403175354,0.8597465626632294,0.577928536948303,0.7804415946548466,0.8576296515554562,0.7689365864554587
131,1.0,1.0,1.0,0.7777777777777778,2,0.5909439754412894,0.2843966179861645,0.3054489639293937,0.654173731803894,0.7318569421768188,0.06596632969178491,0.6538046072170925,0.7341591344360515,0.09334528496147582,0.3868188390766012
132,4.0,2.0,0.0,0.5555555555555556,2,0.5324947589098532,0.2131766680654637,0.1979035639412998,0.6399943232536316,0.6955559849739075,0.8742841532306932,0.5245920166891702,0.7469840063479798,0.8599010928955642,0.7514403172908519
133,2.0,1.0,1.0,0.5555555555555556,2,0.5462427745664741,0.2873674059787849,0.24470134874759153,0.6201162338256836,0.724062979221344,0.5041769952701143,0.6890187376209888,0.7467330329871799,0.4896185436092576,0.6073868273718852
134,8.0,1.0,0.0,0.5555555555555556,2,0.5544668587896253,0.2723600692440854,0.27896253602305476,0.6562083959579468,0.7222828269004822,0.49939874535983086,0.6962853424333199,0.6443206078904365,0.3275252785122386,0.5418824935489565
135,2.0,1.0,0.0,0.5555555555555556,1,0.6872770511296077,0.3464285714285714,0.2342449464922711,0.6303173899650574,0.6904908418655396,0.8634017280362094,0.4164769622689426,0.6478816930599448,0.8395017009764482,0.6918155210853862
136,10.0,2.0,0.0,0.6666666666666666,2,0.5923423423423423,0.32356257046223225,0.26576576576576577,0.6555134654045105,0.6651557087898254,0.0659727709831019,0.5616331755292013,0.7162116963729428,0.03994622678480678,0.3459409674175132
137,8.0,1.0,1.0,0.6666666666666666,4,0.5909287257019439,0.34068309554690884,0.2678185745140389,0.6528525352478027,0.6890863180160522,0.8725658362646224,0.6468032745050307,0.7626574533828583,0.8254294748561115,0.7768640097521557
138,1.0,2.0,0.0,0.5555555555555556,1,0.5845755022683085,0.20116807268007786,0.20998055735580037,0.6551886200904846,0.7420570850372314,0.8741408161543751,0.5027183287396818,0.8307525741706613,0.8687950969849955,0.7691017040124284
139,3.0,2.0,1.0,0.6666666666666666,2,0.5544899738448126,0.274869109947644,0.24760244115082825,0.5955691337585449,0.7437554597854614,0.8830991529385633,0.7003330193324702,0.7849550890899071,0.8717007499472607,0.8100220028270504
140,8.0,2.0,0.0,1.0,0,0.6576763485477177,0.3966770508826584,0.2800829875518673,0.688449501991272,0.8124232292175293,0.761505623482667,0.7632603324606839,0.7479331425577941,0.7877395646341055,0.7651096657838127
141,5.0,2.0,0.0,0.875,2,0.5424460431654676,0.22622478386167147,0.22014388489208633,0.630527138710022,0.6627395153045654,0.8386212524087879,0.6312359780159348,0.8763326844956729,0.8226224622288033,0.7922030942872996
142,9.0,2.0,1.0,1.0,4,0.5725567620927937,0.3339920948616601,0.29615004935834155,0.7026053667068481,0.6340221166610718,0.845393534692937,0.5288145278199561,0.7403376091415901,0.7925599035707521,0.7267763938063088
143,8.0,1.0,1.0,0.7777777777777778,1,0.6190259444697315,0.34988610478359905,0.3431952662721894,0.6450062394142151,0.780498206615448,0.9179661739482466,0.5835553604344487,0.7528362188175064,0.9134950408898209,0.7919631985225056
144,1.0,2.0,1.0,1.0,1,0.5305429864253394,0.26160815402038506,0.24660633484162897,0.5591468811035156,0.8147647380828857,0.032002350308894534,0.6833915657625388,0.7109073201676451,0.013440389645868958,0.3599354064712369
145,1.0,2.0,1.0,1.0,1,0.5958858659588587,0.28438538205980063,0.2468480424684804,0.6674206852912903,0.6098779439926147,0.920084596285212,0.5190760744437543,0.7931010536725207,0.8961491726650137,0.7821027242666252
146,1.0,1.0,1.0,1.0,2,0.613013698630137,0.2651428571428571,0.22716894977168947,0.6397379040718079,0.6617432832717896,0.7923727803300749,0.6099805044266444,0.811153504554257,0.7207345427592918,0.7335603330175671
147,3.0,2.0,0.0,0.5555555555555556,3,0.4501424501424502,0.238834336395312,0.17157328268439379,0.6120733618736267,0.5767679214477539,0.853226636355522,0.4658570921060182,0.6995531920326759,0.8309909269396598,0.712406961858469
148,8.0,2.0,0.0,0.7777777777777778,2,0.6133720930232558,0.32783705140640157,0.2858527131782946,0.6606247425079346,0.7567502856254578,0.8891691716992514,0.5674101818281119,0.7729359913392861,0.8692736342623658,0.7746972447822538
149,10.0,2.0,1.0,0.7777777777777778,2,0.5989176187612748,0.2275737507525587,0.22730006013229104,0.6455510258674622,0.6354847550392151,0.8847718141869094,0.5661881436141691,0.6764797460517962,0.8724168707738605,0.7499641436566837
150,4.0,2.0,1.0,1.0,3,0.49868766404199477,0.2301629006831319,0.24461942257217853,0.6524417400360107,0.6483704447746277,0.24474210866465967,0.6093222037152056,0.6901150778374393,0.2740899193591529,0.4545673273941143
151,8.0,2.0,1.0,0.75,3,0.49032738095238093,0.2598659717051378,0.2105654761904762,0.643401563167572,0.7356027960777283,0.8580513585842732,0.609228096071659,0.7232497637357757,0.8390559010505717,0.7573962798605698
152,8.0,2.0,0.0,1.0,2,0.37786561264822127,0.20110847189231987,0.23241106719367588,0.671397864818573,0.7299750447273254,0.09522560293954763,0.723985786767637,0.6220498866605961,0.09896274032595928,0.385056004173435
153,1.0,1.0,0.0,0.6666666666666666,1,0.5901449275362319,0.2460824143934997,0.27014492753623187,0.6000451445579529,0.6963213086128235,0.9122031953109178,0.7467639107104904,0.8551914334627809,0.9022061606067684,0.8540911750227393
154,8.0,1.0,1.0,1.0,2,0.5860362836723475,0.24986241056686848,0.21770203408466188,0.6516879200935364,0.5939127206802368,0.8246387857312188,0.5843678433040971,0.7298413539657548,0.7891341875086185,0.7319955426274224
155,1.0,2.0,1.0,0.5555555555555556,1,0.5777262180974478,0.26248548199767713,0.25986078886310904,0.603585958480835,0.7337901592254639,0.16533000005126047,0.5082640299102767,0.6929618838018458,0.1401076863203671,0.3766659000209376
156,8.0,1.0,1.0,1.0,2,0.43179983857949955,0.2407108239095315,0.20016142050040356,0.6864247918128967,0.5984219908714294,0.6571296682047105,0.6095198546193454,0.6746971937656737,0.668214831591243,0.6523903870452431
157,7.0,1.0,1.0,0.5555555555555556,1,0.5179319981369352,0.2097902097902098,0.21518397764322308,0.6383392810821533,0.7204710841178894,0.45871755922390844,0.5099845651154515,0.7208047850797271,0.2786933575276346,0.4920500667366804
158,8.0,1.0,0.0,1.0,3,0.5077473182359953,0.24940334128878283,0.23957091775923717,0.6689457297325134,0.6934609413146973,0.258972908336066,0.6232498768392396,0.7225228146815361,0.21403584753407384,0.4546953618477289
159,6.0,2.0,1.0,1.0,2,0.5510777881911902,0.3117370892018779,0.20243673851921273,0.6698970794677734,0.6599773168563843,0.35660579208385246,0.6191246519600162,0.6669715540977511,0.30101238757358745,0.4859285964288018
160,1.0,1.0,0.0,0.6666666666666666,1,0.5661861074705112,0.23753280839895016,0.21756225425950199,0.6782695055007935,0.7602285146713257,0.09706019151583821,0.6389742006245943,0.8174087954285175,0.12226818564463507,0.4189278433033963
161,1.0,1.0,1.0,1.0,2,0.6592797783933517,0.3522884882108184,0.31024930747922436,0.686130702495575,0.7443368434906006,0.7586791655159744,0.6316066186078457,0.7154263613409557,0.6871051542135813,0.6982043249195893
162,3.0,1.0,0.0,1.0,1,0.5702082221035771,0.24692677712453234,0.24559530165509877,0.6456366777420044,0.5932101011276245,0.8901428721441587,0.5928677621524325,0.7638103801085278,0.8496090303792173,0.7741075111960841
163,8.0,2.0,1.0,1.0,2,0.5951515151515151,0.2366504854368932,0.2593939393939394,0.6221279501914978,0.6963554620742798,0.9116370607732207,0.5830853868502776,0.827310062721004,0.9031233734133691,0.8062889709394678
164,5.0,2.0,1.0,0.6666666666666666,3,0.5448613376835236,0.2471420794774088,0.24252311038607935,0.6551145911216736,0.6333678364753723,0.8947958491486964,0.5382300138343545,0.7243528019440127,0.8659076587280318,0.7558215809137738
165,9.0,2.0,0.0,1.0,3,0.6001103143960288,0.2650469353948095,0.23607280750137893,0.6103857755661011,0.6703435182571411,0.6465913577586001,0.5792330356559883,0.8636919227402614,0.6923396500758272,0.6954639915576692
166,8.0,2.0,1.0,1.0,2,0.6065904505716208,0.2558922558922559,0.2340282447881641,0.6653948426246643,0.7208806872367859,0.9014131217153916,0.6813699423641049,0.7594883268232874,0.8945726779146126,0.8092110172043491
167,1.0,1.0,0.0,1.0,1,0.5012755102040817,0.1851851851851852,0.21173469387755103,0.6579620242118835,0.6997066736221313,0.9214803932734311,0.6886995202321464,0.7581524352325657,0.892589131062724,0.8152303699502167
168,2.0,2.0,0.0,1.0,2,0.4462399005593536,0.24268823895457375,0.22374145431945308,0.616206705570221,0.6592808961868286,0.040692952574558364,0.6368619061274657,0.7711632216798917,0.03716314373303956,0.3714703060287388
169,5.0,1.0,1.0,1.0,1,0.5533468559837729,0.2728380024360536,0.23042596348884375,0.6407771706581116,0.7825161814689636,0.8685294822214858,0.6307615667951217,0.7090154895970046,0.8533169935541419,0.7654058830419386
170,3.0,1.0,1.0,0.5555555555555556,1,0.47882627542514167,0.24024024024024027,0.20340113371123705,0.6704183220863342,0.7377506494522095,0.8708873629676062,0.5879412907746318,0.675197014897599,0.8704698212696679,0.7511238724773762
171,8.0,2.0,1.0,1.0,2,0.46418732782369143,0.21793103448275858,0.23829201101928374,0.6575907468795776,0.6635803580284119,0.8457647490434136,0.6083963235985286,0.7573298212050995,0.682250899771247,0.7234354484045722
172,2.0,2.0,0.0,0.5555555555555556,3,0.6004618937644342,0.23699421965317918,0.21247113163972287,0.6557207107543945,0.7052616477012634,0.7986857641838107,0.6404919721072722,0.8350978740126945,0.8296349128505397,0.7759776307885792
173,9.0,1.0,1.0,1.0,3,0.6107226107226107,0.31971995332555425,0.2645687645687646,0.6849761009216309,0.7128182649612427,0.6587021235791358,0.6223828614393898,0.7032467326255352,0.47918553808187764,0.6158793139314847
174,13.0,1.0,0.0,1.0,3,0.49365303244005637,0.27522935779816515,0.19534555712270804,0.6564263701438904,0.7090251445770264,0.9027840433351896,0.5334550143155168,0.7409714250746701,0.882086601711021,0.7648242711090995
175,8.0,2.0,1.0,1.0,2,0.5900900900900901,0.314543404735062,0.23986486486486489,0.5653896927833557,0.6410282850265503,0.8574814263004995,0.5824573605508837,0.6075119133031287,0.793536258498638,0.7102467396632876
176,10.0,2.0,1.0,1.0,3,0.5473684210526316,0.26191670847967885,0.2385964912280702,0.6777753233909607,0.5739766359329224,0.17809468279940152,0.5845512933973365,0.6588234747123942,0.13338076126509493,0.38871255304355684
177,6.0,2.0,1.0,1.0,3,0.4699093157460841,0.2213047068538398,0.23742786479802147,0.601718008518219,0.6273055076599121,0.019662175978638386,0.47552557354591407,0.5866075274043521,0.02918674844222553,0.2777455063427825
178,8.0,1.0,1.0,0.5555555555555556,1,0.48755109624674836,0.2521383413908516,0.211073950204385,0.6670380234718323,0.6694464087486267,0.9133906249705468,0.6909604053566829,0.7891397547741452,0.8833927739672107,0.8192208897671465
179,8.0,2.0,1.0,0.6666666666666666,4,0.4396396396396396,0.20288548241659154,0.18018018018018017,0.6343254446983337,0.6922757029533386,0.05843472555757588,0.6343789088118043,0.747496269269296,0.11365070969261772,0.3884901533328235
180,2.0,1.0,1.0,1.0,2,0.6396255850234009,0.30088495575221236,0.26937077483099325,0.6307136416435242,0.7349492311477661,0.8046335653252223,0.6254662861312237,0.6696758248084472,0.8114083417610133,0.7277960045064766
181,8.0,2.0,1.0,1.0,3,0.5891840607210627,0.2849002849002849,0.2703984819734346,0.6547971963882446,0.6659541726112366,0.8988366908518487,0.5383141240315934,0.6822574695228201,0.8778129146182525,0.7493052997561287
182,1.0,1.0,0.0,0.5555555555555556,1,0.5648414985590778,0.2842712842712843,0.2665706051873199,0.6989368796348572,0.6913983225822449,0.6945049862214495,0.6483277352466095,0.7503608571778193,0.6488562030826419,0.68551244543213
183,1.0,2.0,1.0,1.0,1,0.5003831417624521,0.24539877300613497,0.1992337164750958,0.5950098633766174,0.7045814394950867,0.9017535457703142,0.5451529145219655,0.6920883354142409,0.872136137174781,0.7527827332203254
184,1.0,1.0,0.0,1.0,1,0.5918788713007571,0.29910406616126806,0.2629043358568479,0.6664201021194458,0.7085962295532227,0.8684031770224269,0.7165483741923574,0.8171418187187395,0.8400073105564152,0.8105251701224847
185,1.0,2.0,1.0,0.7777777777777778,1,0.6584255042290175,0.29315960912052114,0.23942745608327914,0.6878798604011536,0.7552422285079956,0.8775463791292332,0.7224066706860361,0.8566054449659801,0.8608649576183591,0.8293558630999022
186,7.0,1.0,0.0,1.0,3,0.5032258064516129,0.28036175710594313,0.24258064516129027,0.6378181576728821,0.6343277096748352,0.887251779933539,0.6380974455456386,0.6143137647610486,0.8407389527554295,0.745100485748914
187,2.0,1.0,1.0,0.75,2,0.37016052880075545,0.19464566929133859,0.18696883852691218,0.6452292203903198,0.8161523342132568,0.6437498772500055,0.46820106637454423,0.7548593698615081,0.6800650555681985,0.6367188422635641
188,2.0,1.0,1.0,0.5555555555555556,2,0.49714285714285716,0.227124183006536,0.18938775510204084,0.645295262336731,0.6780459880828857,0.8708054479841858,0.6325731293860954,0.6599218229566719,0.8573452377221741,0.7551614095122818
189,9.0,2.0,1.0,1.0,3,0.4782890473104342,0.218040233614536,0.1944264419961115,0.632882833480835,0.7223195433616638,0.27794406824733725,0.7016463056692779,0.6392638109252922,0.1860882435792393,0.45123560710528665
190,9.0,2.0,1.0,1.0,2,0.6064434617814276,0.2631246046805819,0.22236260265319016,0.6418428421020508,0.7396835088729858,0.8121525321493188,0.5926603737429497,0.6268561732050779,0.7612254625489887,0.6982236354115838
191,3.0,1.0,1.0,0.5555555555555556,2,0.5406315789473685,0.24104509060261275,0.18610526315789475,0.6287040710449219,0.8423634171485901,0.7386800090767235,0.5437517383628728,0.7727015768798218,0.7442407685102764,0.6998435232074236
192,1.0,1.0,1.0,1.0,2,0.6758703481392556,0.3569711538461539,0.28331332533013204,0.6642876863479614,0.6568398475646973,0.9288515399901451,0.4752963500015698,0.7337187900209733,0.8954053728562668,0.7583180132172387
193,1.0,1.0,1.0,1.0,2,0.5668135095447872,0.2588235294117647,0.2378854625550661,0.6799582839012146,0.6961215734481812,0.6140595473468932,0.4270046221819864,0.7272880139004922,0.5799893157378287,0.5870853747918001
194,12.0,2.0,1.0,1.0,3,0.6099110546378652,0.24045801526717558,0.23252858958068615,0.6533053517341614,0.5905514359474182,0.02509359211774623,0.5962775010773262,0.64998439527573,0.030158957388647697,0.3253786114648625
195,12.0,2.0,1.0,1.0,2,0.6308040770101925,0.29705215419501135,0.26840317100792754,0.6473605632781982,0.6147262454032898,0.8652679437791857,0.5229340758183946,0.8617594616126535,0.854514538937743,0.7761190050369942
196,8.0,2.0,0.0,0.7777777777777778,1,0.49928808732795443,0.19097387173396677,0.17845277645942098,0.6172582507133484,0.6606309413909912,0.8854948195677733,0.553490734287194,0.872857748453071,0.8775163482734202,0.7973399126453646
197,4.0,2.0,1.0,1.0,2,0.6058147396889791,0.25186188219363576,0.2501690331304936,0.6521386504173279,0.7551531791687012,0.8925111332333543,0.7546823943966929,0.8102630287921277,0.8832793057055254,0.8351839655319251
198,1.0,1.0,1.0,0.6666666666666666,2,0.5844618674269423,0.2583868665239115,0.2637205987170349,0.6577112078666687,0.7239680290222168,0.3925938972855317,0.6189148193965378,0.6859274030418675,0.35919612389844396,0.5141580609055952
199,3.0,1.0,1.0,1.0,2,0.5945945945945946,0.29305680793507666,0.28468468468468466,0.6699000597000122,0.7252688407897949,0.8539679870225383,0.5268250932559871,0.6582767304173054,0.8540577616516212,0.723281893086863
200,8.0,2.0,1.0,0.7777777777777778,3,0.6450511945392491,0.30523917995444194,0.24573378839590443,0.6821431517601013,0.7022702097892761,0.6387542346965674,0.559907792377488,0.6762953873924511,0.8353494923383713,0.6775767267012195
201,2.0,2.0,1.0,0.5555555555555556,1,0.5584970111016225,0.3085470085470085,0.24423569598633646,0.652637779712677,0.674193799495697,0.9088001114850817,0.624676553801754,0.6994238036072656,0.8528381665439894,0.7714346588595227
202,2.0,2.0,0.0,0.5555555555555556,1,0.5464098073555166,0.2541630148992112,0.20052539404553416,0.6244758367538452,0.7358628511428833,0.8849634599878565,0.5081176119717702,0.677655144730684,0.846256191733023,0.7292481021058335
203,9.0,1.0,1.0,0.5555555555555556,2,0.5745140388768898,0.23792357606344627,0.2894168466522678,0.6354697942733765,0.6751532554626465,0.622179339522648,0.6326468843390185,0.727373417488299,0.7396163996111716,0.6804540102402843
204,8.0,1.0,1.0,0.7777777777777778,3,0.6057347670250894,0.22488038277511962,0.20430107526881724,0.6445408463478088,0.6227617263793945,0.9029072420857959,0.5914346502387681,0.635605269710388,0.8899906266755043,0.7549844471776141
205,6.0,1.0,0.0,0.6666666666666666,3,0.5359223300970875,0.237200259235256,0.2563106796116505,0.6293150186538696,0.664634644985199,0.9059078267861097,0.7237022763275117,0.741660004241676,0.9015325622854165,0.8182006674101785
206,1.0,2.0,0.0,0.5555555555555556,2,0.604364857302742,0.26778711484593837,0.24846110800223842,0.6711918711662292,0.6317510008811951,0.8932833629301696,0.5638828954641091,0.8374661538043575,0.8903342758092841,0.79624167200198
207,2.0,1.0,0.0,1.0,1,0.5733445096395641,0.34256926952141054,0.34031852472757745,0.6958135962486267,0.7302557229995728,0.5264089808031869,0.6518944665227745,0.6776756700493339,0.31894066430481743,0.5437299454200282
208,8.0,1.0,0.0,0.5555555555555556,2,0.6030204962243797,0.2548596112311015,0.2340884573894282,0.6268152594566345,0.7368030548095703,0.9193194007375267,0.5621075526842979,0.7035338903031808,0.873757408179817,0.7646795629762055
209,9.0,2.0,1.0,0.5555555555555556,2,0.640997830802603,0.3246471226927253,0.2809110629067245,0.7214261889457703,0.7457391023635864,0.850400703686251,0.6433783789253097,0.7323673261457527,0.8399893187451553,0.7665339318756171
210,1.0,1.0,1.0,0.5555555555555556,2,0.602357984994641,0.2682403433476395,0.22615219721329047,0.6721006631851196,0.7069720029830933,0.6747599517899348,0.5580967413824127,0.7625864082224141,0.6899031474378114,0.6713365622081433
211,3.0,2.0,0.0,0.7777777777777778,2,0.6601520086862106,0.33369565217391306,0.30184581976112923,0.6722268462181091,0.6829413771629333,0.8731639572212817,0.5430797606791703,0.747554741706476,0.8567666976841828,0.7551412893227777
212,8.0,1.0,1.0,1.0,1,0.5840922890103218,0.26869300911854105,0.22829386763812995,0.6804148554801941,0.6753185987472534,0.8600146160542438,0.5389203584413053,0.678529634738954,0.8392531475242258,0.7291794391896822
213,1.0,2.0,1.0,0.8888888888888888,1,0.5231338679827267,0.2779493514515133,0.22208513263417642,0.5888808369636536,0.7193689346313477,0.7713105687625005,0.6680530089377638,0.7100424999690506,0.6672993974761956,0.7041763687863776
214,2.0,2.0,1.0,0.8888888888888888,3,0.4868316041500399,0.22701838529176657,0.18515562649640863,0.6577311754226685,0.6659296751022339,0.8538795618999495,0.707233458837416,0.7245915953033262,0.8391383259211599,0.7812107354904628
215,9.0,2.0,1.0,1.0,2,0.6420749279538905,0.33006347374495093,0.2524495677233429,0.6544772982597351,0.6181339621543884,0.8351410900184806,0.5057479803162129,0.701673181196975,0.8411705905330754,0.720933210516186
216,1.0,1.0,0.0,0.5555555555555556,1,0.5636722606120436,0.27470355731225293,0.22408687068114513,0.628581702709198,0.7891521453857422,0.8454631097500235,0.632443164624239,0.721353273752523,0.8448403165258699,0.7610249661631638
217,8.0,2.0,0.0,1.0,2,0.6091458153580673,0.27830596369922217,0.2985332182916307,0.6306976079940796,0.7956249713897705,0.7591354652322148,0.7271972768273522,0.8174727102480241,0.6622735042943916,0.7415197391504956
218,1.0,1.0,0.0,0.8888888888888888,1,0.4558927311220889,0.1978798586572438,0.20606916019760058,0.6563643217086792,0.7773895263671875,0.1876897527191128,0.6734757051809246,0.8851801577956432,0.14993519539566483,0.47407020277283635
219,1.0,2.0,1.0,1.0,1,0.6251673360107095,0.28954423592493295,0.24096385542168675,0.6603224277496338,0.6196925044059753,0.8963911124308972,0.5772435975351212,0.5461993233698714,0.8374871379193539,0.714330292813811
220,3.0,2.0,1.0,1.0,1,0.5951126018207954,0.2532374100719425,0.2338284619070436,0.6506333947181702,0.7405404448509216,0.7641578909558119,0.5536858762144202,0.8728129733671391,0.78223682451771,0.7432233912637702
221,7.0,1.0,1.0,1.0,2,0.6080525883319639,0.3654320987654321,0.36647493837304845,0.6812846064567566,0.7279865145683289,0.8765112796546894,0.713011483557337,0.683172745545679,0.8930118690511795,0.7914268444522212
222,8.0,2.0,1.0,1.0,0,0.6659012629161883,0.3705408515535098,0.3628013777267509,0.6933245658874512,0.7544923424720764,0.0719136797958225,0.8071987604805689,0.7790387705040437,0.12117953176924513,0.44483268563742007
223,4.0,2.0,1.0,0.8888888888888888,1,0.5977584059775841,0.26433915211970077,0.2391033623910336,0.6222103834152222,0.6793054342269897,0.7315996900518567,0.451157674481588,0.7074032652096542,0.7432105887900093,0.6583428046332771
224,8.0,1.0,1.0,1.0,2,0.5941520467836257,0.2552693208430914,0.22573099415204678,0.6402202844619751,0.6435092091560364,0.12346639007803605,0.6875353076922621,0.7483638762674091,0.09851437560581754,0.4144699874108812
225,2.0,1.0,1.0,0.5555555555555556,2,0.580386924616411,0.21376085504342018,0.2428285523682455,0.6423345804214478,0.6258596181869507,0.8157796937159904,0.6559081991529007,0.6768901306747195,0.7536575469915014,0.7255588926337779
226,12.0,2.0,0.0,0.6666666666666666,1,0.49354838709677423,0.28894269572235676,0.22741935483870968,0.601482629776001,0.6515318751335144,0.34045650902242564,0.6472897807130653,0.8048047110175847,0.5599250093595248,0.5881190025281501
227,2.0,2.0,1.0,0.5555555555555556,1,0.6160949868073878,0.2642007926023778,0.2493403693931398,0.6356692314147949,0.714418888092041,0.03165423879497948,0.6425229374917102,0.7742182474523432,0.036364864291822376,0.3711900720077138
228,8.0,1.0,1.0,1.0,2,0.5119896305897602,0.25957170668397145,0.24238496435515233,0.6478578448295593,0.623600423336029,0.3503524191512907,0.6402634137137274,0.5807714010205034,0.2526782945295169,0.4560163821037596
229,9.0,2.0,1.0,1.0,1,0.5782556750298685,0.22248803827751196,0.24372759856630824,0.6535264253616333,0.6173909306526184,0.06957257058824161,0.6145662102624962,0.7904757356665489,0.07625508881812713,0.38771740133385346
230,2.0,2.0,1.0,0.7777777777777778,1,0.6283391405342624,0.24883720930232556,0.19744483159117304,0.6188035011291504,0.6962002515792847,0.8188253900786453,0.6205611741721232,0.7942517506066941,0.7932645939447954,0.7567257272005645
231,4.0,2.0,1.0,0.5555555555555556,1,0.1968019680196802,0.1395157981124333,0.1303813038130381,0.6193352341651917,0.7409231662750244,0.2742710713105423,0.6552274141300324,0.5840384239040601,0.31037155951737144,0.4559771172155016
232,1.0,1.0,1.0,1.0,2,0.65625,0.32731648616125153,0.27283653846153844,0.6810685396194458,0.6801717281341553,0.8771351056987018,0.640917124872761,0.7817436146895966,0.8744651123395963,0.793565239400164
233,8.0,1.0,1.0,1.0,3,0.5967143614202438,0.27798408488063664,0.21091679915209324,0.6266319155693054,0.7192528247833252,0.8856825667301755,0.7142118656068696,0.7897419016680314,0.8733447385568478,0.8157452681404811
234,10.0,1.0,0.0,0.7777777777777778,4,0.6337943475646421,0.3323299217338952,0.24052916416115455,0.6814699172973633,0.6928803324699402,0.8841501538304548,0.6169967893422724,0.7136658144212231,0.8603106663150555,0.7687808559772515
235,7.0,2.0,1.0,1.0,0,0.6079751424132573,0.3151892172109902,0.2589331952356292,0.6577360033988953,0.7808607220649719,0.8496256381175225,0.5288403226479714,0.6108448592588089,0.8162125557317965,0.7013808439390248
236,3.0,2.0,1.0,1.0,1,0.5805277525022747,0.2741347905282332,0.2338489535941765,0.6412758827209473,0.7753478288650513,0.8403940382696867,0.6662244208741108,0.704892477756025,0.8202023880094106,0.7579283312273083
237,9.0,2.0,1.0,0.8888888888888888,1,0.5548060708263068,0.25506756756756754,0.24283305227655988,0.662900447845459,0.7605910897254944,0.11761372174193656,0.6942629526151001,0.7946844065193566,0.08112323382932413,0.42192107867642936
238,1.0,2.0,1.0,0.6666666666666666,1,0.6561264822134387,0.3244771057094404,0.3094297007340485,0.6483001112937927,0.7603166103363037,0.9003109059187282,0.6561550128080669,0.7574906725117525,0.883911116854391,0.7994669270232346
239,8.0,1.0,1.0,0.6666666666666666,1,0.5380710659898477,0.28031953522149605,0.2741116751269036,0.6546103358268738,0.8447497487068176,0.7922959937580255,0.7514218017522629,0.9001773728067031,0.678871049987766,0.7806915545761893
240,8.0,1.0,1.0,0.7777777777777778,3,0.6258185219831618,0.37734082397003743,0.30028063610851263,0.6394843459129333,0.7488499879837036,0.864990051547179,0.6281579511361344,0.6480368414456091,0.8496217963916276,0.7477016601301375
241,2.0,2.0,0.0,0.5555555555555556,3,0.5232403718459495,0.28799291094373064,0.27268702965914116,0.6824966073036194,0.6548741459846497,0.3302518301113102,0.5889630707290169,0.6991092412853986,0.30243696858644936,0.4801902776780438
242,8.0,2.0,1.0,1.0,3,0.6639477977161502,0.36764705882352944,0.28874388254486133,0.7111716866493225,0.6340399384498596,0.7305278412501459,0.6302906877128288,0.6979696078293935,0.6566922856978857,0.6788701056225636
243,8.0,2.0,1.0,1.0,3,0.6308724832214765,0.29932803909590716,0.25991458206223306,0.6485958099365234,0.6850535869598389,0.7887609293908747,0.4847909245862492,0.7978919290185638,0.7596909417773691,0.7077836811932642
244,8.0,1.0,0.0,0.5555555555555556,2,0.597574421168688,0.21523178807947022,0.22381477398015437,0.663753092288971,0.7183822989463806,0.8945154308804052,0.6424620249245324,0.7391363595036125,0.8740779455313414,0.7875479402099729
245,3.0,1.0,1.0,0.5555555555555556,3,0.6122448979591837,0.320586694604505,0.27210884353741494,0.677861213684082,0.7854951620101929,0.7432394965567863,0.5673840412842841,0.7358895485077408,0.6458382383743226,0.6730878311807835
246,1.0,1.0,0.0,1.0,2,0.38675958188153314,0.14136125654450263,0.16202090592334495,0.6494188904762268,0.7181119322776794,0.954100390588463,0.7560921751584139,0.8470575930925722,0.9254080872371867,0.8706645615191589
247,9.0,2.0,1.0,0.6666666666666666,3,0.49939540507859737,0.23728813559322035,0.2140266021765417,0.6236420273780823,0.6195427775382996,0.557433025770911,0.6301128039983113,0.7493330444566476,0.5144912073315908,0.6128425203893653
248,1.0,1.0,0.0,1.0,1,0.5821256038647343,0.31476997578692495,0.37681159420289856,0.6708675622940063,0.6783772706985474,0.15263135111357415,0.7322536634025081,0.6665895460501743,0.201175393869988,0.43816248860906115
249,3.0,2.0,0.0,0.5555555555555556,2,0.5431596091205212,0.32110839445802775,0.251628664495114,0.6487137675285339,0.6712749004364014,0.8041364942364949,0.5583483749706207,0.7311913044578389,0.7865065304698061,0.7200456760336902
250,1.0,2.0,1.0,0.5555555555555556,1,0.5707096124811273,0.2579345088161209,0.24962254655259186,0.6151525974273682,0.7074421048164368,0.8967636305410451,0.6334067977522556,0.6811817280916791,0.8839541471170487,0.7738265758755072
251,2.0,2.0,1.0,0.6666666666666666,3,0.5787017394993637,0.3201698513800425,0.2240135765803988,0.6542550921440125,0.7735273838043213,0.9063064107358003,0.6526362412960773,0.8288794413778633,0.8802719288728417,0.8170235055706457
252,13.0,2.0,0.0,0.6666666666666666,1,0.48884481903817556,0.21042183622828786,0.21021318790282595,0.6261324882507324,0.831028401851654,0.6204587627993408,0.5857219811907474,0.8405980615039602,0.5489454657382649,0.6489310678080782
253,9.0,1.0,0.0,1.0,3,0.56640625,0.2015655577299413,0.208984375,0.6411694288253784,0.7101315259933472,0.3912843592526937,0.8090628327627213,0.8249602062948117,0.40608496022348317,0.6078480896334275
254,8.0,2.0,0.0,0.75,2,0.6332776850306064,0.31309192200557107,0.27156371730662215,0.6410416960716248,0.7773647308349609,0.787693371968313,0.5691360560922679,0.7356072006346168,0.7878048610394606,0.7200603724336646
255,1.0,1.0,0.0,1.0,1,0.5137903861308116,0.22888713496448304,0.22379826635145786,0.6242332458496094,0.6456998586654663,0.7269631327272483,0.7094145337228286,0.7487382645130958,0.7705709666490475,0.738921724403055
256,1.0,2.0,1.0,0.875,1,0.19776286353467562,0.10747872816838333,0.11722595078299776,0.6045845150947571,0.6364477276802063,0.511952692130031,0.7310108856226019,0.7627786533756703,0.47129107268397,0.6192583259530683
257,2.0,1.0,0.0,1.0,1,0.6135895676046671,0.34914089347079036,0.3445435827041867,0.6894286274909973,0.6247814297676086,0.9147223196765019,0.5367371550917678,0.766850357993277,0.8749983832131208,0.7733270539936669
258,9.0,2.0,0.0,0.6666666666666666,2,0.6130358191426893,0.23633156966490299,0.20904286553141516,0.6214097142219543,0.6818650960922241,0.8047322701215038,0.5420306565997663,0.7014063407260134,0.7972952294263145,0.7113661242183995
259,2.0,1.0,1.0,1.0,1,0.663259511641113,0.312677657760091,0.2101078932424759,0.6234761476516724,0.7218694686889648,0.9047489793564124,0.5903960706145263,0.833158762331729,0.8911587816066389,0.8048656484773267
260,8.0,2.0,0.0,0.75,1,0.5058139534883721,0.24830261881668286,0.248062015503876,0.6968212127685547,0.7276668548583984,0.8261271206591505,0.6594073679866412,0.7855764324865966,0.7631304190675539,0.7585603350499855
261,9.0,1.0,0.0,0.75,2,0.602510460251046,0.26806282722513086,0.2656903765690377,0.6490638852119446,0.6721265316009521,0.10812983872360539,0.6290125986887727,0.746568197528344,0.07054505489615881,0.3885639224592202
262,8.0,1.0,1.0,0.6666666666666666,2,0.6589945487583284,0.3080654942389327,0.23622047244094488,0.6266502141952515,0.6624263525009155,0.8473092457090269,0.5395870203159988,0.5698774615487053,0.8266652790595361,0.6958597516583168
263,7.0,1.0,1.0,0.75,2,0.4243301955104997,0.2755620014503263,0.31281679942070967,0.6214974522590637,0.6890203356742859,0.31456007148842596,0.5740142557334023,0.8083921379081976,0.31839289137886984,0.5038398391272239
264,2.0,2.0,0.0,1.0,1,0.6252377932783767,0.3276190476190476,0.280279010779962,0.7013095617294312,0.6597402691841125,0.8264806721463915,0.5650929401069944,0.743670788495406,0.7528383721425095,0.7220206932228254
265,8.0,2.0,1.0,0.75,3,0.35378662244333886,0.19479800774764805,0.2111663902708679,0.6222365498542786,0.6914662718772888,0.1915442397007545,0.7412112089170432,0.8114870875099084,0.23199712511728646,0.49405991531124815
266,2.0,2.0,0.0,0.5714285714285714,1,0.575381679389313,0.2292263610315186,0.20706106870229007,0.6579175591468811,0.7015731930732727,0.8355842015437356,0.6364380805998381,0.7841826856305919,0.8293054943711534,0.7713776155363298
267,1.0,2.0,1.0,0.875,1,0.5438824038045829,0.2622241453916054,0.22913964548205792,0.6368974447250366,0.7300375699996948,0.8197065287231432,0.6130418316485365,0.842644755206248,0.8215053312235873,0.7742246117003788
268,8.0,1.0,1.0,0.75,2,0.6392572944297084,0.3293492695883134,0.28116710875331563,0.6812300086021423,0.7217740416526794,0.8025196972795304,0.6511664917358679,0.5133900325733518,0.8485405105495459,0.703904183034574
269,10.0,2.0,0.0,0.75,3,0.634207240948814,0.29,0.28214731585518105,0.6797791123390198,0.7121171355247498,0.7297723742119973,0.5289405665651347,0.7312627841412414,0.7796488892688402,0.6924061535468033
270,2.0,2.0,1.0,0.875,1,0.625615763546798,0.29839704069050554,0.2512315270935961,0.634087324142456,0.7306525111198425,0.11849695250098352,0.6329515845307789,0.7156870902384909,0.12204386879364562,0.39729487401597474
271,8.0,1.0,1.0,1.0,3,0.4937833037300177,0.29519857735625366,0.27116637063351096,0.6739934086799622,0.7175439596176147,0.7531708424858427,0.6420911600318466,0.6149120108107179,0.5911943436334136,0.6503420892404552
272,2.0,2.0,0.0,1.0,1,0.4097397145256087,0.2253994953742641,0.19647355163727961,0.6399714350700378,0.6954935193061829,0.8222678978778304,0.7477775746380476,0.6518126356184489,0.8394309881383393,0.7653222740681666
273,3.0,2.0,1.0,0.75,1,0.5796862097440132,0.3325062034739454,0.32535094962840627,0.6582664251327515,0.7659828662872314,0.8005890551560007,0.6438562438221952,0.6542373033333122,0.6527528763045612,0.6878588696540174
274,10.0,2.0,0.0,1.0,3,0.6100342075256556,0.3036529680365297,0.2348916761687571,0.6047752499580383,0.7155462503433228,0.8806298516205275,0.5869259798045658,0.6926486495946004,0.844147961959417,0.7510881107447777
275,1.0,2.0,1.0,0.8888888888888888,1,0.564179104477612,0.24962630792227208,0.26119402985074625,0.6773510575294495,0.7592473030090332,0.7319620592970485,0.555677796054283,0.7764422720632712,0.7596321478284729,0.7059285688107689
276,8.0,1.0,1.0,0.875,2,0.6110032362459547,0.24627349319507452,0.19676375404530744,0.6117870211601257,0.6159858107566833,0.8913696881730847,0.5096656019663398,0.7443429746133288,0.8646150646734836,0.7524983323565592
277,1.0,1.0,1.0,0.8888888888888888,2,0.628735632183908,0.3026467203682393,0.26896551724137935,0.6460257768630981,0.6846148371696472,0.8676212995436586,0.5818735304722984,0.7221719609123622,0.8537905452370625,0.7563643340413455
278,8.0,1.0,1.0,1.0,1,0.6392251815980629,0.31757575757575757,0.2590799031476998,0.6500452160835266,0.7303465008735657,0.9062008356941985,0.5135464186745161,0.7457513991267049,0.8898653048494262,0.7638409895862114
279,6.0,2.0,1.0,1.0,3,0.5953593661573289,0.23116147308781868,0.21505376344086022,0.6479901671409607,0.7595911026000977,0.9084897333112477,0.6932576819008851,0.9051380999921287,0.882503277183971,0.8473471980970582
280,3.0,1.0,0.0,0.75,1,0.45276595744680853,0.19437340153452687,0.2042553191489362,0.6479752063751221,0.6324559450149536,0.14628266387364164,0.6457942761950979,0.5996621008245795,0.2239998290518766,0.4039347174862989
281,1.0,2.0,1.0,0.625,1,0.5684496826835902,0.26043557168784026,0.21940163191296463,0.6448994874954224,0.6734440922737122,0.7144307811857891,0.6410056169913613,0.7132122707360364,0.708116423061867,0.6941912729937634
282,1.0,1.0,0.0,0.625,1,0.5866851595006934,0.2583333333333333,0.27323162274618584,0.6425681114196777,0.7666633129119873,0.9123595172767857,0.758106624190423,0.8858630468344278,0.8870585865296232,0.8608469437078149
283,1.0,2.0,1.0,0.625,1,0.5907966353290449,0.25260029717682025,0.23948540326571005,0.6518346667289734,0.7942444086074829,0.7786125618839204,0.5725707522899469,0.8422882187716711,0.7760976568166583,0.7423922974405491
284,1.0,2.0,1.0,1.0,1,0.13463324048282266,0.06970260223048327,0.08542246982358404,0.5613753795623779,0.5857301354408264,0.8899534532252699,0.7945936798653542,0.8502735278954239,0.7583999051082121,0.823305141523565
285,2.0,1.0,0.0,1.0,1,0.6052819414703783,0.27448177269478197,0.26124197002141325,0.6851379871368408,0.696186900138855,0.8300294391160037,0.6151524099913354,0.7744595699567564,0.8315124084138928,0.762788456869497
286,9.0,1.0,0.0,1.0,2,0.6348082595870207,0.3248670998227997,0.31386430678466076,0.645451545715332,0.7539212107658386,0.8597532322461807,0.6098017627300117,0.6717357263818928,0.8545882322647795,0.7489697384057162
287,1.0,2.0,1.0,1.0,1,0.647450110864745,0.3274139844617093,0.2560975609756098,0.6523775458335876,0.7723659873008728,0.895698898742148,0.689395769855796,0.8272457871751453,0.8720493195935771,0.8210974438416665
288,8.0,2.0,1.0,0.8888888888888888,3,0.6219354838709676,0.2997416020671835,0.2941935483870967,0.6514394283294678,0.8150848150253296,0.3366677153294269,0.6813519276282959,0.7068620645237257,0.2313815417321824,0.48906581230340773
289,1.0,2.0,1.0,0.6666666666666666,1,0.6126401630988787,0.29183673469387755,0.22833843017329256,0.6626808643341064,0.7038599848747253,0.6861909610243585,0.44139659078123133,0.7212014619131911,0.7735704406992866,0.6555898636045169
290,1.0,1.0,0.0,1.0,1,0.6443268665490888,0.33902295467922305,0.31628453850676075,0.6775743365287781,0.7492630481719971,0.8941653913316598,0.7502403102588314,0.7612018472452191,0.8730202260759529,0.8196569437279159
291,2.0,2.0,0.0,1.0,4,0.5932835820895523,0.28393524283935245,0.2736318407960199,0.6249303817749023,0.6618146300315857,0.26944718836181003,0.3783055084815688,0.7234957528275442,0.22465072099789457,0.3989747926672044
292,1.0,2.0,1.0,1.0,1,0.669717772692601,0.3254392666157372,0.2898550724637681,0.6664214134216309,0.6457757353782654,0.40094676309816213,0.6185606058021503,0.6916651227423525,0.3917999025271736,0.5257430985424596
293,8.0,1.0,1.0,1.0,2,0.5448717948717948,0.2808988764044944,0.2756410256410256,0.6741667985916138,0.5451585650444031,0.03768807433190672,0.5769765866160071,0.729473446649404,0.10702800079921668,0.3627915270991336
294,1.0,1.0,0.0,0.625,1,0.6257753273604411,0.32022084195997236,0.26740179186767743,0.689022958278656,0.7666611075401306,0.7478523180284465,0.6347463245873153,0.7418583692570623,0.7385952335006508,0.7157630613433688
295,8.0,1.0,0.0,0.7142857142857143,2,0.5601458080194411,0.2347931873479319,0.20291616038882135,0.642853319644928,0.604870080947876,0.885208752533942,0.5405158763315385,0.7117688937920806,0.8602883264167787,0.749445462268585
296,1.0,2.0,0.0,0.75,2,0.5695431472081219,0.26117886178861793,0.21827411167512692,0.6060695648193359,0.7513927817344666,0.8617062827331312,0.6377234197910197,0.66111080359292,0.8286816954806239,0.7473055503994237
297,8.0,1.0,1.0,0.5714285714285714,1,0.31396357328707714,0.15625,0.1621856027753686,0.654323399066925,0.7141492366790771,0.8895221925240071,0.7705408556332536,0.8700765116900504,0.8421755282531382,0.8430787720251123
298,2.0,1.0,1.0,1.0,1,0.29760225669957685,0.16525423728813557,0.1692524682651622,0.628673791885376,0.6417196393013,0.6562967037778056,0.7395282312353411,0.836664467281484,0.7554228269512832,0.7469780573114785
299,9.0,2.0,1.0,1.0,1,0.57190357439734,0.2664446294754371,0.24438902743142144,0.6572529673576355,0.516351580619812,0.27638890134806793,0.5549519478751755,0.676245335099506,0.2438211860725141,0.4378518425988159
300,2.0,1.0,1.0,1.0,2,0.5722339675828048,0.2667607621736062,0.24947145877378435,0.6316930055618286,0.7009004950523376,0.2714479453191788,0.6159615908144493,0.659699802777751,0.15749957907511503,0.42615222949662357
301,8.0,2.0,0.0,1.0,2,0.5500650195058517,0.3111979166666667,0.26267880364109236,0.669907808303833,0.6125112175941467,0.3091012088812684,0.6217491080980281,0.6505330491430527,0.45837247541927667,0.5099389603854064
302,9.0,1.0,1.0,0.75,2,0.5012325390304027,0.23703703703703707,0.20870994248151192,0.6405534148216248,0.7769525647163391,0.6357143195616357,0.7607342269838052,0.6646857515363902,0.6331009955765663,0.6735588234145994
303,8.0,1.0,1.0,1.0,1,0.5661570901423301,0.33139841688654353,0.2382709541381128,0.6220556497573853,0.7015540599822998,0.8526625978779863,0.5895798044771352,0.7618914475949605,0.8466801184286332,0.7627034920946788
304,1.0,1.0,0.0,0.875,1,0.49799999999999994,0.25851703406813625,0.23600000000000002,0.6553395390510559,0.7555580735206604,0.37651875410850144,0.7147817137734086,0.7800201958176729,0.1745311800174229,0.5114629609292515
305,7.0,2.0,0.0,0.75,2,0.41876832844574785,0.19964768056371113,0.20175953079178888,0.6051036715507507,0.7331869006156921,0.8015502816014299,0.688190127102451,0.7755903466600512,0.667330590435677,0.7331653364499022
306,8.0,1.0,0.0,1.0,3,0.6480263157894738,0.34906695938529086,0.2817982456140351,0.5949616432189941,0.7462034225463867,0.8954999632162332,0.5666805578837303,0.7529194776988827,0.8867090901590148,0.7754522722394652
307,1.0,1.0,1.0,1.0,3,0.6352941176470588,0.30620985010706636,0.25240641711229944,0.6569405794143677,0.6691493391990662,0.8902293491506333,0.5672061453165523,0.7809676011938795,0.8862534015167666,0.7811641242944579
308,8.0,1.0,1.0,1.0,1,0.5988372093023255,0.3026188166828322,0.22965116279069767,0.6515327095985413,0.7020819783210754,0.8506304865956573,0.46944655598746926,0.6721851209532125,0.8298052040623871,0.7055168418996816
309,1.0,1.0,1.0,0.625,2,0.6105512744516894,0.24332344213649854,0.23236514522821577,0.649172306060791,0.7807549834251404,0.8875712795364533,0.5962369982469209,0.785432349174065,0.8858760259267354,0.7887791632210437
310,1.0,1.0,0.0,0.75,1,0.6192468619246863,0.24655894673847997,0.255827854154214,0.6840402483940125,0.6222369074821472,0.8966639715788062,0.6571541628154275,0.7113428553754827,0.8554206946447384,0.7801454211036136
311,1.0,2.0,1.0,0.875,1,0.5987438939288207,0.25017470300489164,0.2135380321004885,0.6670929193496704,0.6983048319816589,0.5914753346354742,0.4563553185495382,0.7998694655575187,0.6168177377993084,0.6161294641354599
312,5.0,2.0,1.0,0.625,1,0.4654173764906303,0.2229798840777361,0.18330494037478706,0.6278049349784851,0.7450049519538879,0.9125966482010808,0.5143858964954143,0.719977419441887,0.8846833641381999,0.7579108320691456
313,4.0,2.0,1.0,0.625,1,0.6147138964577658,0.30223677032187674,0.33569482288828334,0.6649357080459595,0.7732565999031067,0.8763600939816578,0.6371566046053487,0.7188021365037001,0.8357082328066876,0.7670067669743486
314,9.0,1.0,0.0,1.0,2,0.5453237410071944,0.24927953890489912,0.2589928057553957,0.6382254362106323,0.6243318319320679,0.68956051423149,0.5822228753137921,0.8110498573616471,0.6944170059424524,0.6943125632123455
315,8.0,1.0,1.0,1.0,2,0.6589595375722543,0.33101851851851855,0.2635838150289017,0.6902133226394653,0.7913232445716858,0.9269028966400976,0.6571188457734403,0.8491008058254532,0.9079943897826972,0.8352792345054221
316,9.0,2.0,1.0,0.625,1,0.48131370328425815,0.2732426303854875,0.22876557191392982,0.6503427624702454,0.7937517762184143,0.7193553281461026,0.637769035293296,0.7306316847767629,0.37925395991768934,0.6167525020334627
317,1.0,1.0,0.0,1.0,1,0.6079390973355084,0.286336418072945,0.23382272974442633,0.6491905450820923,0.6747007966041565,0.43738159009101385,0.6456838906916612,0.7070276485244061,0.47852012912903585,0.5671533146090293
318,2.0,2.0,1.0,1.0,1,0.6353663887670031,0.4303908651734738,0.3431329530495832,0.6926236748695374,0.8007885813713074,0.830468240491069,0.7045892260473838,0.7151348003429475,0.7939791995055137,0.7610428665967285
319,4.0,1.0,1.0,0.8888888888888888,2,0.48528356066044503,0.24730409777138745,0.2440775305096913,0.6225305199623108,0.7633793354034424,0.8131267522942341,0.6851692408918825,0.6546276511340017,0.781840138966808,0.7336909458217317
320,1.0,1.0,0.0,1.0,1,0.6218851570964247,0.341648590021692,0.22426868905742145,0.6343579888343811,0.7432165741920471,0.8575180197965037,0.5657986299150467,0.7230490188349735,0.8571850618114577,0.7508876825894953
321,4.0,1.0,1.0,0.8888888888888888,2,0.5190562613430126,0.3004239854633555,0.308529945553539,0.6392673850059509,0.7480145692825317,0.6563315753563097,0.7291618933845814,0.6923163029569795,0.3586311660110627,0.6091102344272333
322,1.0,2.0,1.0,0.75,1,0.5339506172839507,0.24864864864864866,0.19830246913580246,0.6095002293586731,0.598770022392273,0.8520290393914887,0.5528001655558424,0.7406747705023657,0.8381761028181973,0.7459200195669735
323,9.0,1.0,0.0,0.5555555555555556,3,0.5818629462453837,0.31704312114989736,0.2700041034058268,0.6425772309303284,0.7045428156852722,0.8244518849308722,0.5948583404752301,0.7162558014807986,0.801928390000346,0.7343736042218117
324,2.0,2.0,0.0,1.0,2,0.3960700030703101,0.2187403993855607,0.16272643536997236,0.6315891742706299,0.72796231508255,0.8740287543692363,0.5830072324204982,0.6331529614906035,0.7699620313524468,0.7150377449081963
325,2.0,1.0,1.0,1.0,2,0.6655011655011654,0.34772462077012833,0.30419580419580416,0.6624918580055237,0.789472758769989,0.9022405115392661,0.6861996177321346,0.7510622928462496,0.8746215936499409,0.8035310039418977
326,10.0,2.0,1.0,1.0,2,0.6290598290598289,0.3171705647461494,0.2279202279202279,0.6896820664405823,0.634650468826294,0.878432562078631,0.5662753373872906,0.6492601894870048,0.8441756253173973,0.7345359285675809
327,8.0,1.0,1.0,0.75,3,0.5771670190274841,0.2857142857142857,0.26744186046511625,0.6359072923660278,0.7854335308074951,0.7919812334044066,0.6095103627657298,0.6505232900646303,0.7912031555628374,0.710804510449401
328,1.0,1.0,0.0,0.5555555555555556,1,0.5771090811391725,0.30338891877353413,0.27512090274046214,0.6569263935089111,0.690774142742157,0.7954581383839763,0.6447800962263401,0.731162454687784,0.7823293667247809,0.7384325140057204
329,1.0,2.0,1.0,1.0,1,0.4329446064139942,0.20729927007299268,0.21574344023323613,0.6243188977241516,0.5973075032234192,0.7703159685087992,0.6755870088591707,0.7933628146397946,0.5893099203972093,0.7071439281012435
330,2.0,2.0,1.0,1.0,1,0.4008834897846494,0.17910447761194032,0.1800110436223081,0.6311160326004028,0.7297632694244385,0.6868077813699432,0.6980683588802207,0.7181976341553032,0.5801273885122527,0.6708002907294299
331,2.0,2.0,1.0,1.0,1,0.6691215149921095,0.363349131121643,0.283008942661757,0.6723655462265015,0.6998504996299744,0.8599155895693797,0.5927319708898742,0.7039634570063602,0.8267741686873264,0.7458462965382351
332,3.0,2.0,1.0,1.0,1,0.6282652377762893,0.3366867873910127,0.25318151373074343,0.6582223773002625,0.7793639898300171,0.6873539979747809,0.5635153574162981,0.6978611674514741,0.719961139610313,0.6671729156132166
333,2.0,2.0,1.0,1.0,1,0.5613870665417058,0.27298311444652906,0.23242736644798503,0.6159147620201111,0.8287109136581421,0.828725511982675,0.680883073420114,0.7386294000110849,0.8068245656898676,0.7637656377759353
334,9.0,1.0,1.0,1.0,2,0.496398891966759,0.24181919023849135,0.26038781163434904,0.6327779293060303,0.7193923592567444,0.16850347621599013,0.692331697317566,0.7874469557721216,0.18887143989624722,0.45928839230048124
335,8.0,1.0,0.0,1.0,2,0.6494845360824743,0.3029259896729776,0.3230240549828179,0.6497239470481873,0.7346057891845703,0.11123130198797253,0.642934823693615,0.6862873955130874,0.12020159160845895,0.3901637782007834
336,8.0,1.0,1.0,1.0,1,0.37441204139228595,0.2582469368520264,0.24647224835371587,0.7005342245101929,0.7090227007865906,0.8911066525563706,0.843689606737157,0.8577600902046914,0.727412528920145,0.829992219604591
337,10.0,2.0,1.0,1.0,2,0.5122807017543859,0.26537785588752194,0.2631578947368421,0.6590890884399414,0.4812631607055664,0.5474655389248924,0.6395429802321978,0.6925054937981268,0.4320129558169448,0.5778817421930404
338,8.0,2.0,1.0,1.0,2,0.4305652477320307,0.2486033519553073,0.22749476622470344,0.6368895173072815,0.7048238515853882,0.7877167599759892,0.6565147910929401,0.8024651752595737,0.8310034522300004,0.7694250446396259
339,8.0,1.0,1.0,0.875,2,0.6766826923076924,0.3766546329723225,0.28846153846153844,0.6440976858139038,0.746047854423523,0.6094498420456578,0.621915467111674,0.7435568251160859,0.5844199305910933,0.6398355162161278
340,8.0,1.0,1.0,1.0,1,0.5673352435530086,0.27403156384505023,0.2521489971346705,0.6625812649726868,0.6333506107330322,0.7545556081754591,0.6117322211236514,0.7169058168056158,0.800288965531115,0.7208706529089604
341,1.0,2.0,1.0,0.75,1,0.6276703967446592,0.31568228105906315,0.254323499491353,0.6587293148040771,0.7085580825805664,0.6992247341668762,0.5775254676554344,0.7958707473336112,0.7430869687615467,0.7039269794793672
342,2.0,1.0,1.0,1.0,3,0.5502183406113537,0.32798833819241985,0.3202328966521106,0.6774814128875732,0.6914456486701965,0.6902948649535887,0.47909164468949,0.5808644148319798,0.7510225072443585,0.6253183579298542
343,8.0,2.0,1.0,1.0,2,0.6032448377581121,0.31314623338257014,0.2994100294985251,0.6819854974746704,0.688907265663147,0.16459359290267284,0.6436426091483264,0.7450650996659473,0.45772595343026934,0.5027568137868039
344,9.0,2.0,1.0,1.0,0,0.5107327905255367,0.27575982209043737,0.2916358253145818,0.6684325337409973,0.5174195170402527,0.04934653824277234,0.6220538577095233,0.651524239701647,0.047175328243652365,0.34252499097439876
345,9.0,1.0,0.0,0.75,1,0.615586116568435,0.3344262295081967,0.29731499672560574,0.7211927771568298,0.776290237903595,0.6727777190167038,0.7818704721605398,0.6365679109433058,0.7039628158095395,0.6987947294825223
346,1.0,2.0,1.0,0.75,1,0.6198901769371568,0.2565668906536347,0.25381330079316655,0.6626617908477783,0.6422116756439209,0.8431465904141818,0.5112143534526515,0.6414554362140055,0.8240337617347684,0.7049625354539018
347,2.0,2.0,1.0,1.0,1,0.5719506624029237,0.27434842249657065,0.24394700776610329,0.6325049996376038,0.7624233365058899,0.9104868489200305,0.6043584416437174,0.7228585301374655,0.8769962986236801,0.7786750298312234
348,3.0,2.0,0.0,1.0,2,0.5063492063492063,0.25258141382049243,0.19444444444444448,0.6177214980125427,0.7203220129013062,0.8639342392548445,0.538096633916166,0.6753849707449583,0.8430452367820084,0.7301152701744943
349,9.0,1.0,1.0,0.875,1,0.5635545556805399,0.32207207207207206,0.3070866141732283,0.6078680157661438,0.7469351887702942,0.12289484629276028,0.6347786132341399,0.7113119356827805,0.11753167448287503,0.39662926742313886
350,1.0,2.0,1.0,0.5555555555555556,1,0.5764777574649604,0.30384380719951193,0.28884826325411334,0.6367756724357605,0.8322848081588745,0.06006911759186935,0.6163498545524759,0.694397371476222,0.07817806841372336,0.3622486030085727
351,9.0,1.0,1.0,1.0,2,0.4635535307517084,0.25313568985176743,0.21412300683371296,0.6332126259803772,0.7317717671394348,0.7142207361734862,0.6735730957187418,0.6708441933689442,0.701205839531005,0.6899609661980443
352,2.0,1.0,1.0,0.625,3,0.552896725440806,0.2635561160151324,0.2695214105793451,0.6403346061706543,0.7525249123573303,0.8118189112074398,0.7362337855966096,0.7902820880815682,0.6569275616150423,0.7488155866251649
353,1.0,2.0,1.0,0.625,1,0.4443155452436195,0.2380952380952381,0.2308584686774942,0.6303587555885315,0.7000108957290649,0.8022700038914735,0.6729811638126523,0.6751471664998044,0.7818900875126529,0.7330721054291458
354,4.0,2.0,0.0,0.625,1,0.48710601719197705,0.24760994263862332,0.2378223495702006,0.6374786496162415,0.7384928464889526,0.7823597836957483,0.7057841424995571,0.8808107114285151,0.7810099775188316,0.787491153785663
355,13.0,1.0,0.0,0.75,3,0.48800325335502237,0.2564102564102564,0.2228548190321269,0.6514748930931091,0.6805616021156311,0.810019474924632,0.6224403157205917,0.7723565548587685,0.842096193782382,0.7617281348215935
356,4.0,2.0,1.0,0.875,1,0.653153153153153,0.3303269447576099,0.3153153153153153,0.64797443151474,0.6689937114715576,0.8928470216902238,0.607399208604802,0.7831478717896911,0.8775650598574442,0.7902397904855403
357,3.0,2.0,1.0,1.0,1,0.6510388918486948,0.35733333333333334,0.29941395844432606,0.6590290069580078,0.7983941435813904,0.7889134921476609,0.5572004551443307,0.8251399583610132,0.834965860518079,0.7515549415427709
358,1.0,2.0,1.0,0.625,1,0.3448275862068966,0.21400394477317555,0.225615763546798,0.672947347164154,0.7636518478393555,0.6120244903352869,0.7824582478978006,0.8130782169641861,0.22910257293451156,0.6091658820329463
359,9.0,2.0,1.0,0.7777777777777778,1,0.6147635524798154,0.29907621247113164,0.25605536332179935,0.6684229969978333,0.6152085661888123,0.8982333092728018,0.5323626184626423,0.6780818965885467,0.8855160874061021,0.7485484779325231
360,1.0,1.0,0.0,1.0,1,0.34134217067108535,0.18755186721991698,0.20878210439105221,0.640880286693573,0.6179999113082886,0.5187316399422349,0.8253464121722462,0.864024690486864,0.5834790073150269,0.697895437479093
361,8.0,2.0,1.0,1.0,3,0.6427976686094922,0.3636363636363637,0.29641965029142375,0.6724510788917542,0.6577988266944885,0.1100888133666099,0.6619405046680975,0.7604228301100077,0.13983189347864328,0.4180710104058396
362,8.0,2.0,1.0,1.0,2,0.5499789118515395,0.286196707471507,0.2319696330662168,0.6726937890052795,0.6519541144371033,0.7943540577724966,0.5785105377949573,0.7699651699413976,0.801574545110352,0.7361010776548009
363,8.0,2.0,1.0,0.875,2,0.5999022960429897,0.30024449877750614,0.2325354176844162,0.6610111594200134,0.6019554734230042,0.8849956461194435,0.460941189292182,0.7704400451286949,0.8591657539770451,0.7438856586293414
364,2.0,2.0,1.0,1.0,2,0.38756196484903116,0.22101939557961212,0.23163587201442093,0.633400022983551,0.5730566382408142,0.7392380003407636,0.6023222105933356,0.7055592339927536,0.6452708105454216,0.6730975638680685
365,1.0,1.0,1.0,1.0,1,0.5911680911680912,0.33523537803138376,0.31623931623931617,0.6644046306610107,0.6505292654037476,0.8775740162082978,0.6228368087488177,0.7111585345201397,0.653189152259621,0.716189627934219
366,8.0,1.0,0.0,0.75,3,0.5940151853506029,0.2932498882431829,0.2367128182224207,0.6952415108680725,0.7128494381904602,0.9270071480825729,0.6818996774654895,0.6901187540977088,0.8919233422142622,0.7977372304650083
367,8.0,2.0,0.0,1.0,2,0.3939393939393939,0.1791907514450867,0.21212121212121213,0.5910475850105286,0.6626100540161133,0.9128048922731024,0.6637195871406352,0.8492636905008186,0.816112662525133,0.8104752081099222
368,9.0,1.0,1.0,1.0,2,0.6340179041600843,0.36478650500790716,0.315955766192733,0.7273138761520386,0.6553441882133484,0.8440493067423084,0.6291991786724048,0.7165242955532275,0.8450957933297278,0.7587171435744171
369,9.0,1.0,1.0,1.0,3,0.6773572803078897,0.40077071290944116,0.34765875561257215,0.6759811043739319,0.6415902376174927,0.8363520269129013,0.5562100415925348,0.6754455035178267,0.8226793580357382,0.7226717325147504
370,3.0,2.0,1.0,0.7777777777777778,1,0.554561717352415,0.3097582811101164,0.20125223613595708,0.6299867630004883,0.6505931615829468,0.8760727114210036,0.5297589083899187,0.6446904113689356,0.8644795209058669,0.7287503880214312
371,1.0,1.0,0.0,0.75,1,0.6152112676056338,0.28313592780597857,0.2614084507042253,0.6066606640815735,0.6899493932723999,0.8733683109058303,0.5902065676181985,0.44253971764126226,0.8536737718498453,0.689947092003784
372,9.0,1.0,1.0,1.0,3,0.610236220472441,0.2995073891625616,0.2519685039370078,0.6725260615348816,0.7139571309089661,0.8733490615661909,0.6147854669993804,0.7414490004701757,0.8654326996007344,0.7737540571591204
373,9.0,2.0,1.0,1.0,2,0.5649971862689928,0.2895774647887324,0.25323579065841306,0.6398996710777283,0.6602834463119507,0.1920727827067295,0.636950796144902,0.8026174559148491,0.23059518089362854,0.46555905391502733
374,2.0,1.0,0.0,0.7777777777777778,1,0.4283740211883924,0.2471184877823882,0.21833256563795486,0.6518377661705017,0.7576860189437866,0.8593044133137769,0.6486915909653165,0.637491818877274,0.884640354216704,0.7575320443432678
375,2.0,1.0,1.0,0.6666666666666666,2,0.4490756302521008,0.19508913555331314,0.18016806722689077,0.63313889503479,0.7286325693130493,0.9155245637459143,0.6329904613037574,0.7483728277177911,0.8764868812732257,0.7933436835101721
376,2.0,1.0,1.0,0.5555555555555556,2,0.48429226967878575,0.25008830801836807,0.20614189904694669,0.6076427698135376,0.6561986207962036,0.7678037324776867,0.49215818392613137,0.7395016095120144,0.7441788009974715,0.685910581728326
377,9.0,2.0,1.0,1.0,3,0.5723472668810289,0.2875536480686695,0.25937834941050375,0.6666587591171265,0.6850876808166504,0.8759274744850243,0.6037934843178118,0.6358397822843115,0.8431969901959906,0.7396894328207846
378,9.0,2.0,1.0,0.5555555555555556,1,0.5900104058272634,0.2791666666666666,0.2622268470343393,0.7181670069694519,0.6170547604560852,0.8942950996092862,0.49406433159510815,0.717554038619527,0.8493303665891999,0.7388109591032803
379,2.0,2.0,1.0,1.0,1,0.564534231200898,0.26292134831460673,0.24803591470258138,0.6365240216255188,0.6295632719993591,0.5622496846792517,0.5257164142184797,0.6098774989480932,0.5797357398515545,0.5693948344243448
380,1.0,2.0,1.0,1.0,1,0.6129198966408269,0.30212105535437145,0.2728682170542636,0.6779789924621582,0.8100710511207581,0.8212408610361007,0.5865540235819242,0.6750408617374463,0.787879168088689,0.7176787286110401
381,1.0,2.0,1.0,0.5555555555555556,1,0.5838621940163191,0.31125226860254085,0.257479601087942,0.6533799171447754,0.7306802868843079,0.880214474437685,0.6900243892407819,0.7445846385782211,0.8572484135905385,0.7930179789618066
382,1.0,1.0,0.0,0.625,1,0.5662734212352533,0.3099374565670604,0.2970159611380985,0.6581777930259705,0.8501397967338562,0.24665578171038258,0.671256019483126,0.7275878651402117,0.37696625365924663,0.5056164799982417
383,9.0,1.0,1.0,1.0,2,0.6729810568295115,0.39021956087824355,0.3399800598205384,0.682548999786377,0.649269163608551,0.8245197764594985,0.5636534688775929,0.7931645996291898,0.8046586799412415,0.7464991312268806
384,1.0,2.0,1.0,0.6666666666666666,1,0.5159332321699543,0.2948328267477204,0.2852807283763278,0.6705555319786072,0.7899169921875,0.5321115501610433,0.6773057631007849,0.6832615304532141,0.38581439436780823,0.5696233095207126
385,1.0,2.0,1.0,0.8888888888888888,1,0.6106148187073043,0.3072067332982641,0.2207041513399895,0.6127013564109802,0.6910179257392883,0.7674865934552207,0.5214782025102006,0.657957620306852,0.7566596856555682,0.6758955254819604
386,1.0,1.0,0.0,0.5555555555555556,1,0.6141575274177468,0.31137724550898205,0.26221335992023925,0.6868448853492737,0.6904097199440002,0.803375149171535,0.5567909427988529,0.793076281912143,0.8104246754325453,0.740916762328769
387,8.0,2.0,0.0,1.0,2,0.49366144668158085,0.25,0.17747949291573453,0.6213017106056213,0.5904502868652344,0.8702485244175634,0.5617700724929723,0.7088973774523801,0.8560249645007246,0.7492352347159101
388,1.0,1.0,0.0,1.0,1,0.5210084033613446,0.21548821548821548,0.21008403361344538,0.6426799297332764,0.7230263352394104,0.16436613005749903,0.7487053552899423,0.8336851270131789,0.29060408227079737,0.5093401736578544
389,8.0,1.0,1.0,1.0,2,0.49744637385086826,0.3006134969325153,0.254341164453524,0.6772169470787048,0.6406804323196411,0.8150042983478224,0.6856631569252507,0.6957744138740938,0.7053273508730143,0.7254423050050453
390,8.0,1.0,1.0,1.0,2,0.5916091343600638,0.31047315257841573,0.22729686670207117,0.6324186325073242,0.7675105929374695,0.8576955116399205,0.6560068513480495,0.7742284006859925,0.8309261419561973,0.77971422640754
391,7.0,1.0,1.0,0.5555555555555556,2,0.6085164835164835,0.2984869325997249,0.29807692307692313,0.6290438771247864,0.6018693447113037,0.8060122279845063,0.5519217100887988,0.6843098904385214,0.7885490026097659,0.707698207780398
392,7.0,1.0,1.0,0.5555555555555556,2,0.5229040622299048,0.22058823529411767,0.20397579948141747,0.6171430349349976,0.684706449508667,0.9048797590617729,0.6310246944957184,0.7997530932086738,0.891087672783302,0.8066863048873668
393,9.0,1.0,1.0,1.0,2,0.5547201336675021,0.27591973244147155,0.27986633249791143,0.6504124999046326,0.8346209526062012,0.908649348954287,0.638219693079674,0.8076143827178318,0.8809356620924514,0.808854771711061
394,9.0,2.0,1.0,1.0,2,0.6106014271151886,0.3408163265306123,0.25790010193679924,0.6542074680328369,0.6236158609390259,0.8200747464598027,0.6432906903403699,0.6715048346192347,0.8262121073832605,0.7402705947006669
395,9.0,2.0,1.0,1.0,3,0.6803986710963456,0.3552894211576846,0.3242524916943522,0.6773922443389893,0.6443353295326233,0.7946217442349142,0.5779720050259067,0.7451688436688473,0.7614302438053551,0.7197982091837558
396,1.0,2.0,1.0,0.6666666666666666,1,0.65707656612529,0.3762192289828146,0.2960556844547564,0.669184684753418,0.7746257781982422,0.8719391465820497,0.5693356098160626,0.7082276625852606,0.8448277272552318,0.7485825365596512
397,2.0,1.0,1.0,0.5555555555555556,2,0.6322393822393824,0.32657004830917874,0.2895752895752896,0.688692033290863,0.6005227565765381,0.8882445309405946,0.5175638389633267,0.7428733671417975,0.8453498346280304,0.7485078929184372
398,7.0,1.0,1.0,0.5555555555555556,3,0.34765154556403055,0.17838489353153877,0.15014050582095545,0.6020212173461914,0.7593370676040649,0.3018438106793621,0.570946106813915,0.6986161416766226,0.13892680127407867,0.4275832151109946
399,2.0,1.0,1.0,0.625,2,0.49047013977128334,0.23314963967782962,0.20753917831427363,0.6330965161323547,0.6604040265083313,0.8898505302137085,0.5963173592665464,0.7680024234644608,0.8663569424983224,0.7801318138607596
400,9.0,1.0,0.0,0.5555555555555556,3,0.41688052466495584,0.23166904422253923,0.18249215854006273,0.6170260310173035,0.6951360702514648,0.9120610915910363,0.5254297418012708,0.8216653976492277,0.8906535067672557,0.7874524344521976
401,1.0,1.0,0.0,1.0,1,0.5905923344947736,0.3455497382198953,0.31010452961672474,0.6669261455535889,0.6749997735023499,0.13331933003266316,0.6672587270736808,0.8054047942748257,0.11968892925230253,0.431417945158368
402,1.0,2.0,1.0,1.0,1,0.6675881133379405,0.3391003460207612,0.27643400138217006,0.6526134014129639,0.7550760507583618,0.3726738382651,0.7316641659944769,0.6858732067077555,0.2994223356304226,0.5224083866494388
403,8.0,2.0,0.0,1.0,2,0.5700000000000001,0.2602602602602603,0.253,0.6752590537071228,0.6353407502174377,0.8502040120590924,0.6276453967834841,0.6856443579777113,0.8666946511866673,0.7575471045017388
404,3.0,2.0,1.0,0.8888888888888888,1,0.603988603988604,0.3193916349809886,0.2678062678062678,0.6459861993789673,0.7853685021400452,0.82660622172371,0.5032380226968466,0.6085563366179539,0.8290507080545702,0.6918628222732702
405,1.0,2.0,1.0,0.7777777777777778,1,0.26666666666666666,0.13507290867229468,0.14865900383141764,0.6496404409408569,0.8117048144340515,0.8550219908301828,0.7550123462114469,0.7405159698147452,0.4466752097356415,0.6993063791480042
406,2.0,1.0,1.0,0.7777777777777778,1,0.41633579126488934,0.19080068143100512,0.19171866137266022,0.6067548990249634,0.832667350769043,0.09004469134969098,0.49782190141299826,0.8214012759033953,0.0799972578594079,0.37231628163137315
407,1.0,2.0,1.0,0.6666666666666666,1,0.6346938775510204,0.3421859039836567,0.19489795918367347,0.6365296840667725,0.7144688367843628,0.8753764871955759,0.5913943649096499,0.7164884430858255,0.8430666491785362,0.7565814860923968
408,8.0,2.0,0.0,1.0,3,0.5462713387241689,0.3039568345323741,0.2336028751123091,0.6022353172302246,0.7247635722160339,0.8834467318729411,0.6038866191773586,0.6675018005923661,0.8703852751941724,0.7563051067092096
409,3.0,2.0,1.0,0.7777777777777778,1,0.4725227174383384,0.23300129926375052,0.22414539160536567,0.6055261492729187,0.8342902064323425,0.24748605299964446,0.5821511948535234,0.8551605971360732,0.18837096672070955,0.46829220292748763
410,10.0,1.0,1.0,0.7777777777777778,3,0.5436971405557793,0.27327690447400244,0.22070076520338297,0.6163749098777771,0.7025597095489502,0.8563418237567405,0.5061125128499464,0.6857716757517613,0.8413541495425836,0.7223950404752579
411,6.0,1.0,0.0,0.5555555555555556,1,0.5912040374909877,0.2888086642599278,0.2638788752703677,0.6974149942398071,0.7512030005455017,0.6193879638726336,0.657597209657884,0.7860315544509505,0.7142581383554627,0.6943187165842327
412,9.0,1.0,1.0,1.0,1,0.5457762052189297,0.2877379371403275,0.2529854046881911,0.6459612846374512,0.6832927465438843,0.8564647254760448,0.5969014181975316,0.6868629568238793,0.8362403323283661,0.7441173582064555
413,5.0,1.0,1.0,0.5555555555555556,1,0.5485564304461942,0.3056042031523643,0.2922134733158355,0.6822565197944641,0.6949948668479919,0.8854111466033474,0.4651940815184315,0.7306477918480583,0.8635552112498248,0.7362020578049155
414,8.0,1.0,0.0,0.5555555555555556,2,0.5560407569141194,0.24575036425449248,0.21542940320232898,0.5702334642410278,0.6918770670890808,0.87301015282434,0.5587975730739613,0.7253225962975757,0.8536348482996889,0.7526912926238916
415,8.0,2.0,0.0,0.7777777777777778,3,0.6263846928499497,0.3084677419354838,0.2688821752265861,0.6451588273048401,0.7838936448097229,0.8698588451173305,0.5766459716132095,0.7477329962702302,0.8616300251074696,0.76396695952706
416,9.0,1.0,0.0,0.6666666666666666,1,0.596829772570641,0.25534851621808147,0.24259131633356307,0.6518130302429199,0.7140373587608337,0.6464856281686792,0.6183775962694728,0.6667625108983155,0.5072198592965639,0.6097113986582579
417,2.0,2.0,1.0,0.8888888888888888,1,0.563014291901256,0.32162982228001735,0.2858380251190991,0.657513439655304,0.7214584350585938,0.8692484155886514,0.6307598621427549,0.7724633261484832,0.8526540935688592,0.7812814243621872
418,1.0,2.0,1.0,0.7777777777777778,1,0.5782033743730051,0.29666818804198997,0.22799817601459188,0.6378606557846069,0.6987705826759338,0.6013708334052329,0.5826651813744497,0.6700123474885409,0.6060269884137733,0.6150188376704993
419,8.0,1.0,0.0,1.0,1,0.6105695228322217,0.3461736004108885,0.2945100051308363,0.6940473914146423,0.5953890085220337,0.0712670344966343,0.5608329807674721,0.7279571335098388,0.05890322838845626,0.3547400942906004
420,8.0,2.0,1.0,0.5555555555555556,1,0.6341743119266054,0.30539609644087257,0.2798165137614679,0.6836812496185303,0.7190796732902527,0.8331991148089258,0.6311094988396243,0.7480174461318491,0.8280515980688394,0.7600944144623096
421,4.0,2.0,0.0,0.5555555555555556,2,0.48350851757883284,0.2618788538266231,0.23776730699528814,0.6603420376777649,0.7385658621788025,0.880636391729982,0.641457194769277,0.7772828378167507,0.8822129950425642,0.7953973548396435
422,8.0,2.0,1.0,0.5555555555555556,3,0.42416769420468553,0.25586178527354997,0.24332100287710648,0.6289239525794983,0.7086162567138672,0.16757366567343368,0.5377895037266665,0.812466017626564,0.1195079805517902,0.4093342918946136
423,8.0,2.0,1.0,0.8888888888888888,2,0.6598602901665771,0.38515330823023125,0.34497581945190753,0.6488461494445801,0.7184778451919556,0.931112058215641,0.6803848454462689,0.8211120758606054,0.9148447348367735,0.8368634285898223
424,2.0,1.0,1.0,0.5555555555555556,1,0.48826619964973733,0.2432527164388363,0.1961471103327496,0.5854279398918152,0.692179262638092,0.9129734378997024,0.5388563359592081,0.7311229345075928,0.8533522734579435,0.7590762454561117
425,8.0,2.0,0.0,1.0,3,0.622093023255814,0.2840512223515716,0.2895348837209303,0.6326895356178284,0.686272144317627,0.7620759778178633,0.634022982109547,0.8820031280235638,0.7983746520731025,0.7691191850060192
426,9.0,1.0,1.0,1.0,2,0.536949152542373,0.2348947725729803,0.2522033898305085,0.6544345021247864,0.7871177792549133,0.0906011156234543,0.6833703011982282,0.777768824993813,0.08527704003064594,0.4092543204615353
427,2.0,2.0,1.0,0.7777777777777778,2,0.5074285714285715,0.23367697594501718,0.26971428571428574,0.6331142783164978,0.782765805721283,0.30975456184526445,0.734407291943514,0.8274341976044631,0.17273462576408322,0.5110826692893312
428,8.0,1.0,1.0,0.7777777777777778,3,0.6295585412667947,0.36386931454196025,0.290467050543826,0.6721170544624329,0.6684545874595642,0.9058341932776027,0.5817311852532046,0.7457215205240745,0.8955293671801805,0.7822040665587655
429,1.0,2.0,1.0,0.6666666666666666,1,0.6798462383305875,0.348543155579989,0.2833607907742998,0.6448451280593872,0.7236232757568359,0.8140588121263758,0.5737871792778492,0.7683255733697669,0.786976016140667,0.7357868952286647
430,12.0,1.0,1.0,0.5555555555555556,1,0.5861807137433561,0.3285171102661597,0.34168564920273353,0.6452744007110596,0.6996919512748718,0.3398574814433868,0.8414177513792236,0.7606028130320981,0.2835529058246016,0.5563577379198275
431,14.0,2.0,0.0,0.6666666666666666,2,0.6337177375068643,0.3562396921385376,0.3404722679846238,0.694739580154419,0.8116838335990906,0.8947484399744438,0.6399760598170005,0.7173289152436817,0.8702625782396268,0.7805789983186882
432,8.0,2.0,0.0,0.5555555555555556,2,0.6220472440944882,0.3337713534822602,0.2913385826771654,0.6837341785430908,0.7732137441635132,0.5901207261888147,0.614009843404217,0.8160223005901834,0.4123649129198408,0.608129445775764
433,9.0,2.0,0.0,0.875,4,0.6186813186813187,0.26732673267326734,0.2340659340659341,0.6314247846603394,0.7122567892074585,0.8831481084197297,0.5914794345354494,0.8475579432201248,0.866564295842156,0.7971874455043649
434,2.0,1.0,0.0,0.6666666666666666,1,0.5814917127071824,0.24066390041493774,0.2624309392265194,0.6312327980995178,0.677440345287323,0.519453100976212,0.5159047775369534,0.8331778823138913,0.7549811429596299,0.6558792259466717
435,12.0,2.0,1.0,0.7777777777777778,2,0.6027235050325637,0.2916419679905157,0.2190645352279455,0.6631930470466614,0.6129692792892456,0.9104047643751786,0.5799271833073132,0.7527047358717692,0.8954943038369332,0.7846327468477986
436,1.0,1.0,0.0,0.5555555555555556,1,0.5339753879079722,0.22495982860203537,0.207597645799893,0.6321101188659668,0.6976085901260376,0.6435199235238241,0.5675963866800043,0.7444209438677496,0.546477185313849,0.6255036098463568
437,9.0,2.0,0.0,1.0,1,0.6728754365541327,0.3717948717948718,0.30384167636786963,0.6672403812408447,0.643460214138031,0.7715682271748004,0.5328086244317823,0.5952910093785235,0.7887707868270019,0.672109661953027
438,6.0,2.0,1.0,1.0,1,0.6230712711241735,0.28403237674760856,0.2615723732549596,0.6578715443611145,0.6217263340950012,0.42100199055082177,0.5900723033069385,0.6121989231563312,0.33154727920848637,0.4887051240556444
439,10.0,1.0,1.0,1.0,1,0.6491228070175439,0.3186951066499373,0.2844611528822055,0.6818997263908386,0.7473117113113403,0.9132233359053122,0.6307353564976206,0.7704762240901785,0.9029420022621869,0.8043442296888245
440,9.0,2.0,0.0,0.5555555555555556,1,0.4680272108843538,0.24506466984343092,0.20612244897959184,0.599563717842102,0.8141987323760986,0.880315037236517,0.5517450731627562,0.7791602550777329,0.8594326947413298,0.7676632650545839
441,1.0,2.0,1.0,0.7777777777777778,1,0.593829033889732,0.28050632911392404,0.25290844714213456,0.6750845909118652,0.7576183676719666,0.8531752009995776,0.5796823973098939,0.6798634773293737,0.8169371153229469,0.732414547740448
442,5.0,1.0,1.0,0.6666666666666666,3,0.5714285714285714,0.30154639175257736,0.2805662805662806,0.67738938331604,0.6950252056121826,0.30818904331469243,0.591670145382855,0.8167137516953721,0.1515544170389969,0.4670318393579791
443,2.0,2.0,0.0,1.0,2,0.6455777921239509,0.2792501616031028,0.28663653970303427,0.6251077055931091,0.7124128937721252,0.9065082836050496,0.6416099695140657,0.7922664859047297,0.9069367847838871,0.811830380951933
444,8.0,2.0,0.0,1.0,3,0.6269592476489028,0.31276150627615057,0.25391849529780564,0.6760709881782532,0.6362937092781067,0.9012535525390962,0.6293094814993742,0.7552781568713042,0.8809222394334232,0.7916908575857995
445,8.0,2.0,1.0,0.5555555555555556,2,0.4712230215827338,0.20888355342136852,0.2182254196642686,0.6560443639755249,0.691638171672821,0.32715418798811363,0.6654674193558046,0.7321431265964449,0.4514283023526707,0.5440482590732585
446,1.0,1.0,0.0,0.7777777777777778,1,0.5076810534016094,0.23296703296703297,0.2223847841989759,0.62932950258255,0.7226101756095886,0.34813317882041284,0.6568775541038269,0.6978241466492707,0.4295954819647128,0.5331075903845558
447,1.0,2.0,1.0,0.6666666666666666,1,0.631578947368421,0.2956989247311828,0.25993555316863587,0.6925020813941956,0.6437113285064697,0.7118959695000144,0.6728382228805155,0.7543202913709797,0.7058534688020031,0.7112269881383781
448,8.0,2.0,0.0,1.0,3,0.639344262295082,0.3611940298507463,0.3263785394932936,0.6989607810974121,0.5219412446022034,0.7727910076876336,0.6339187604837062,0.6173450677141006,0.7535765443440119,0.6944078450573631
449,8.0,1.0,1.0,1.0,3,0.6397350993377484,0.34615384615384615,0.28874172185430463,0.6563841104507446,0.6446292996406555,0.9016865758140145,0.5205709055597417,0.8718173643889164,0.8808024114651616,0.7937193143069585
450,2.0,2.0,1.0,0.5555555555555556,1,0.6043956043956045,0.30000000000000004,0.2857142857142857,0.6851950287818909,0.6753782033920288,0.9010036617184994,0.5076540368038673,0.7675991639992789,0.8647484432040224,0.760251326431417
451,9.0,2.0,0.0,0.5555555555555556,2,0.6728847435043304,0.34956637758505676,0.25716189207195206,0.6749287247657776,0.7075532674789429,0.6248644169564792,0.6196015851079817,0.6482198882276519,0.6226898514996072,0.6288439354479299
452,3.0,2.0,0.0,0.6666666666666666,2,0.5609584214235376,0.2978122794636556,0.21705426356589147,0.646126925945282,0.7056320309638977,0.8942547094610807,0.5511133774623638,0.6744045111885585,0.8782382595295553,0.7495027144103895
453,9.0,2.0,1.0,0.875,1,0.6491031390134528,0.32659932659932656,0.24887892376681614,0.6411705017089844,0.7019264698028564,0.9026302606976023,0.6277939985769052,0.8007795851690529,0.8788540667700591,0.802514477803405
454,9.0,2.0,1.0,1.0,1,0.4552095347943098,0.24009234320892656,0.19607843137254902,0.653768002986908,0.7027740478515625,0.901712990805506,0.6103639190491827,0.6751545211782871,0.8918896079747386,0.7697802597519287
455,4.0,1.0,1.0,0.5555555555555556,1,0.6071929005137786,0.3066853669939224,0.21765530126109295,0.6454379558563232,0.7860785126686096,0.7251508351534086,0.6001792779470392,0.7726639547400531,0.7411970229088601,0.7097977726873403
456,7.0,1.0,1.0,0.5555555555555556,2,0.5568760611205432,0.254957507082153,0.200339558573854,0.624982476234436,0.720158576965332,0.8733106088131622,0.5395497138526926,0.6810895531559583,0.8078021057922646,0.7254379954035195
457,8.0,2.0,0.0,0.75,1,0.5525647536820721,0.27452974072191155,0.2559674961909599,0.6420910954475403,0.6659597754478455,0.9050306049442799,0.670984712897379,0.803312132788343,0.881443631405365,0.8151927705088416
458,1.0,2.0,1.0,0.625,1,0.6142857142857143,0.27651966626936836,0.18333333333333332,0.6274318695068359,0.7642646431922913,0.8073814241091992,0.5664936467605343,0.8161380692177477,0.7927677672415991,0.7456952268322701
459,3.0,1.0,1.0,0.5555555555555556,3,0.6590223295111648,0.34320241691842895,0.24622812311406156,0.6655067801475525,0.7313430905342102,0.8497434931983385,0.6190162647660953,0.699164991539954,0.8085328083291368,0.744114389458381
460,2.0,2.0,1.0,0.6666666666666666,1,0.6125193998965338,0.32107716209218023,0.28556647697878945,0.6294713020324707,0.6668397188186646,0.8954567616422104,0.40861202286990267,0.6866503736946313,0.8643897250180089,0.7137772208061883
461,10.0,1.0,1.0,1.0,2,0.5957446808510639,0.32150101419878296,0.2695035460992908,0.6451457142829895,0.7557792663574219,0.3827093300891751,0.7367876621247329,0.7684353532249925,0.6704049309086214,0.6395843190868804
462,8.0,2.0,1.0,0.8888888888888888,2,0.555631399317406,0.2146274777853725,0.2402730375426621,0.6368700861930847,0.6656420230865479,0.425143410248456,0.6950072640463518,0.8404266214114183,0.3350414295794009,0.5739046813214067
463,1.0,1.0,1.0,0.5555555555555556,1,0.4630914826498423,0.20972836386607707,0.2107255520504732,0.5926467180252075,0.7801538705825806,0.8184089867559559,0.7687453961483797,0.8191489693261539,0.5932485403847547,0.7498879731538111
464,1.0,1.0,0.0,0.5555555555555556,1,0.6383904295812941,0.30702231899836685,0.26209896682979883,0.6750826239585876,0.7639402151107788,0.9039567901020248,0.5436584840811403,0.7380566867785283,0.8794317141854097,0.7662759187867758
465,2.0,2.0,0.0,1.0,2,0.4157043879907621,0.261574074074074,0.24942263279445728,0.6371086835861206,0.7240784168243408,0.6307126816448165,0.8164887529020284,0.8182668571455316,0.0454816419725111,0.5777374834162219
466,7.0,2.0,0.0,1.0,2,0.593103448275862,0.2957422324510932,0.2574712643678161,0.6493790745735168,0.7771791219711304,0.5417124225497827,0.6391810340846253,0.7331603248029068,0.4881467502265822,0.6005501329159743
467,2.0,1.0,1.0,0.5555555555555556,2,0.5231877532642953,0.20189274447949526,0.1782980639351643,0.6612392067909241,0.6504905819892883,0.9073788830371413,0.5998426105445567,0.6940768956683301,0.8911362801775843,0.7731086673569031
468,3.0,1.0,1.0,0.8888888888888888,2,0.60543580131209,0.35928705440900555,0.2408622305529522,0.6234156489372253,0.7626621723175049,0.8665438081814977,0.607683535513821,0.7307409941094374,0.8549087218979528,0.7649692649256772
469,8.0,1.0,0.0,1.0,2,0.662915025323579,0.3583098591549296,0.2746201463140123,0.686660647392273,0.6448816657066345,0.8982895927355029,0.6174112270571065,0.627924503222447,0.8901821726909587,0.7584518739265038
470,9.0,1.0,1.0,1.0,2,0.6317300789662599,0.2918763479511143,0.3072505384063173,0.6900267601013184,0.7587023377418518,0.5429395150387091,0.601609956676366,0.6166336303609982,0.49924232620963604,0.5651063570714273
471,8.0,1.0,0.0,1.0,2,0.661636680208938,0.3079604880883207,0.2739408009286129,0.6584535837173462,0.5945271849632263,0.9092070520528274,0.6200553095481752,0.8360610276841424,0.8761435209610876,0.8103667275615581
472,10.0,1.0,1.0,1.0,2,0.5764192139737991,0.3030597377367654,0.2396894711305192,0.6744565963745117,0.6205435991287231,0.8623253189664303,0.5233054368589458,0.5834915379239984,0.8511335132743116,0.7050639517559215
473,9.0,2.0,1.0,1.0,2,0.6586572438162543,0.42604387827317763,0.35194346289752654,0.6442396640777588,0.6457959413528442,0.8680501324282427,0.5910196826465677,0.5753573862444299,0.8275783164002388,0.7155013794298698
474,1.0,1.0,0.0,1.0,1,0.6709594333547971,0.3481624758220503,0.24855119124275593,0.6989151239395142,0.6586716175079346,0.715098146505684,0.5574996618674264,0.6258487527185274,0.7372708219853298,0.6589293457692419
475,1.0,2.0,1.0,0.7777777777777778,1,0.6514497223935842,0.3038912909203212,0.2776064157927205,0.689660906791687,0.6253089904785156,0.7633130923300858,0.555860040321971,0.7352752287764698,0.7488658608591431,0.7008285555719174
476,8.0,1.0,1.0,0.8888888888888888,2,0.6057206954570947,0.3043234138124649,0.25350532809871007,0.6517743468284607,0.7231625914573669,0.10222741731908912,0.6611178247368634,0.7380282220740263,0.11715112057086619,0.4046311461752113
477,8.0,1.0,1.0,0.6666666666666666,1,0.6111111111111112,0.33269415148609777,0.26819923371647514,0.638350248336792,0.6522732377052307,0.8874079561818574,0.6934427395283594,0.8238771161369735,0.8707394003283314,0.8188668030438804
478,8.0,2.0,1.0,1.0,3,0.655759162303665,0.3328964613368283,0.27225130890052357,0.6898698210716248,0.6930636167526245,0.8793693473523898,0.6273115538912732,0.6535118957399823,0.8631652079747276,0.7558395012395932
479,2.0,1.0,1.0,0.5555555555555556,2,0.3674673409186684,0.19401096583719948,0.1828908554572271,0.6138988733291626,0.7736602425575256,0.5548771725074559,0.5152020059171905,0.7603428854893638,0.5288325930441807,0.5898136642395477
480,9.0,2.0,1.0,1.0,1,0.6036644165863067,0.2799227799227799,0.2536162005785921,0.6980518698692322,0.7680563926696777,0.8763801947795893,0.5818018579466595,0.7276621734754825,0.85479951137505,0.7601609343941953
481,1.0,1.0,0.0,0.5555555555555556,1,0.6670878079595705,0.3301707779886148,0.2678458622867972,0.6385888457298279,0.7119299173355103,0.8689478439359449,0.5630942992926624,0.5187147168279759,0.8591964071934095,0.7024883168124981
482,8.0,1.0,1.0,1.0,1,0.5197841726618705,0.21962196219621963,0.19964028776978415,0.6220405101776123,0.7263160943984985,0.9125980489529711,0.5766000331057066,0.7034658030647758,0.8900687025207042,0.7706831469110393
483,8.0,2.0,1.0,1.0,2,0.65892002734108,0.33675564681724846,0.31168831168831174,0.6672971844673157,0.6571856141090393,0.8559189511811071,0.6196150828466604,0.763325023742952,0.8285268888701927,0.766846486660228
484,8.0,2.0,0.0,0.7777777777777778,1,0.48853211009174313,0.21040550879877581,0.22553516819571864,0.6493603587150574,0.740410566329956,0.917679900670003,0.6711368833912709,0.7858952335212273,0.8963446472452898,0.8177641662069478
485,8.0,2.0,1.0,1.0,1,0.6430868167202572,0.3386992916934965,0.28295819935691324,0.6587616801261902,0.6831004023551941,0.15391152865210803,0.5289612536493036,0.5721174127585311,0.17176970098911512,0.35668997401226443
486,3.0,1.0,1.0,0.7777777777777778,2,0.3828061638280616,0.21260481471463347,0.1486888348202217,0.5691779851913452,0.7331534624099731,0.89933869836079,0.5912018968142808,0.7076814227914627,0.8928462732033394,0.7727670727924683
487,8.0,1.0,1.0,0.6666666666666666,2,0.5596140592694694,0.2650103519668737,0.19710544452102,0.6196017861366272,0.6293525099754333,0.39285410617526473,0.6133294548530851,0.5938346343926395,0.3793305448583082,0.4948371850698244
488,4.0,2.0,1.0,1.0,1,0.567528735632184,0.3179856115107913,0.27586206896551724,0.5959756374359131,0.6448898911476135,0.1691407904570735,0.49468582929527083,0.667351322651873,0.12517592269082967,0.3640884662737618
489,4.0,2.0,0.0,0.5555555555555556,2,0.5154531168150863,0.24016780283167277,0.2210581456259822,0.6508154273033142,0.7010114192962646,0.26605154392335567,0.7331126537761351,0.8422800043286356,0.22466581924935305,0.5165275053193699
490,1.0,2.0,1.0,0.5555555555555556,2,0.5915632754342433,0.21957277694982616,0.22034739454094293,0.6489007472991943,0.6678610444068909,0.6744468689485086,0.652229518155428,0.8385350085171739,0.66728040808062,0.7081229509254325
491,1.0,1.0,1.0,1.0,2,0.5382215288611545,0.2578125,0.28549141965678626,0.6703816652297974,0.6128215193748474,0.5826638446549234,0.5976507289446744,0.8138446973795048,0.5575457752076348,0.6379262615466843
492,9.0,1.0,0.0,0.5555555555555556,2,0.6644295302013423,0.3505039193729003,0.3187919463087248,0.7008085250854492,0.7061780691146851,0.8659722282241186,0.6778308192143797,0.8122493342517153,0.8494956504121925,0.8013870080256016
493,10.0,1.0,0.0,0.6666666666666666,1,0.5219298245614035,0.25812115891132575,0.24385964912280703,0.6761640906333923,0.7600806951522827,0.32704329994735276,0.5970327725736454,0.7045701236423797,0.42137212771604166,0.5125045809698549
494,2.0,2.0,0.0,0.5555555555555556,3,0.5394853593611357,0.25222024866785075,0.22626441881100268,0.6680747866630554,0.6937674283981323,0.8759924909571705,0.5761195186905211,0.7103342976742951,0.8515351016925038,0.7534953522536226
495,8.0,1.0,1.0,1.0,1,0.6553911205073996,0.3566137566137566,0.2727272727272727,0.6473531126976013,0.6725208163261414,0.9107977347734684,0.547538791524368,0.7157532287706938,0.9042420661611297,0.7695829553074149
496,10.0,1.0,0.0,1.0,1,0.5619834710743802,0.2140099282956426,0.22038567493112948,0.6415418386459351,0.7295299172401428,0.7926237635034266,0.5634691916610494,0.7564511951279146,0.8005459598865575,0.7282725275447369
497,8.0,1.0,1.0,0.7777777777777778,2,0.5563258232235703,0.29314830875975717,0.25823223570190645,0.6315557956695557,0.7130850553512573,0.8522637138607255,0.5864491417472733,0.7409513359765441,0.8490410898768347,0.7571763203653443
498,2.0,2.0,1.0,0.8888888888888888,1,0.598324297683588,0.34040453872718307,0.26022671266633807,0.6827820539474487,0.6208426356315613,0.8465438871691735,0.5063132904596492,0.6008677421895706,0.8459950902069859,0.6999300025063449
499,1.0,2.0,1.0,0.7777777777777778,1,0.4474187380497132,0.23484365028717294,0.21924792861695347,0.6631609201431274,0.6575131416320801,0.851169407885301,0.7229434277658201,0.734381673981057,0.3180648503816783,0.6566398400034641
500,3.0,2.0,0.0,0.6666666666666666,3,0.6412037037037036,0.30475086906141363,0.26736111111111105,0.6658644080162048,0.6309735178947449,0.8727589696052429,0.5224413202691273,0.7648339428720192,0.8553533164764177,0.7538468873057018
501,2.0,1.0,0.0,0.5555555555555556,1,0.6291028446389497,0.2880613362541073,0.2472647702407002,0.6651118397712708,0.6566362977027893,0.8757290341973466,0.6346572598351998,0.7330597012577423,0.7583963519030147,0.7504605867983258
502,2.0,2.0,1.0,0.6666666666666666,1,0.29880843263061413,0.16788990825688074,0.14298808432630616,0.6428152322769165,0.6581304669380188,0.43384781729516086,0.5725969389117463,0.6621773931723619,0.3155232443676276,0.4960363484367242
503,2.0,2.0,0.0,1.0,1,0.47780126849894294,0.26111503175723355,0.2945736434108527,0.6557509303092957,0.7758506536483765,0.08302122958186404,0.7413084590382927,0.8205585492548394,0.12240752232409884,0.4418239400497737
504,8.0,2.0,0.0,0.7777777777777778,4,0.47830802603036876,0.24864277958740497,0.25162689804772237,0.638436496257782,0.7165939807891846,0.7843624628045802,0.6990639114017368,0.7717886292280867,0.6188180743957048,0.7185082694575271
505,2.0,1.0,1.0,1.0,3,0.5400788436268068,0.2131578947368421,0.23390275952693826,0.6361815333366394,0.6671404838562012,0.7835335556282045,0.6350389354542391,0.7040638991011666,0.6798947417297435,0.7006327829783384
506,8.0,2.0,1.0,0.6666666666666666,3,0.4496042216358839,0.23454833597464345,0.21635883905013192,0.6005922555923462,0.7757535576820374,0.49473739549581064,0.5598855826544853,0.7445725987971269,0.297047165967596,0.5240606857287547
507,2.0,2.0,0.0,0.5555555555555556,1,0.44848061473978346,0.20342537574274733,0.19210618232623122,0.653800904750824,0.7576308250427246,0.5947553332058555,0.5855695394022832,0.7775725950542888,0.649986262288278,0.6519709324876763
508,2.0,1.0,1.0,0.7777777777777778,2,0.5080545229244114,0.23945409429280395,0.19330855018587362,0.6314737796783447,0.716886043548584,0.14056952971329797,0.6781688838801897,0.7112612596427429,0.12124724410988233,0.4128117293365282
509,3.0,2.0,1.0,0.5555555555555556,1,0.5709382151029748,0.23138602520045817,0.20137299771167047,0.6341757774353027,0.7188706398010254,0.8721111173911714,0.4765235208550724,0.6535814014702129,0.8077146809973227,0.7024826801784448
510,10.0,2.0,1.0,1.0,2,0.5786618444846293,0.2687782805429864,0.23056057866184448,0.6204855442047119,0.7136132717132568,0.8393124947705903,0.6549840346561948,0.5929812829365279,0.7930806940281008,0.7200896265978534
511,8.0,1.0,1.0,1.0,3,0.5299567634342187,0.30674087816944956,0.2693020382952439,0.5927665829658508,0.6681331992149353,0.8355179712837951,0.7267810006817242,0.7629600835456898,0.7821350041812922,0.7768485149231252
512,8.0,2.0,0.0,0.5555555555555556,3,0.5953815261044176,0.2834170854271357,0.2911646586345381,0.64503413438797,0.8298937678337097,0.86051996407957,0.574845836866915,0.8567774322251678,0.8453622878329583,0.7843763802511527
513,2.0,2.0,1.0,0.7777777777777778,1,0.5365853658536585,0.32018779342723,0.3076923076923077,0.674096405506134,0.5902242064476013,0.3895677394364684,0.6943134631303159,0.6829890647923885,0.5129064148871378,0.5699441705615778
514,8.0,1.0,0.0,0.5555555555555556,2,0.550365785030951,0.2546478873239437,0.20258863252673043,0.6209617257118225,0.7785797119140625,0.1588411059645241,0.5766048102709547,0.7865613164248022,0.11175572742034481,0.40844074002015646
515,1.0,2.0,1.0,1.0,1,0.5098468271334793,0.2719298245614035,0.3172866520787746,0.6521511077880859,0.7358340620994568,0.642919915961017,0.8268311512495521,0.609506925748182,0.4249226525666425,0.6260451613813484
516,8.0,2.0,0.0,1.0,2,0.5768725361366622,0.27368421052631575,0.2720105124835743,0.6666877865791321,0.7386610507965088,0.6524135770854385,0.6136728434479387,0.7108011252167666,0.6985880923534802,0.6688689095259059
517,5.0,2.0,1.0,0.5555555555555556,1,0.5011269722013523,0.2721804511278195,0.2268970698722765,0.6584200859069824,0.7179337739944458,0.8118674877646823,0.49630787082974315,0.7310343380190166,0.8150588598535781,0.7135671391167551
518,4.0,1.0,0.0,0.6666666666666666,1,0.47823174815807096,0.2119382964453387,0.22237106496985934,0.6425946354866028,0.7883025407791138,0.5773632587792011,0.5755017557040671,0.6344881684046266,0.6668692449300547,0.6135556069544874
519,10.0,1.0,1.0,0.5555555555555556,2,0.5798394290811775,0.32767857142857143,0.27653880463871544,0.6294549703598022,0.7891069054603577,0.8458841907045062,0.646002706468404,0.7905235978340323,0.840855728493743,0.7808165558751714
520,1.0,1.0,1.0,0.8888888888888888,2,0.6207845836200964,0.25913163335630596,0.2326221610461115,0.6385495662689209,0.7196065187454224,0.8722178087153902,0.6683993514996518,0.7469061484142006,0.8576608981364201,0.7862960516914156
521,1.0,2.0,1.0,1.0,1,0.5888554216867471,0.24585218702865763,0.23042168674698796,0.6053656935691833,0.7726368308067322,0.26099175226116555,0.7043887885488963,0.6947103830383349,0.4412623521941116,0.5253383190106271
522,9.0,1.0,1.0,0.7777777777777778,1,0.5829291949563531,0.2436893203883495,0.2104752667313288,0.6108361482620239,0.6490768790245056,0.8984048134466226,0.6044150791438624,0.7691068850980545,0.873408447827228,0.7863338063789419
523,8.0,1.0,1.0,0.8888888888888888,1,0.5444505797901711,0.2686567164179105,0.27940364439536164,0.6472874283790588,0.6734403371810913,0.9033170742908706,0.48002976368784983,0.7341783451863032,0.8440461181650498,0.7403928253325184
524,2.0,1.0,0.0,1.0,1,0.6594090202177294,0.37694704049844235,0.4136858475894246,0.7246996760368347,0.7317195534706116,0.937358754772771,0.6640380815711677,0.6000593414472922,0.9154679509922942,0.7792310321958813
525,8.0,2.0,1.0,1.0,3,0.6059850374064838,0.264669163545568,0.20448877805486285,0.5670592784881592,0.7265493869781494,0.8787974587228354,0.6144871117977586,0.7025067060910735,0.8661357201448977,0.7654817491891414
526,8.0,1.0,1.0,0.8888888888888888,1,0.5586642599277978,0.2710027100271003,0.24187725631768953,0.637122631072998,0.6969863176345825,0.9015691733563663,0.5510055054188157,0.7146182848535275,0.8877900577785375,0.7637457553518118
527,2.0,2.0,1.0,0.5555555555555556,1,0.5479609419873637,0.22426682001150083,0.24353819643882826,0.6439311504364014,0.7078908681869507,0.4563296452454614,0.6369521515405238,0.7491149637720579,0.48587545011366,0.5820680526679258
528,1.0,1.0,0.0,0.5555555555555556,1,0.6034214618973562,0.2897196261682243,0.2846034214618974,0.7010467648506165,0.7637097239494324,0.7818768433751209,0.6693760651358571,0.7257015111841767,0.46224581117572355,0.6598000577177195
529,2.0,2.0,1.0,0.7777777777777778,1,0.6166097838452786,0.3086560364464693,0.2445961319681456,0.6866672039031982,0.5017611980438232,0.9033178584493475,0.5376159143105398,0.5786074598639955,0.8970337724685599,0.7291437512731107
530,8.0,2.0,1.0,1.0,1,0.5915857605177993,0.2436811406351264,0.20841423948220067,0.5966517925262451,0.6991171836853027,0.8906004583591082,0.5729250690933787,0.8301551416912203,0.884547039522221,0.794556927166482
531,3.0,2.0,1.0,0.7777777777777778,2,0.4211751018033741,0.17355853232382062,0.20709714950552646,0.620539128780365,0.6594412922859192,0.3018510174320923,0.6843249657548419,0.624267011715059,0.26022809284218873,0.4676677719360455
532,6.0,1.0,0.0,1.0,2,0.5959525471039777,0.29909154437456326,0.28053035589672015,0.701763391494751,0.5740827918052673,0.11745218867667973,0.6811539413310452,0.7364162351225159,0.25127305057202043,0.4465738539255653
533,1.0,2.0,1.0,0.6666666666666666,1,0.5358166189111747,0.2170172084130019,0.20152817574021015,0.6004679799079895,0.6476789116859436,0.8667826441684261,0.5768534176219153,0.7147215365179055,0.8456138146533688,0.750992853240404
534,8.0,2.0,0.0,1.0,2,0.6291989664082687,0.2613195342820181,0.2351421188630491,0.6322689056396484,0.738622784614563,0.8785400364185779,0.6719004548001623,0.7730659597709622,0.8698417230295324,0.7983370435048087
535,8.0,1.0,1.0,1.0,3,0.4196891191709845,0.15324675324675324,0.1735751295336788,0.6325645446777344,0.765651524066925,0.5781315822311681,0.8857700433578096,0.865212155268825,0.3336519650808851,0.665691436484672
536,8.0,1.0,0.0,0.8888888888888888,2,0.5632530120481927,0.3152337858220211,0.34789156626506024,0.6991522312164307,0.5698750615119934,0.8081350687344744,0.4743307449164233,0.6906575328963501,0.3407716576513905,0.5784737510496596
537,13.0,2.0,1.0,0.5555555555555556,1,0.4734082397003745,0.20614692653673164,0.20299625468164795,0.5983446836471558,0.6675036549568176,0.8402865224503686,0.49741369614912634,0.7628124894589248,0.8258031579439896,0.7315789665006023
538,1.0,1.0,0.0,1.0,1,0.6260554885404102,0.2765700483091787,0.25934861278648974,0.663283109664917,0.5945022702217102,0.8981136687545237,0.5356697562382093,0.6503493655120243,0.8687646050972442,0.7382243489005003
539,8.0,1.0,0.0,0.5555555555555556,0,0.6027777777777779,0.27677329624478436,0.25138888888888894,0.6494885087013245,0.7213554382324219,0.8595157640625276,0.5480588362066858,0.7353767460690959,0.8277173299175632,0.7426671690639681
540,8.0,2.0,1.0,0.7777777777777778,3,0.6151960784313726,0.2969325153374234,0.26838235294117646,0.6775159239768982,0.6560906767845154,0.8775198264893794,0.5294643526699772,0.6947027416126186,0.8779073413485977,0.7448985655301432
541,13.0,2.0,1.0,0.7777777777777778,3,0.49456066945606686,0.30569514237855944,0.2711297071129707,0.6645947098731995,0.7142226099967957,0.8429585292472852,0.557978481594829,0.6972111391081501,0.7695797695651215,0.7169319798788465
542,1.0,1.0,0.0,0.7777777777777778,1,0.5159613956941351,0.27637444279346207,0.23385300668151443,0.6700822710990906,0.7519854307174683,0.7667830934765412,0.5619327451294441,0.6786069362785874,0.7886289134293134,0.6989879220784716
543,8.0,1.0,0.0,0.8888888888888888,3,0.5978552278820375,0.2657718120805369,0.2453083109919571,0.653015673160553,0.7636294960975647,0.8195968535551287,0.6758669977534456,0.7433181574757611,0.8086179463439358,0.7618499887820678
544,3.0,1.0,1.0,0.625,2,0.435374149659864,0.19318181818181818,0.19954648526077093,0.6144611835479736,0.7711836695671082,0.8571658178537196,0.7910164629447157,0.912345580086451,0.6849763520568481,0.8113760532354337
545,8.0,1.0,1.0,0.7777777777777778,3,0.6837696335078535,0.3679245283018868,0.3298429319371728,0.6947957277297974,0.7019767761230469,0.834161655143754,0.5378141045138204,0.8004418165090683,0.8241672023691909,0.7491461946339584
546,9.0,1.0,1.0,1.0,2,0.5954583683767872,0.3150800336983993,0.2809083263246426,0.6658315062522888,0.6592599749565125,0.4483093705754173,0.776326506133611,0.7697274413371803,0.5030080870418947,0.6243428512720257
