respondentType,rouge1,rouge2,rougeL,bert_f1,align_score,unieval_coherence,unieval_consistency,unieval_fluency,unieval_relevance,unieval_overall
0,0.5217441496805089,0.267557156697172,0.2574020386432599,0.655434807141622,0.7146206200122833,0.6213898007389277,0.6736327514837818,0.730649695783657,0.5487986877291556,0.6436177339338806
1,0.5323892623713747,0.26137275143969385,0.23197374383462516,0.6431709929339348,0.6942560577825192,0.6646476397667948,0.6106764660386689,0.721684989129522,0.6304059373162103,0.6568537580627989
2,0.5467331710323817,0.2676006931780053,0.23602963218607872,0.6427494020511707,0.6757688346939782,0.6812016146564847,0.6153826365584073,0.7318483613191654,0.654021727032367,0.6706135848916062
3,0.5481152701159984,0.26884402573705657,0.236011700678136,0.6442189334513067,0.6749609957684527,0.6894293546963226,0.6000716164592533,0.7203803370731171,0.6696129389916711,0.6698735618050911
4,0.5225905517229018,0.2398254351248922,0.21920353995850977,0.6283338725566864,0.7115660190582276,0.7195643248732799,0.6563427307449647,0.7613011906065864,0.6936662873058422,0.7077186333826683
