index,issueArea,decisionDirection,partyWinning,voteDistribution,respondentType,rouge1,rouge2,rougeL,bert_f1,align_score,unieval_coherence,unieval_consistency,unieval_fluency,unieval_relevance,unieval_overall
0,10.0,2.0,0.0,0.625,1,0.41053101294065153,0.22688700312639573,0.21240517626059793,0.640123724937439,0.8033419847488403,0.4566789093041462,0.6115935879532371,0.7557686073830141,0.47864490668156967,0.5756715028304917
1,8.0,1.0,0.0,0.6666666666666666,1,0.584305408271474,0.24416135881104034,0.21951219512195122,0.5974462628364563,0.8394268751144409,0.8816421718851104,0.5544022959280043,0.7046977688600794,0.8727462824375177,0.753372129777678
2,2.0,1.0,1.0,1.0,2,0.5866543095458759,0.3348794063079777,0.22798887859128825,0.6754661798477173,0.5243262052536011,0.897451219346646,0.6337557304783465,0.7677550331297834,0.8706737783859084,0.7924089403351711
3,1.0,1.0,0.0,0.6666666666666666,1,0.6504065040650406,0.38023255813953494,0.3019744483159117,0.647705614566803,0.7472200989723206,0.8805866209615159,0.5783729100036895,0.6927674590432925,0.8459068872332342,0.749408469310433
4,8.0,2.0,1.0,1.0,3,0.5120593692022264,0.2636464909023394,0.22708719851576994,0.637542724609375,0.6726068258285522,0.8494569817283139,0.6140661070595897,0.6904728902300691,0.8354612662680292,0.7473643113215005
5,7.0,1.0,0.0,0.5555555555555556,3,0.5056264066016504,0.27852852852852855,0.2498124531132783,0.5896311402320862,0.6444375514984131,0.8761655439697182,0.5276688749129218,0.7639475620935565,0.867179361221612,0.7587403355494521
6,10.0,1.0,0.0,0.5555555555555556,1,0.57579185520362,0.27066817667044174,0.251131221719457,0.644666850566864,0.6822167038917542,0.24650921679896137,0.5827100238333296,0.7398511127949344,0.2794079946660344,0.4621195870233149
7,8.0,1.0,1.0,0.8888888888888888,2,0.6012488849241748,0.291331546023235,0.3264942016057092,0.6568563580513,0.7236707806587219,0.6317945129380125,0.7597059317685982,0.8245970061478174,0.6399378170311263,0.7140088169713885
8,8.0,1.0,1.0,1.0,2,0.5756302521008404,0.3263157894736842,0.3130252100840336,0.6677982211112976,0.6753650307655334,0.6952321253465039,0.7646490993716114,0.8310372313806469,0.11182978114160043,0.6006870593100907
9,1.0,2.0,1.0,0.5555555555555556,1,0.5673249551166966,0.30008984725965854,0.24596050269299818,0.609758734703064,0.75584477186203,0.904130319317447,0.5920475926925289,0.7685128895694954,0.8960604770903938,0.7901878196674662
10,2.0,2.0,1.0,0.5555555555555556,2,0.6476906552094521,0.3096774193548387,0.2771213748657358,0.6374082565307617,0.6984436511993408,0.8980597617225514,0.5283036304159183,0.7344898321532661,0.8863414553279739,0.7617986699049274
11,9.0,1.0,0.0,0.6666666666666666,1,0.5022665457842248,0.294010889292196,0.23209428830462375,0.6480405926704407,0.6977642178535461,0.8064064139003126,0.6313948766097945,0.5983856696360456,0.742895131781201,0.6947705229818384
12,5.0,1.0,1.0,0.625,2,0.5482625482625482,0.2838210933186085,0.290126861555433,0.6983657479286194,0.8055335879325867,0.6878718442173786,0.6488317888218185,0.8149251560829615,0.38187008951490264,0.6333747196592653
13,4.0,2.0,0.0,1.0,3,0.6136470588235293,0.31653320772491755,0.2870588235294118,0.5945367217063904,0.7441022396087646,0.8813814502718479,0.5465067994869446,0.8201957470196419,0.879290407291575,0.7818436010175023
14,2.0,1.0,1.0,1.0,1,0.5601458080194411,0.2737226277372262,0.21385176184690158,0.5473001003265381,0.8122460246086121,0.6711102836566928,0.620417740619186,0.8044311582341054,0.34835108062554193,0.6110775657838815
15,1.0,1.0,0.0,0.5555555555555556,1,0.543222003929273,0.2989183874139626,0.2770137524557957,0.6223417520523071,0.7050905227661133,0.21398039421820844,0.7166803586130651,0.7444561036066099,0.2540820369037588,0.48229972333541055
16,8.0,1.0,0.0,1.0,2,0.6070713809206137,0.2551770207080828,0.276184122748499,0.6707783341407776,0.6994197964668274,0.8336439236770158,0.6307803238447238,0.7002654565027804,0.8195855159527142,0.7460688049943086
17,8.0,1.0,0.0,0.75,1,0.37734082397003743,0.2314901593252109,0.25655430711610483,0.6401108503341675,0.7873941659927368,0.21142553528958516,0.6600823860110429,0.6219372597456829,0.17019706720454258,0.4159105620627134
18,9.0,1.0,0.0,0.8888888888888888,1,0.5857418111753371,0.3008678881388621,0.2447013487475915,0.7247161269187927,0.7198342680931091,0.8567157743095364,0.6524312912818868,0.8305642229972566,0.8522070255002017,0.7979795785222203
19,1.0,1.0,0.0,1.0,1,0.5089494163424124,0.22915042868277474,0.22568093385214008,0.6599120497703552,0.542373538017273,0.8635591730844525,0.4695673979294155,0.6588063284133172,0.8504714074823067,0.7106010767273729
20,12.0,2.0,0.0,0.5555555555555556,1,0.5461077844311377,0.2529976019184652,0.22994011976047904,0.6650369763374329,0.6394848227500916,0.04647829284757436,0.5636594100831668,0.6483497772991335,0.051617825891528656,0.32752632653035085
21,2.0,1.0,1.0,1.0,2,0.5358378645575878,0.27906976744186046,0.2135442412259021,0.6561705470085144,0.5823318958282471,0.7504792163307025,0.6344299947992482,0.7236057259025203,0.7521423565744247,0.715164323401724
22,3.0,2.0,1.0,1.0,1,0.513677811550152,0.28517110266159695,0.30927051671732525,0.6690424084663391,0.706182062625885,0.7565382047309276,0.5904049517601198,0.7598092977824251,0.7523476824793542,0.7147750341882066
23,1.0,1.0,1.0,0.6666666666666666,2,0.6534954407294833,0.3580121703853955,0.2917933130699088,0.6499332785606384,0.7978519201278687,0.9008011635601734,0.6386993103625616,0.8594693240373076,0.891530220343991,0.8226250045760084
24,2.0,2.0,1.0,1.0,1,0.5582272512965581,0.23124115148655025,0.20273455917020272,0.6213199496269226,0.7599243521690369,0.8905328966513049,0.5523505238679788,0.724405034168256,0.8622603469070814,0.7573872003986551
25,8.0,2.0,0.0,1.0,2,0.6395415472779369,0.32587492828456677,0.24871060171919773,0.6383708715438843,0.6732859015464783,0.8610794844313512,0.5982332943400714,0.692141428876831,0.8385739325188045,0.7475070350417645
26,2.0,1.0,0.0,0.6666666666666666,1,0.6303099885189437,0.32068965517241377,0.25143513203214696,0.6647032499313354,0.5423437356948853,0.8535631576279259,0.5834952033185115,0.6545343161312261,0.8403972407239007,0.7329974794503911
27,9.0,1.0,0.0,1.0,3,0.5597560975609757,0.3028083028083028,0.3036585365853659,0.6784339547157288,0.6760050058364868,0.7605870590649829,0.556581012561265,0.6875322281867213,0.6895203596844152,0.6735551648743461
28,7.0,1.0,1.0,0.7777777777777778,3,0.5305164319248826,0.2364917776037588,0.2089201877934272,0.6324895620346069,0.8226563930511475,0.9192359890772136,0.6166134901415904,0.8213449333010294,0.9002606721184099,0.8143637711595608
29,10.0,2.0,0.0,0.6666666666666666,3,0.641891891891892,0.35738444193912067,0.27927927927927926,0.6767148375511169,0.7163559198379517,0.8642416835493234,0.5524148520825982,0.7809789527283825,0.8291072990068311,0.7566856968417839
30,2.0,2.0,1.0,0.5555555555555556,1,0.5913843580092012,0.3290079531184596,0.28774571309075697,0.695418119430542,0.744554877281189,0.8533104076020889,0.6865070458550804,0.7310367474122615,0.8429197496223264,0.7784434876229394
31,2.0,2.0,1.0,0.7777777777777778,1,0.5507246376811594,0.2670648464163823,0.24637681159420288,0.6051275134086609,0.7649863362312317,0.8993338658845849,0.665024853189064,0.7968318217742971,0.862741997403511,0.8059831345628643
32,2.0,1.0,1.0,1.0,2,0.5430410297666934,0.2536231884057971,0.23411102172164117,0.6183853149414062,0.6768271327018738,0.9243516639383379,0.5172527893594242,0.5767066539987662,0.9066205546848928,0.7312329154953553
33,2.0,2.0,1.0,0.7777777777777778,1,0.34124438742783836,0.14771997430956968,0.1603592046183451,0.6475704908370972,0.7500653266906738,0.7643827547671014,0.7785431476780668,0.8835008265437326,0.7020169050566395,0.7821109085113851
34,9.0,1.0,0.0,0.8888888888888888,2,0.5783274440518256,0.2924528301886793,0.2956419316843345,0.6564972996711731,0.6552090048789978,0.402246579683077,0.5129397798248289,0.7703324836548097,0.26584821073332904,0.48784176347401115
35,8.0,2.0,1.0,1.0,2,0.37467018469656993,0.22292657157950346,0.23324538258575198,0.6214480996131897,0.7469756603240967,0.8151817106400406,0.5758940228114964,0.6850865074305641,0.7133837301607643,0.6973864927607163
36,2.0,1.0,1.0,0.6666666666666666,2,0.5577249575551783,0.27102803738317754,0.2266553480475382,0.5569579005241394,0.7477126717567444,0.8527840109010623,0.5983672155604258,0.7474234367609239,0.8379738625767793,0.7591371314497978
37,1.0,2.0,1.0,0.5555555555555556,1,0.3762013729977117,0.19056344480073295,0.19771167048054916,0.6172226071357727,0.6437711119651794,0.615938789347771,0.5274322770636345,0.7655078767968798,0.40082951719343185,0.5774271151004293
38,8.0,2.0,1.0,1.0,2,0.6226226226226226,0.3657314629258517,0.3013013013013013,0.6647155284881592,0.7007468938827515,0.8583485477665651,0.6895497631381059,0.7637329320939333,0.8529146763367088,0.7911364798338283
39,1.0,1.0,1.0,0.8888888888888888,2,0.5949074074074074,0.2699884125144843,0.23958333333333334,0.6423721313476562,0.6206287145614624,0.8122078346242813,0.5598639410694739,0.7651368747385842,0.7954279293264369,0.733159144939694
40,2.0,2.0,1.0,0.5555555555555556,2,0.32122587968217936,0.17727272727272728,0.19069239500567536,0.6888253092765808,0.7795307040214539,0.9388654359917629,0.8777384255657363,0.8065634944141093,0.9245442478722706,0.8869279009609699
41,8.0,1.0,0.0,1.0,1,0.6646884272997031,0.3172905525846702,0.24807121661721065,0.6576192378997803,0.7313222885131836,0.8290393225428063,0.6303418356119991,0.6659788724904764,0.7939922173987978,0.7298380620110199
42,10.0,2.0,0.0,0.5555555555555556,1,0.4125038308305241,0.21220484513952775,0.19429972418020228,0.5946959853172302,0.7000489234924316,0.8767707327304158,0.5364444319815066,0.7049768459808525,0.8598165378659918,0.7445021371396917
43,10.0,2.0,1.0,1.0,1,0.5744908896034299,0.20708154506437768,0.2036441586280815,0.604406476020813,0.6230582594871521,0.9020464302006128,0.5879743595392282,0.8677721210285599,0.8829087643173318,0.8101754187714332
44,8.0,2.0,0.0,1.0,2,0.5737211634904714,0.2680722891566265,0.238716148445336,0.6755451560020447,0.6734579801559448,0.9086801916522885,0.5728544444864113,0.7825052090665372,0.8919353494111054,0.7889937986540856
45,1.0,1.0,0.0,0.8888888888888888,1,0.5671077504725897,0.29706717123935666,0.26559546313799626,0.6325953006744385,0.6586678624153137,0.8951061255517838,0.6571720512106753,0.6919734702866525,0.8798419160983159,0.7810233907868568
46,8.0,1.0,1.0,1.0,1,0.36635006784260515,0.1738343141693074,0.1899592944369064,0.6203245520591736,0.6381176114082336,0.6861030164567083,0.6191395991629686,0.5760298361860806,0.6464989724651169,0.6319428560677185
47,2.0,1.0,0.0,1.0,0,0.5987748851454823,0.294478527607362,0.2618683001531394,0.6824760437011719,0.6414721608161926,0.3768825084529911,0.6567770037588164,0.7571232697486051,0.33593782759643537,0.531680152389212
48,2.0,1.0,0.0,1.0,1,0.5119916579770594,0.2985386221294363,0.28467153284671537,0.6447582244873047,0.7352612614631653,0.8533766527398824,0.7848730136466211,0.7235924533161521,0.8645750971201666,0.8066043042057055
49,2.0,1.0,1.0,1.0,2,0.6457178065311152,0.2936458975940777,0.27233518176216887,0.6678386926651001,0.7105022072792053,0.8032268747359477,0.4867634413654092,0.6395984274846015,0.7808877511703521,0.6776191236890776
50,1.0,2.0,1.0,0.7777777777777778,1,0.5826193390452876,0.32598039215686275,0.3219094247246022,0.6777997612953186,0.7268816828727722,0.17565625113529815,0.5721894885520097,0.5895161240606998,0.1892358737510085,0.381649434374754
51,8.0,1.0,0.0,0.8888888888888888,3,0.5738607911867801,0.3258145363408521,0.3084626940410616,0.6755281686782837,0.5396266579627991,0.4401542791724518,0.5202990904800286,0.8511696561196518,0.42368252313485066,0.5588263872267457
52,8.0,2.0,1.0,1.0,1,0.6009389671361502,0.30407523510971785,0.3208137715179969,0.6469929814338684,0.5879923105239868,0.8527292377187764,0.6700957829859162,0.8510441671291455,0.6237731674764512,0.7494105888275724
53,2.0,2.0,0.0,0.5555555555555556,3,0.6246901338621715,0.3464019851116626,0.3083787803668815,0.6880412101745605,0.7403355240821838,0.8711438420287905,0.6777516303394457,0.7146304656417093,0.8389262155002367,0.7756130383775456
54,9.0,2.0,0.0,0.6666666666666666,1,0.6494512588766946,0.28571428571428564,0.27114267269205944,0.670161783695221,0.6661899089813232,0.8540664696614617,0.5966529862712817,0.7496183028607007,0.8498154588123008,0.7625383044014362
55,1.0,2.0,1.0,0.8888888888888888,1,0.6121593291404612,0.3592436974789916,0.40880503144654085,0.7273584008216858,0.7565933465957642,0.2612439622712136,0.8062905094108214,0.7102293895533222,0.20087233744018743,0.49465904966888613
56,1.0,2.0,1.0,0.6666666666666666,1,0.4486187845303867,0.2643805309734513,0.24309392265193366,0.653751790523529,0.5825897455215454,0.15906080527162855,0.652768103212989,0.7385622543636845,0.10893641276817641,0.4148318939041196
57,9.0,1.0,1.0,0.6666666666666666,4,0.5874855156431054,0.26102088167053367,0.21436848203939746,0.6159518957138062,0.7152112126350403,0.8923561214128096,0.7226448870742548,0.707502159792716,0.868714347518337,0.7978043789495294
58,3.0,2.0,0.0,0.6666666666666666,2,0.4337794185509921,0.19676674364896074,0.20858329487771113,0.6020001173019409,0.7652979493141174,0.10996874146432761,0.6254490230978923,0.7885479265158932,0.1003156466930546,0.40607033444279195
59,12.0,1.0,0.0,0.5555555555555556,2,0.5022999080036799,0.28940092165898623,0.27414903403863844,0.6759421229362488,0.6290062665939331,0.17083052156909156,0.6795573483965464,0.5959426932767161,0.1222132889537756,0.3921359630490325
60,1.0,2.0,0.0,1.0,2,0.5746962115796997,0.2691481746599857,0.2930664760543245,0.698287308216095,0.7693765759468079,0.3510194645713259,0.6654494600327607,0.695865930987338,0.2933218823256068,0.5014141844792579
61,2.0,2.0,1.0,0.6666666666666666,1,0.5669144981412639,0.27069767441860465,0.24442379182156138,0.6246087551116943,0.7084646821022034,0.8586306589892947,0.5553161685424495,0.6710049971854143,0.8417015594940993,0.7316633460528144
62,1.0,1.0,0.0,0.5555555555555556,1,0.4236760124610592,0.19576059850374064,0.1663551401869159,0.6259158253669739,0.7203925251960754,0.8674153516776391,0.5243096939494207,0.8181416242048922,0.8614327341169032,0.7678248509872139
63,1.0,2.0,1.0,1.0,1,0.663420572124163,0.3436928702010969,0.2897139379184419,0.6744034886360168,0.7684651017189026,0.9078173841141757,0.6468387744694053,0.6628614334683217,0.8978058602007501,0.7788308630631632
64,13.0,2.0,1.0,0.8888888888888888,1,0.5246800731261425,0.23443223443223443,0.21572212065813529,0.6436627507209778,0.6655880212783813,0.23264397614675777,0.716584140667222,0.7182757259035172,0.30429198102546057,0.4929489559357394
65,2.0,1.0,1.0,0.5555555555555556,2,0.6163265306122448,0.3166496424923391,0.21326530612244898,0.6263078451156616,0.6460745334625244,0.6269719966491778,0.563155999847469,0.6841829351138652,0.6604177932819579,0.6336821812231175
66,3.0,2.0,0.0,0.75,2,0.5823389021479713,0.3178016726403823,0.2863961813842482,0.6179910898208618,0.811561107635498,0.09568855119262445,0.6439875823526802,0.7672018652056392,0.11109008375812271,0.40449202062726664
67,1.0,2.0,1.0,0.5555555555555556,1,0.4761441090555015,0.290448343079922,0.2181110029211295,0.5998682379722595,0.7347883582115173,0.10441965216479215,0.5770685825824723,0.6995179780074721,0.165923808370589,0.38673250528133135
68,8.0,1.0,0.0,1.0,3,0.4147355912061794,0.22486615110053537,0.23172905525846704,0.6416947841644287,0.7585408091545105,0.9301919159436802,0.7418196573300598,0.6842338093098639,0.41856442567555685,0.6937024520647902
69,8.0,1.0,1.0,0.625,3,0.6163522012578616,0.31989924433249367,0.30062893081761005,0.6534191966056824,0.763800859451294,0.878813976810618,0.5561515314771048,0.8206767817297494,0.8761487931795386,0.7829477707992527
70,10.0,2.0,1.0,1.0,1,0.6586345381526104,0.3480758184951177,0.2937464142283419,0.6684389710426331,0.7562528848648071,0.8877976579772218,0.6305889008389569,0.7528538333567384,0.8876978591423592,0.789734562828819
71,8.0,2.0,0.0,0.6666666666666666,3,0.5130331753554502,0.2431791221826809,0.2156398104265403,0.6239897608757019,0.6836705207824707,0.7874755870343599,0.6640916685777986,0.7393390446503196,0.74989801557745,0.735201078959982
72,2.0,2.0,0.0,0.7777777777777778,3,0.6238532110091743,0.27210103329506313,0.24426605504587157,0.6685077548027039,0.6610050797462463,0.830948265567324,0.5283526403007441,0.8578642246791048,0.8372939388614216,0.7636147673521487
73,4.0,1.0,1.0,1.0,1,0.5095057034220533,0.30342577487765093,0.23465507876154262,0.6091855764389038,0.7639085650444031,0.2855971821611059,0.6888599486146683,0.7002808479483995,0.4599860636573342,0.533681010595377
74,1.0,1.0,1.0,1.0,2,0.5870930896630496,0.24585477415666096,0.22729868646487725,0.6473082304000854,0.6859946250915527,0.6943881246715177,0.598488261508779,0.721895970412538,0.7273850131824996,0.6855393424438335
75,1.0,2.0,1.0,0.6666666666666666,1,0.5532945736434108,0.2783705140640155,0.2432170542635659,0.6443970203399658,0.7711666226387024,0.9156890261551321,0.7489372139134417,0.824840537432709,0.8925669777252662,0.8455084388066373
76,8.0,1.0,0.0,1.0,4,0.634113712374582,0.261219022103148,0.2755852842809364,0.6725229024887085,0.8093018531799316,0.543770866359691,0.6461703896115306,0.7603415215770855,0.4482954393900808,0.599644554234597
77,8.0,2.0,1.0,1.0,2,0.5511240029006527,0.3006535947712418,0.3118201595358956,0.6840537786483765,0.671995222568512,0.3321299177422955,0.7662024011498509,0.7692210768909662,0.20350768303309044,0.5177652697040508
78,2.0,2.0,1.0,1.0,2,0.5947643979057592,0.3207547169811321,0.2785340314136126,0.5865140557289124,0.7521549463272095,0.8462491845645236,0.5545618625667329,0.7574451220532653,0.8377190031605815,0.7489937930862758
79,1.0,1.0,0.0,0.7777777777777778,1,0.5765230312035662,0.28125,0.3209509658246657,0.6625431776046753,0.7043884992599487,0.746538105029555,0.5415222543298599,0.7848875071297737,0.6065269605844595,0.669868706768412
80,9.0,1.0,0.0,0.6666666666666666,1,0.5960339943342777,0.2949517867271696,0.2878186968838527,0.6623748540878296,0.7773163318634033,0.850059433772062,0.6627827973355289,0.795361262382877,0.8402022696738944,0.7871014407910906
81,9.0,1.0,1.0,0.5555555555555556,3,0.6134636264929425,0.31630434782608696,0.27904451682953313,0.6653718948364258,0.7136320471763611,0.9097408604633597,0.6001628231761785,0.8496213372443409,0.896426649112583,0.8139879174991156
82,9.0,1.0,1.0,0.5555555555555556,2,0.601148691767709,0.27220447284345045,0.2488832163369496,0.6591350436210632,0.7059825658798218,0.8459233735436852,0.5889535207325441,0.7236543368181144,0.7475474673099206,0.726519674601066
83,10.0,2.0,0.0,1.0,2,0.5512265512265512,0.24554646124217622,0.23857623857623858,0.6503914594650269,0.6804916858673096,0.9152898772628919,0.5421271006775493,0.862621539276223,0.8964739873527203,0.8041281261423462
84,8.0,2.0,1.0,0.875,3,0.4459214501510574,0.2456140350877193,0.25498489425981874,0.6679074764251709,0.5960941314697266,0.4565902263858447,0.7433454983651618,0.7437560114440026,0.2601563066720765,0.5509620107167714
85,1.0,2.0,1.0,0.8888888888888888,1,0.6094961240310077,0.3326867119301649,0.2558139534883721,0.6738329529762268,0.7212018370628357,0.8086245459917656,0.5967082251653887,0.6244723827793002,0.8110433963411553,0.7102121375694024
86,1.0,2.0,1.0,0.8888888888888888,1,0.568269762299613,0.2379634753735473,0.2509673852957435,0.6717199087142944,0.6757943034172058,0.8843199425406395,0.6008508403018501,0.7293243377011445,0.8745096322353898,0.772251188194756
87,2.0,1.0,1.0,0.875,1,0.6408076514346439,0.35425531914893615,0.2879914984059511,0.687918484210968,0.7647397518157959,0.8591748853320291,0.5267176445185391,0.7146886959364204,0.8552997445201047,0.7389702425767734
88,1.0,1.0,1.0,1.0,2,0.5560109289617486,0.24897400820793433,0.2185792349726776,0.610907793045044,0.8197861909866333,0.34550822204495474,0.5814152246425719,0.6477282753648158,0.3782970908476863,0.48823720322500724
89,1.0,2.0,0.0,0.5555555555555556,2,0.49041533546325883,0.22719999999999999,0.2428115015974441,0.603091299533844,0.7697024941444397,0.7646947107503754,0.6137403223046979,0.7401561097611072,0.7136958355506473,0.708071744591707
90,1.0,2.0,1.0,0.625,3,0.45273109243697474,0.19663512092534172,0.20378151260504201,0.5948405265808105,0.7475362420082092,0.5206210917785944,0.5322244365973907,0.7544841253704524,0.31143628602378404,0.5296914849425554
91,8.0,2.0,1.0,1.0,4,0.4927234927234927,0.20915712799167535,0.20062370062370063,0.5953995585441589,0.7544693350791931,0.05427147366898732,0.6271979625348961,0.716787326881335,0.0562248851010761,0.36362041204657364
92,8.0,2.0,1.0,1.0,1,0.594562647754137,0.27218934911242604,0.24468085106382978,0.6265624165534973,0.7555501461029053,0.4918468353834699,0.586234431977881,0.7588609632237029,0.4117907395064632,0.5621832425228792
93,7.0,1.0,1.0,0.5555555555555556,2,0.6623093681917211,0.33478735005452565,0.2690631808278867,0.6953454613685608,0.7980204224586487,0.8287943818515255,0.7290017626544312,0.8098590946884158,0.8295026131297617,0.7992894630810335
94,10.0,1.0,1.0,1.0,2,0.6523754345307068,0.3515081206496519,0.26882966396292,0.6851001977920532,0.7195053696632385,0.8943133108486051,0.6180999613371465,0.7613678840074096,0.8781551660433755,0.7879840805591342
95,1.0,2.0,1.0,0.6666666666666666,1,0.6305320735952262,0.2916874066699851,0.24564893088015913,0.7065355181694031,0.7379172444343567,0.7940730565441727,0.6332082526499484,0.7388355781225564,0.7808933500105337,0.7367525593318028
96,10.0,2.0,0.0,1.0,2,0.5861095426312817,0.24307518371961562,0.22699040090344438,0.6674800515174866,0.7525824308395386,0.7636302129126181,0.4992163072928633,0.7150075285904384,0.7684846915241286,0.6865846850800121
97,9.0,1.0,0.0,0.5555555555555556,2,0.5798212005108557,0.3204090328078398,0.24350787569178378,0.6564291715621948,0.7054140567779541,0.8576089216815921,0.4950583460799845,0.7567358256353892,0.852076851094619,0.7403699861228962
98,4.0,2.0,1.0,1.0,1,0.6209223847019123,0.31306306306306303,0.29021372328458944,0.6574413180351257,0.7167578339576721,0.8990195048710041,0.5586056623700978,0.7112716142512937,0.8841873408547231,0.7632710305867797
99,1.0,1.0,1.0,1.0,2,0.6534239414532147,0.3453689167974882,0.26346053319393625,0.629902184009552,0.6754162907600403,0.8883109980929886,0.4939595606245729,0.6020557244032123,0.8692913603596668,0.7134044108701102
100,8.0,2.0,1.0,0.6666666666666666,3,0.47892542843909214,0.22531293463143254,0.2519685039370079,0.632915198802948,0.6953423023223877,0.07040854837939979,0.5058335200713533,0.8207584892129683,0.06157901434950043,0.3646448930033055
101,2.0,2.0,1.0,1.0,1,0.5766062602965404,0.3221550302363936,0.32070291048874244,0.6534421443939209,0.5950267910957336,0.7390661337726949,0.5444057374237307,0.7975766996521071,0.6901263345162321,0.6927937263411912
102,4.0,2.0,1.0,0.5555555555555556,1,0.5918181818181818,0.26478616924476794,0.23272727272727273,0.6583254933357239,0.8518965244293213,0.9100327541161991,0.7508553584809092,0.7920666091713651,0.8782529801864107,0.8328019254887211
103,8.0,1.0,1.0,1.0,1,0.5615505500261917,0.2747771368641846,0.2221058145625982,0.6550816893577576,0.6745322942733765,0.8697612946404849,0.52629596168117,0.7616632230213265,0.83586146621291,0.7483954863889729
104,8.0,1.0,1.0,1.0,3,0.5925925925925926,0.3830431491294474,0.24338624338624337,0.6788930892944336,0.645352303981781,0.820592141413577,0.6804889874331178,0.6921135180926655,0.8010164146035063,0.7485527653857167
105,4.0,2.0,1.0,0.7777777777777778,1,0.5946862634256642,0.27730616864742497,0.23176936122102884,0.6523181200027466,0.6841264367103577,0.822589583551824,0.6724712167875109,0.6393649846620405,0.79262363440029,0.7317623548504163
106,6.0,1.0,1.0,0.5555555555555556,2,0.5916343251401466,0.26068191627104015,0.22595946528676153,0.6674185991287231,0.8076208829879761,0.851695012554553,0.618735604529564,0.8012216713542771,0.8349933529774182,0.7766614103539531
107,8.0,1.0,0.0,0.7777777777777778,3,0.6575052854122622,0.3597883597883598,0.26004228329809725,0.6813240647315979,0.6755995154380798,0.8902104188502448,0.5945446330126184,0.6856793950364134,0.8831367366302054,0.7633927958823705
108,1.0,1.0,1.0,0.5555555555555556,2,0.4323827046918123,0.16666666666666669,0.1692732290708372,0.6041932106018066,0.7816433906555176,0.39711173873699973,0.6752853003324817,0.7638633893940862,0.20333085975688814,0.5098978220551139
109,5.0,1.0,0.0,1.0,1,0.4654255319148936,0.2503328894806924,0.2606382978723404,0.6386861801147461,0.71142578125,0.8168818815110659,0.7680192060790287,0.7489026825640027,0.6868795579007965,0.7551708320137235
110,1.0,2.0,1.0,0.5555555555555556,1,0.6181998021760633,0.3099009900990099,0.22947576656775467,0.6325310468673706,0.7006856799125671,0.8869076833060691,0.5297293689069082,0.6960821225032577,0.8058129142785344,0.7296330222486924
111,1.0,1.0,1.0,1.0,2,0.5959941377625795,0.30513447432762836,0.2911577918905716,0.6579721570014954,0.6704650521278381,0.9096914344018147,0.441955890346462,0.6199156147376736,0.8936658218807011,0.7163071903416628
112,8.0,1.0,1.0,1.0,1,0.6213235294117648,0.3388581952117864,0.3492647058823529,0.6844062209129333,0.6720173358917236,0.22824057375586526,0.616286437420144,0.6677595024582765,0.11612519266405064,0.40710292657458413
113,1.0,2.0,0.0,0.5555555555555556,2,0.6015037593984963,0.3226716839134525,0.2885338345864661,0.6662173867225647,0.6801976561546326,0.8440644863994918,0.690768851892432,0.7205034350438426,0.823293400878711,0.7696575435536193
114,2.0,2.0,1.0,0.7777777777777778,1,0.5839572192513369,0.27408993576017127,0.24491978609625664,0.6418833136558533,0.5586361885070801,0.9110436238418478,0.6753472961236094,0.8480960572897375,0.8933542528805617,0.8319603075339391
115,10.0,2.0,1.0,0.5555555555555556,2,0.64,0.30966364121729845,0.2517333333333333,0.5991353392601013,0.6976397037506104,0.9281422214719958,0.6042191321133722,0.8926115483685604,0.8934552252664144,0.8296070318050857
116,8.0,1.0,0.0,1.0,2,0.6094545454545455,0.27385287691187177,0.26472727272727276,0.6717599034309387,0.7575727105140686,0.7789072844440338,0.6564303339363918,0.719816407332654,0.7378364850388426,0.7232476276879806
117,1.0,2.0,1.0,0.5555555555555556,1,0.6059716103768967,0.3174914257716805,0.2966226138032305,0.6697062849998474,0.7843590974807739,0.878923846467724,0.6033865910925876,0.7948132594238916,0.8817190178525008,0.789710678709176
118,12.0,2.0,1.0,1.0,1,0.6609124537607891,0.3259259259259259,0.2577065351418002,0.6813146471977234,0.6960198879241943,0.9190735427107986,0.6257612239476555,0.774968530536785,0.9083803448787385,0.8070459105184945
119,1.0,1.0,1.0,1.0,2,0.5851996105160663,0.26413255360623783,0.24050632911392406,0.6814883947372437,0.6661794185638428,0.8465827834185906,0.5478087200104843,0.7167826396430308,0.7977944519402974,0.7272421487531008
120,1.0,1.0,0.0,0.5555555555555556,1,0.6446011937059142,0.30961434003259103,0.2745523602821487,0.7072393298149109,0.7891262769699097,0.902455893157338,0.5548511574878364,0.768521796524195,0.8839215965074185,0.7774376109191969
121,9.0,2.0,1.0,1.0,2,0.5888993414863593,0.3041431261770245,0.2662276575729069,0.6742516756057739,0.6964289546012878,0.9149686869667942,0.5742014950161524,0.7465811831594961,0.9045669653662222,0.7850795826271662
122,6.0,2.0,0.0,1.0,2,0.6188500296384113,0.3513353115727003,0.3438055720213397,0.6381466388702393,0.7477972507476807,0.45949615719530246,0.596622996194481,0.7363527826859829,0.44668898033079724,0.5597902291016409
123,1.0,2.0,1.0,1.0,1,0.5888689407540394,0.31115107913669066,0.2800718132854578,0.6415789723396301,0.6699788570404053,0.3624398710075623,0.6970834771523927,0.6067492772721261,0.1977892154020521,0.46601546020853335
124,2.0,1.0,1.0,0.5555555555555556,1,0.39206424185167693,0.19763593380614658,0.20784128483703354,0.6186063885688782,0.7194016575813293,0.4742927348187041,0.6764334633964943,0.6896424641260668,0.596801482744896,0.6092925362715402
125,1.0,1.0,0.0,1.0,1,0.5880661394680087,0.30525557955363575,0.26024442846872753,0.6755327582359314,0.7977644801139832,0.9032079922613696,0.7196362570606645,0.8094303268695654,0.8812581056803807,0.828383170467995
126,9.0,2.0,1.0,1.0,2,0.5851851851851853,0.30118694362017806,0.2562962962962963,0.6535602807998657,0.6940892338752747,0.7461273350625645,0.7087143788756822,0.7035467271187018,0.7462139416593406,0.7261505956790724
127,10.0,2.0,0.0,1.0,1,0.2640086206896552,0.13052858683926644,0.13577586206896552,0.6193954348564148,0.7195672392845154,0.7188482223388369,0.8068489129736622,0.8630423582925051,0.5594681580947373,0.7370519129249353
128,2.0,2.0,1.0,0.5555555555555556,2,0.625968992248062,0.3443258971871969,0.30523255813953487,0.6628099679946899,0.7072308659553528,0.8881138920678611,0.7116066388416094,0.6674954270028974,0.8676460698619647,0.7837155069435832
129,5.0,1.0,1.0,1.0,2,0.5784615384615385,0.2788906009244992,0.23230769230769233,0.6624446511268616,0.6009840369224548,0.8380942026692006,0.627380409856804,0.6064285723462437,0.8430991283689727,0.7287505783103052
130,1.0,1.0,1.0,1.0,2,0.45925925925925926,0.26483050847457623,0.22222222222222224,0.6378610134124756,0.6620144844055176,0.12031547763297717,0.6024935663175581,0.6465773835501963,0.16403108404672687,0.38335437788686466
131,1.0,1.0,1.0,0.7777777777777778,2,0.5867052023121386,0.2821997105643994,0.2832369942196532,0.638889729976654,0.7704778909683228,0.05532278700127303,0.5647143431174385,0.7631195610791017,0.08294589300134984,0.36652564604979077
132,4.0,2.0,0.0,0.5555555555555556,2,0.5390492359932088,0.22429906542056077,0.22071307300509335,0.649518609046936,0.6936433911323547,0.5462781783419718,0.5941269276882468,0.7614583142875665,0.4774425476494986,0.5948264919918209
133,2.0,1.0,1.0,0.5555555555555556,2,0.5753931544865865,0.275,0.2349676225716929,0.5672446489334106,0.7722911238670349,0.847246711195794,0.5391838253402353,0.7146827711940714,0.8453142440290852,0.7366068879397965
134,8.0,1.0,0.0,0.5555555555555556,2,0.6270833333333333,0.26485922836287795,0.21666666666666667,0.675635576248169,0.7253248691558838,0.8667405501600777,0.6382587855166019,0.734349866617445,0.8604312595242483,0.7749451154545932
135,2.0,1.0,0.0,0.5555555555555556,1,0.6233611442193088,0.26968973747016706,0.2407628128724672,0.6557338833808899,0.5804460048675537,0.8360586373178573,0.560442765808775,0.6336114254872705,0.8076001862909384,0.7094282537262103
136,10.0,2.0,0.0,0.6666666666666666,2,0.5654101995565409,0.2874583795782464,0.27272727272727276,0.6324043869972229,0.7301135659217834,0.39067887572147225,0.5810597866586424,0.7377880975307106,0.3549629986909439,0.5161224396504422
137,8.0,1.0,1.0,0.6666666666666666,4,0.5477252453166815,0.3098214285714286,0.2631578947368421,0.6142785549163818,0.7654194831848145,0.9071269706672638,0.6147373081263763,0.7611382929183883,0.8425289959935371,0.7813828919263914
138,1.0,2.0,0.0,0.5555555555555556,1,0.5307497893850042,0.19746835443037972,0.22577927548441448,0.6254938244819641,0.779339611530304,0.3759942988056359,0.707115136961927,0.7962329545044475,0.7244255835152136,0.6509419934468059
139,3.0,2.0,1.0,0.6666666666666666,2,0.21441124780316342,0.11612903225806451,0.1347393087287639,0.54173344373703,0.6744276285171509,0.7310405526263062,0.7233461029141666,0.8368879284465109,0.5521076545805736,0.7108455596418893
140,8.0,2.0,0.0,1.0,0,0.6570694087403599,0.40452907874420996,0.2817480719794344,0.7249196767807007,0.7548530697822571,0.8899714091022943,0.69640007241692,0.7317491775447359,0.8719915518116136,0.797528052718891
141,5.0,2.0,0.0,0.875,2,0.5458547322083639,0.23365172667156503,0.23037417461482024,0.6350811123847961,0.7443757653236389,0.8971212864512967,0.6205540789164893,0.7211636161975246,0.8719341563246374,0.7776932844724869
142,9.0,2.0,1.0,1.0,4,0.6122258516098927,0.35310602522185897,0.24638357442837142,0.6705987453460693,0.6052259802818298,0.7985197990820405,0.5586649177777896,0.8099374693265048,0.8317537231837081,0.7497189773425107
143,8.0,1.0,1.0,0.7777777777777778,1,0.5616239729337845,0.3193033381712627,0.3392943450942485,0.6324231624603271,0.784093976020813,0.4671123809208184,0.6427966084275202,0.7169058455791513,0.5964643010999121,0.6058197840068505
144,1.0,2.0,1.0,1.0,1,0.5114942528735632,0.24626006904487918,0.23563218390804597,0.5824779272079468,0.8234949707984924,0.7505955193661868,0.6902149746970503,0.8177504964482556,0.5940389566397885,0.7131499867878203
145,1.0,2.0,1.0,1.0,1,0.5563002680965148,0.25369127516778517,0.2359249329758713,0.6448519229888916,0.6201114058494568,0.917246791379538,0.6350083351838435,0.7277269153027814,0.8909192057339188,0.7927253119000204
146,1.0,1.0,1.0,1.0,2,0.6193771626297578,0.29561200923787534,0.25720876585928487,0.6673600673675537,0.6269816756248474,0.9020165478735612,0.64104674907785,0.8042403813911859,0.8948746361937568,0.8105445786340885
147,3.0,2.0,0.0,0.5555555555555556,3,0.31759356418328094,0.17010850542527126,0.15529905561385102,0.6333703398704529,0.6244028210639954,0.6438479531006494,0.5500272408623436,0.5824879614532877,0.5167447542246899,0.5732769774102426
148,8.0,2.0,0.0,0.7777777777777778,2,0.5835777126099706,0.26810176125244617,0.26392961876832843,0.6662858128547668,0.7822254300117493,0.8937770596802326,0.5783674390902007,0.8132855195173273,0.8235049771757131,0.7772337488658684
149,10.0,2.0,1.0,0.7777777777777778,2,0.6019900497512437,0.2590286425902864,0.27114427860696516,0.6516752243041992,0.6325661540031433,0.8779589368174378,0.6243562525426498,0.6482551705266901,0.864975210076057,0.7538863924907087
150,4.0,2.0,1.0,1.0,3,0.5761396702230844,0.25825242718446606,0.24733268671193015,0.6571542024612427,0.6338661909103394,0.8859071527627576,0.5469823226727397,0.6513585639787699,0.8385582914300447,0.7307015827110779
151,8.0,2.0,1.0,0.75,3,0.4888888888888889,0.24610822831727205,0.20518518518518516,0.6613743901252747,0.6836153864860535,0.8704162841947274,0.5925873412947831,0.7103557989153293,0.8547864456063998,0.7570364675028098
152,8.0,2.0,0.0,1.0,2,0.6129032258064515,0.2881136950904392,0.2516129032258065,0.6606347560882568,0.6412297487258911,0.646943345231251,0.5281624703149191,0.6492951513233131,0.7761854160726956,0.6501465957355447
153,1.0,1.0,0.0,0.6666666666666666,1,0.6526806526806527,0.3022170361726955,0.2715617715617716,0.6413463950157166,0.724145770072937,0.9027759022905091,0.6909829676856164,0.8033824331122407,0.8923092585450473,0.8223626404083534
154,8.0,1.0,1.0,1.0,2,0.6082191780821918,0.2676906198573779,0.2717808219178082,0.6592872738838196,0.6733065843582153,0.7032021488923983,0.6647046695519359,0.8085891735907403,0.7011467762699815,0.719410692076264
155,1.0,2.0,1.0,0.5555555555555556,1,0.6405919661733617,0.32275132275132273,0.2536997885835095,0.6577223539352417,0.7471113801002502,0.7996596897573301,0.5112965800130952,0.7132273701583952,0.7678243673682434,0.698002001824266
156,8.0,1.0,1.0,1.0,2,0.40016467682173734,0.22496909765142153,0.20831617949773568,0.6679931282997131,0.7547451257705688,0.6756886221334525,0.6687387807282195,0.7407325336797118,0.5879729501618641,0.668283221675812
157,7.0,1.0,1.0,0.5555555555555556,1,0.5549645390070922,0.22892635314995566,0.2101063829787234,0.6364336013793945,0.7161322236061096,0.7267861330692879,0.5890138883358289,0.7249018834095234,0.7102259287193381,0.6877319583834945
158,8.0,1.0,0.0,1.0,3,0.5505376344086022,0.2292787944025834,0.1989247311827957,0.6651954054832458,0.6876175403594971,0.7234453880662808,0.5935256846360021,0.689786748236274,0.7104963625227186,0.6793135458653189
159,6.0,2.0,1.0,1.0,2,0.58656330749354,0.31865284974093266,0.24031007751937983,0.6410081386566162,0.6890530586242676,0.5838025379308569,0.7626395060117543,0.7955280633410238,0.5847319703389622,0.6816755194056493
160,1.0,1.0,0.0,0.6666666666666666,1,0.6029325513196482,0.23135642982971225,0.22287390029325516,0.68489670753479,0.7138093709945679,0.9123199991941411,0.7207686054833715,0.7852185474148115,0.8964244413093386,0.8286828983504156
161,1.0,1.0,1.0,1.0,2,0.6846609611586569,0.3625576796308504,0.34891375905200794,0.6993111371994019,0.7444489598274231,0.9042992330191058,0.5950573329948281,0.7981802214643104,0.8904728070026099,0.7970023986202136
162,3.0,1.0,0.0,1.0,1,0.6184351554126475,0.3122317596566524,0.2958199356913183,0.6387016773223877,0.6096329092979431,0.8762458761370966,0.6199490929793698,0.7619902144474786,0.8384090464658763,0.7741485575074554
163,8.0,2.0,1.0,1.0,2,0.5866336633663367,0.21933085501858735,0.22896039603960394,0.6238285899162292,0.7504026293754578,0.8079208873294976,0.6908227301985982,0.6800633257047153,0.834126672784737,0.7532334040043871
164,5.0,2.0,1.0,0.6666666666666666,3,0.5641287685232499,0.2516624040920716,0.23811957077158918,0.6501889824867249,0.6474566459655762,0.9087638837827309,0.4516296304215921,0.8603029170754253,0.8866502690702153,0.7768366750874909
165,9.0,2.0,0.0,1.0,3,0.580110497237569,0.24778761061946905,0.2132596685082873,0.6287406086921692,0.6329249143600464,0.8804307643656165,0.6485510312799914,0.7605085298730833,0.7867499272815706,0.7690600632000655
166,8.0,2.0,1.0,1.0,2,0.5507474429583006,0.20015760441292357,0.2187254130605822,0.6694052815437317,0.7522692680358887,0.6933462223473532,0.7230368734785967,0.8036526117855488,0.8468648802928772,0.7667251469760941
167,1.0,1.0,0.0,1.0,1,0.5237166991552956,0.19128171763175014,0.22352176738141652,0.6520059108734131,0.8022751808166504,0.911276597361621,0.6885781746662062,0.8760782146296953,0.8514594664187495,0.8318481132690679
168,2.0,2.0,0.0,1.0,2,0.43880428652002257,0.17730095990965553,0.18725324309080654,0.6497000455856323,0.5796392560005188,0.8435020286348828,0.5217534549093836,0.7796614642979904,0.8276042240597957,0.743130292975513
169,5.0,1.0,1.0,1.0,1,0.5195439739413681,0.22901385493072537,0.2027687296416938,0.6017889976501465,0.7523114681243896,0.7018777439130063,0.5938786575867745,0.7182458192702367,0.6905172621641342,0.6761298707335379
170,3.0,1.0,1.0,0.5555555555555556,1,0.44903581267217624,0.2446588559614059,0.21763085399449036,0.6672948002815247,0.7380595803260803,0.844101404565109,0.5394490459747593,0.6628647964113487,0.7389082396555587,0.6963308716516939
171,8.0,2.0,1.0,1.0,2,0.5343709468223087,0.26623376623376627,0.26588845654993515,0.6663346290588379,0.5583840608596802,0.6995660431846785,0.5677405519790703,0.5946129913249442,0.37577906893054014,0.5594246638548083
172,2.0,2.0,0.0,0.5555555555555556,3,0.5509677419354838,0.21705426356589147,0.22451612903225804,0.6514241695404053,0.6436081528663635,0.7762601147333592,0.6805665401103889,0.7772372202385273,0.6202849681296467,0.7135872108029806
173,9.0,1.0,1.0,1.0,3,0.6306306306306306,0.2769230769230769,0.22575516693163752,0.6690546274185181,0.7434818744659424,0.8545841195175086,0.5962662851826772,0.7791174597183391,0.8453170441684804,0.7688212271467514
174,13.0,1.0,0.0,1.0,3,0.49859747545582045,0.29543859649122806,0.20967741935483872,0.634698748588562,0.7019011378288269,0.8625506933286301,0.61204508546985,0.6800332885723189,0.8463642966112559,0.7502483409955137
175,8.0,2.0,1.0,1.0,2,0.32516339869281047,0.22585924713584288,0.17483660130718953,0.5629178285598755,0.7272250652313232,0.8674738163284079,0.7559801185619965,0.7924206341650083,0.8159387507479323,0.8079533299508362
176,10.0,2.0,1.0,1.0,3,0.6101694915254238,0.2620169651272385,0.21939736346516006,0.6680678129196167,0.6952667832374573,0.8328302223112594,0.6196912891802686,0.803878477795278,0.8159325183638592,0.7680831269126662
177,6.0,2.0,1.0,1.0,3,0.6055776892430279,0.32313829787234044,0.25763612217795484,0.6217857599258423,0.6538323760032654,0.8297166687317399,0.5584923583302773,0.6277412740059412,0.8475554583197322,0.7158764398469226
178,8.0,1.0,1.0,0.5555555555555556,1,0.49062265566391594,0.26726726726726724,0.20480120030007504,0.6561702489852905,0.5979962348937988,0.9065472135742887,0.6187357289213838,0.667094770233811,0.89312368200661,0.7713753486840234
179,8.0,2.0,1.0,0.6666666666666666,4,0.533498759305211,0.2764900662251656,0.24896608767576509,0.5959517955780029,0.6471359729766846,0.8804620146179339,0.5943576742503519,0.8214410044650337,0.8507594936539099,0.7867550467468073
180,2.0,1.0,1.0,1.0,2,0.5235792019347036,0.24213075060532688,0.22370012091898428,0.6387761235237122,0.7195567488670349,0.08976868913576619,0.5874944931367282,0.5548237233073076,0.09528535920987537,0.3318430661974194
181,8.0,2.0,1.0,1.0,3,0.4745762711864407,0.21845174973488868,0.24682203389830512,0.6707870960235596,0.6277764439582825,0.09996401471127599,0.5550116998333741,0.6102812566201263,0.09498563114734611,0.34006065057803064
182,1.0,1.0,0.0,0.5555555555555556,1,0.5441493180186647,0.2717469446441409,0.2196697774587222,0.6715320944786072,0.6958264708518982,0.788639080115635,0.6890418415970312,0.6996075940410219,0.7957941413454327,0.7432706642747802
183,1.0,2.0,1.0,1.0,1,0.5028702640642939,0.25584067407123706,0.19747416762342132,0.611450731754303,0.7085629105567932,0.7290145960384616,0.5703384098490378,0.6977338499169415,0.8164048312892269,0.703372921773417
184,1.0,1.0,0.0,1.0,1,0.5814138204924543,0.26889419252187746,0.25099285146942013,0.6628662943840027,0.6930866837501526,0.7215601085710156,0.8046416828839186,0.810179850899148,0.4243359099266719,0.6901793880701885
185,1.0,2.0,1.0,0.7777777777777778,1,0.63268156424581,0.27832167832167826,0.29329608938547486,0.6697186231613159,0.7583959698677063,0.7114616255405022,0.7133197457979672,0.7525088195393199,0.6838464472421752,0.7152841595299911
186,7.0,1.0,0.0,1.0,3,0.5860362836723474,0.2894881673087507,0.2583837273227048,0.6322861909866333,0.7272154092788696,0.8844463790917896,0.616869161307433,0.8128104796083616,0.8694969514543889,0.7959057428654933
187,2.0,1.0,1.0,0.75,2,0.4329213144407597,0.23831070889894418,0.20741634006632498,0.6373464465141296,0.7425171136856079,0.9323439771096479,0.49557321780682234,0.7790967904951568,0.877756409039474,0.7711925986127752
188,2.0,1.0,1.0,0.5555555555555556,2,0.5274989963869932,0.2474889513860988,0.18546768366118027,0.6407673954963684,0.6573495268821716,0.9157959751616458,0.46723787141952444,0.8428445158579881,0.9009943471111362,0.7817181773875737
189,9.0,2.0,1.0,1.0,3,0.6242390702822357,0.31689750692520774,0.2645268400664084,0.6235573887825012,0.7726786732673645,0.7675644882311283,0.5232882333843919,0.7906892410580085,0.7999482269264597,0.7203725473999971
190,9.0,2.0,1.0,1.0,2,0.5977443609022556,0.28858218318695106,0.2406015037593985,0.660733163356781,0.7647152543067932,0.8809977902398184,0.6496837075782637,0.6969605122452537,0.836532094240311,0.7660435260759118
191,3.0,1.0,1.0,0.5555555555555556,2,0.5282861896838601,0.2231473771856786,0.1930116472545757,0.6438063383102417,0.873386800289154,0.8156234600813982,0.5928850627447655,0.8255825549613383,0.8225441891968694,0.7641588167460929
192,1.0,1.0,1.0,1.0,2,0.6506602641056423,0.3233173076923077,0.2737094837935174,0.6491386890411377,0.7276102900505066,0.8508862924521455,0.5346336351629565,0.7796727428859254,0.8110338103286797,0.7440566202074268
193,1.0,1.0,1.0,1.0,2,0.5903465346534653,0.26394052044609667,0.2264851485148515,0.6831400990486145,0.7743062973022461,0.8803756464817959,0.5072847716698087,0.7468136922287891,0.8605441036975077,0.7487545535194753
194,12.0,2.0,1.0,1.0,3,0.6038647342995169,0.23700120918984283,0.20772946859903382,0.638943076133728,0.6321378946304321,0.9297215467738174,0.6268634883934876,0.7091337903587057,0.9176452012525624,0.7958410066946433
195,12.0,2.0,1.0,1.0,2,0.6480955088118249,0.2970973249857712,0.28311540648095507,0.6418693661689758,0.6510077714920044,0.8766584766584766,0.6715465980014669,0.7410656575030811,0.868579266489352,0.7894624996630941
196,8.0,2.0,0.0,0.7777777777777778,1,0.5922053231939164,0.29781160799238826,0.23479087452471487,0.6267542243003845,0.7281899452209473,0.8416417879043766,0.5315571221791556,0.7358111512032486,0.7525297628959684,0.7153849560456873
197,4.0,2.0,1.0,1.0,2,0.6035502958579883,0.2593811718235682,0.27350427350427353,0.6805804371833801,0.6973804831504822,0.8962425296151235,0.7868202627298252,0.7542884847736291,0.8793885376552327,0.8291849536934527
198,1.0,1.0,1.0,0.6666666666666666,2,0.5739726027397261,0.2510288065843621,0.24794520547945204,0.6467251181602478,0.7712738513946533,0.911717897148584,0.6481226965580279,0.7458851957467371,0.8982279253764466,0.8009884287074488
199,3.0,1.0,1.0,1.0,2,0.5953654188948306,0.28456735057983945,0.28520499108734404,0.6913858652114868,0.7166123390197754,0.9142443417078694,0.6088132346661752,0.7305723770424747,0.8946254545734147,0.7870638519974835
200,8.0,2.0,1.0,0.7777777777777778,3,0.6308040770101925,0.28458049886621306,0.24122310305775765,0.6767092943191528,0.7593483924865723,0.9310136950505795,0.6507310158902863,0.7608883275643723,0.9091005623831119,0.8129334002220876
201,2.0,2.0,1.0,0.5555555555555556,1,0.5818337617823479,0.3516295025728988,0.27677806341045413,0.6718098521232605,0.7435848116874695,0.8606970409604526,0.5981938729523982,0.7523619628761314,0.8353035961032674,0.7616391182230624
202,2.0,2.0,0.0,0.5555555555555556,1,0.564551422319475,0.2593079281646956,0.19518599562363242,0.6243429183959961,0.6261265873908997,0.9147338917041627,0.5357496891646353,0.713013765140143,0.881089147929279,0.761146623484555
203,9.0,1.0,1.0,0.5555555555555556,2,0.5510876730388927,0.23498349834983498,0.2623599208965063,0.6316990852355957,0.7111057043075562,0.895046089109812,0.5617117882353325,0.7153823730600841,0.879344525109359,0.762871193878647
204,8.0,1.0,1.0,0.7777777777777778,3,0.576672587329781,0.2003556609365738,0.20959147424511543,0.6382573246955872,0.6733582615852356,0.6861706938905061,0.4925515710784741,0.6506885066196552,0.7158483149764296,0.6363147716412663
205,6.0,1.0,0.0,0.6666666666666666,3,0.4927536231884057,0.23773324118866618,0.24154589371980673,0.6405068635940552,0.7454107403755188,0.8430672190738338,0.7619565485155828,0.792645169529499,0.8951820098669155,0.8232127367464578
206,1.0,2.0,0.0,0.5555555555555556,2,0.5305841924398625,0.2725395732966277,0.2831615120274914,0.6712199449539185,0.704680323600769,0.9367942375457295,0.7378679206543507,0.7442794279165154,0.900923458688173,0.8299662612011921
207,2.0,1.0,0.0,1.0,1,0.5711934156378601,0.3248145094806265,0.3358024691358025,0.6986395120620728,0.6598072052001953,0.5963182620400566,0.6276029120347484,0.786513813355485,0.40746388899386055,0.6044747191060377
208,8.0,1.0,0.0,0.5555555555555556,2,0.4819277108433735,0.20643431635388737,0.2356091030789826,0.6161504983901978,0.7624933123588562,0.7006163914375458,0.6547816270529043,0.7552811897451758,0.7641057731483705,0.7186962453459991
209,9.0,2.0,1.0,0.5555555555555556,2,0.6451265481960151,0.32129380053908363,0.2854065697361335,0.7107306122779846,0.7230661511421204,0.8696105690602968,0.6694003860587608,0.8052952581326749,0.854818611946133,0.7997812062994663
210,1.0,1.0,1.0,0.5555555555555556,2,0.609805924412666,0.2842535787321063,0.24208375893769152,0.6609846353530884,0.6673941612243652,0.6050109827910395,0.4670968793699157,0.821068255814765,0.6659417437858367,0.6397794654403892
211,3.0,2.0,0.0,0.7777777777777778,2,0.6270996640537513,0.33856502242152464,0.34714445688689805,0.6859338283538818,0.7598523497581482,0.783880518558497,0.5004539165058793,0.7655771051122956,0.7884842230738168,0.7095989408126222
212,8.0,1.0,1.0,1.0,1,0.6054054054054054,0.27901383042693934,0.26186186186186183,0.659535825252533,0.7274515628814697,0.9136193052721371,0.49613743698821483,0.6735967501070803,0.8683040817299066,0.7379143935243346
213,1.0,2.0,1.0,0.8888888888888888,1,0.32732732732732733,0.1924812030075188,0.18918918918918917,0.5948179364204407,0.5839621424674988,0.7437467006548577,0.7249324258966336,0.8672582025769261,0.7515257396125005,0.7718657671852295
214,2.0,2.0,1.0,0.8888888888888888,3,0.5328399629972248,0.2520852641334569,0.19426456984273818,0.6544809341430664,0.7028236389160156,0.5412872942689612,0.7333410153419377,0.8098324401479517,0.1849544825783247,0.5673538080842938
215,9.0,2.0,1.0,1.0,2,0.5932307692307692,0.30437461491065926,0.28307692307692306,0.6515777707099915,0.6872762441635132,0.45603333624904313,0.6031404052739242,0.6897341311534746,0.454429537722061,0.5508343525996258
216,1.0,1.0,0.0,0.5555555555555556,1,0.5776722090261283,0.24726581074655252,0.20427553444180527,0.6347618699073792,0.7208312153816223,0.8511146945040007,0.6107366098909324,0.7069636772689751,0.8373838538375191,0.7515497088753569
217,8.0,2.0,0.0,1.0,2,0.6156462585034014,0.303236797274276,0.3010204081632653,0.6324302554130554,0.8051861524581909,0.8443814855402592,0.7199813128825062,0.8074784062242902,0.6089307283480695,0.7451929832487812
218,1.0,1.0,0.0,0.8888888888888888,1,0.5020408163265306,0.24114441416893734,0.2380952380952381,0.6604775190353394,0.7924816608428955,0.6475723064541576,0.7084391084979327,0.8809995145624301,0.6566341712521904,0.7234112751916777
219,1.0,2.0,1.0,1.0,1,0.5125709651257097,0.17871649065800163,0.2060016220600162,0.6589659452438354,0.7738979458808899,0.9002872798096584,0.7836052552888231,0.6336954898370292,0.8546955809290538,0.7930709014661411
220,3.0,2.0,1.0,1.0,1,0.6197183098591549,0.29849295089936795,0.2311801845556095,0.6593363881111145,0.6360368728637695,0.8934507557322366,0.4737656962649384,0.6975363527190638,0.8697843232827648,0.7336342819997509
221,7.0,1.0,1.0,1.0,2,0.5888324873096447,0.35762711864406777,0.36379018612521147,0.6807109117507935,0.7049203515052795,0.9156504746952885,0.7951922002645283,0.6667556466494992,0.8632558890279936,0.8102135526593274
222,8.0,2.0,1.0,1.0,0,0.646733111849391,0.3485016648168701,0.34108527131782945,0.6906252503395081,0.8293489813804626,0.06181544808573114,0.7460439928253686,0.8110975242674473,0.07521798260752584,0.42354373694651826
223,4.0,2.0,1.0,0.8888888888888888,1,0.6227621483375959,0.30217669654289375,0.28132992327365725,0.6590928435325623,0.63243567943573,0.8689697189856312,0.6427978322424364,0.7533450944992242,0.8243284020454719,0.7723602619431909
224,8.0,1.0,1.0,1.0,2,0.6102062975027145,0.23043478260869565,0.20412595005428882,0.6428514719009399,0.6627400517463684,0.8456290551598902,0.6068513249369345,0.6728285792811101,0.8497417056561182,0.7437626662585133
225,2.0,1.0,1.0,0.5555555555555556,2,0.531928084314941,0.17628801986343884,0.19714817110973343,0.6438698768615723,0.7097044587135315,0.8614189964930916,0.6276498271574441,0.717199701349791,0.8504149009359168,0.7641708564840609
226,12.0,2.0,0.0,0.6666666666666666,1,0.5408756296009299,0.28770841411399767,0.21851995350639286,0.5969378352165222,0.6902596950531006,0.8869476418979556,0.5356129752618337,0.7424168068843607,0.8696212201227242,0.7586496610417186
227,2.0,2.0,1.0,0.5555555555555556,1,0.6397553516819572,0.2878138395590937,0.24954128440366974,0.6512326598167419,0.6899324059486389,0.8662909781254592,0.5190605706122193,0.6724471281815139,0.848799776600047,0.7266496133798098
228,8.0,1.0,1.0,1.0,2,0.4928522804628999,0.3040218132242672,0.2791014295439074,0.6405606269836426,0.6298725605010986,0.41963096636200864,0.5952474231017646,0.4585486608604788,0.37955186409668984,0.46324472860523547
229,9.0,2.0,1.0,1.0,1,0.6092413006274958,0.28098229583095374,0.2920707358813463,0.6764740943908691,0.6797376871109009,0.9109540785581324,0.6785475809547958,0.7549126103261177,0.8776407810448446,0.8055137627209725
230,2.0,2.0,1.0,0.7777777777777778,1,0.489107519325369,0.22237860661505982,0.24174279690794098,0.6286695599555969,0.6608635783195496,0.7600468818774161,0.674951311875847,0.7658565891421331,0.8102783149769998,0.752783274468099
231,4.0,2.0,1.0,0.5555555555555556,1,0.3187311178247734,0.20937263794406652,0.17371601208459217,0.6333588361740112,0.7529059648513794,0.14890660216734794,0.5471188070024368,0.6178942016863949,0.17009670125721632,0.371004078028349
232,1.0,1.0,1.0,1.0,2,0.6011004126547457,0.2961432506887053,0.29848693259972486,0.6453067064285278,0.7426479458808899,0.28476784481410816,0.5893885304549953,0.7304160705931492,0.2904305319596453,0.4737507444554745
233,8.0,1.0,1.0,1.0,3,0.6106382978723405,0.23535676251331203,0.2117021276595745,0.6183396577835083,0.7601328492164612,0.9009688046267683,0.7171420435862808,0.826533170736471,0.8806819398894139,0.8313314897097335
234,10.0,1.0,0.0,0.7777777777777778,4,0.5804493017607772,0.2601823708206687,0.20886460230722526,0.6340038776397705,0.6987730264663696,0.8406243849969132,0.6721977328757313,0.619236861075276,0.828474468941581,0.7401333619723753
235,7.0,2.0,1.0,1.0,0,0.6036175710594315,0.2866011381272633,0.23565891472868217,0.6207242608070374,0.6068304181098938,0.874950622724024,0.5449086565270991,0.6268652871141215,0.8587377995535568,0.7263655914797004
236,3.0,2.0,1.0,1.0,1,0.5549738219895287,0.2991900905192949,0.2998572108519752,0.6312523484230042,0.7639533281326294,0.9112932510944941,0.7376767563251263,0.7089543096340314,0.8935380563158201,0.8128655933423679
237,9.0,2.0,1.0,0.8888888888888888,1,0.5475152571926766,0.23406113537117904,0.2249346120313862,0.6759593486785889,0.7131462693214417,0.8803852043793154,0.7460221737919445,0.8147995923272285,0.8993241927756743,0.8351327908185406
238,1.0,2.0,1.0,0.6666666666666666,1,0.658183921341816,0.35205558772437756,0.344707923655292,0.6333202719688416,0.7536296248435974,0.5096326929240961,0.6361428043355623,0.7657020294740596,0.5766090139471618,0.6220216351702199
239,8.0,1.0,1.0,0.6666666666666666,1,0.6321428571428571,0.2836710369487485,0.23690476190476192,0.6508780717849731,0.7968335151672363,0.40426706650018857,0.6454209626032631,0.6946092106848394,0.638777288573228,0.5957686320903798
240,8.0,1.0,1.0,0.7777777777777778,3,0.5931807566557684,0.31136044880785413,0.29799159271368514,0.6445972323417664,0.776336669921875,0.835722975728103,0.5819924352968023,0.701698135574436,0.8403462282551213,0.7399399437136157
241,2.0,2.0,0.0,0.5555555555555556,3,0.5367928541046363,0.2826734780757769,0.2662696724797958,0.6938767433166504,0.6987173557281494,0.8743369059803152,0.5856759388413332,0.8505114946785254,0.8567142615358532,0.7918096502590067
242,8.0,2.0,1.0,1.0,3,0.6625860749808722,0.378544061302682,0.28615149196633516,0.7153720855712891,0.7851318120956421,0.7980954142708954,0.6314631186270642,0.7131265863657006,0.7761367623134374,0.7297054703942745
243,8.0,2.0,1.0,1.0,3,0.653514180024661,0.37037037037037035,0.25154130702836003,0.6621299982070923,0.6337165236473083,0.7257464740510698,0.4971176536945782,0.6675372504121229,0.7085213709453659,0.6497306872757842
244,8.0,1.0,0.0,0.5555555555555556,2,0.5816993464052288,0.2050163576881134,0.21023965141612197,0.6728801131248474,0.7217487692832947,0.917372717837211,0.6117855497331978,0.8640470934116946,0.8986811346559443,0.822971623909512
245,3.0,1.0,1.0,0.5555555555555556,3,0.6482486433152442,0.33185185185185184,0.27824370991613223,0.6726972460746765,0.8014880418777466,0.900133097338054,0.5766298166806753,0.7958489265734562,0.8910042788231965,0.7909040298538456
246,1.0,1.0,0.0,1.0,2,0.5380200860832137,0.1939655172413793,0.18364418938307028,0.6523142457008362,0.6058563590049744,0.14196403665000107,0.6011112025445374,0.5892813395963046,0.10551102883699824,0.35946690190696035
247,9.0,2.0,1.0,0.6666666666666666,3,0.6050240513094602,0.270733012306046,0.24478888295029397,0.6163327693939209,0.6524406671524048,0.8847780369350077,0.5661619095012118,0.7206943383587894,0.8604379949042082,0.7580180699248042
248,1.0,1.0,0.0,1.0,1,0.5669700910273082,0.29204693611473276,0.3589076723016904,0.664627730846405,0.7087178230285645,0.17271926040926783,0.7297294942668476,0.7615193308481505,0.16656105600567825,0.45763228538248607
249,3.0,2.0,0.0,0.5555555555555556,2,0.37065269175798,0.20886981402002863,0.18675559790376367,0.6714102625846863,0.6782584190368652,0.5752764919316696,0.5813174942970878,0.7040557047445692,0.33867841805662774,0.5498320272574886
250,1.0,2.0,1.0,0.5555555555555556,1,0.5572786393196598,0.23134702053079617,0.22511255627813906,0.6220923662185669,0.6898884177207947,0.8474889704674905,0.6769094746417439,0.7154003527263318,0.7672758774718207,0.7517686688268468
251,2.0,2.0,1.0,0.6666666666666666,3,0.5547629039026437,0.2662746745065099,0.21989089383130506,0.6459068655967712,0.7593638300895691,0.852621750064992,0.49904205749747776,0.8216985739762143,0.8274099748792403,0.750193089104481
252,13.0,2.0,0.0,0.6666666666666666,1,0.4955312810327706,0.24055666003976145,0.2214498510427011,0.6314194202423096,0.7700355052947998,0.7896694108904568,0.5931537608964377,0.8252874552954121,0.73843645844649,0.7366367713821991
253,9.0,1.0,0.0,1.0,3,0.5656742556917688,0.26842105263157895,0.26970227670753066,0.656829833984375,0.7362507581710815,0.7278350103757781,0.6288434223483915,0.7116993726059018,0.6841645987032345,0.6881356010083265
254,8.0,2.0,0.0,0.75,2,0.6566998892580289,0.31374722838137475,0.2502768549280177,0.6382828950881958,0.8008243441581726,0.8839208690747458,0.5886469932026892,0.7487292188512402,0.8710517360132077,0.7730872042854707
255,1.0,1.0,0.0,1.0,1,0.5901875901875903,0.27312138728323704,0.2424242424242424,0.6288816332817078,0.5693005919456482,0.13506631020838308,0.6081454572291902,0.5986944508501261,0.12523224062729266,0.366784614728748
256,1.0,2.0,1.0,0.875,1,0.46757925072046114,0.21557317952415286,0.17219020172910665,0.6077518463134766,0.7049163579940796,0.9179293195144598,0.6556621980076466,0.7644404660045876,0.8992285511547637,0.8093151336703643
257,2.0,1.0,0.0,1.0,1,0.6099290780141844,0.32954545454545453,0.29503546099290784,0.6715169548988342,0.6088346838951111,0.6998821710660585,0.505496610001887,0.7392993028035882,0.7621970782996483,0.6767187905427956
258,9.0,2.0,0.0,0.6666666666666666,2,0.612485276796231,0.23584905660377356,0.2061248527679623,0.6316954493522644,0.6731302738189697,0.6047213091029039,0.5362779647361346,0.7129440837215704,0.6622550164386335,0.6290495934998106
259,2.0,1.0,1.0,1.0,1,0.656629994209612,0.2886956521739131,0.23856398378691374,0.6142451167106628,0.7121566534042358,0.8143559589499362,0.6582107243765407,0.842897511577895,0.8127792000737674,0.7820608487445347
260,8.0,2.0,0.0,0.75,1,0.5777377196935556,0.2634190347316193,0.25957638575935105,0.682403028011322,0.640455961227417,0.8633463934639514,0.6519769060918372,0.7100922017845152,0.8594351763692681,0.771212669427393
261,9.0,1.0,0.0,0.75,2,0.592050209205021,0.25549738219895285,0.2269874476987448,0.6424013376235962,0.5748271346092224,0.7669401112494348,0.639998438690673,0.7605178774091254,0.7997127744841602,0.7417923004583484
262,8.0,1.0,1.0,0.6666666666666666,2,0.6498002663115845,0.2906666666666667,0.22902796271637818,0.6423136591911316,0.7286034822463989,0.8733789671765557,0.5721272266595809,0.6932324676230032,0.851322592573359,0.7475153135081247
263,7.0,1.0,1.0,0.75,2,0.6695464362850971,0.40324324324324323,0.3304535637149028,0.6517462730407715,0.726325511932373,0.8197189158593998,0.5553616610472132,0.750941245395033,0.8284202925386064,0.738610528710063
264,2.0,2.0,0.0,1.0,1,0.6532410320956576,0.350346565847511,0.2932662051604783,0.6860156059265137,0.6830292344093323,0.8184517303489154,0.5608892645476121,0.7645937761256931,0.8072072287940459,0.7377854999540666
265,8.0,2.0,1.0,0.75,3,0.4951267056530215,0.25658536585365854,0.24756335282651076,0.6240260601043701,0.6731958985328674,0.23982015186248198,0.6656898793742574,0.6884212227230189,0.15857324647065935,0.43812612510760435
266,2.0,2.0,0.0,0.5714285714285714,1,0.5783246568859443,0.23969682614874468,0.20444865120681494,0.6111720204353333,0.6720055937767029,0.8701569434381733,0.5767711705750442,0.8421811897076604,0.8362994404078764,0.7813521860321886
267,1.0,2.0,1.0,0.875,1,0.5011225864391559,0.25348314606741573,0.24158060170633136,0.6381005644798279,0.6637914180755615,0.8986657364916874,0.6630287963258106,0.8382527648097742,0.842007090386755,0.8104885970035068
268,8.0,1.0,1.0,0.75,2,0.6457638425617078,0.3313293253173013,0.2735156771180788,0.6903639435768127,0.757375955581665,0.8958629033016345,0.6434898168013456,0.6266072852775083,0.8791113305238992,0.761267833976097
269,10.0,2.0,0.0,0.75,3,0.6704980842911877,0.32225063938618925,0.2950191570881226,0.6823984980583191,0.7750117182731628,0.8149875012910135,0.6258779646398293,0.7729020504684575,0.8331672136041032,0.7617336825008509
270,2.0,2.0,1.0,0.875,1,0.5791978246091094,0.291354663036079,0.24745071380013597,0.6523487567901611,0.6145722270011902,0.6350832255640494,0.7073863252930239,0.656926972658672,0.5371100318258162,0.6341266388353903
271,8.0,1.0,1.0,1.0,3,0.569060773480663,0.3163716814159292,0.2729281767955801,0.6642219424247742,0.6954489946365356,0.38781719543487786,0.5864526895203662,0.6753411903341174,0.4778768879243119,0.5318719908034184
272,2.0,2.0,0.0,1.0,1,0.40847457627118644,0.22410865874363325,0.20847457627118646,0.6412506103515625,0.6832907199859619,0.3731460706002601,0.6550812037885702,0.825678538962417,0.32236859555570335,0.5440686022267377
273,3.0,2.0,1.0,0.75,1,0.6365723029839327,0.3494252873563219,0.361132364192808,0.6643056869506836,0.7441548109054565,0.5253675242866664,0.6503361541749377,0.7116884186301453,0.3304463712515059,0.5544596170858138
274,10.0,2.0,0.0,1.0,3,0.6288258208124652,0.27966573816155993,0.228158041179744,0.5839806199073792,0.6524531245231628,0.7813856458885812,0.5596978149130464,0.7419023704158382,0.7638211079906081,0.7117017348020185
275,1.0,2.0,1.0,0.8888888888888888,1,0.638561686298822,0.3004345127250155,0.25046497210167395,0.6819577217102051,0.6455629467964172,0.688195581354339,0.50052107206971,0.593150341592423,0.7697924776240037,0.6379148681601189
276,8.0,1.0,1.0,0.875,2,0.6175243393602224,0.2646239554317549,0.25312934631432543,0.6009103059768677,0.688572347164154,0.8583831788087088,0.5995087021237067,0.8172034516082793,0.821182259968589,0.774069398127321
277,1.0,1.0,1.0,0.8888888888888888,2,0.6058139534883721,0.2689173457508731,0.2686046511627907,0.6398928165435791,0.6045679450035095,0.8527769756745716,0.6317543273255583,0.7284014960229367,0.8427160064338466,0.7639122013642283
278,8.0,1.0,1.0,1.0,1,0.6359729895641498,0.3257529194837124,0.2590546347452425,0.6534410119056702,0.749387800693512,0.743883502338779,0.5772980833489892,0.72981174524146,0.6939768268518026,0.6862425394452577
279,6.0,2.0,1.0,1.0,3,0.5086483023702755,0.20141116100064146,0.18962203715566944,0.6464937925338745,0.7846058011054993,0.7690878608468074,0.7840922328208454,0.8235801012738859,0.432106907848317,0.7022167756974639
280,3.0,1.0,0.0,0.75,1,0.5644080416976918,0.2475764354958986,0.24869694713328366,0.6402124762535095,0.6157265901565552,0.8705374546707983,0.5782626533747183,0.5213826757853715,0.8369444577107059,0.7017818103853986
281,1.0,2.0,1.0,0.625,1,0.5822323462414579,0.31281349749202003,0.2933940774487472,0.6609907746315002,0.703190803527832,0.8990783822428736,0.6533302809430261,0.7767475051243556,0.8847654117114804,0.8034803950054339
282,1.0,1.0,0.0,0.625,1,0.6081170991350632,0.23984010659560293,0.2554890219560878,0.6353722214698792,0.7748470902442932,0.9663526482208685,0.7292902069777376,0.8199726803034034,0.9486531439245682,0.8660671698566444
283,1.0,2.0,1.0,0.625,1,0.5392895586652314,0.26508620689655177,0.2648008611410118,0.6423470973968506,0.792976438999176,0.6297788880265983,0.7257715601523955,0.7938102991801067,0.6120776352866035,0.690359595661426
284,1.0,2.0,1.0,1.0,1,0.13227759664648345,0.06993006993006992,0.0847694457382394,0.5663062930107117,0.6064508557319641,0.8565550109857297,0.7694493451284483,0.8455131795398126,0.6821349618660589,0.7884131243800124
285,2.0,1.0,0.0,1.0,1,0.596875,0.2535211267605634,0.265625,0.6571469902992249,0.7329826354980469,0.1196804778369211,0.6636992436037387,0.8157264610978008,0.1681576929686817,0.44181596887678554
286,9.0,1.0,0.0,1.0,2,0.6059502125075896,0.30151975683890575,0.30115361262902246,0.6304404139518738,0.6623830199241638,0.8804097930314638,0.6138979973865102,0.8298165732101551,0.8559751349256798,0.7950248746384523
287,1.0,2.0,1.0,1.0,1,0.6636720943290286,0.3473861720067454,0.27063447501403703,0.650428831577301,0.734753429889679,0.7445226668119447,0.6421600192198995,0.6835766154028274,0.7283059552581217,0.6996413141731983
288,8.0,2.0,1.0,0.8888888888888888,3,0.6670553935860059,0.30005837711617045,0.31020408163265306,0.6580075025558472,0.7139945030212402,0.8886146460813793,0.5569664286391796,0.760413698056721,0.8810885388031398,0.771770827895105
289,1.0,2.0,1.0,0.6666666666666666,1,0.6179604261796043,0.3128491620111732,0.2597666159309995,0.6801788210868835,0.6928770542144775,0.8506660746288079,0.43636527052921403,0.7708429056064139,0.8243096201807367,0.7205459677362931
290,1.0,1.0,0.0,1.0,1,0.6530612244897959,0.33858727378867487,0.31137026239067056,0.6526803374290466,0.7256737351417542,0.9058341553304871,0.6503037338771597,0.7875105255616335,0.8767931051634652,0.8051103799831864
291,2.0,2.0,0.0,1.0,4,0.6207295888824551,0.29217391304347823,0.2594093804284887,0.6409424543380737,0.7043904662132263,0.8683423895388697,0.38791495704702655,0.6850641812914918,0.8686922587370063,0.7025034466535985
292,1.0,2.0,1.0,1.0,1,0.45887445887445893,0.18872017353579176,0.18181818181818182,0.6414218544960022,0.5764337778091431,0.8282715677218322,0.7864352317949985,0.7802815990555104,0.7988694937677123,0.7984644730850133
293,8.0,1.0,1.0,1.0,2,0.627151051625239,0.2756860242501596,0.23454429572976418,0.6842411756515503,0.6132115721702576,0.8642664921627075,0.49467216614095255,0.7608104855666399,0.8207741002831468,0.7351308110383616
294,1.0,1.0,0.0,0.625,1,0.6231983527796844,0.3120274914089347,0.24845573095401507,0.6970638036727905,0.7335603833198547,0.8721714413507559,0.6199639129824834,0.7069073666232589,0.8479427128013892,0.7617463584394719
295,8.0,1.0,0.0,0.7142857142857143,2,0.5757760194765672,0.251066422912858,0.22641509433962262,0.646606981754303,0.5843228697776794,0.8861092882987691,0.5330879935174391,0.7728644871675207,0.8662782639744644,0.7645850082395483
296,1.0,2.0,0.0,0.75,2,0.5501259445843829,0.2339889056984367,0.20453400503778338,0.6306142210960388,0.6703090667724609,0.691716158110515,0.5338506207801349,0.6306351828948716,0.6656242443128366,0.6304565515245895
297,8.0,1.0,1.0,0.5714285714285714,1,0.4858670741023682,0.25229357798165136,0.20473644003055766,0.6512265205383301,0.6737508773803711,0.8570087879563107,0.6372012999840456,0.7523543609620442,0.842699700392544,0.7723160373237362
298,2.0,1.0,1.0,1.0,1,0.3229383229383229,0.16238723108952116,0.1704781704781705,0.6513131856918335,0.7668342590332031,0.3434197534937279,0.8392295648289098,0.85690021914619,0.24229300130716544,0.5704606346939983
299,9.0,2.0,1.0,1.0,1,0.6024955436720142,0.2857142857142857,0.27629233511586454,0.6382708549499512,0.6344171762466431,0.4165876765245271,0.6241954942551571,0.7591351836648561,0.5562872763678702,0.5890514077031026
300,2.0,1.0,1.0,1.0,2,0.6219806763285024,0.2938331318016929,0.27898550724637683,0.6310904026031494,0.6469332575798035,0.8744006555232542,0.6516230576676608,0.6157541257549312,0.8328680707306445,0.7436614774191227
301,8.0,2.0,0.0,1.0,2,0.5967837998808815,0.3220035778175313,0.26325193567599764,0.6671671867370605,0.6517676115036011,0.06501365306369111,0.5706112471215735,0.7599462519618239,0.07026703484315137,0.36645954674756
302,9.0,1.0,1.0,0.75,2,0.4321880650994575,0.24456521739130435,0.20976491862567812,0.6437498331069946,0.7759833931922913,0.46471845666080525,0.7626006766065916,0.6803953206638274,0.5443437267324387,0.6130145451659157
303,8.0,1.0,1.0,1.0,1,0.45438698431144686,0.2641070389761489,0.22545031958163855,0.6254525184631348,0.7041306495666504,0.7207753150702454,0.606931130194837,0.7171987234921013,0.4928912506338343,0.6344491048477545
304,1.0,1.0,0.0,0.875,1,0.5750332005312085,0.25265957446808507,0.22709163346613548,0.6512771248817444,0.7392433285713196,0.829948721421098,0.5732457765943809,0.664680738506097,0.7588951161499027,0.7066925881678696
305,7.0,2.0,0.0,0.75,2,0.5841053144807411,0.25280624694973164,0.2008776206728425,0.6255550980567932,0.801416277885437,0.8692418320243366,0.5902884988771236,0.799446071962261,0.8685367258772991,0.781878282185255
306,8.0,1.0,0.0,1.0,3,0.6133909287257019,0.2875675675675676,0.2613390928725702,0.5928245186805725,0.7390232682228088,0.8106274917310794,0.5406333293542018,0.6710128579180765,0.6818871954418761,0.6760402186113085
307,1.0,1.0,1.0,1.0,3,0.6277056277056277,0.3174431202600217,0.237012987012987,0.6624758839607239,0.7192293405532837,0.9144255898552534,0.6801759037355454,0.8552804608543169,0.9083726084640059,0.8395636407272804
308,8.0,1.0,1.0,1.0,1,0.6256556986170722,0.3408114558472554,0.23938960419647115,0.6468797922134399,0.771958589553833,0.9156093082070558,0.5434787774838226,0.8415303290811266,0.8720426946852152,0.793165277364305
309,1.0,1.0,1.0,0.625,2,0.6387249114521842,0.26122931442080377,0.2408500590318772,0.6520763635635376,0.7789263129234314,0.8593943430290466,0.6560498283666787,0.8199212843718402,0.8815680358181143,0.8042333728964199
310,1.0,1.0,0.0,0.75,1,0.6186224489795918,0.2860791826309067,0.27040816326530615,0.6863784790039062,0.7775885462760925,0.17986208248973337,0.7059182003217017,0.8229784594207505,0.24838842784506884,0.48928679251931356
311,1.0,2.0,1.0,0.875,1,0.6473915776241357,0.29074889867841414,0.21998742928975487,0.6626996994018555,0.6221731305122375,0.812634346385222,0.46567045788845346,0.8178404864939839,0.8313363803969179,0.7318704177911444
312,5.0,2.0,1.0,0.625,1,0.47953615279672573,0.22662116040955635,0.1821282401091405,0.6409735679626465,0.7227135896682739,0.8927346065865664,0.6014346601110591,0.8050515016726282,0.8661068135313309,0.7913318954753962
313,4.0,2.0,1.0,0.625,1,0.5712596096984033,0.310242747187685,0.3217031342400946,0.6798941493034363,0.7752691507339478,0.3480103209219986,0.6313178735312353,0.7701436783826946,0.3840571244441642,0.5333822493200231
314,9.0,1.0,0.0,1.0,2,0.5708029197080292,0.2660818713450293,0.254014598540146,0.6355473399162292,0.6862108707427979,0.8790839056541276,0.6042698700602368,0.6814922644861002,0.8606180282191831,0.7563660171049119
315,8.0,1.0,1.0,1.0,2,0.6283292978208233,0.2945454545454546,0.27602905569007263,0.6855019927024841,0.7036911845207214,0.9022363257479323,0.611121265499585,0.7317513837751147,0.8721664358759414,0.7793188527246434
316,9.0,2.0,1.0,0.625,1,0.5545140601874692,0.268641975308642,0.23581647755303403,0.6390892863273621,0.7081140279769897,0.8818748456229395,0.5415740028003727,0.7436724447428491,0.8617923112189784,0.757228401096285
317,1.0,1.0,0.0,1.0,1,0.5787896944278011,0.27714457108578283,0.2492510485320551,0.6752719283103943,0.6725784540176392,0.6238545272478285,0.5342368435433331,0.7551434669219093,0.47773896330079846,0.5977434502534673
318,2.0,2.0,1.0,1.0,1,0.6178148310662571,0.3987703118137901,0.3369899078543221,0.6940988898277283,0.7463919520378113,0.8986310560471718,0.6906070245653585,0.7341328015505502,0.880603129231148,0.8009935028485571
319,4.0,1.0,1.0,0.8888888888888888,2,0.6409966024915063,0.30158730158730157,0.26047565118912797,0.6192055344581604,0.6680638790130615,0.8690583438753545,0.6664358713965282,0.6076852689029947,0.8534822935208961,0.7491654444239434
320,1.0,1.0,0.0,1.0,1,0.5465253239104829,0.2971698113207547,0.2544169611307421,0.6404242515563965,0.7297641634941101,0.8152456772595819,0.5995628136906771,0.7560402407567991,0.7589121849848082,0.7324402291729666
321,4.0,1.0,1.0,0.8888888888888888,2,0.5578152237071469,0.33158813263525305,0.3451481696687972,0.6544378995895386,0.7583156824111938,0.05445224851417446,0.6921214694008209,0.71541908682102,0.09506939975418621,0.3892655511225504
322,1.0,2.0,1.0,0.75,1,0.5100775193798449,0.26066718386346005,0.20232558139534884,0.6215288043022156,0.64287269115448,0.8733329320923713,0.5806527795482633,0.6702117293622997,0.8590965953438243,0.7458235090866896
323,9.0,1.0,0.0,0.5555555555555556,3,0.5609856262833676,0.2942868886148787,0.2948665297741273,0.6482499241828918,0.6808347105979919,0.9021990928170388,0.5413371106509829,0.7952404801169443,0.8881985432228241,0.7817438067019475
324,2.0,2.0,0.0,1.0,2,0.4226898444647758,0.25083918217882206,0.17993290637389447,0.648368239402771,0.6895492672920227,0.8945380831891121,0.6099523208872467,0.7435364945498361,0.8686786823185273,0.7791763952361805
325,2.0,1.0,1.0,1.0,2,0.6604324956165984,0.34523112931538913,0.3226183518410286,0.6496120691299438,0.7777875065803528,0.8623979172250624,0.5964587736530252,0.7676095264606431,0.8272517528120819,0.7634294925377031
326,10.0,2.0,1.0,1.0,2,0.5981630309988518,0.2804597701149425,0.2456946039035591,0.6852614283561707,0.6574258208274841,0.8742995905924128,0.5391757178122024,0.7774979858588809,0.8535206205368812,0.7611234787000942
327,8.0,1.0,1.0,0.75,3,0.5691823899371069,0.22455403987408185,0.20649895178197064,0.5879132151603699,0.7179675102233887,0.8222051685379195,0.5725796830947572,0.7224347224414013,0.8157185599609132,0.7332345335087478
328,1.0,1.0,0.0,0.5555555555555556,1,0.5591748099891423,0.24891304347826088,0.21932681867535286,0.6603536009788513,0.6997198462486267,0.49528643776314446,0.6141345379014537,0.6489838514273741,0.5387948253300331,0.5742999131055013
329,1.0,2.0,1.0,1.0,1,0.5874213836477988,0.29093198992443325,0.24025157232704403,0.6449556946754456,0.6281368732452393,0.7318334431957082,0.5786185123601003,0.7683691217513444,0.6948816616093074,0.6934256847291151
330,2.0,2.0,1.0,1.0,1,0.6291512915129152,0.3471837488457988,0.29428044280442806,0.6329338550567627,0.7578271627426147,0.7679145183487418,0.638786266217761,0.6995710065675497,0.7770221304131594,0.720823480386803
331,2.0,2.0,1.0,1.0,1,0.628177966101695,0.30858960763520676,0.26906779661016955,0.6854367852210999,0.6503780484199524,0.909849096279023,0.6390835201754167,0.6149408534864067,0.882240943807134,0.7615286034369951
332,3.0,2.0,1.0,1.0,1,0.6040268456375839,0.2782258064516129,0.26174496644295303,0.6666035652160645,0.6464226841926575,0.6678308199370918,0.4843398551889658,0.6381096695097372,0.7818624322433145,0.6430356942197774
333,2.0,2.0,1.0,1.0,1,0.5727568572756857,0.26989297347603536,0.22501162250116227,0.619498074054718,0.7769781947135925,0.7466211986426471,0.6773728220529905,0.781275130794083,0.7765273565364327,0.7454491270065383
334,9.0,1.0,1.0,1.0,2,0.6174298375184639,0.3026121241991129,0.2708025603151157,0.6609429121017456,0.8010200262069702,0.844181962036068,0.694656416954574,0.8498438047286797,0.8510540329824233,0.8099340541754363
335,8.0,1.0,0.0,1.0,2,0.6351931330472103,0.29406706792777304,0.26952789699570817,0.6728634834289551,0.6263863444328308,0.45212515296320954,0.6768725184207935,0.7256113080110574,0.40256672276344735,0.564293925539627
336,8.0,1.0,1.0,1.0,1,0.3650190114068441,0.2552380952380952,0.24904942965779467,0.6926873326301575,0.7454272508621216,0.9067216231625287,0.8173861936126471,0.8847469655472532,0.7543330480030246,0.8407969575813634
337,10.0,2.0,1.0,1.0,2,0.6778783958602845,0.3743523316062176,0.3091849935316947,0.6406559944152832,0.5661900639533997,0.9159415450623747,0.584431896252191,0.5569903874024358,0.8977212555821326,0.7387712710747835
338,8.0,2.0,1.0,1.0,2,0.4812080536912752,0.31430490261920746,0.2785234899328859,0.6239691972732544,0.7235286235809326,0.8817714571528988,0.5614553601004237,0.7784265031432428,0.8780199425507231,0.774918315736822
339,8.0,1.0,1.0,0.875,2,0.6262230919765166,0.32658393207054215,0.324853228962818,0.6379705667495728,0.801606297492981,0.5285580977665671,0.7169107612006426,0.8099236601105485,0.41283215710834414,0.6170561690465255
340,8.0,1.0,1.0,1.0,1,0.6323529411764706,0.31288343558282206,0.23774509803921567,0.6662925481796265,0.5986979007720947,0.6965388353571215,0.5120848948168837,0.6702557025727877,0.6956721884275185,0.6436379052935778
341,1.0,2.0,1.0,0.75,1,0.5976627712854758,0.32757660167130914,0.3071786310517529,0.6487260460853577,0.8416028022766113,0.5588015937193469,0.6002056327286395,0.7999764232076159,0.4048781383341239,0.5909654469974316
342,2.0,1.0,1.0,1.0,3,0.6741433021806853,0.36182158452900814,0.30155763239875394,0.6886794567108154,0.7099031805992126,0.6011287952400554,0.6104179334820895,0.652397562142566,0.5505569358993154,0.6036253066910066
343,8.0,2.0,1.0,1.0,2,0.6361717100633356,0.3509513742071882,0.3391977480647432,0.6744793653488159,0.6727213263511658,0.42254515153280736,0.6573077819932985,0.6425442078191905,0.6577349795265957,0.595033030217973
344,9.0,2.0,1.0,1.0,0,0.5833831440526001,0.28366247755834834,0.22713687985654513,0.685005247592926,0.647131085395813,0.8537893372937702,0.4609690565372214,0.6073817087511806,0.8351497648716006,0.6893224668634432
345,9.0,1.0,0.0,0.75,1,0.7055460263007434,0.3743560389238695,0.3304745568896512,0.7304466366767883,0.7534674406051636,0.8834730550165024,0.6370130599223038,0.6556447993108516,0.859904190919707,0.7590087762923412
346,1.0,2.0,1.0,0.75,1,0.5853365384615384,0.2081829121540313,0.23317307692307693,0.6468934416770935,0.6948645114898682,0.8988796137860935,0.5735753853905811,0.8115416640246255,0.8635681252780019,0.7868911971198256
347,2.0,2.0,1.0,1.0,1,0.5674418604651162,0.2951582867783985,0.28558139534883725,0.6401010155677795,0.7005812525749207,0.86571148648701,0.6811775198500732,0.7708056366079803,0.8432371003617306,0.7902329358266986
348,3.0,2.0,0.0,1.0,2,0.4759634485498609,0.22425447316103378,0.18434644417957888,0.615186870098114,0.7263897061347961,0.9004397759049797,0.49998126619119215,0.7274530955368087,0.8854761488573202,0.7533375716225752
349,9.0,1.0,1.0,0.875,1,0.5327210103329506,0.3045977011494253,0.3134328358208955,0.6391725540161133,0.7174665927886963,0.33619616397105917,0.5918334421595827,0.6573526135744011,0.29603211064199975,0.47035358258676074
350,1.0,2.0,1.0,0.5555555555555556,1,0.5982800982800982,0.3456334563345633,0.26658476658476654,0.658979058265686,0.7893217206001282,0.7704260963697367,0.5226693249723698,0.7432335545147392,0.7233919233791559,0.6899302248090005
351,9.0,1.0,1.0,1.0,2,0.5864661654135338,0.330155544405419,0.27167919799498746,0.6344279646873474,0.6763366460800171,0.8981448546347379,0.5606225340463652,0.7221360138031359,0.8559573471159241,0.7592151874000408
352,2.0,1.0,1.0,0.625,3,0.45238095238095233,0.27489481065918653,0.2773109243697479,0.6250097751617432,0.8287496566772461,0.16456735294065053,0.6237351681991097,0.780432462404934,0.5118868561743213,0.5201554599297539
353,1.0,2.0,1.0,0.625,1,0.5952976488244123,0.29844767150726087,0.22511255627813906,0.6580581665039062,0.6278485059738159,0.8870623841086435,0.5222525717497997,0.697200319887343,0.8632407874437606,0.7424390157973867
354,4.0,2.0,0.0,0.625,1,0.5730434782608697,0.26370757180156656,0.24782608695652172,0.6391580700874329,0.7425928115844727,0.8308511495599816,0.6413665618801767,0.712858048963024,0.8204138435912073,0.7513724009985975
355,13.0,1.0,0.0,0.75,3,0.5324931075226468,0.27355143870713444,0.23631350925561243,0.6658846735954285,0.710759162902832,0.7945130879173644,0.5873594462751214,0.7636301106718322,0.7883782208437019,0.7334702164270049
356,4.0,2.0,1.0,0.875,1,0.6749156355455568,0.33333333333333337,0.29246344206974123,0.6475065350532532,0.6830968856811523,0.9083836909794691,0.6044887131261673,0.7739302351304957,0.8844784535758694,0.7928202732030004
357,3.0,2.0,1.0,1.0,1,0.6716417910447762,0.38847385272145146,0.31023454157782515,0.6687088012695312,0.7308508157730103,0.7092558479562664,0.6362299667209969,0.795827019518834,0.7405708518628159,0.7204709215147282
358,1.0,2.0,1.0,0.625,1,0.3562713518789654,0.21885686370297994,0.2254758418740849,0.6454071998596191,0.8101130723953247,0.6581840426555352,0.8226083835689276,0.8473066284430835,0.3264441981210111,0.6636358131971394
359,9.0,2.0,1.0,0.7777777777777778,1,0.6122699386503068,0.29484029484029484,0.2748466257668712,0.6734751462936401,0.5276557207107544,0.8039134578983717,0.5992272918349171,0.6688490465261675,0.37621858362037885,0.6120520949699588
360,1.0,1.0,0.0,1.0,1,0.3396851698425849,0.18589211618257262,0.2071251035625518,0.6409533619880676,0.5981371402740479,0.5406683738739175,0.7279811035339445,0.8538148300632248,0.5609727283250404,0.6708592589490318
361,8.0,2.0,1.0,1.0,3,0.391644908616188,0.193717277486911,0.22715404699738903,0.622912585735321,0.5867196917533875,0.3570899566048691,0.7399243393719064,0.8173623084022024,0.7667797265727208,0.6702890827379246
362,8.0,2.0,1.0,1.0,2,0.5817570407734343,0.3163651661758519,0.2740647330811265,0.6607677340507507,0.6835727095603943,0.8996345479234229,0.5113870684450893,0.7781112783317513,0.8899495258578975,0.7697706051395403
363,8.0,2.0,1.0,0.875,2,0.5953533397870281,0.3023255813953488,0.2575024201355276,0.6299918293952942,0.7184439301490784,0.8949223538943648,0.5747429223793624,0.7324786863410093,0.868285830668887,0.7676074483209059
364,2.0,2.0,1.0,1.0,2,0.490550864495376,0.23742454728370221,0.22356252513067953,0.6322951912879944,0.5958588719367981,0.8557110143296084,0.6303591727819605,0.7276894132787383,0.8308733688790042,0.7611582423173279
365,1.0,1.0,1.0,1.0,1,0.24517374517374516,0.15860735009671179,0.1447876447876448,0.6304214000701904,0.6009213328361511,0.8640099182888568,0.7237818401193223,0.6518079179484613,0.922456082795528,0.7905139397880421
366,8.0,1.0,0.0,0.75,3,0.5913591359135913,0.29189189189189185,0.2448244824482448,0.6976246237754822,0.6887243986129761,0.9228551768538432,0.6099907781096188,0.7525561691540532,0.886318189376847,0.7929300783735906
367,8.0,2.0,0.0,1.0,2,0.46569646569646567,0.2539902845246357,0.2605682605682606,0.6036380529403687,0.7994056940078735,0.18042212206828487,0.6282595621257089,0.7766100243391709,0.17159588800326875,0.43922189913410836
368,9.0,1.0,1.0,1.0,2,0.4932735426008969,0.2860808210391276,0.2729019859064702,0.6919307708740234,0.5986937880516052,0.38941973542290187,0.6061337400526722,0.7891188224141723,0.2815989002534518,0.5165677995357996
369,9.0,1.0,1.0,1.0,3,0.6236559139784946,0.3267891070297656,0.33143580012650226,0.6423856616020203,0.6327685713768005,0.3403850574443731,0.5674974654999904,0.7047257719149018,0.3573508146378506,0.49248977737427896
370,3.0,2.0,1.0,0.7777777777777778,1,0.3666846944294213,0.22847861396859773,0.1936181719848567,0.6086021065711975,0.7308472394943237,0.0964227350368191,0.6129272071565248,0.6400020103318471,0.1031413797544553,0.3631233330699116
371,1.0,1.0,0.0,0.75,1,0.561447286338116,0.28482198625858834,0.2582657517155334,0.597059428691864,0.6889068484306335,0.2757085342400474,0.5803166628325216,0.5318386231745598,0.1944695084276377,0.3955833321686916
372,9.0,1.0,1.0,1.0,3,0.6061204343534058,0.27964426877470355,0.2665350444225074,0.6407204270362854,0.7804996371269226,0.9035301689589494,0.6875172426229609,0.7244498569675424,0.8855881172519094,0.8002713464503405
373,9.0,2.0,1.0,1.0,2,0.4801587301587301,0.28079470198675494,0.26455026455026454,0.6690539121627808,0.6258643269538879,0.4832504214340102,0.6459200264431809,0.7885935548927583,0.3372006019923637,0.5637411511905783
374,2.0,1.0,0.0,0.7777777777777778,1,0.44158233670653163,0.26887661141804786,0.24839006439742414,0.6558583378791809,0.772146999835968,0.710850828103591,0.6801975547564523,0.6720400310707606,0.6331612290560468,0.6740624107467127
375,2.0,1.0,1.0,0.6666666666666666,2,0.4661553851283761,0.21287954621287952,0.1887295765255085,0.6257976293563843,0.7732840776443481,0.8501255969378702,0.5953775004843828,0.6926693780521925,0.8340122854520742,0.7430461902316299
376,2.0,1.0,1.0,0.5555555555555556,2,0.49258997882851097,0.2662429378531074,0.22512350035285816,0.6143278479576111,0.7523707747459412,0.832875700675966,0.4952134761351912,0.723092807680998,0.8528804314063352,0.7260156039746226
377,9.0,2.0,1.0,1.0,3,0.613277133825079,0.3143459915611814,0.2286617492096944,0.598838746547699,0.7570995092391968,0.9095000869001453,0.4998448190051349,0.6337575946873241,0.8938632597907334,0.7342414400958344
378,9.0,2.0,1.0,0.5555555555555556,1,0.5581649371927908,0.2755604155276107,0.2566903331512835,0.6868911981582642,0.6355522274971008,0.8553900748470465,0.5239926176602727,0.6878625220486752,0.8608258877464688,0.7320177755756158
379,2.0,2.0,1.0,1.0,1,0.6207605344295991,0.26440329218106995,0.23124357656731756,0.6255234479904175,0.660332441329956,0.9062559032114499,0.46150943433189656,0.7893873850600701,0.8888731134456085,0.7615064590122562
380,1.0,2.0,1.0,1.0,1,0.6452615225271879,0.3131156039398652,0.2962195753495598,0.6869428157806396,0.76156085729599,0.8346983938295881,0.6618285991686806,0.6943419981821479,0.7957225877413725,0.7466478947304473
381,1.0,2.0,1.0,0.5555555555555556,1,0.5376443418013857,0.2588996763754045,0.2494226327944573,0.6522884368896484,0.7180027365684509,0.9004524550082489,0.6843651824325518,0.8235697550387343,0.8641858125684071,0.8181433012619855
382,1.0,1.0,0.0,0.625,1,0.6501809408926418,0.3502415458937198,0.27141133896260555,0.6581358909606934,0.8080739974975586,0.8561254696680659,0.7284783753238769,0.7103125676482789,0.8295836752628992,0.7811250219757803
383,9.0,1.0,1.0,1.0,2,0.5292096219931272,0.3119266055045871,0.290950744558992,0.6628826260566711,0.659791886806488,0.7613344738583361,0.5649345926415351,0.6547022075541316,0.7968741964940852,0.694461367637022
384,1.0,2.0,1.0,0.6666666666666666,1,0.6093052899936265,0.3178047223994895,0.2868068833652008,0.6488083600997925,0.7383400201797485,0.45521163702480116,0.6135734299415178,0.7366267724948372,0.445164794731461,0.5626441585481543
385,1.0,2.0,1.0,0.8888888888888888,1,0.6114583333333333,0.3044838373305527,0.24375,0.6588692665100098,0.7458992600440979,0.8877934817210361,0.6359117417697356,0.7748121995537737,0.8609671337278327,0.7898711391930946
386,1.0,1.0,0.0,0.5555555555555556,1,0.47169811320754723,0.2550177095631641,0.24764150943396226,0.6603853702545166,0.6897395849227905,0.6759301107172092,0.5671246417347461,0.8269177726499081,0.5759734135662994,0.6614864846670406
387,8.0,2.0,0.0,1.0,2,0.4829140067592941,0.2157083803081548,0.1809988734509951,0.6227484345436096,0.6465842723846436,0.8909032581580014,0.584348260871921,0.6608841492148096,0.831990993905869,0.7420316655376502
388,1.0,1.0,0.0,1.0,1,0.365441906653426,0.15124378109452738,0.1847070506454816,0.6157880425453186,0.8467424511909485,0.26349606994958064,0.6862549653933563,0.8947286006018192,0.3857642675082014,0.5575609758632394
389,8.0,1.0,1.0,1.0,2,0.5951492537313432,0.3258636788048553,0.24626865671641793,0.6765356659889221,0.7380303740501404,0.8214714510571031,0.6474817470122719,0.643346660438683,0.8415799004856744,0.7384699397484331
390,8.0,1.0,1.0,1.0,2,0.5861530452889121,0.2761855132881709,0.24674648620510148,0.6662426590919495,0.7519530057907104,0.9003503615318692,0.5951691411553557,0.7794989570830997,0.885658042269879,0.7901691255100509
391,7.0,1.0,1.0,0.5555555555555556,2,0.6458055925432756,0.3426666666666666,0.28761651131824234,0.6243090033531189,0.7370330095291138,0.825788876975169,0.6354986463728263,0.7144657600723762,0.8326048011967295,0.7520895211542753
392,7.0,1.0,1.0,0.5555555555555556,2,0.5023655913978494,0.1894102453723633,0.17978494623655916,0.6345452070236206,0.7155849933624268,0.9117103476979759,0.6489131073532274,0.8352027551959179,0.893437952145478,0.8223160405981498
393,9.0,1.0,1.0,1.0,2,0.5595288178376104,0.28968421052631577,0.24148085822465296,0.6422398686408997,0.8048297762870789,0.8365010197548786,0.6801114024323351,0.7784975224197378,0.8493155894261356,0.7861063835082718
394,9.0,2.0,1.0,1.0,2,0.6384883142715067,0.3653558984569438,0.29139731476877173,0.6821902990341187,0.657745897769928,0.8843565927026774,0.6445140071745697,0.6552186848186219,0.8735690281698506,0.7644145782164299
395,9.0,2.0,1.0,1.0,3,0.6190155091031693,0.28629304523970284,0.2629804450438301,0.6646649241447449,0.6404455900192261,0.5247907718195762,0.6238814255803351,0.600691431570732,0.5271059783236337,0.5691174018235693
396,1.0,2.0,1.0,0.6666666666666666,1,0.6293382693197593,0.34089856415006947,0.28505321610365575,0.651680052280426,0.6990223526954651,0.9009441885926825,0.6933054422008118,0.7368970822444441,0.8797959868295201,0.8027356749668646
397,2.0,1.0,1.0,0.5555555555555556,2,0.6349663784822287,0.3221153846153847,0.27281460134486074,0.6730109453201294,0.6350640058517456,0.8922753886713926,0.5707924839255053,0.7815883616477657,0.8785695158340389,0.7808064375196756
398,7.0,1.0,1.0,0.5555555555555556,3,0.45454545454545453,0.20469552457813647,0.18255131964809382,0.6015161871910095,0.7229793667793274,0.5282484011758815,0.5694833021563808,0.7105466272647978,0.6835402106345343,0.6229546353078985
399,2.0,1.0,1.0,0.625,2,0.49810685738325616,0.21305263157894738,0.19772822885990743,0.6405305862426758,0.6623944044113159,0.8004319945952395,0.6209302416774922,0.705612680083253,0.778385805835314,0.7263401805478247
400,9.0,1.0,0.0,0.5555555555555556,3,0.4030786773090079,0.21448944666286363,0.1636259977194983,0.6273263692855835,0.6879945397377014,0.8854867972463616,0.554459824036848,0.812210625527605,0.810438169583375,0.7656488540985474
401,1.0,1.0,0.0,1.0,1,0.667167543200601,0.3792325056433408,0.3155522163786626,0.6865261197090149,0.6787734627723694,0.19400818286257615,0.6489913588411559,0.6844490344101771,0.19569031510768706,0.43078472280539903
402,1.0,2.0,1.0,1.0,1,0.5826771653543308,0.2854889589905363,0.2677165354330709,0.6554325222969055,0.6869218349456787,0.4406021546677081,0.6953487564271135,0.8099409868123375,0.28830112438363587,0.5585482555726987
403,8.0,2.0,0.0,1.0,2,0.5636182902584493,0.2766169154228856,0.21272365805168986,0.5812392234802246,0.5983107089996338,0.659879041198902,0.5836442037244797,0.7618583705291397,0.7206746495166078,0.6815140662422824
404,3.0,2.0,1.0,0.8888888888888888,1,0.6461684011352885,0.37784090909090906,0.3301797540208136,0.648525059223175,0.6813949346542358,0.894773615237845,0.5027782555710669,0.7380256434007091,0.87620303468951,0.7529451372247828
405,1.0,2.0,1.0,0.7777777777777778,1,0.255758538522637,0.14160700079554497,0.14297061159650518,0.6602708101272583,0.6829518675804138,0.6926333598924839,0.6467634913426022,0.7473824091915402,0.3128722048222897,0.5999128663122291
406,2.0,1.0,1.0,0.7777777777777778,1,0.489644184811471,0.27751196172248804,0.2634094530005311,0.6043649911880493,0.6592788100242615,0.7626299946601037,0.6234733748150271,0.7524378809199413,0.5747376041182836,0.678319713628339
407,1.0,2.0,1.0,0.6666666666666666,1,0.6123076923076922,0.3049281314168378,0.2071794871794872,0.6247482299804688,0.6552344560623169,0.6497460183120259,0.5162850530108117,0.6483195968053299,0.6603119279829927,0.6186656490277901
408,8.0,2.0,0.0,1.0,3,0.549638989169675,0.3333333333333333,0.27888086642599275,0.6879574656486511,0.7536134719848633,0.8516101990781211,0.6009170731850566,0.692579974069746,0.8382570245682189,0.7458410677252857
409,3.0,2.0,1.0,0.7777777777777778,1,0.33333333333333337,0.1821782178217822,0.20573689416419386,0.5883368253707886,0.7203466892242432,0.7036479781806115,0.6878622200569346,0.8073767731688309,0.6677855006236071,0.7166681180074961
410,10.0,1.0,1.0,0.7777777777777778,3,0.5241038318912237,0.2828865979381443,0.22826534816646063,0.6456392407417297,0.6825351715087891,0.8670240058248427,0.5226057069931994,0.7101745180442092,0.8376498549352683,0.7343635214493799
411,6.0,1.0,0.0,0.5555555555555556,1,0.5704022988505747,0.2690647482014389,0.23419540229885058,0.6699516177177429,0.652301549911499,0.8906417612468033,0.5715745708595088,0.6889615362428787,0.8730264309313132,0.7560510748201259
412,9.0,1.0,1.0,1.0,1,0.5207207207207207,0.30027051397655546,0.2648648648648649,0.6385465264320374,0.6207472085952759,0.8801481996027563,0.6280794973237527,0.6995390832284706,0.8656773478633777,0.7683610320045893
413,5.0,1.0,1.0,0.5555555555555556,1,0.5324966382787988,0.28263795423956933,0.2743164500224115,0.6590970754623413,0.6994318962097168,0.8355084120690904,0.5027545060309014,0.7171022547510575,0.821648546474249,0.7192534298313246
414,8.0,1.0,0.0,0.5555555555555556,2,0.4737417943107221,0.23110624315443593,0.24945295404814005,0.5625321865081787,0.7621962428092957,0.4212933236061005,0.6229680636054604,0.8218492407205406,0.3840066011937618,0.5625293072814658
415,8.0,2.0,0.0,0.7777777777777778,3,0.6023362112747588,0.3050330452465684,0.27120365667851704,0.6442405581474304,0.7488930821418762,0.9003525573416048,0.5771487704954876,0.7661176007534075,0.8760166301348599,0.7799088896813399
416,9.0,1.0,0.0,0.6666666666666666,1,0.6051800379027164,0.2605945604048071,0.21351863550221098,0.6150778532028198,0.6681899428367615,0.9060540950550116,0.5803069712030937,0.8296147190735823,0.9044618871539287,0.805109418121404
417,2.0,2.0,1.0,0.8888888888888888,1,0.39309294057897415,0.25012709710218606,0.24073133570340274,0.6602221727371216,0.7177890539169312,0.7527615510805719,0.6988564689170402,0.8003780752272673,0.2243798686036379,0.6190939909571294
418,1.0,2.0,1.0,0.7777777777777778,1,0.3628117913832199,0.20317820658342794,0.1836734693877551,0.6093146800994873,0.6654056906700134,0.2101247755494933,0.7032263670684408,0.6432369358397637,0.10799509492545623,0.4161457933457885
419,8.0,1.0,0.0,1.0,1,0.5878693623639192,0.3061754021795537,0.27268014515292893,0.689113438129425,0.6023185849189758,0.2038555338883621,0.6367469413171326,0.6193126167113554,0.19037924248421348,0.4125735836002659
420,8.0,2.0,1.0,0.5555555555555556,1,0.6114577424844017,0.28052243043725156,0.25524673851389673,0.645582377910614,0.783856213092804,0.9015561341557655,0.6336514667313647,0.7792637421646729,0.8871257451301336,0.8003992720454842
421,4.0,2.0,0.0,0.5555555555555556,2,0.46960926193921854,0.23171614771904414,0.20911722141823444,0.6470534205436707,0.7325283885002136,0.8934627804767602,0.6120093480653854,0.7830932540289179,0.8783354789133729,0.7917252153711091
422,8.0,2.0,1.0,0.5555555555555556,3,0.5254491017964071,0.2988764044943821,0.24251497005988024,0.6326918601989746,0.662192702293396,0.9058523830261379,0.49521138780755025,0.7716586504628383,0.8947658540789702,0.7668720688438742
423,8.0,2.0,1.0,0.8888888888888888,2,0.6335671883432272,0.3479200432198811,0.31084727468969237,0.6623964905738831,0.679192066192627,0.891112898550296,0.5746820275602943,0.747905242208963,0.8810856551638995,0.7736964558708632
424,2.0,1.0,1.0,0.5555555555555556,1,0.4735356386732533,0.23728813559322035,0.17995765702187722,0.5900866985321045,0.6015300154685974,0.8704606068806269,0.5440406169901871,0.7244058528929,0.8461706559459296,0.7462694331774109
425,8.0,2.0,0.0,1.0,3,0.5875440658049353,0.20823529411764705,0.19623971797884843,0.5846793055534363,0.7364826202392578,0.7542668155930154,0.6014987179474828,0.6110305113704668,0.7577674935453584,0.681140884614081
426,9.0,1.0,1.0,1.0,2,0.594853381208857,0.23247453565008988,0.25613405146618795,0.6380637288093567,0.6367273330688477,0.8498202056072867,0.5767689925156912,0.7917686230905868,0.8323545165070062,0.7626780844301427
427,2.0,2.0,1.0,0.7777777777777778,2,0.5051546391752577,0.2153392330383481,0.21649484536082472,0.6323623657226562,0.6327811479568481,0.865000619370872,0.5453060160490615,0.7232194405211813,0.8504588932083996,0.7459962422873785
428,8.0,1.0,1.0,0.7777777777777778,3,0.5784784098697737,0.2964996568291009,0.2782727895819054,0.66462641954422,0.6255789399147034,0.9117441093277513,0.6846734413606171,0.7490667866626114,0.8777440110022366,0.8058070870883042
429,1.0,2.0,1.0,0.6666666666666666,1,0.6688888888888888,0.35261401557285876,0.2633333333333333,0.6737529039382935,0.7248154878616333,0.8611075766142855,0.5254894269653692,0.7740501261345536,0.8423664626563666,0.7507533980926437
430,12.0,1.0,1.0,0.5555555555555556,1,0.592485549132948,0.3125904486251809,0.32225433526011565,0.6479515433311462,0.7388770580291748,0.5349635513927612,0.7080966498215445,0.7854924784132471,0.40423213769222205,0.6081962043299437
431,14.0,2.0,0.0,0.6666666666666666,2,0.43328550932568144,0.27873563218390807,0.29555236728837875,0.6665546298027039,0.7875173091888428,0.8774058225917448,0.8405145906451001,0.7370061317149083,0.8429933654542816,0.8244799776015088
432,8.0,2.0,0.0,0.5555555555555556,2,0.5301379811183733,0.27054545454545453,0.28903413217138707,0.6979711055755615,0.7490729689598083,0.7015151046436033,0.588000999392622,0.7258184573770511,0.5362248773839607,0.6378898596993093
433,9.0,2.0,0.0,0.875,4,0.573449401523395,0.21568627450980393,0.2132752992383025,0.6089104413986206,0.8125793933868408,0.8828853194446189,0.7261461814537358,0.8839515776648711,0.8682051623405463,0.8402970602259431
434,2.0,1.0,0.0,0.6666666666666666,1,0.5943113772455091,0.2353823088455772,0.25,0.617591142654419,0.7672745585441589,0.12186361704878385,0.7657078882312094,0.7794901095007071,0.09638466209445187,0.4408615692187881
435,12.0,2.0,1.0,0.7777777777777778,2,0.5963678968951378,0.2662756598240469,0.2120679554774458,0.61927330493927,0.5631484985351562,0.9037199910058952,0.46110822779340577,0.7420714155071156,0.8707274488525156,0.744406770789733
436,1.0,1.0,0.0,0.5555555555555556,1,0.5949177877428999,0.30723192019950124,0.22620827105132038,0.6278143525123596,0.7111023664474487,0.8949388546048911,0.6080388029425697,0.7497578777990925,0.8637653193383663,0.7791252136712299
437,9.0,2.0,0.0,1.0,1,0.5210332103321033,0.3340724316334073,0.3586715867158672,0.6817902326583862,0.5971890687942505,0.11073094060861775,0.680829451896933,0.631010507403358,0.07540761977547036,0.3744946299210947
438,6.0,2.0,1.0,1.0,1,0.6390773405698779,0.2676630434782609,0.2157394843962008,0.6447126865386963,0.693579912185669,0.8668876632669493,0.6212804309905705,0.6696851697363752,0.849294323473937,0.751786896866958
439,10.0,1.0,1.0,1.0,1,0.6703499079189688,0.34173325138291333,0.2983425414364641,0.6796795725822449,0.7614465951919556,0.919083013944984,0.6386370050700453,0.8364037242681926,0.9097092766161803,0.8259582549748505
440,9.0,2.0,0.0,0.5555555555555556,1,0.47882513661202186,0.277511961722488,0.2274590163934426,0.6014816164970398,0.7219061851501465,0.8513517935569364,0.5069131680364775,0.657159840377713,0.8323578120182921,0.7119456534973548
441,1.0,2.0,1.0,0.7777777777777778,1,0.5717344753747323,0.2765273311897106,0.2505353319057816,0.6769562363624573,0.7577041983604431,0.8982954407236858,0.5597069757438706,0.7739804529447226,0.8576606085949079,0.7724108695017967
442,5.0,1.0,1.0,0.6666666666666666,3,0.6110793832095944,0.289308176100629,0.27984009137635635,0.6678357124328613,0.6477672457695007,0.8574427646195145,0.6483196290535506,0.7301066534139201,0.6374006210583145,0.7183174170363249
443,2.0,2.0,0.0,1.0,2,0.6233766233766234,0.24707412223667097,0.27272727272727276,0.6573787331581116,0.7163569927215576,0.9152132167064123,0.6624613996696549,0.7302184133103193,0.9016601573836001,0.8023882967674967
444,8.0,2.0,0.0,1.0,3,0.6518134715025907,0.35269709543568467,0.2538860103626943,0.6715438961982727,0.6581886410713196,0.8853692256490449,0.6145298587522855,0.6788476128130762,0.8620695132671771,0.7602040526203959
445,8.0,2.0,1.0,0.5555555555555556,2,0.4665482534043813,0.19917012448132781,0.2202486678507993,0.6359339356422424,0.7121329307556152,0.16258134858084825,0.7234913121152756,0.7199769669184491,0.3913139366008432,0.49934089105385404
446,1.0,1.0,0.0,0.7777777777777778,1,0.4678362573099415,0.1947291361639824,0.19005847953216373,0.6390904188156128,0.6835686564445496,0.10645312003098051,0.4766733953260225,0.5115344056041006,0.22617014682583192,0.33020776694673387
447,1.0,2.0,1.0,0.6666666666666666,1,0.5012919896640826,0.2626131953428202,0.2919896640826874,0.668847382068634,0.707012951374054,0.6194538414060444,0.7081082611365345,0.8223061141701749,0.6042523545976495,0.6885301428276007
448,8.0,2.0,0.0,1.0,3,0.6287339971550499,0.3247863247863248,0.25746799431009965,0.7116850018501282,0.6663883924484253,0.7063179736030422,0.662850011986693,0.6983536747245462,0.7494523239207286,0.7042434960587526
449,8.0,1.0,1.0,1.0,3,0.6536388140161724,0.3346828609986504,0.26415094339622647,0.6574573516845703,0.5969366431236267,0.9058966123964219,0.5942536842606378,0.6728958103998866,0.8832675689615809,0.7640784190046319
450,2.0,2.0,1.0,0.5555555555555556,1,0.6177339901477834,0.34516765285996054,0.3044334975369458,0.6882990598678589,0.7190194725990295,0.9149207965635956,0.5149238286937985,0.8569428870545992,0.8894684552402428,0.794063991888059
451,9.0,2.0,0.0,0.5555555555555556,2,0.6741130091984232,0.3789473684210527,0.3219448094612352,0.665526270866394,0.6969289183616638,0.8570513720318589,0.6522858166466887,0.7727063771234158,0.8633671981329796,0.7863526909837357
452,3.0,2.0,0.0,0.6666666666666666,2,0.6150598170302604,0.33967582804792107,0.28852920478536237,0.6525999307632446,0.7010337114334106,0.8903322732586331,0.5319079348462084,0.6016016689858212,0.8651216638909888,0.7222408852454127
453,9.0,2.0,1.0,0.875,1,0.6319327731092437,0.32192933258553,0.2980392156862745,0.6323618292808533,0.6278930306434631,0.7942183811029584,0.5618633867559537,0.8046233775593418,0.799986088085812,0.7401728083760165
454,9.0,2.0,1.0,1.0,1,0.499429874572406,0.2624572080639026,0.23489167616875709,0.6593418121337891,0.7385542392730713,0.8593676606544874,0.6612402945828505,0.8399304548446537,0.8492561749533266,0.8024486462588295
455,4.0,1.0,1.0,0.5555555555555556,1,0.6116322701688556,0.29953051643192485,0.2101313320825516,0.6274319291114807,0.7578672170639038,0.8796001383790671,0.6336403878934352,0.717032687838187,0.8449180634444385,0.768797819388782
456,7.0,1.0,1.0,0.5555555555555556,2,0.6002239641657334,0.2937219730941704,0.24076147816349383,0.6724307537078857,0.7923945784568787,0.9069641708511829,0.5125400974016964,0.786616543175886,0.86952331764032,0.7689110322672713
457,8.0,2.0,0.0,0.75,1,0.4959630911188005,0.27944572748267904,0.23414071510957327,0.6789814233779907,0.684921383857727,0.45879666058072965,0.6825929562083447,0.8366821494668107,0.10462865495546672,0.5206751053028379
458,1.0,2.0,1.0,0.625,1,0.6442711457708458,0.29069069069069065,0.22195560887822433,0.6333520412445068,0.7188603281974792,0.7820674715442262,0.6079511538611936,0.7923888927357486,0.7672601282418695,0.7374169115957595
459,3.0,1.0,1.0,0.5555555555555556,3,0.7070828331332533,0.39903846153846156,0.28571428571428575,0.6922751069068909,0.7468695044517517,0.5378762379285777,0.6125875059118159,0.703126087295988,0.5003509288931336,0.5884851900073788
460,2.0,2.0,1.0,0.6666666666666666,1,0.6226804123711341,0.3147574819401445,0.2752577319587629,0.6325839757919312,0.5903489589691162,0.8578379946237572,0.4833221949435396,0.7098468035783364,0.8271341545644428,0.7195352869275191
461,10.0,1.0,1.0,1.0,2,0.5993031358885017,0.31190832087693077,0.2588352414136386,0.6424774527549744,0.7801982760429382,0.8652060717796667,0.6899325340751928,0.7294913462653533,0.8341558963375705,0.7796964621144458
462,8.0,2.0,1.0,0.8888888888888888,2,0.5926380368098159,0.24692874692874692,0.2233128834355828,0.645680844783783,0.6774068474769592,0.8485893091715624,0.6528891486737215,0.7614327097220097,0.8380764749725421,0.775246910634959
463,1.0,1.0,1.0,0.5555555555555556,1,0.5656565656565656,0.22245875465673232,0.22009569377990432,0.6634186506271362,0.7843955159187317,0.9190265395076609,0.6163575669530875,0.720091239591053,0.896181786519397,0.7879142831427995
464,1.0,1.0,0.0,0.5555555555555556,1,0.6434573829531813,0.35697115384615385,0.3037214885954382,0.6509242653846741,0.7906643748283386,0.09384027292024402,0.6235318692933383,0.7423699603805218,0.10175588571919719,0.39037449707832533
465,2.0,2.0,0.0,1.0,2,0.5490584737363726,0.32969215491559084,0.29534192269573833,0.6551710963249207,0.5897011756896973,0.744538822003238,0.6574689687289107,0.7182534867074488,0.4830259089000769,0.6508217965849187
466,7.0,2.0,0.0,1.0,2,0.6566077003121749,0.2989583333333333,0.2258064516129032,0.6430175304412842,0.6832646131515503,0.8597005945488511,0.6166773524625495,0.7886193199956695,0.8434452513151489,0.7771106295805548
467,2.0,1.0,1.0,0.5555555555555556,2,0.49546539379474935,0.19397993311036787,0.1957040572792363,0.6261888742446899,0.6342018246650696,0.882738581884031,0.5776025592299144,0.7330282310382569,0.8591386030181207,0.7631269937925809
468,3.0,1.0,1.0,0.8888888888888888,2,0.5815801776531089,0.2882545624707534,0.28424497428705,0.639808177947998,0.8212772011756897,0.8707164759017096,0.6052706111727578,0.8219277997243294,0.8786760610774688,0.7941477369690665
469,8.0,1.0,0.0,1.0,2,0.6629834254143646,0.35951327433628316,0.23314917127071824,0.6335474848747253,0.6751728653907776,0.8871265031212279,0.52691295783436,0.7277621046131486,0.8809541907434066,0.7556889390780357
470,9.0,1.0,1.0,1.0,2,0.6558230318802861,0.34527687296416937,0.33571893298633704,0.6955564618110657,0.7420519590377808,0.6288852578403736,0.6229219939673737,0.6530479771609266,0.6979124126282664,0.6506919103992351
471,8.0,1.0,0.0,1.0,2,0.620127981384526,0.2830518345952242,0.2664339732402559,0.6589111685752869,0.6130657196044922,0.9073394094719927,0.6447011674357057,0.7144056786370115,0.8857381726503293,0.7880461070487599
472,10.0,1.0,1.0,1.0,2,0.5464165464165465,0.27347135291285507,0.2328042328042328,0.6844848394393921,0.6914291381835938,0.7374560172921959,0.5958981661921703,0.6363257354860786,0.7408868178958617,0.6776416842165767
473,9.0,2.0,1.0,1.0,2,0.6159052453468697,0.36271186440677966,0.27749576988155666,0.6488962769508362,0.7131564617156982,0.48292681327664677,0.5982020820473846,0.6250794348167549,0.5856489797232114,0.5729643274659995
474,1.0,1.0,0.0,1.0,1,0.6930564568462038,0.3612735542560104,0.2738481505515899,0.6745001673698425,0.7224907279014587,0.8563372259345776,0.6337330726193949,0.6256521231437194,0.8406884808488008,0.7391027256366232
475,1.0,2.0,1.0,0.7777777777777778,1,0.6364251861882193,0.3023728813559322,0.2830060934326337,0.669025182723999,0.6291263103485107,0.8001217141700373,0.6478596676036622,0.6672525390573265,0.6958395421020007,0.7027683657332566
476,8.0,1.0,1.0,0.8888888888888888,2,0.6205450733752621,0.28961175236096537,0.240041928721174,0.6548814177513123,0.6775132417678833,0.7749468717408355,0.6410465088403137,0.7892322039061146,0.7603507867494694,0.7413940928091832
477,8.0,1.0,1.0,0.6666666666666666,1,0.5910852713178295,0.29776915615906885,0.26356589147286824,0.6337548494338989,0.6598232388496399,0.9075734007302486,0.6723326070457726,0.7755318066857724,0.8946396490348164,0.8125193658741524
478,8.0,2.0,1.0,1.0,3,0.6380597014925372,0.29389788293897884,0.236318407960199,0.6910898089408875,0.6823049783706665,0.8924626560085068,0.5734306449707588,0.6146701803965031,0.8618384273934531,0.7356004771923055
479,2.0,1.0,1.0,0.5555555555555556,2,0.5050580741850881,0.27296587926509186,0.2173098538778569,0.6264222860336304,0.6879249215126038,0.6595326053775056,0.5892687100016147,0.7052899281045208,0.6926096098309372,0.6616752133286447
480,9.0,2.0,1.0,1.0,1,0.6070381231671554,0.2866927592954991,0.2404692082111437,0.6884492635726929,0.6538635492324829,0.8754105290463233,0.5479451534858591,0.6861933672775936,0.8778119233263413,0.7468402432840293
481,1.0,1.0,0.0,0.5555555555555556,1,0.6350592638802246,0.2935665209244222,0.24454148471615722,0.6486489772796631,0.6773874163627625,0.9193637399020151,0.680209201092609,0.6317666156587421,0.9054844764050157,0.7842060082645955
482,8.0,1.0,1.0,1.0,1,0.5077951002227171,0.2050824788230049,0.20846325167037863,0.6126874089241028,0.6886301040649414,0.9331920459822854,0.5833627086697066,0.8085646343357382,0.9119630439782298,0.80927060824149
483,8.0,2.0,1.0,1.0,2,0.6136680613668062,0.308659217877095,0.3110181311018131,0.6643329858779907,0.6064247488975525,0.1663138076883749,0.6801480602402038,0.7786173460146604,0.14290478871788764,0.44199600066528166
484,8.0,2.0,0.0,0.7777777777777778,1,0.50399695470118,0.23619047619047617,0.19794442329653597,0.6239477396011353,0.7745996713638306,0.9137879600797869,0.657764095650573,0.7927155554119286,0.8989355320344921,0.8158007857941951
485,8.0,2.0,1.0,1.0,1,0.6491885143570536,0.3325,0.23720349563046192,0.6665295958518982,0.6967300772666931,0.36025799099706624,0.4062252002740273,0.6862700412430829,0.4576450448474329,0.4775995693404023
486,3.0,1.0,1.0,0.7777777777777778,2,0.36726978125843907,0.18265333693596325,0.14798811774237106,0.5663559436798096,0.7513503432273865,0.887818231593737,0.6258676064028778,0.7081271281059165,0.8559144952638806,0.769431865341603
487,8.0,1.0,1.0,0.6666666666666666,2,0.5772307692307692,0.24768946395563773,0.19692307692307692,0.61456698179245,0.6556134819984436,0.6934454046580526,0.6471794394456731,0.543450169541902,0.6578392631451706,0.6354785691976995
488,4.0,2.0,1.0,1.0,1,0.6828675577156742,0.3734793187347932,0.2831105710814094,0.6384910941123962,0.657041609287262,0.8515607453773927,0.5846268654913161,0.6180997614774993,0.8123811120374738,0.7166671210959205
489,4.0,2.0,0.0,0.5555555555555556,2,0.5688888888888889,0.28769154720711815,0.24296296296296296,0.6823227405548096,0.6997231245040894,0.7026689307483256,0.6093353625831063,0.7806260747501291,0.766942724220499,0.714893273075515
490,1.0,2.0,1.0,0.5555555555555556,2,0.5757575757575758,0.24165824064711827,0.21515151515151515,0.6318804621696472,0.714177668094635,0.7789550088897701,0.6668657899159132,0.8155329555232887,0.7500153260685534,0.7528422700993813
491,1.0,1.0,1.0,1.0,2,0.6252707581227436,0.2979031091829356,0.3176895306859206,0.6742356419563293,0.6123294830322266,0.2299024035380176,0.6266028115573333,0.7796864878412921,0.2857591983321236,0.48048772531719164
492,9.0,1.0,0.0,0.5555555555555556,2,0.6326153846153846,0.3598274799753543,0.32615384615384624,0.697990894317627,0.7217687964439392,0.8869127793476522,0.6881541701796551,0.7500144564822506,0.8588472930646749,0.7959821747685583
493,10.0,1.0,0.0,0.6666666666666666,1,0.5345054945054946,0.258688957325121,0.26461538461538464,0.6683281660079956,0.7299462556838989,0.3703297786032033,0.581153710983363,0.756329815546517,0.44431738452145486,0.5380326724136345
494,2.0,2.0,0.0,0.5555555555555556,3,0.5059578368469294,0.21284403669724772,0.19065077910174152,0.6327565908432007,0.737305223941803,0.7209322840946012,0.5825217525570828,0.7598993399033446,0.7865117797825978,0.7124662890844067
495,8.0,1.0,1.0,1.0,1,0.6589351607801792,0.36833773087071237,0.2878228782287823,0.6072251796722412,0.6228751540184021,0.89851114472207,0.551888113347627,0.7574842817913536,0.8757251720299488,0.7709021779727498
496,10.0,1.0,0.0,1.0,1,0.24720893141945774,0.12140575079872205,0.1610845295055821,0.6267719864845276,0.6676347255706787,0.9565649506479549,0.8778621706018892,0.8933445349557734,0.9201235414924854,0.9119737994245257
497,8.0,1.0,1.0,0.7777777777777778,2,0.5489013356311935,0.27856834842604566,0.2214562688496338,0.6314295530319214,0.6776339411735535,0.8679133776604114,0.5782227733603991,0.7302156990194276,0.8578426264471044,0.7585486191218356
498,2.0,2.0,1.0,0.8888888888888888,1,0.5634644101543056,0.29297458893871453,0.2299651567944251,0.6583346724510193,0.6029117107391357,0.9057568529645168,0.48674043827947233,0.6993817744173865,0.901444181773703,0.7483308118587696
499,1.0,2.0,1.0,0.7777777777777778,1,0.5085545722713865,0.2622563496751329,0.23716814159292035,0.6649723649024963,0.6748861074447632,0.5368875405879341,0.703649302617629,0.7070364378408468,0.5088175928777608,0.6140977184810427
500,3.0,2.0,0.0,0.6666666666666666,3,0.6019988242210464,0.28840494408475575,0.24691358024691357,0.6787054538726807,0.661634624004364,0.9042460374221021,0.514568811587767,0.7316017998232356,0.878066332690715,0.7571207453809549
501,2.0,1.0,0.0,0.5555555555555556,1,0.6319824753559693,0.27631578947368424,0.2267250821467689,0.6453998684883118,0.7441383004188538,0.8620513573675936,0.6711303065248196,0.7322233527670577,0.825847395395235,0.7728131030136765
502,2.0,2.0,1.0,0.6666666666666666,1,0.41492036881810557,0.21476510067114096,0.18692372170997484,0.5869320631027222,0.7284643650054932,0.45542951360538986,0.5858479135273661,0.7737773391234088,0.5540214579483818,0.5922690560511366
503,2.0,2.0,0.0,1.0,1,0.4918957011980268,0.26111503175723355,0.3016208597603946,0.6459876298904419,0.750146210193634,0.152260823108053,0.7059598848502949,0.8361985400733635,0.1592065533541862,0.46340645034647443
504,8.0,2.0,0.0,0.7777777777777778,4,0.5460091509913574,0.2748091603053435,0.24504321301474324,0.6084598302841187,0.6626416444778442,0.8232737354883634,0.6732953232047311,0.7133221009620423,0.8041519543676984,0.7535107785057088
505,2.0,1.0,1.0,1.0,3,0.47296322999279017,0.18628158844765344,0.2090843547224225,0.6383349895477295,0.6734511256217957,0.8650901767724738,0.6933156543005035,0.7393997779568766,0.7004013116539526,0.7495517301709516
506,8.0,2.0,1.0,0.6666666666666666,3,0.5390734674777725,0.2510538641686183,0.21806270472625175,0.6026631593704224,0.694332480430603,0.8434094713551127,0.5422625664607047,0.5535251302465503,0.8232936525238547,0.6906227051465555
507,2.0,2.0,0.0,0.5555555555555556,1,0.46267087276551006,0.24202034373903894,0.22712933753943215,0.6961749196052551,0.6287487745285034,0.8854860223820017,0.5557079996390418,0.846535043783781,0.8716838398237217,0.7898532264071365
508,2.0,1.0,1.0,0.7777777777777778,2,0.5104353011329755,0.21850746268656715,0.19200954084675015,0.637528657913208,0.7319244742393494,0.05358924367773421,0.6619629663146634,0.6864669812452168,0.09875527522688507,0.3751936166161248
509,3.0,2.0,1.0,0.5555555555555556,1,0.5641316685584563,0.2488636363636364,0.2565266742338252,0.6873651146888733,0.6970956921577454,0.8977748301092066,0.4624981167798903,0.7780366436938037,0.8884429371585907,0.7566881319353728
510,10.0,2.0,1.0,1.0,2,0.5103714423540763,0.24818928054080155,0.22479498311625662,0.6121901273727417,0.7419478893280029,0.2621415929530579,0.6533473649074116,0.7465469656199155,0.18301673616082054,0.4612631649103014
511,8.0,1.0,1.0,1.0,3,0.6488508818813468,0.32209737827715357,0.24158204168893638,0.6209075450897217,0.6243264079093933,0.8850992592997464,0.5503557373713702,0.6610603295988153,0.8669617509073364,0.7408692692943171
512,8.0,2.0,0.0,0.5555555555555556,3,0.5969696969696969,0.2689585439838221,0.24444444444444446,0.6241738200187683,0.7408846616744995,0.6451358445373814,0.5451808588168676,0.7022143285784536,0.6541791710356272,0.6366775507420824
513,2.0,2.0,1.0,0.7777777777777778,1,0.592526690391459,0.3455031166518254,0.2891459074733096,0.6466072797775269,0.617382287979126,0.9085393112930602,0.6627801849214264,0.6156453326400358,0.8855518526392719,0.7681291703734486
514,8.0,1.0,0.0,0.5555555555555556,2,0.5594989561586639,0.19853709508881923,0.1962421711899791,0.6256911754608154,0.7237893342971802,0.8038306518909176,0.5373658421781952,0.8333785685394035,0.73775120357444,0.7280815665457392
515,1.0,2.0,1.0,1.0,1,0.6972010178117048,0.3959218351741716,0.37150127226463103,0.6891018748283386,0.6885277628898621,0.5270904573731542,0.6499516791791452,0.5333036017579664,0.5533451119942872,0.5659227125761382
516,8.0,2.0,0.0,1.0,2,0.5997340425531916,0.29427430093209056,0.2726063829787234,0.6685870289802551,0.7353288531303406,0.8111458859053721,0.5805643230982862,0.7919268144426529,0.7975281239396325,0.7452912868464859
517,5.0,2.0,1.0,0.5555555555555556,1,0.496054114994363,0.24971793907484016,0.2134535888763623,0.6324482560157776,0.6441143751144409,0.8799645695678892,0.5041009030061598,0.7358296334758982,0.8574927009419712,0.7443469517479796
518,4.0,1.0,0.0,0.6666666666666666,1,0.5409638554216867,0.20265379975874548,0.22168674698795182,0.6139081716537476,0.7575997710227966,0.71024191069727,0.6179475441641883,0.8125225522276489,0.653253846614411,0.6984914634258795
519,10.0,1.0,1.0,0.5555555555555556,2,0.5505925250683683,0.2965328467153285,0.2680036463081131,0.6316171884536743,0.6947332620620728,0.8415422676694732,0.5973597297343052,0.7297612432602433,0.8334283836213731,0.7505229060713486
520,1.0,1.0,1.0,0.8888888888888888,2,0.5590484282073068,0.23829787234042552,0.2565845369583687,0.6365602016448975,0.7313193082809448,0.636383311562463,0.6966439250858018,0.7697403066148673,0.38748548601292726,0.6225632573190147
521,1.0,2.0,1.0,1.0,1,0.6446934739617666,0.30495049504950494,0.20171390903098219,0.6188246011734009,0.8008551001548767,0.7956448922205329,0.6892737229012843,0.7402518906697078,0.7746271486414825,0.7499494136082518
522,9.0,1.0,1.0,0.7777777777777778,1,0.5780795344325897,0.2621359223300971,0.2036857419980601,0.6424152851104736,0.5606739521026611,0.8844544521320055,0.5511260541305538,0.8246238496861712,0.86316561390266,0.7808424924628476
523,8.0,1.0,1.0,0.8888888888888888,1,0.5560022975301551,0.3001725129384704,0.27800114876507753,0.679277777671814,0.7094457149505615,0.06990467537493728,0.607419430046079,0.7126902664367406,0.07418443276241146,0.3660497011550421
524,2.0,1.0,0.0,1.0,1,0.6539278131634819,0.3628632175761871,0.38075017692852087,0.717743992805481,0.7338615655899048,0.8200503155124377,0.6572222045176425,0.539110455252828,0.8131020413649385,0.7073712541619616
525,8.0,2.0,1.0,1.0,3,0.583732057416268,0.269678302532512,0.24743677375256323,0.5807226300239563,0.7205742001533508,0.8304559737511766,0.5742004916082452,0.755708635237891,0.7816596023405589,0.7355061757344679
526,8.0,1.0,1.0,0.8888888888888888,1,0.5609973285841495,0.2620320855614973,0.23686553873552985,0.6566414833068848,0.7629868388175964,0.9111241058186094,0.6477354145993485,0.7354682994362909,0.8866832731087174,0.7952527732407415
527,2.0,2.0,1.0,0.5555555555555556,1,0.3640287769784173,0.1930835734870317,0.22589928057553957,0.6471681594848633,0.7424304485321045,0.9111257442681049,0.7991290577160951,0.7963388962329314,0.8273960524966442,0.8334974376784439
528,1.0,1.0,0.0,0.5555555555555556,1,0.6469565217391305,0.3083623693379791,0.27652173913043476,0.7010304927825928,0.7127096056938171,0.4411338691863495,0.6601033848950335,0.7001488150492245,0.34602796174832545,0.5368535077197333
529,2.0,2.0,1.0,0.7777777777777778,1,0.6352549889135254,0.3196448390677026,0.2671840354767184,0.6652925610542297,0.5767674446105957,0.8516007092093427,0.40912437184747047,0.6855462954890222,0.8337400183941096,0.6950028487349862
530,8.0,2.0,1.0,1.0,1,0.5031948881789137,0.1808,0.23003194888178913,0.5879746675491333,0.7994027733802795,0.08193074648710515,0.6861595937154285,0.8451175274197076,0.07619676056098348,0.42235115704580617
531,3.0,2.0,1.0,0.7777777777777778,2,0.5897435897435899,0.24334600760456274,0.194681861348528,0.6144353747367859,0.7193096876144409,0.7887413695810643,0.5356367681808023,0.6768237708176684,0.7697136070901538,0.6927288789174222
532,6.0,1.0,0.0,1.0,2,0.6040462427745664,0.3357452966714906,0.32369942196531787,0.7024484276771545,0.6560853719711304,0.7215574754101928,0.7200449840354345,0.7713647512296202,0.646474619843792,0.7148604576297599
533,1.0,2.0,1.0,0.6666666666666666,1,0.5453672587614018,0.2229697260932244,0.20163226116178587,0.6408194303512573,0.6590806245803833,0.7605961420586866,0.5629149566821001,0.6566998221975934,0.7096121804914891,0.6724557753574674
534,8.0,2.0,0.0,1.0,2,0.6271820448877806,0.28464419475655434,0.2481296758104738,0.6018166542053223,0.734930694103241,0.8568467767127103,0.7503643903866798,0.7431424705736058,0.8383571394596453,0.7971776942831603
535,8.0,1.0,1.0,1.0,3,0.5740740740740741,0.2310286677908938,0.24242424242424243,0.6612205505371094,0.6332959532737732,0.19129866975423163,0.6567271008327641,0.7825117029657463,0.19545263774027252,0.45649752782325365
536,8.0,1.0,0.0,0.8888888888888888,2,0.5679939894815929,0.290443942814146,0.3050338091660406,0.7045924663543701,0.6673696637153625,0.8178114870329715,0.5087957651461671,0.7005338233425981,0.8063641571371944,0.7083763081647327
537,13.0,2.0,1.0,0.5555555555555556,1,0.4697833523375142,0.2221376949410422,0.2128468263017864,0.602821946144104,0.6245284676551819,0.887553142002195,0.5689903515382224,0.7050953801117522,0.8652248277455373,0.7567159253494268
538,1.0,1.0,0.0,1.0,1,0.6363084395871281,0.29908814589665655,0.2780813600485732,0.6756467819213867,0.5623281598091125,0.8951726784081364,0.6002980875844219,0.7021796451005055,0.8569083113348538,0.7636396806069794
539,8.0,1.0,0.0,0.5555555555555556,0,0.6027210884353741,0.29155313351498635,0.26258503401360545,0.6616477370262146,0.6924542784690857,0.840994516707001,0.5786325640026665,0.6747960375689296,0.817813312350671,0.7280591076573171
540,8.0,2.0,1.0,0.7777777777777778,3,0.581532416502947,0.2714754098360656,0.2593320235756385,0.6712183356285095,0.703144371509552,0.9123765008773201,0.5897923707359445,0.8045213934698091,0.8920559980180162,0.7996865657752725
541,13.0,2.0,1.0,0.7777777777777778,3,0.5328554360812425,0.31646074133120766,0.25567502986857826,0.6178794503211975,0.7480958104133606,0.8494243175720159,0.5524388433588894,0.7903455505844134,0.8135465988103093,0.751438827581407
542,1.0,1.0,0.0,0.7777777777777778,1,0.5205070842654735,0.2940298507462687,0.22520507084265473,0.6675364375114441,0.6921327114105225,0.8093568067810822,0.6415508591401099,0.8184803009920362,0.8225086551742775,0.7729741555218764
543,8.0,1.0,0.0,0.8888888888888888,3,0.6335978835978836,0.2609271523178808,0.23015873015873017,0.6519877314567566,0.6713168025016785,0.8950722903087813,0.7117907847439311,0.8079829846491163,0.8805816146945328,0.8238569185990904
544,3.0,1.0,1.0,0.625,2,0.5784671532846716,0.2705667276051188,0.2755474452554744,0.6372405886650085,0.6512005925178528,0.09957605866923211,0.7823974848427586,0.7613595801625718,0.09799212294063452,0.43533131165379924
545,8.0,1.0,1.0,0.7777777777777778,3,0.652653704676826,0.3335086796422936,0.28796636889122434,0.7011048793792725,0.6777666807174683,0.9004134266439897,0.5810391014670123,0.7978150004579796,0.8790197169101479,0.7895718113697823
546,9.0,1.0,1.0,1.0,2,0.5746009715475364,0.2571230020847811,0.2470506592643997,0.6174912452697754,0.6061351299285889,0.7639582676277727,0.6233486729771492,0.6105007156206155,0.7424578020655175,0.6850663645727637
