index,issueArea,decisionDirection,partyWinning,voteDistribution,respondentType,rouge1,rouge2,rougeL,bert_f1,align_score,unieval_coherence,unieval_consistency,unieval_fluency,unieval_relevance,unieval_overall
0,10.0,2.0,0.0,0.625,1,0.4904246461282265,0.27666666666666667,0.25811823480432977,0.6612906455993652,0.7232137322425842,0.685076449054056,0.6411685804771052,0.8279602736901721,0.5430359227080133,0.6743103064823367
1,8.0,1.0,0.0,0.6666666666666666,1,0.5926712692511948,0.2573099415204678,0.21879978757302176,0.5995232462882996,0.8190211653709412,0.8853598537283797,0.5472067433013749,0.6797822426329362,0.8753165861909088,0.7469163564633999
2,2.0,1.0,1.0,1.0,2,0.5208647561588737,0.3210870659285355,0.26043237807943687,0.6845933198928833,0.6320387721061707,0.7753994165857884,0.7263162628471331,0.7061505973857711,0.6432901587851092,0.7127891089009504
3,1.0,1.0,0.0,0.6666666666666666,1,0.5776865160848733,0.3427004797806717,0.32169746748802186,0.6620413661003113,0.7452964782714844,0.7390153199793277,0.5863721545686201,0.798051415133049,0.859046224687195,0.745621278592048
4,8.0,2.0,1.0,1.0,3,0.5509981851179673,0.2993098438067563,0.22504537205081668,0.6540400385856628,0.8431835174560547,0.8221605104080497,0.6943674003618945,0.8787341456711246,0.8783595328154018,0.8184053973141177
5,7.0,1.0,0.0,0.5555555555555556,3,0.4956750658142159,0.26496048174633047,0.2391876645355397,0.5899031162261963,0.6241596341133118,0.8792957278253285,0.4776526787613505,0.855627452225039,0.8679132921716165,0.7701222877458336
6,10.0,1.0,0.0,0.5555555555555556,1,0.6171548117154811,0.2743455497382199,0.27196652719665276,0.6212506890296936,0.7242636680603027,0.8949981113799386,0.5666860869715968,0.7232567378076888,0.8826407533338876,0.7668954223732779
7,8.0,1.0,1.0,0.8888888888888888,2,0.5919003115264797,0.31045241809672386,0.2850467289719626,0.6718516945838928,0.7480447292327881,0.6288709718037626,0.7241999468199221,0.7433489829614565,0.638853981660259,0.68381847081135
8,8.0,1.0,1.0,1.0,2,0.5849056603773586,0.3277310924369748,0.3186582809224318,0.6662127375602722,0.7044441103935242,0.6762630854193585,0.7047510512484486,0.8031049800500379,0.11847875186201152,0.5756494671449641
9,1.0,2.0,1.0,0.5555555555555556,1,0.594642857142857,0.31724754244861486,0.2705357142857143,0.6375842690467834,0.7442477941513062,0.5784187004971054,0.552117207112309,0.7398158679815225,0.6959340925011003,0.6415714670230093
10,2.0,2.0,1.0,0.5555555555555556,2,0.46475924633635723,0.23480083857442346,0.23866015352407535,0.6302818655967712,0.7022762298583984,0.5570762448425088,0.5719866478761104,0.5880026653010665,0.24907023323418315,0.49153394781346726
11,9.0,1.0,0.0,0.6666666666666666,1,0.5571672354948806,0.28949615713065757,0.23890784982935157,0.6627456545829773,0.7228337526321411,0.8651089515076279,0.5411425055257331,0.721271408611021,0.8371150940538264,0.741159489924552
12,5.0,1.0,1.0,0.625,2,0.6084762865792129,0.2838383838383839,0.25630676084762866,0.6967188715934753,0.7249919176101685,0.5819900877594824,0.7397087933776182,0.8026010606706241,0.7959175273991295,0.7300543673017136
13,4.0,2.0,0.0,1.0,3,0.5734732824427481,0.24832855778414523,0.200381679389313,0.5837700963020325,0.5797714591026306,0.8638366423326687,0.5479987734627636,0.7886110549775069,0.8613920731607733,0.7654596359834281
14,2.0,1.0,1.0,1.0,1,0.6038338658146964,0.2931769722814499,0.19488817891373802,0.5342830419540405,0.813559353351593,0.5491450484323889,0.5483588643922679,0.7462231141014026,0.565959068841476,0.6024215239418839
15,1.0,1.0,0.0,0.5555555555555556,1,0.5968778696051423,0.29044117647058826,0.24517906336088155,0.6276371479034424,0.8032576441764832,0.8503064642265977,0.7077876334100103,0.7932573321880163,0.7686350549872798,0.779996621202976
16,8.0,1.0,0.0,1.0,2,0.5844327176781001,0.23910171730515192,0.27176781002638517,0.6697158217430115,0.6720110177993774,0.9267552830408388,0.6742769790092622,0.7828017378518382,0.910753979420436,0.8236469948305938
17,8.0,1.0,0.0,0.75,1,0.5090909090909091,0.28370554177005786,0.2545454545454546,0.6422357559204102,0.7578306794166565,0.581230462188136,0.553120394084966,0.658176003569431,0.6289832108782253,0.6053775176801897
18,9.0,1.0,0.0,0.8888888888888888,1,0.5949062950504566,0.329004329004329,0.24219125420470927,0.7199980020523071,0.693861186504364,0.9122102613659415,0.7193237175343551,0.8158101134083692,0.8937155061001983,0.8352648996022161
19,1.0,1.0,0.0,1.0,1,0.5456255879586077,0.26578699340245054,0.2577610536218251,0.6572685837745667,0.6354248523712158,0.20589832405636127,0.6150670347701234,0.564577625296855,0.25109930525130025,0.40916057234366
20,12.0,2.0,0.0,0.5555555555555556,1,0.6706135629709365,0.3254310344827586,0.28202368137782563,0.685269832611084,0.6564734578132629,0.8279879447645002,0.5731051006546749,0.6697426984887567,0.835653925834302,0.7266224174355583
21,2.0,1.0,1.0,1.0,2,0.4211123723041998,0.25795454545454544,0.20998864926220207,0.6482554078102112,0.6596386432647705,0.7352195558436212,0.643182976077311,0.7826822628817387,0.4067645626539683,0.6419623393641597
22,3.0,2.0,1.0,1.0,1,0.5243304413428895,0.2853907134767837,0.2987551867219917,0.6659780144691467,0.7327231764793396,0.8678342911411658,0.5886917010481092,0.761380908244033,0.8069781144823792,0.7562212537289218
23,1.0,1.0,1.0,0.6666666666666666,2,0.6582278481012658,0.34566649771920926,0.29265822784810125,0.6523457169532776,0.7433183193206787,0.9066546149428109,0.6235300895452544,0.8127174833478662,0.8903463961991395,0.8083121460087677
24,2.0,2.0,1.0,1.0,1,0.4755970924195223,0.23076923076923078,0.2232606438213915,0.6341716647148132,0.6541356444358826,0.23245193752689874,0.6067153628157639,0.5118586622147878,0.2073345155349068,0.38959011952308936
25,8.0,2.0,0.0,1.0,2,0.6057571964956194,0.30701754385964913,0.2753441802252816,0.6464536190032959,0.7287558913230896,0.2589304992957753,0.5947544404501892,0.5818384755133416,0.3894451131507016,0.45624213210250186
26,2.0,1.0,0.0,0.6666666666666666,1,0.628080229226361,0.3029259896729776,0.24412607449856732,0.6706410646438599,0.6277632713317871,0.899947710082021,0.5725588867537457,0.7201800801705658,0.8864575632653267,0.7697860600679147
27,9.0,1.0,0.0,1.0,3,0.35114503816793896,0.21559633027522934,0.24732824427480912,0.6801086664199829,0.6663313508033752,0.7519965510041481,0.7301098772868861,0.7941580241984864,0.6053518968963714,0.720404087346473
28,7.0,1.0,1.0,0.7777777777777778,3,0.48324369052544475,0.2409937888198758,0.21183285064129084,0.6526058316230774,0.8380541801452637,0.4465712932072108,0.62625905148085,0.7177270739169409,0.5632983275453951,0.5884639365375992
29,10.0,2.0,0.0,0.6666666666666666,3,0.23228010247651582,0.15226689478186484,0.15542271562766866,0.6320251822471619,0.5534772872924805,0.33177637664988174,0.686262196272316,0.8198868578092424,0.5508878629106585,0.5972033234105246
30,2.0,2.0,1.0,0.5555555555555556,1,0.6033472803347281,0.32830820770519265,0.29372384937238494,0.6835457682609558,0.7033416628837585,0.8988005332923489,0.708711880662611,0.7805183586574314,0.8859370814957501,0.8184919635270353
31,2.0,2.0,1.0,0.7777777777777778,1,0.5860033726812816,0.3021097046413502,0.24114671163575044,0.6491904854774475,0.7503336668014526,0.9005541539327209,0.5927490468871964,0.7927449239840562,0.87561732379309,0.7904163621492659
32,2.0,1.0,1.0,1.0,2,0.5330677290836654,0.26395534290271133,0.22470119521912352,0.6340125203132629,0.7000124454498291,0.8570303228390426,0.4778929895792264,0.7473489305450306,0.8477350334714278,0.7325018191086818
33,2.0,2.0,1.0,0.7777777777777778,1,0.6429980276134122,0.2665350444225074,0.24852071005917165,0.6780235767364502,0.76857590675354,0.8420420219588225,0.5763108241914281,0.7554193511529356,0.8572129826918791,0.7577462949987663
34,9.0,1.0,0.0,0.8888888888888888,2,0.6006528835690969,0.27450980392156865,0.27094668117519044,0.6523520946502686,0.6518132090568542,0.7710811279921626,0.4582347509323045,0.6227204486804847,0.696988253264142,0.6372561452172735
35,8.0,2.0,1.0,1.0,2,0.5456163773920784,0.26458797327394207,0.22340898976412996,0.6386860609054565,0.6907871961593628,0.8759771142548576,0.610089314874889,0.7177880712002501,0.8572186280567177,0.7652682820966786
36,2.0,1.0,1.0,0.6666666666666666,2,0.6013344453711427,0.2896494156928213,0.2535446205170976,0.6398566961288452,0.7675274610519409,0.732113323773038,0.628990602060953,0.8933539814492493,0.7797697905800184,0.7585569244658146
37,1.0,2.0,1.0,0.5555555555555556,1,0.5130052020808323,0.23227873448137765,0.19207683073229292,0.626261293888092,0.583675742149353,0.8916963397998159,0.619200342681972,0.758370966581975,0.8702434486840237,0.7848777744369466
38,8.0,2.0,1.0,1.0,2,0.5028571428571429,0.30892448512585813,0.26857142857142857,0.6630464792251587,0.7652714252471924,0.8967246160205888,0.6697032939656741,0.689933877677714,0.8742198035423813,0.7826453978015895
39,1.0,1.0,1.0,0.8888888888888888,2,0.5813679245283019,0.24439197166469895,0.2205188679245283,0.6261287331581116,0.6339282393455505,0.8791981239673801,0.5967506084195606,0.6993636282173192,0.8550306545013766,0.7575857537764092
40,2.0,2.0,1.0,0.5555555555555556,2,0.3293583191368541,0.16372939169982945,0.16581487791027824,0.6761853694915771,0.6715147495269775,0.9303705447697669,0.8817181715682778,0.8820932926547891,0.9273992288264105,0.9053953094548111
41,8.0,1.0,0.0,1.0,1,0.6567871962062833,0.31928783382789316,0.2489626556016597,0.6475196480751038,0.8019359707832336,0.8324310544242999,0.6030837019486308,0.7410838602238207,0.8038131162477479,0.7451029332111248
42,10.0,2.0,0.0,0.5555555555555556,1,0.40443213296398894,0.20264859870649832,0.1791320406278855,0.6015149354934692,0.5995283126831055,0.6296583850237509,0.48592496213152536,0.7359483498118168,0.6820686230109452,0.6334000799945095
43,10.0,2.0,1.0,1.0,1,0.514426028238183,0.19299323909035035,0.2234499693063229,0.6103986501693726,0.6805310249328613,0.05287502686559151,0.48297075842410825,0.7542703872042722,0.0929092046359055,0.3457563442824693
44,8.0,2.0,0.0,1.0,2,0.5745745745745745,0.27354709418837675,0.23823823823823823,0.666603147983551,0.7193498611450195,0.921440462032613,0.6201783742808592,0.763650885096992,0.8963753221389,0.800411260887341
45,1.0,1.0,0.0,0.8888888888888888,1,0.5537306428906615,0.29309534992954445,0.2336931018301267,0.6290719509124756,0.5783866047859192,0.680563057168955,0.6657910017652923,0.7181504901245626,0.6916345031797408,0.6890347630596376
46,8.0,1.0,1.0,1.0,1,0.2705078125,0.13294232649071355,0.14257812499999997,0.628479540348053,0.6331390738487244,0.6905345381205454,0.5445604445194149,0.6452159791754344,0.6299768437871474,0.6275719514006355
47,2.0,1.0,0.0,1.0,0,0.4657276995305164,0.2389463781749765,0.22535211267605637,0.6748153567314148,0.7604101896286011,0.7139370319085545,0.7835085225652862,0.826987225213649,0.5030645383993494,0.7068743295217097
48,2.0,1.0,0.0,1.0,1,0.5862907146329607,0.3075425790754258,0.24793388429752064,0.6657424569129944,0.7710008025169373,0.8728466715556781,0.663001605218931,0.6488747552222743,0.8474783222525742,0.7580503385623644
49,2.0,1.0,1.0,1.0,2,0.6195426195426195,0.29424011103400416,0.3173943173943174,0.6673905849456787,0.6631536483764648,0.8582547634702455,0.6005225765117378,0.6517806043265447,0.8044640644569565,0.7287555021913712
50,1.0,2.0,1.0,0.7777777777777778,1,0.6517467248908297,0.33770491803278685,0.3056768558951965,0.6541498303413391,0.7182986736297607,0.8854147216671242,0.4734011477788026,0.6042746978437834,0.8681563564680994,0.7078117309394524
51,8.0,1.0,0.0,0.8888888888888888,3,0.5892769306443679,0.33382570162481534,0.29316281357599605,0.6493449807167053,0.6249417662620544,0.6364360951983808,0.4968974621652989,0.7741397181188523,0.6404873142364221,0.6369901474297386
52,8.0,2.0,1.0,1.0,1,0.5602049530315969,0.2754491017964072,0.26473099914602904,0.6575654745101929,0.6235297322273254,0.29183788860888843,0.5857530066504242,0.7324432863174948,0.29989395885558295,0.47748203510809756
53,2.0,2.0,0.0,0.5555555555555556,3,0.6271435570798628,0.3835213339872486,0.33317001469867713,0.6888815760612488,0.7851595878601074,0.8521146260296323,0.6564954218453801,0.7728851726908156,0.8445578105340708,0.7815132577749746
54,9.0,2.0,0.0,0.6666666666666666,1,0.5704863973619126,0.25763831544178367,0.25556471558120364,0.6755779385566711,0.7409893870353699,0.9158510568666408,0.7168548050599642,0.7584016322870574,0.7869619499573942,0.7945173610427642
55,1.0,2.0,1.0,0.8888888888888888,1,0.612668743509865,0.372528616024974,0.37175493250259606,0.7248468995094299,0.7868310213088989,0.09670268646993645,0.6799477129926268,0.670625416102367,0.0248359077462672,0.36802793082779933
56,1.0,2.0,1.0,0.6666666666666666,1,0.5936160076226775,0.2994754411063424,0.2677465459742735,0.662305474281311,0.6494764685630798,0.6213584356998525,0.5657554026719,0.7544157625080102,0.6001720689859064,0.6354254174664173
57,9.0,1.0,1.0,0.6666666666666666,4,0.35855263157894735,0.18286655683690278,0.2055921052631579,0.6400958895683289,0.7479375600814819,0.704006885593615,0.7899399703359316,0.7442505554497881,0.514295366961353,0.6881231945851719
58,3.0,2.0,0.0,0.6666666666666666,2,0.48353552859618715,0.204683434518647,0.21057192374350087,0.597109854221344,0.7181869149208069,0.881123364307069,0.6070330673914274,0.8347403726954439,0.8648115860447874,0.7969270976096818
59,12.0,1.0,0.0,0.5555555555555556,2,0.5925925925925926,0.3297609233305854,0.2814814814814815,0.6702721118927002,0.7310889959335327,0.5371375141130732,0.6900827219522435,0.6118218353455966,0.47424513006317054,0.578321800368521
60,1.0,2.0,0.0,1.0,2,0.5956834532374101,0.2910662824207493,0.2920863309352518,0.6997025012969971,0.7244289517402649,0.4933410860175413,0.6649010145593771,0.6959411537730947,0.4601433620272365,0.5785816540943124
61,2.0,2.0,1.0,0.6666666666666666,1,0.545963602426505,0.24474544605324616,0.25104993000466636,0.632891058921814,0.6670854687690735,0.7369112883053706,0.479824934199868,0.7670410895546967,0.8132107502795414,0.6992470155848691
62,1.0,1.0,0.0,0.5555555555555556,1,0.43055985153108567,0.20055710306406685,0.16455304670584595,0.6335412859916687,0.7335329651832581,0.8828467255771629,0.5769285776352973,0.6943766580930133,0.8297125792360958,0.7459661351353922
63,1.0,2.0,1.0,1.0,1,0.6090969017798287,0.3089108910891089,0.3019116677653263,0.6862589120864868,0.722304105758667,0.8525009042113001,0.6560348894500854,0.6086405579848704,0.8418852700649205,0.7397654054277941
64,13.0,2.0,1.0,0.8888888888888888,1,0.5886075949367088,0.2868462757527734,0.25158227848101267,0.647839367389679,0.6692718863487244,0.27439992213163344,0.5807789968542536,0.7258543172130417,0.26735166128306176,0.46209622437049763
65,2.0,1.0,1.0,0.5555555555555556,2,0.47248803827751196,0.26467065868263473,0.23803827751196172,0.6377316117286682,0.6214655637741089,0.05561631151130734,0.6368949173808294,0.5906819337889059,0.07704717257445573,0.3400600838138746
66,3.0,2.0,0.0,0.75,2,0.4600280504908835,0.2542134831460674,0.28892005610098176,0.6284407377243042,0.8283451795578003,0.6330918352034922,0.6550825490520557,0.7625031539297332,0.19703980252038197,0.5619293351764157
67,1.0,2.0,1.0,0.5555555555555556,1,0.5126999059266227,0.3116760828625236,0.22859830667920975,0.6551891565322876,0.7609214186668396,0.393222651387814,0.6180303017379153,0.612402002632102,0.4920980350187398,0.5289382476941428
68,8.0,1.0,0.0,1.0,3,0.6041366041366042,0.3023591718825229,0.27994227994227994,0.6397067904472351,0.795529842376709,0.8959604389345865,0.6330514714744677,0.6954118244318332,0.8737454217106088,0.774542289137874
69,8.0,1.0,1.0,0.625,3,0.5969962453066334,0.30701754385964913,0.3078848560700876,0.6649612188339233,0.7355700731277466,0.8998096147441332,0.5581484730920404,0.7224121946861204,0.879328680988039,0.7649247408775832
70,10.0,2.0,1.0,1.0,1,0.5860759493670886,0.2699619771863118,0.2582278481012658,0.6766440272331238,0.702262282371521,0.3773547162753082,0.6404173695291221,0.7443659382773428,0.33240086270818464,0.5236347216974895
71,8.0,2.0,0.0,0.6666666666666666,3,0.6308093994778068,0.3512807109252483,0.22349869451697127,0.6242784857749939,0.7359243631362915,0.7822265071874787,0.5716811331264504,0.7580385014813745,0.7676977794936194,0.7199109803222308
72,2.0,2.0,0.0,0.7777777777777778,3,0.6433886662850602,0.3037249283667622,0.2884945621064683,0.6581827998161316,0.751556932926178,0.8926312250815965,0.5014526752017727,0.7253127984045924,0.8817386077244268,0.7502838266030971
73,4.0,1.0,1.0,1.0,1,0.465467208357516,0.32074375363160956,0.3099245502031341,0.6204325556755066,0.7543019652366638,0.2666457292235465,0.6574914788911305,0.6982830179134157,0.29530402840361736,0.47943106360792753
74,1.0,1.0,1.0,1.0,2,0.5927552140504939,0.24835164835164833,0.22283205268935238,0.6312901973724365,0.6717684268951416,0.6172677548856126,0.46515895970886423,0.7034082027522085,0.6032707238830257,0.5972764103074277
75,1.0,2.0,1.0,0.6666666666666666,1,0.6125226860254084,0.2851952770208901,0.2386569872958258,0.6361229419708252,0.7679104208946228,0.9287007647153578,0.7130798275196623,0.8117577575149361,0.9094954533193536,0.8407584507673274
76,8.0,1.0,0.0,1.0,4,0.6209677419354838,0.23553162853297446,0.27553763440860213,0.6524854302406311,0.7849702835083008,0.9161756665020502,0.7034511338119154,0.7999402147978875,0.9049496287402561,0.8311291609630272
77,8.0,2.0,1.0,1.0,2,0.5817091454272865,0.33933933933933935,0.3538230884557721,0.6847899556159973,0.6542166471481323,0.5377308081658364,0.728965596465629,0.6946382294578101,0.5093686155046334,0.6176758123984771
78,2.0,2.0,1.0,1.0,2,0.6130500758725342,0.33924050632911396,0.23874557410217503,0.5945361852645874,0.6839402318000793,0.8529619379351936,0.5289226151410718,0.7495618458175591,0.8572202034024405,0.7471666505740663
79,1.0,1.0,0.0,0.7777777777777778,1,0.5371517027863777,0.24651162790697673,0.29721362229102166,0.6648551821708679,0.7084231376647949,0.9056748017563582,0.5544821420772346,0.7760284208865531,0.8128048941039981,0.7622475647060359
80,9.0,1.0,0.0,0.6666666666666666,1,0.5349276274386408,0.2318840579710145,0.23410950283196982,0.6487618088722229,0.8028512597084045,0.24277986178687613,0.6991642459492018,0.7340787359372695,0.21072749159259488,0.47168758381648557
81,9.0,1.0,1.0,0.5555555555555556,3,0.6310626702997275,0.3207855973813421,0.2735694822888283,0.6742554306983948,0.7028910517692566,0.9147091989742285,0.6642716711870321,0.7304750450396703,0.8883270725039523,0.7994457469262208
82,9.0,1.0,1.0,0.5555555555555556,2,0.6037974683544304,0.26489226869455,0.26329113924050634,0.6413609981536865,0.8331457376480103,0.8980246201852904,0.5895537785495424,0.8641087600740872,0.8703766551196217,0.8055159534821354
83,10.0,2.0,0.0,1.0,2,0.5642722117202269,0.2630085146641438,0.24574669187145554,0.6255189180374146,0.6071178317070007,0.8685334498812443,0.5820093466382587,0.8133605294648862,0.872520774514547,0.7841060251247339
84,8.0,2.0,1.0,0.875,3,0.6094069529652352,0.32855680655066527,0.2791411042944786,0.6416008472442627,0.5888472199440002,0.8797711577448254,0.6328362934623002,0.8200125808750154,0.859798657442097,0.7981046723810594
85,1.0,2.0,1.0,0.8888888888888888,1,0.5684647302904564,0.3406022845275182,0.28112033195020747,0.6899356842041016,0.7085164785385132,0.8201445474104634,0.6498010881258508,0.7560938642636119,0.8178842076472237,0.7609809268617874
86,1.0,2.0,1.0,0.8888888888888888,1,0.5906113537117903,0.253551912568306,0.2641921397379912,0.6882040500640869,0.7293705344200134,0.8718462437811353,0.6214929987403586,0.702973152336825,0.8485541602712798,0.7612166387823996
87,2.0,1.0,1.0,0.875,1,0.6549948506694129,0.38659793814432986,0.28012358393408854,0.6741127967834473,0.7552387714385986,0.8550256691844929,0.48929199009412805,0.6712989491222312,0.8270409321993778,0.7106643851500575
88,1.0,1.0,1.0,1.0,2,0.6264196054991035,0.27169359664871334,0.2139868499701136,0.6343748569488525,0.7199261784553528,0.8416271711247909,0.5411331835338649,0.6290588711382477,0.8486445123011299,0.7151159345245084
89,1.0,2.0,0.0,0.5555555555555556,2,0.503391107761869,0.24150943396226418,0.25772418990203466,0.6033713221549988,0.7746887803077698,0.8948522016638268,0.573019856241361,0.8017835332466956,0.8787505084589425,0.7871015249027065
90,1.0,2.0,1.0,0.625,3,0.6006448641179181,0.28123559243891194,0.21280515891294333,0.5874031186103821,0.7315234541893005,0.8555231531595405,0.46039056455879196,0.8219720958711539,0.851399527676285,0.7473213353164428
91,8.0,2.0,1.0,1.0,4,0.5734664764621968,0.26558781532603526,0.20446980504041845,0.5912823677062988,0.7081987857818604,0.8267082928236528,0.6240817668955144,0.6675382498620962,0.8075911864916959,0.7314798740182398
92,8.0,2.0,1.0,1.0,1,0.5905558876270174,0.29323758228605623,0.2904961147638972,0.6340540051460266,0.7637402415275574,0.24624740228615805,0.5283290300015043,0.7666141235391976,0.14567320422177213,0.421715940012158
93,7.0,1.0,1.0,0.5555555555555556,2,0.6092943201376937,0.29867892016082714,0.2604704532415376,0.6957248449325562,0.7713937163352966,0.8153129458669237,0.7380473109547503,0.7522525627730754,0.7854237272729101,0.7727591367169149
94,10.0,1.0,1.0,1.0,2,0.641025641025641,0.3276283618581907,0.26007326007326004,0.677099883556366,0.7252185940742493,0.2045531155161029,0.510517838057712,0.8322807511526826,0.18297288590107982,0.4325811476568943
95,1.0,2.0,1.0,0.6666666666666666,1,0.6581154415392204,0.32592592592592595,0.24469659595461274,0.7032169699668884,0.8031806349754333,0.8219731120787027,0.6406423732594365,0.7754571894750847,0.7925361887609202,0.757652215893536
96,10.0,2.0,0.0,1.0,2,0.5338253382533825,0.22536945812807882,0.2570725707257073,0.6748531460762024,0.6823327541351318,0.5035471442867346,0.5469903854458791,0.7108514005824832,0.3889231222231362,0.5375780131345582
97,9.0,1.0,0.0,0.5555555555555556,2,0.5668679896462467,0.32124352331606215,0.24503882657463327,0.656669020652771,0.6674421429634094,0.8365200911266876,0.5921165676344909,0.6614323202781346,0.8432825810343253,0.7333378900184097
98,4.0,2.0,1.0,1.0,1,0.5815691158156912,0.2917705735660848,0.2764632627646326,0.6436102986335754,0.6902173757553101,0.2609270312125278,0.6187936809245531,0.7954946761685812,0.26639238108725916,0.4854019423482303
99,1.0,1.0,1.0,1.0,2,0.6580176440062273,0.32,0.2926829268292683,0.6626037359237671,0.6176183819770813,0.8571646045027806,0.47323890815370484,0.7900052951435643,0.8343310375742136,0.7386849613435659
100,8.0,2.0,1.0,0.6666666666666666,3,0.5514476614699332,0.2585822559072671,0.25389755011135856,0.6361579298973083,0.7008421421051025,0.9009792497286485,0.5576805947670508,0.8058760231149866,0.8821263521600016,0.7866655549426719
101,2.0,2.0,1.0,1.0,1,0.6102403343782654,0.3190376569037657,0.2769070010449321,0.6849835515022278,0.6856316328048706,0.8765722946994378,0.6164890155924566,0.7339828535920275,0.8787411321868543,0.776446324017694
102,4.0,2.0,1.0,0.5555555555555556,1,0.5724770642201835,0.2662993572084481,0.24128440366972476,0.6520992517471313,0.7743923664093018,0.9022059943425543,0.644520397753084,0.7017968952932392,0.8855949100248078,0.7835295493534213
103,8.0,1.0,1.0,1.0,1,0.6074910210364289,0.3040575243965075,0.26782965623396615,0.679938018321991,0.6121191382408142,0.8685804980743176,0.6008120723935165,0.6825574809954642,0.7841144203576864,0.7340161179552462
104,8.0,1.0,1.0,1.0,3,0.6007604562737643,0.3747143945163747,0.2813688212927757,0.6982752680778503,0.6627829670906067,0.6873458954595687,0.6433149597827352,0.7096723129928432,0.7459294790333987,0.6965656618171364
105,4.0,2.0,1.0,0.7777777777777778,1,0.5558343789209536,0.28015075376884424,0.2986198243412798,0.6203819513320923,0.7316966652870178,0.410762090824351,0.6919022205523854,0.6850291622875854,0.33671364985760144,0.5311017808804808
106,6.0,1.0,1.0,0.5555555555555556,2,0.54,0.2602365787079163,0.25,0.6759230494499207,0.6855347156524658,0.06942654243360327,0.5593826621610194,0.8182203422965394,0.07395648727474588,0.38024650854147696
107,8.0,1.0,0.0,0.7777777777777778,3,0.6267379679144385,0.3436830835117773,0.2566844919786096,0.6746482253074646,0.686822772026062,0.9206458978621065,0.5653569316887855,0.6560196071662119,0.9038584139827432,0.7614702126749618
108,1.0,1.0,1.0,0.5555555555555556,2,0.40766713417484807,0.18437061300889096,0.16830294530154274,0.6064228415489197,0.7323552370071411,0.8597373960574242,0.6851164832801994,0.7242185842713044,0.799512274520434,0.7671461845323404
109,5.0,1.0,0.0,1.0,1,0.5470905818836233,0.29789789789789795,0.2831433713257348,0.6424445509910583,0.6629123091697693,0.7132879875036556,0.6199628047167195,0.7563385842480534,0.6873912390152709,0.6942451538709249
110,1.0,2.0,1.0,0.5555555555555556,1,0.591182364729459,0.2978936810431294,0.22244488977955915,0.6453119516372681,0.6988100409507751,0.9015719630554759,0.43848911978401084,0.6881511300859923,0.8892494994293562,0.7293654280887087
111,1.0,1.0,1.0,1.0,2,0.6003898635477583,0.3170731707317073,0.27582846003898637,0.6598893404006958,0.6041795015335083,0.9042631989715701,0.4506321940884676,0.8081644314261377,0.8852474376907454,0.7620768155442302
112,8.0,1.0,1.0,1.0,1,0.6168990976210008,0.3171733771569433,0.30188679245283023,0.7020302414894104,0.7449352741241455,0.09559606214090458,0.5662630039444052,0.7714658591566619,0.07867864798117255,0.37800089330578607
113,1.0,2.0,0.0,0.5555555555555556,2,0.6190250828206342,0.344860255802937,0.2621864647420729,0.6835956573486328,0.7265843749046326,0.862023562309609,0.7259334346201455,0.7383684625485093,0.8501779831976375,0.7941258606689753
114,2.0,2.0,1.0,0.7777777777777778,1,0.6176165803108808,0.2987551867219917,0.26217616580310876,0.6611574292182922,0.5943536758422852,0.9162047477247142,0.6418844440471125,0.8094281176928922,0.904938642323844,0.8181139879471407
115,10.0,2.0,1.0,0.5555555555555556,2,0.6506024096385542,0.31359649122807015,0.25958378970427165,0.603882908821106,0.7170153260231018,0.9310852596735124,0.693100554455042,0.7974543315918238,0.8924093617866083,0.8285123768767467
116,8.0,1.0,0.0,1.0,2,0.5674740484429066,0.23146223146223147,0.22560553633217995,0.6447111964225769,0.6482107639312744,0.8773483725398289,0.6138602615788915,0.7939370867084261,0.8763720019315014,0.790379430689662
117,1.0,2.0,1.0,0.5555555555555556,1,0.5686274509803921,0.2561334641805692,0.25392156862745097,0.6615824103355408,0.6695477366447449,0.9009233746544197,0.5684546063459722,0.7916792305438664,0.8755069399906746,0.7841410378837332
118,12.0,2.0,1.0,1.0,1,0.6171637248934875,0.2998171846435101,0.23737066342057214,0.6422309279441833,0.6882030963897705,0.9199528599296549,0.6777792320907691,0.7795176582818734,0.9157678903368316,0.8232544101597822
119,1.0,1.0,1.0,1.0,2,0.5866408518877056,0.28003875968992253,0.26040658276863504,0.6754378080368042,0.6173935532569885,0.8786157263013478,0.5070318829313545,0.6875777435472533,0.848283458752371,0.7303772028830816
120,1.0,1.0,0.0,0.5555555555555556,1,0.6152999449642268,0.29090909090909095,0.2509631260319207,0.6951749324798584,0.7544163465499878,0.8815043504774136,0.5671405268135583,0.7568447723868372,0.8574324530525946,0.765730525682601
121,9.0,2.0,1.0,1.0,2,0.4306487695749441,0.23852183650615905,0.23825503355704697,0.6642445921897888,0.7487059235572815,0.7276474519405345,0.6400556636028837,0.7287753026872218,0.4490319684946441,0.636377596681321
122,6.0,2.0,0.0,1.0,2,0.6681011296395911,0.38018309100700054,0.30876815492200105,0.6468888521194458,0.6623324751853943,0.8337770736954313,0.5442172451107523,0.7178071671872039,0.8535665992770849,0.7373420213176181
123,1.0,2.0,1.0,1.0,1,0.6148867313915857,0.3290113452188006,0.2750809061488674,0.6416563391685486,0.7007625699043274,0.5362690035487875,0.6637216532552077,0.6892359603541721,0.597750338245591,0.6217442388509397
124,2.0,1.0,1.0,0.5555555555555556,1,0.5576055760557606,0.27574887156339767,0.21894218942189425,0.6162126064300537,0.7311521172523499,0.8437353665005003,0.6075770241431093,0.703458193273658,0.871085114836115,0.7564639246883456
125,1.0,1.0,0.0,1.0,1,0.6114180478821364,0.29889298892988936,0.29465930018416203,0.661769688129425,0.7413417100906372,0.04119074251287059,0.7484621911711771,0.7213694073103653,0.10802879017731114,0.404762782792931
126,9.0,2.0,1.0,1.0,2,0.5967976710334789,0.28717201166180756,0.29548762736535666,0.6612560153007507,0.7192421555519104,0.9234332523509514,0.6891161303029227,0.7969263432889522,0.9061268985498876,0.8289006561231784
127,10.0,2.0,0.0,1.0,1,0.5692373242437154,0.306183368869936,0.24286322965487853,0.6443144679069519,0.7650083303451538,0.7296908000522979,0.6524398644817662,0.767800164527468,0.7255906705211963,0.7188803748956821
128,2.0,2.0,1.0,0.5555555555555556,2,0.4843835616438356,0.2633022490400439,0.24876712328767123,0.6664640307426453,0.7230197787284851,0.1734219132862121,0.7177304694655134,0.8758206712705524,0.11618618733130666,0.4707898103383961
129,5.0,1.0,1.0,1.0,2,0.5837245696400627,0.274294670846395,0.2300469483568075,0.6736496686935425,0.7059051990509033,0.5733416570996701,0.5840976482193471,0.633252869000127,0.4005352718086068,0.5478068615319378
130,1.0,1.0,1.0,1.0,2,0.5195835399107586,0.29478908188585606,0.2746653445711452,0.6277920603752136,0.495952844619751,0.037487261789645586,0.5186089343336192,0.7702506987344805,0.04412007393199611,0.3426167421974353
131,1.0,1.0,1.0,0.7777777777777778,2,0.611032531824611,0.31728045325779036,0.2885431400282885,0.6430031657218933,0.7158201336860657,0.0867369774280247,0.5503598592480505,0.7011409922420665,0.09513838221409844,0.35834405278306003
132,4.0,2.0,0.0,0.5555555555555556,2,0.5577488450230995,0.2488440521227407,0.23099538009239814,0.6351805925369263,0.6961854696273804,0.8653431099308121,0.5778619594285115,0.7068823204112167,0.8575371487283243,0.7519061346247162
133,2.0,1.0,1.0,0.5555555555555556,2,0.4760432766615147,0.23517276946879834,0.19989696032972692,0.5590864419937134,0.6913958787918091,0.34976173897349094,0.5222370254759149,0.7727045643228638,0.2080385694930974,0.46318547456634174
134,8.0,1.0,0.0,0.5555555555555556,2,0.625129802699896,0.27130977130977135,0.2336448598130841,0.659288227558136,0.7374145984649658,0.8116753300229645,0.6539975235924858,0.6995979354945993,0.8091532580359955,0.7436060117865113
135,2.0,1.0,0.0,0.5555555555555556,1,0.6666666666666667,0.3399503722084367,0.2924411400247831,0.6746408939361572,0.6908792853355408,0.7990921997618292,0.5010025135254031,0.6555400718165855,0.7299899481241188,0.6714061833069842
136,10.0,2.0,0.0,0.6666666666666666,2,0.5388888888888889,0.25027808676307006,0.23444444444444443,0.6362061500549316,0.682827353477478,0.8546045700624397,0.48492730309636356,0.7130877020540131,0.7617767127908507,0.7035990720009168
137,8.0,1.0,1.0,0.6666666666666666,4,0.5721716514954486,0.30455531453362256,0.22540095361941917,0.6493291854858398,0.7462937235832214,0.9086008506849198,0.7213198100358205,0.7864729799350685,0.8876707756332579,0.8260161040722667
138,1.0,2.0,0.0,0.5555555555555556,1,0.5920624593363695,0.2188925081433225,0.2121014964216005,0.6255331635475159,0.65888512134552,0.8818433671615741,0.6654936483097748,0.7255925074074042,0.8718272908228207,0.7861892034253934
139,3.0,2.0,1.0,0.6666666666666666,2,0.5739282589676291,0.29334500875656744,0.23359580052493437,0.6224916577339172,0.6865810751914978,0.898671797421588,0.6248988009133046,0.7489716128481289,0.8808533344014557,0.7883488863961192
140,8.0,2.0,0.0,1.0,0,0.5979268957992363,0.3244128891316221,0.24877250409165302,0.7028337121009827,0.7237643003463745,0.7478688654060647,0.7361619380425333,0.8035897455797731,0.7164950227941072,0.7510288929556196
141,5.0,2.0,0.0,0.875,2,0.54320987654321,0.21638330757341578,0.23302469135802473,0.6331110596656799,0.6562440991401672,0.8659501952956197,0.6492836259918657,0.6543206502627712,0.8594920585344454,0.7572616325211754
142,9.0,2.0,1.0,1.0,4,0.5925577013659915,0.30363036303630364,0.22797927461139897,0.6769812703132629,0.6820508241653442,0.8633646793748984,0.532536310019177,0.6878950083529087,0.8445295262452766,0.7320813809980651
143,8.0,1.0,1.0,0.7777777777777778,1,0.5232616308154078,0.2984476715072609,0.32216108054027015,0.6440533399581909,0.7303410768508911,0.8475162527864085,0.6630108851361467,0.7840071418182318,0.8142239594622621,0.7771895598007623
144,1.0,2.0,1.0,1.0,1,0.5495934959349593,0.2376559956592512,0.22547425474254743,0.5602245330810547,0.796204149723053,0.512064439522769,0.6306607477478977,0.7319568189930982,0.2664989435122137,0.5352952374439947
145,1.0,2.0,1.0,1.0,1,0.5622961513372472,0.27433050293925537,0.21656881930854538,0.6490737199783325,0.5489038825035095,0.8752528185063162,0.5806248799757467,0.7618553567904672,0.8538624718961821,0.767898881792178
146,1.0,1.0,1.0,1.0,2,0.5528255528255528,0.26322263222632225,0.24201474201474202,0.6262161731719971,0.6939592361450195,0.8459259234092692,0.620491808004762,0.6822840030742389,0.7954514994907774,0.7360383084947619
147,3.0,2.0,0.0,0.5555555555555556,3,0.43672298374242907,0.22456140350877193,0.17277653809372012,0.6206220984458923,0.6492151618003845,0.8699554830413225,0.5185342291311683,0.6338569603563411,0.8401168722201501,0.7156158861872455
148,8.0,2.0,0.0,0.7777777777777778,2,0.5183982683982684,0.27085590465872156,0.27813852813852813,0.6863639950752258,0.7850043177604675,0.16596061070362592,0.5427122915368819,0.705980036052568,0.27570605702124856,0.42258974882858114
149,10.0,2.0,1.0,0.7777777777777778,2,0.6159420289855072,0.24425634824667472,0.25362318840579706,0.6663838624954224,0.6688082218170166,0.8991530337538296,0.6046789097854185,0.7873682423271412,0.8933996325146251,0.7961499545952536
150,4.0,2.0,1.0,1.0,3,0.4545954870665932,0.20055096418732782,0.21794166208035223,0.6419400572776794,0.6458159685134888,0.7386081327239007,0.5890501020665153,0.7311378159463862,0.46465361339543476,0.6308624160330593
151,8.0,2.0,1.0,0.75,3,0.4250295159386069,0.23316266246553766,0.21251475796930344,0.6480424404144287,0.7701981067657471,0.4719046932588007,0.6753265200387657,0.7780335810946214,0.4642612611522531,0.5973815138861103
152,8.0,2.0,0.0,1.0,2,0.6440266828380837,0.29508196721311475,0.2850212249848393,0.6593043208122253,0.5888826847076416,0.2757407172351877,0.63756001022115,0.730919886262442,0.2330973508559102,0.4693294911436725
153,1.0,1.0,0.0,0.6666666666666666,1,0.6277030976037405,0.26916325336454067,0.23611922852133255,0.6100614070892334,0.8239801526069641,0.7883030682473758,0.7166112321684842,0.830401555627535,0.8046014299224524,0.7849793214914618
154,8.0,1.0,1.0,1.0,2,0.6021029330381849,0.26925207756232683,0.23796347537354734,0.6608073711395264,0.608295202255249,0.8856731501412886,0.7005605507326065,0.8132072031704914,0.8548095163822987,0.8135626051066712
155,1.0,2.0,1.0,0.5555555555555556,1,0.6237360298030867,0.29621736814065,0.23948908994145823,0.6473281383514404,0.7741971015930176,0.8448031866342371,0.5714031736020933,0.7665599417735972,0.8067911880734587,0.7473893725208466
156,8.0,1.0,1.0,1.0,2,0.3228894691035683,0.18205574912891986,0.16710182767624024,0.6681506633758545,0.6361680030822754,0.7102280973773222,0.704563676533033,0.6403893853896544,0.5437394010483273,0.6497301400870842
157,7.0,1.0,1.0,0.5555555555555556,1,0.5440982887231243,0.19850680720245933,0.1913119789381308,0.6422508358955383,0.6750575304031372,0.8318173266864571,0.5604740966471057,0.7230044440317042,0.8297352151810654,0.736257770636583
158,8.0,1.0,0.0,1.0,3,0.5283236994219653,0.26504629629629634,0.2601156069364162,0.6574662923812866,0.710573673248291,0.6303316919713695,0.5595963626935817,0.6865809309815892,0.5393035508518482,0.6039531341245972
159,6.0,2.0,1.0,1.0,2,0.5627476882430646,0.3152317880794702,0.2404227212681638,0.6380867958068848,0.7418230772018433,0.538186862541481,0.7346888182850728,0.6845127316461438,0.6074549602657549,0.6412108431846131
160,1.0,1.0,0.0,0.6666666666666666,1,0.5961199294532629,0.24131842260153033,0.20340975896531455,0.6716954708099365,0.7360740900039673,0.8639816620963371,0.558255626403128,0.7766428381647236,0.8317347935917503,0.7576537300639847
161,1.0,1.0,1.0,1.0,2,0.5967865340474369,0.3340996168582376,0.2861514919663351,0.6753246188163757,0.7445940375328064,0.3973628870642752,0.5664982856928665,0.6546994000191475,0.17325448521914513,0.4479537644988586
162,3.0,1.0,0.0,1.0,1,0.5772751750134625,0.28679245283018867,0.30048465266558966,0.6648880243301392,0.610369861125946,0.8930258967336067,0.5828526871904735,0.6775614680076655,0.8701937120666406,0.7559084409995965
163,8.0,2.0,1.0,1.0,2,0.5873111782477342,0.2262552934059286,0.22114803625377644,0.6308725476264954,0.6910738348960876,0.7446582790196837,0.6172668989087974,0.7271472275895301,0.7393312894245003,0.7071009237356278
164,5.0,2.0,1.0,0.6666666666666666,3,0.5695159629248198,0.2422680412371134,0.2286302780638517,0.6553386449813843,0.6258516907691956,0.8670371397784576,0.4506437418102208,0.6987144950041627,0.8665322153675326,0.7207318979900934
165,9.0,2.0,0.0,1.0,3,0.5547619047619049,0.24910607866507745,0.21071428571428572,0.6492874622344971,0.685049295425415,0.886698692590279,0.5431571731294882,0.7285098529826193,0.815391600186111,0.7434393297221243
166,8.0,2.0,1.0,1.0,2,0.5836350470673425,0.23640319071791152,0.24330195510499636,0.660345733165741,0.7416959404945374,0.8993645315222747,0.7269531082457118,0.7668176117902676,0.8699903879416613,0.8157814098749789
167,1.0,1.0,0.0,1.0,1,0.5176621708413616,0.2057877813504823,0.2273603082851638,0.663490891456604,0.6862923502922058,0.8872552124392776,0.6512355251015428,0.7574756086522747,0.8707185004969636,0.7916712116725146
168,2.0,2.0,0.0,1.0,2,0.4246311738293779,0.23892100192678228,0.23476587556125722,0.6057697534561157,0.680621325969696,0.632130061161004,0.6282556742578832,0.7631922477484792,0.39076698740705734,0.6035862426436059
169,5.0,1.0,1.0,1.0,1,0.525368248772504,0.24733824733824736,0.22422258592471359,0.6331549882888794,0.7046603560447693,0.8675403557690492,0.6439972829550572,0.7012412803183438,0.8450531370553184,0.7644580140244421
170,3.0,1.0,1.0,0.5555555555555556,1,0.4061384725196288,0.23642857142857143,0.20556745182012848,0.6494051218032837,0.7696859836578369,0.4869907115339774,0.5616612023395408,0.7497005257441312,0.5490705646648423,0.5868557510706229
171,8.0,2.0,1.0,1.0,2,0.6100217864923747,0.2846237731733915,0.28758169934640526,0.6498390436172485,0.6996361017227173,0.8853271079404984,0.544307985192695,0.7525935071344002,0.8800243486929528,0.7655632372401366
172,2.0,2.0,0.0,0.5555555555555556,3,0.5880341880341879,0.22133485453508273,0.21082621082621084,0.658905029296875,0.6965430974960327,0.9155479525596361,0.6501118956886931,0.8419097152771542,0.8993645114198088,0.826733518736323
173,9.0,1.0,1.0,1.0,3,0.6246691371095817,0.26073131955484896,0.22339862361037585,0.6728820204734802,0.6694387793540955,0.8683719451334374,0.5823712604151204,0.7244348804516973,0.8623658720863064,0.7593859895216404
174,13.0,1.0,0.0,1.0,3,0.27803061646669425,0.17474120082815733,0.14232519652461728,0.6594333052635193,0.7173051238059998,0.506327275965471,0.7112750017377951,0.6140041148611507,0.5749074885509026,0.6016284702788298
175,8.0,2.0,1.0,1.0,2,0.5962732919254659,0.2849067269643866,0.2450592885375494,0.5864549875259399,0.6239029169082642,0.8397267799722967,0.5006293811365686,0.5644787331404627,0.8210846941547152,0.6814798971010108
176,10.0,2.0,1.0,1.0,3,0.6036468330134358,0.3112391930835735,0.2523992322456814,0.676792562007904,0.6255849003791809,0.7558867219127731,0.6335903726353742,0.6848781414986908,0.744545386161375,0.7047251555520533
177,6.0,2.0,1.0,1.0,3,0.5881595881595881,0.30283505154639173,0.25353925353925355,0.6422714591026306,0.6854705214500427,0.8639736712621159,0.6314169457103683,0.5878741610346349,0.8528007511676868,0.7340163822937015
178,8.0,1.0,1.0,0.5555555555555556,1,0.5076179858788554,0.27965786537746373,0.23931623931623933,0.6737853288650513,0.6601606607437134,0.8879670712231205,0.6044522419684967,0.7941380038770962,0.869080174097073,0.7889093727914466
179,8.0,2.0,1.0,0.6666666666666666,4,0.5114918512327622,0.2291928063571727,0.19139155871291266,0.6280856728553772,0.7298181653022766,0.9007920372911817,0.6538100110323387,0.7831440921904597,0.8770030666646819,0.8036873017946655
180,2.0,1.0,1.0,1.0,2,0.6432264736297829,0.2857142857142857,0.24508790072388828,0.6313748359680176,0.6312044858932495,0.8849729226599451,0.5476556205424008,0.6687376257973868,0.7684441127421299,0.7174525704354657
181,8.0,2.0,1.0,1.0,3,0.5532118887823585,0.22936660268714015,0.21764141898370087,0.6398144364356995,0.5759515762329102,0.8520543274374355,0.5326272113668807,0.6474161489518329,0.8193879911656292,0.7128714197304447
182,1.0,1.0,0.0,0.5555555555555556,1,0.5924528301886792,0.28166351606805295,0.2792452830188679,0.6621618270874023,0.7714411020278931,0.7903074254956546,0.8027689402479322,0.7595748414859116,0.8002147578360272,0.7882164912663814
183,1.0,2.0,1.0,1.0,1,0.4853620955315871,0.23207401696222052,0.1926040061633282,0.6027124524116516,0.6899868249893188,0.8975869456490116,0.6008438523571328,0.6811793719293452,0.8588124437336864,0.7596056534172939
184,1.0,1.0,0.0,1.0,1,0.5942947702060223,0.27460317460317457,0.26941362916006334,0.6569430828094482,0.7322004437446594,0.06122502761068521,0.7356773078699474,0.7342220893581528,0.1303827757078272,0.4153768001366531
185,1.0,2.0,1.0,0.7777777777777778,1,0.6441102756892231,0.2936010037641154,0.24060150375939848,0.7044284343719482,0.769629716873169,0.8859659965435333,0.7514401173486667,0.7658297607639374,0.8660454945160662,0.8173203422930508
186,7.0,1.0,0.0,1.0,3,0.49027237354085595,0.2623376623376623,0.2710765239948119,0.6325299143791199,0.679343581199646,0.8439168638040807,0.7495791474648785,0.811916769287433,0.8091703663362025,0.8036457867231487
187,2.0,1.0,1.0,0.75,2,0.41696969696969693,0.21770770163735595,0.1806060606060606,0.6340939998626709,0.7427834868431091,0.9283955793340534,0.48146254825502616,0.8624299019806217,0.8782960599921151,0.7876460223904541
188,2.0,1.0,1.0,0.5555555555555556,2,0.5081037277147488,0.2230332522303325,0.19692058346839547,0.6408696174621582,0.6795549988746643,0.743641329978251,0.6296805968198781,0.8422597241203978,0.715781033519613,0.732840671109535
189,9.0,2.0,1.0,1.0,3,0.4051539012168933,0.2121863799283154,0.1889763779527559,0.6422850489616394,0.7067859172821045,0.536798460680741,0.7643500836854182,0.7077949270444731,0.4023251105128453,0.6028171454808694
190,9.0,2.0,1.0,1.0,2,0.552652414885194,0.3346550356859635,0.3167062549485352,0.66851806640625,0.7608827948570251,0.11243283330058036,0.6680991771225229,0.5852422498369844,0.1125791988330745,0.36958836477329055
191,3.0,1.0,1.0,0.5555555555555556,2,0.5668183698800167,0.2360248447204969,0.19611088125775755,0.623687744140625,0.8205900192260742,0.8578753555420603,0.5917473498999977,0.8253792870059117,0.8718257449655449,0.7867069343533786
192,1.0,1.0,1.0,1.0,2,0.36296296296296293,0.20037105751391468,0.20740740740740743,0.6417751312255859,0.772429347038269,0.1483637594869432,0.755650749636726,0.880318852091119,0.42444480856813105,0.5521945424457297
193,1.0,1.0,1.0,1.0,2,0.5911680911680911,0.27817403708987165,0.25925925925925924,0.66203373670578,0.6919651031494141,0.6592325594203652,0.5819771900908085,0.8066185550171198,0.33543756271478076,0.5958164668107685
194,12.0,2.0,1.0,1.0,3,0.6117021276595743,0.24766977363515316,0.2526595744680851,0.6412631869316101,0.7636770009994507,0.1709386423446885,0.6440388452312541,0.6537304365228759,0.12566599251755733,0.398593479154094
195,12.0,2.0,1.0,1.0,2,0.6324884792626728,0.28950403690888116,0.24539170506912442,0.6126770377159119,0.7076628804206848,0.8818495988941595,0.617378710596479,0.6366512989470993,0.8578571863156693,0.7484341986883517
196,8.0,2.0,0.0,0.7777777777777778,1,0.5433746425166825,0.24618320610687025,0.20686367969494757,0.6333282589912415,0.6586833000183105,0.9055096482832958,0.5850091169153999,0.8536830914365819,0.8954415412365708,0.8099108494679621
197,4.0,2.0,1.0,1.0,2,0.5880026367831246,0.24158415841584158,0.2439024390243902,0.6451337933540344,0.6924282312393188,0.8788814432873322,0.6514703777113371,0.8880942748429176,0.8649229751036375,0.8208422677363061
198,1.0,1.0,1.0,0.6666666666666666,2,0.5928143712574852,0.2533733133433283,0.30089820359281433,0.6610689759254456,0.8198820352554321,0.7994814817265254,0.7556054630037956,0.753877060966807,0.6175243653080916,0.731622092751305
199,3.0,1.0,1.0,1.0,2,0.5775978407557355,0.2746510580819451,0.25191183085919927,0.6757250428199768,0.7488492727279663,0.5676424432598065,0.6325100349990553,0.7710695240031682,0.6361030714208121,0.6518312684207106
200,8.0,2.0,1.0,0.7777777777777778,3,0.6068476977567887,0.2860520094562648,0.24203069657615112,0.6576469540596008,0.6646881103515625,0.6301870254755135,0.5665408848818959,0.439495441170947,0.4436111620821401,0.5199586284026242
201,2.0,2.0,1.0,0.5555555555555556,1,0.530755711775044,0.29727352682497804,0.2460456942003515,0.638781726360321,0.7291975021362305,0.2699818260134268,0.612312425717588,0.6858955087456239,0.22507102332946627,0.44831519595152625
202,2.0,2.0,0.0,0.5555555555555556,1,0.5735617039964865,0.28395604395604396,0.22046552481335088,0.610236406326294,0.7343384623527527,0.8779609693041333,0.571979984014388,0.6410980925252009,0.8427062584542413,0.7334363260744908
203,9.0,1.0,1.0,0.5555555555555556,2,0.5579567779960707,0.2675409836065573,0.2881466928618206,0.6326162815093994,0.7609143853187561,0.868100895124689,0.6060142349565177,0.77139923808069,0.8645197339833183,0.7775085255363037
204,8.0,1.0,1.0,0.7777777777777778,3,0.5873297809354648,0.23710729104919978,0.2048549437537004,0.6385855674743652,0.7577614188194275,0.866789092635635,0.5721845496985789,0.7391252161391421,0.8367142776016024,0.7537032840187395
205,6.0,1.0,0.0,0.6666666666666666,3,0.39849056603773586,0.18140589569160998,0.20981132075471698,0.647841215133667,0.7854869365692139,0.9373022636866047,0.858817629091491,0.7715460070003306,0.7344454726706428,0.8255278431122672
206,1.0,2.0,0.0,0.5555555555555556,2,0.6204954954954954,0.27508455467869225,0.22747747747747749,0.6705825924873352,0.682296872138977,0.8302197706731214,0.498574931704785,0.7154258489159852,0.8090155027099694,0.7133090135009652
207,2.0,1.0,0.0,1.0,1,0.5988200589970502,0.30132939438700146,0.31563421828908556,0.6933916211128235,0.6980783343315125,0.25925759914092056,0.5033327152003777,0.7885399652494417,0.1185220563657444,0.4174130839891211
208,8.0,1.0,0.0,0.5555555555555556,2,0.5048293625241468,0.21405544809800126,0.23180940115904705,0.6256234645843506,0.7829992771148682,0.5033591564001894,0.6433415651713594,0.7411087712313758,0.5964871121722432,0.621074151243792
209,9.0,2.0,1.0,0.5555555555555556,2,0.6615886833514689,0.35076252723311546,0.30467899891186073,0.7232414484024048,0.7556838989257812,0.8889569909336371,0.6483749112781074,0.8057959841939306,0.8666889847941192,0.8024542177999485
210,1.0,1.0,1.0,0.5555555555555556,2,0.5973084886128366,0.2621761658031088,0.20186335403726707,0.6631615161895752,0.716397225856781,0.5369767254241045,0.4847774595798555,0.831484786741983,0.584391743318781,0.609407678766181
211,3.0,2.0,0.0,0.7777777777777778,2,0.6474741988049972,0.3186514410005438,0.2824551873981532,0.6636156439781189,0.7225518822669983,0.8987887678047437,0.554479370768599,0.7976908952340476,0.8886941461110756,0.7849132949796165
212,8.0,1.0,1.0,1.0,1,0.6292993630573249,0.2869897959183674,0.310828025477707,0.6599833369255066,0.7609154582023621,0.8851878348763246,0.6276739311565303,0.8540080927976916,0.7681479977333942,0.7837544641409852
213,1.0,2.0,1.0,0.8888888888888888,1,0.5937834941050375,0.28326180257510725,0.21543408360128616,0.591553270816803,0.7360584139823914,0.8925574924044565,0.6223721743376184,0.8209173132389822,0.8558547605445233,0.7979254351313951
214,2.0,2.0,1.0,0.8888888888888888,3,0.5088282504012842,0.24276527331189712,0.1958266452648475,0.6570340991020203,0.692241370677948,0.9179250650979238,0.6457704471402927,0.7087360488907506,0.878012637297518,0.7876110496066213
215,9.0,2.0,1.0,1.0,2,0.66073546856465,0.326603325415677,0.28825622775800713,0.6663423776626587,0.6360302567481995,0.9046823005738429,0.6206937228630547,0.7486873012425701,0.8858654677012416,0.7899821980951773
216,1.0,1.0,0.0,0.5555555555555556,1,0.5892941733775462,0.2750118539592224,0.2254855518711511,0.6590234637260437,0.8005747199058533,0.8962993141280668,0.6307966725758878,0.8060536454644976,0.8829479909508067,0.8040244057798147
217,8.0,2.0,0.0,1.0,2,0.5362007168458781,0.2498205312275664,0.2150537634408602,0.6152254939079285,0.8001798987388611,0.9005413672693977,0.673957001009885,0.7793728812817454,0.8768543659497613,0.8076814038776974
218,1.0,1.0,0.0,0.8888888888888888,1,0.6059584035975267,0.25998874507597075,0.20573355817875208,0.6410239338874817,0.7490615248680115,0.8639247789084922,0.5615870179835698,0.7816902358313421,0.8520628502389623,0.7648162207405916
219,1.0,2.0,1.0,1.0,1,0.38974358974358975,0.16238437821171633,0.17846153846153845,0.6539695262908936,0.7803022265434265,0.8994109560230625,0.7427670328123774,0.6801901202311846,0.8522380984042612,0.7936515518677214
220,3.0,2.0,1.0,1.0,1,0.6228874939642685,0.2725954567423876,0.23273780782230805,0.6445773839950562,0.6583850979804993,0.8944497648666129,0.5120050473604464,0.7552366785167758,0.8478378768431392,0.7523823418967436
221,7.0,1.0,1.0,1.0,2,0.5132905591200733,0.3342516069788797,0.3556370302474794,0.6832976937294006,0.70872962474823,0.9482389076380596,0.7863930949476146,0.717900572534223,0.9136851510909321,0.8415544315527073
222,8.0,2.0,1.0,1.0,0,0.6223776223776225,0.29906542056074764,0.324009324009324,0.6862939596176147,0.8064014315605164,0.7128606296255577,0.7714442151519393,0.8154353462461539,0.7083820344525419,0.7520305563690483
223,4.0,2.0,1.0,0.8888888888888888,1,0.619257394587791,0.3100189035916824,0.2907488986784141,0.6590928435325623,0.6291131973266602,0.8132087747557908,0.5786010353136021,0.6854864648939188,0.8049497764519314,0.7205615128538108
224,8.0,1.0,1.0,1.0,2,0.6358511837655018,0.2720090293453724,0.2570462232243518,0.6405283808708191,0.7651991844177246,0.8248898708118234,0.6527910125639551,0.7614666996383741,0.8333147216005149,0.7681155761536669
225,2.0,1.0,1.0,0.5555555555555556,2,0.54625,0.16896120150187735,0.19875,0.6493100523948669,0.6764913201332092,0.7886073040785143,0.6242845332996597,0.7320370558136631,0.8042144795822607,0.7372858431935244
226,12.0,2.0,0.0,0.6666666666666666,1,0.49228269699431365,0.3024390243902439,0.2469536961819659,0.5971212983131409,0.791315495967865,0.054277225007417024,0.6229007096142165,0.8123516784543431,0.03505003902883726,0.3811449130262035
227,2.0,2.0,1.0,0.5555555555555556,1,0.6441525953721076,0.28553537883531627,0.241400875547217,0.6441278457641602,0.7162513732910156,0.8018015522390053,0.5804663781613838,0.7373101174337059,0.7947882058559921,0.7285915634225217
228,8.0,1.0,1.0,1.0,2,0.6030664395229983,0.29562251279135876,0.2680295286768882,0.6285611987113953,0.6103257536888123,0.9128959316136755,0.4927241254497978,0.551048278773484,0.894883556933463,0.7128879731926051
229,9.0,2.0,1.0,1.0,1,0.628666297731046,0.29141274238227144,0.26009961261759823,0.6494120955467224,0.728198230266571,0.8873453407554358,0.6772606314672007,0.721780481635957,0.8477533159856019,0.7835349424610489
230,2.0,2.0,1.0,0.7777777777777778,1,0.5816733067729083,0.2586894586894587,0.22538417757541265,0.6217687726020813,0.7081980109214783,0.7196071108649003,0.5560045925729771,0.6702124765401873,0.6988744842545994,0.661174666058166
231,4.0,2.0,1.0,0.5555555555555556,1,0.37773788150807897,0.21272008623787278,0.19748653500897664,0.6382654309272766,0.7252731323242188,0.05780787017326501,0.6176511114901096,0.6896034537876075,0.07832850665310433,0.3608477355260216
232,1.0,1.0,1.0,1.0,2,0.6551312649164679,0.3870967741935484,0.2601431980906921,0.661185085773468,0.7285876274108887,0.7661444742320184,0.6071726599903398,0.7236936540776823,0.7713183153095948,0.7170822759024088
233,8.0,1.0,1.0,1.0,3,0.6131774707757705,0.24680851063829784,0.23698193411264615,0.6182162761688232,0.7726243138313293,0.9097821138692583,0.6471983235552135,0.7933588036373831,0.8993758613850498,0.8124287756117261
234,10.0,1.0,0.0,0.7777777777777778,4,0.5390463026952316,0.27958477508650514,0.24187975120939878,0.6559128165245056,0.8064635396003723,0.8926886820568403,0.7119903699382102,0.8185534216928599,0.9034176421029348,0.8316625289477113
235,7.0,2.0,1.0,1.0,0,0.5566090351366426,0.2758235622557231,0.2498605688789738,0.6294413805007935,0.7140899896621704,0.029592365985153992,0.513197904699287,0.6626461510892999,0.03650927102414844,0.31048642319947234
236,3.0,2.0,1.0,1.0,1,0.5230166503428012,0.2754901960784314,0.2546523016650342,0.6295433044433594,0.723372220993042,0.7370087083963088,0.6858372457385747,0.7352190386385272,0.7666047015403205,0.7311674235784329
237,9.0,2.0,1.0,0.8888888888888888,1,0.5842217484008528,0.2277580071174377,0.19758351101634683,0.6622393727302551,0.7097758650779724,0.840546231059572,0.6158230507816014,0.6951790942429747,0.8193358677083199,0.7427210609481171
238,1.0,2.0,1.0,0.6666666666666666,1,0.6537805571347356,0.34604439385315877,0.2956225127913587,0.6336280107498169,0.7663534283638,0.8484437172470991,0.6077422435550366,0.7806823974348164,0.8600524076380164,0.7742301914687421
239,8.0,1.0,1.0,0.6666666666666666,1,0.5219985085756897,0.27184466019417475,0.27889634601044,0.6448744535446167,0.7970676422119141,0.17765284642441476,0.7739020590586532,0.8412268543279984,0.12992798760997432,0.48067743685526015
240,8.0,1.0,1.0,0.7777777777777778,3,0.4992199687987519,0.2988027069234773,0.25377015080603227,0.6479564905166626,0.7535735368728638,0.31527849308503314,0.6432813321516039,0.5411872636593925,0.24796646147659573,0.4369283875931563
241,2.0,2.0,0.0,0.5555555555555556,3,0.552340425531915,0.282793867120954,0.24680851063829787,0.6821756362915039,0.7183016538619995,0.7464850831170798,0.554415851146045,0.6854882299947277,0.8386029646789337,0.7062480322341966
242,8.0,2.0,1.0,1.0,3,0.6710239651416121,0.41890909090909095,0.2657952069716776,0.7134374976158142,0.6612980365753174,0.8434764287895301,0.5601600210902421,0.6568645777912866,0.8203379342009589,0.7202097404680043
243,8.0,2.0,1.0,1.0,3,0.6176084099868594,0.325,0.28252299605781866,0.6700969934463501,0.591911792755127,0.1666058791928083,0.44650909894339047,0.6238039045480417,0.17025849582704003,0.35179434462782017
244,8.0,1.0,0.0,0.5555555555555556,2,0.5896017699115044,0.21705426356589147,0.22787610619469026,0.6596627831459045,0.7367099523544312,0.9108467625687984,0.5885172450876869,0.7899137264428465,0.8935611422681097,0.7957097190918604
245,3.0,1.0,1.0,0.5555555555555556,3,0.5773646801530892,0.31417624521072796,0.2930563149261892,0.6830421686172485,0.8312047719955444,0.8473921364457164,0.6516537607109412,0.8402268325941677,0.6970888620559881,0.7590903979517034
246,1.0,1.0,0.0,1.0,2,0.6466257668711657,0.3390663390663391,0.2907975460122699,0.6871652603149414,0.6574487090110779,0.9218406244138934,0.581665083939108,0.713900120089561,0.9080208931749982,0.7813566804043901
247,9.0,2.0,1.0,0.6666666666666666,3,0.6040688575899844,0.26005221932114886,0.21387584767866455,0.5810467600822449,0.7071290016174316,0.8743965277382066,0.6297134415619423,0.7720433845264769,0.8559904581564883,0.7830359529957784
248,1.0,1.0,0.0,1.0,1,0.5673940949935815,0.3088803088803089,0.37997432605905,0.6708318591117859,0.6958336234092712,0.16337203322726454,0.7328474408091973,0.7938382928397886,0.21800758775171725,0.4770163386569919
249,3.0,2.0,0.0,0.5555555555555556,2,0.44151115157032317,0.2724373576309795,0.21665908056440605,0.6790872812271118,0.6813471913337708,0.5522177319191407,0.5708142575499972,0.6132239440074313,0.557357508464452,0.5734033604852553
250,1.0,2.0,1.0,0.5555555555555556,1,0.5433350228079067,0.22628107559614408,0.20983274201723265,0.6507455110549927,0.664323091506958,0.8642748230264838,0.5854387271318384,0.7420572469276171,0.8625484338267173,0.7635798077281641
251,2.0,2.0,1.0,0.6666666666666666,3,0.547759932375317,0.2918781725888325,0.2248520710059172,0.6410883665084839,0.7847777605056763,0.8778386352553569,0.6073388396358249,0.6929513032853378,0.8315770321601198,0.7524264525841599
252,13.0,2.0,0.0,0.6666666666666666,1,0.554342667299478,0.26128266033254155,0.22021831988609394,0.6237830519676208,0.8050798177719116,0.6121555103898196,0.5850806368000678,0.7941795051866563,0.492929642013468,0.6210863235975029
253,9.0,1.0,0.0,1.0,3,0.5528317836010144,0.24724809483488566,0.231614539306847,0.6387362480163574,0.7120399475097656,0.24239784354764987,0.6841288505629951,0.7533361678738728,0.28692338590731375,0.49169656197295786
254,8.0,2.0,0.0,0.75,2,0.6002214839424141,0.2727272727272727,0.22369878183831673,0.6516160368919373,0.6725605130195618,0.9055217632318914,0.537734173133369,0.7238071113229162,0.8964663574737776,0.7658823512904885
255,1.0,1.0,0.0,1.0,1,0.4957555178268251,0.2414965986394558,0.232597623089983,0.63206547498703,0.5898649096488953,0.81185366622927,0.678022337965777,0.6840521676112133,0.8172569258897981,0.7477962744240146
256,1.0,2.0,1.0,0.875,1,0.4039785768936495,0.1868300153139357,0.17214996174445293,0.6203547716140747,0.6618871688842773,0.8069345032341682,0.6428553062583912,0.6503794946179153,0.6794397022735101,0.6949022515959962
257,2.0,1.0,0.0,1.0,1,0.6173010380622838,0.33679833679833676,0.2865051903114187,0.6880618929862976,0.5635087490081787,0.8920388886655352,0.5696514098194049,0.7104247344226997,0.8673603265365387,0.7598688398610447
258,9.0,2.0,0.0,0.6666666666666666,2,0.6228739002932552,0.27833235466823253,0.24750733137829908,0.6678954362869263,0.746915340423584,0.8350532271693222,0.6338360467237238,0.7366371626055319,0.8075598055822641,0.7532715605202105
259,2.0,1.0,1.0,1.0,1,0.6811180832857958,0.32667047401484867,0.3103251568739304,0.6537967920303345,0.7683370113372803,0.9107402288700618,0.6295531878573983,0.7160733562602511,0.8993139336210375,0.7889201766521873
260,8.0,2.0,0.0,0.75,1,0.5397260273972603,0.2595978062157221,0.26210045662100456,0.6851402521133423,0.7266718745231628,0.8932666348832663,0.6804381903838754,0.737200655207316,0.8736700287390633,0.7961438773033802
261,9.0,1.0,0.0,0.75,2,0.6230223677032187,0.3069361004915347,0.2782324058919804,0.6538419723510742,0.6290738582611084,0.26686779837551045,0.6445490775475822,0.7585502065015854,0.22705143255359578,0.4742546287445684
262,8.0,1.0,1.0,0.6666666666666666,2,0.5684367988032909,0.24868913857677902,0.23635003739715782,0.6338818073272705,0.6699707508087158,0.8224610498793021,0.534402637764456,0.6338935304439619,0.660470797336952,0.662807003856168
263,7.0,1.0,1.0,0.75,2,0.6695557963163595,0.4175704989154013,0.3856988082340195,0.6513550877571106,0.7691840529441833,0.8526314853045711,0.5256667792622651,0.7337726258576084,0.8507616939300522,0.7407081460886242
264,2.0,2.0,0.0,1.0,1,0.6522568340750158,0.3259070655633355,0.26954863318499683,0.6966686248779297,0.7133493423461914,0.8982948437973302,0.577534185144775,0.6845589891793165,0.8705126016742031,0.7577251549489062
265,8.0,2.0,1.0,0.75,3,0.3366445916114791,0.16685082872928178,0.19536423841059603,0.6314560770988464,0.7879690527915955,0.7650580060392258,0.7239761137131159,0.6265015962532727,0.47589332068109874,0.6478572591716782
266,2.0,2.0,0.0,0.5714285714285714,1,0.37738095238095243,0.1764004767580453,0.20952380952380953,0.6166979670524597,0.6139968037605286,0.42034778764377195,0.6631549972731232,0.7840755718001892,0.2689623951426227,0.5341351879649268
267,1.0,2.0,1.0,0.875,1,0.5075398535114175,0.22595946528676156,0.2085308056872038,0.6288143396377563,0.7333809733390808,0.8247918589648843,0.643086106932359,0.8918877504642345,0.8222328034888416,0.7954996299625798
268,8.0,1.0,1.0,0.75,2,0.6333333333333333,0.32267037552155775,0.3194444444444445,0.6741271615028381,0.7306827902793884,0.7001460631060569,0.5990634645481359,0.6357898101925757,0.619684671293554,0.6386710022850806
269,10.0,2.0,0.0,0.75,3,0.6536585365853658,0.3028083028083028,0.2829268292682927,0.6788070797920227,0.7858080267906189,0.8645434849324402,0.5689734860926848,0.7903212116281573,0.8542590286863849,0.7695243028349168
270,2.0,2.0,1.0,0.875,1,0.547635850388144,0.28127208480565374,0.24276640790402254,0.6327074766159058,0.6281723976135254,0.14754157868457868,0.7094714956232337,0.7466942387999003,0.17826158496168062,0.4454922245173483
271,8.0,1.0,1.0,1.0,3,0.5020624631703006,0.2914454277286136,0.27460223924572774,0.6672911643981934,0.6405166983604431,0.584119186198558,0.668171976674894,0.7629603620794481,0.1939552073589858,0.5523016830779715
272,2.0,2.0,0.0,1.0,1,0.257761053621825,0.11310084825636194,0.1411100658513641,0.5938016176223755,0.5796752572059631,0.528644550106542,0.6670397489042728,0.6158734963699926,0.3651704204128802,0.5441820539484219
273,3.0,2.0,1.0,0.75,1,0.6623376623376623,0.3540462427745665,0.35786435786435783,0.6561312675476074,0.7540493011474609,0.8564664753421989,0.5919771815634016,0.7308347304764443,0.747845399618013,0.7317809467500145
274,10.0,2.0,0.0,1.0,3,0.5868772782503037,0.2968369829683698,0.2976913730255164,0.5922023057937622,0.660347044467926,0.31801551773214765,0.590852473170523,0.6754731598549091,0.38398536950179857,0.49208163006484457
275,1.0,2.0,1.0,0.8888888888888888,1,0.6612802983219391,0.2924704418170504,0.23990055935363577,0.6752917766571045,0.6489629745483398,0.9030065467545186,0.5238589794576859,0.6757033424287823,0.8156460508891299,0.7295537298825292
276,8.0,1.0,1.0,0.875,2,0.6192754613807245,0.27926078028747436,0.24196855775803144,0.6107560396194458,0.5896417498588562,0.7161859943279024,0.5608077679547151,0.7282569311611307,0.649466875988872,0.663679392358155
277,1.0,1.0,1.0,0.8888888888888888,2,0.5489655172413793,0.3052486187845304,0.33103448275862074,0.6319467425346375,0.5681313872337341,0.6508392777511159,0.6474572896792457,0.7553481958272813,0.6961395135187346,0.6874460691940943
278,8.0,1.0,1.0,1.0,1,0.6009852216748768,0.3044397463002114,0.2631949331456721,0.659398078918457,0.6776363849639893,0.13602576044825793,0.6077819351426232,0.618041045311114,0.11554932301041865,0.3693495159781035
279,6.0,2.0,1.0,1.0,3,0.33359073359073355,0.1500386697602475,0.1606177606177606,0.6056803464889526,0.7957906723022461,0.9270620441550986,0.863448393134887,0.8605019875820047,0.7159999073733634,0.8417530830613384
280,3.0,1.0,0.0,0.75,1,0.5032362459546925,0.22204213938411668,0.22815533980582522,0.6338624954223633,0.6089959144592285,0.12160698400519548,0.5744606612567944,0.6314112532509889,0.1964803547719419,0.38098981332123016
281,1.0,2.0,1.0,0.625,1,0.5962845491617581,0.3419501133786848,0.29723606705935657,0.6856749057769775,0.7283614277839661,0.8503155622181506,0.6527909255212219,0.6659682137810358,0.8294617711992566,0.7496341181799162
282,1.0,1.0,0.0,0.625,1,0.5536480686695279,0.22779369627507165,0.25894134477825465,0.6461712718009949,0.7608612775802612,0.29948691899442825,0.7736676148088624,0.7736934855200901,0.27012004102647247,0.5292420150874633
283,1.0,2.0,1.0,0.625,1,0.5867475973697521,0.27139240506329115,0.24481537683358626,0.6493605375289917,0.7681410908699036,0.6710355012338962,0.6412209078713396,0.7597539713469662,0.7529393805904603,0.7062374402606655
284,1.0,2.0,1.0,1.0,1,0.13426573426573427,0.06999533364442372,0.08484848484848484,0.5656009912490845,0.6442828178405762,0.8536059615969863,0.8198173326852362,0.8330803311063497,0.6664034685172833,0.793226773476464
285,2.0,1.0,0.0,1.0,1,0.6080225193525686,0.2579281183932347,0.2322308233638283,0.6603015065193176,0.6988846659660339,0.879968077938563,0.6609671378536197,0.7681318374289429,0.8844909695644823,0.7983895056964019
286,9.0,1.0,0.0,1.0,2,0.4264264264264264,0.2691729323308271,0.26126126126126126,0.6548250913619995,0.7788988947868347,0.8578954677087363,0.6834683888598271,0.683646543060552,0.8702278999371927,0.773809574891577
287,1.0,2.0,1.0,1.0,1,0.6426991150442477,0.33665559246954596,0.25,0.6184878349304199,0.779833972454071,0.9039731838332844,0.7206617145831761,0.7999629202260345,0.8872373986026878,0.8279588043112958
288,8.0,2.0,1.0,0.8888888888888888,3,0.6309662398137369,0.2668997668997669,0.26426076833527357,0.6774720549583435,0.6522963047027588,0.8896028649536337,0.5063540303211908,0.7197179803019434,0.8747012161907531,0.7475940229418803
289,1.0,2.0,1.0,0.6666666666666666,1,0.6142929548910289,0.2770167427701674,0.20375063355296505,0.6570239663124084,0.6878255009651184,0.860496824079696,0.4306738275333182,0.7204474475754629,0.8253064224208199,0.7092311304023242
290,1.0,1.0,0.0,1.0,1,0.6580645161290323,0.34292425132119786,0.33665689149560113,0.6591781377792358,0.7336103916168213,0.9018269337771598,0.7008574001344492,0.6813618103361152,0.8710282367537756,0.7887685952503749
291,2.0,2.0,0.0,1.0,4,0.5972130059721301,0.29767441860465116,0.29462508294625084,0.6277987360954285,0.7219191193580627,0.20236597433524214,0.45460000658796823,0.762411368957761,0.2617685810300841,0.4202864827277638
292,1.0,2.0,1.0,1.0,1,0.47207586933614326,0.20274551214361142,0.20864067439409906,0.660278856754303,0.4521484971046448,0.837859179691726,0.6788564308443858,0.7162521283303552,0.5450739916849787,0.6945104326378615
293,8.0,1.0,1.0,1.0,2,0.5875625446747677,0.2662848962061561,0.27734095782701934,0.6690828800201416,0.7175853848457336,0.313706591179151,0.5376735859541278,0.7373712844004707,0.4235412297352537,0.5030731728172508
294,1.0,1.0,0.0,0.625,1,0.6164772727272727,0.3029871977240398,0.26704545454545453,0.6786249876022339,0.7301568388938904,0.8480358286397403,0.5577810589869502,0.709373795682409,0.817583710427333,0.7331935984341081
295,8.0,1.0,0.0,0.7142857142857143,2,0.5946275946275947,0.25550122249388757,0.21245421245421248,0.6358386278152466,0.6320292949676514,0.9184684338835569,0.6229587281678701,0.7769151809665835,0.9002909645365159,0.8046583268886317
296,1.0,2.0,0.0,0.75,2,0.5675403225806451,0.24318869828456108,0.19556451612903228,0.6178725957870483,0.715884804725647,0.8826989882030787,0.568626719720207,0.6574772694678599,0.8342792924400425,0.735770567457797
297,8.0,1.0,1.0,0.5714285714285714,1,0.31788653096578606,0.16038144776766364,0.16543958423559982,0.6514979600906372,0.6886018514633179,0.5762329933455328,0.769151474151482,0.8652664611939079,0.2511741562421898,0.6154562712332781
298,2.0,1.0,1.0,1.0,1,0.30964109781843774,0.18886539816772374,0.17593244194229415,0.648027241230011,0.6596037745475769,0.9079579558312874,0.9086045618759954,0.8671784403122319,0.8610717953818764,0.8862031883503477
299,9.0,2.0,1.0,1.0,1,0.591715976331361,0.29127857747671465,0.24852071005917162,0.6451289653778076,0.5737255811691284,0.4131182794288899,0.5559807089105019,0.5503977082583581,0.45126785661492275,0.49269113830316813
300,2.0,1.0,1.0,1.0,2,0.6103575832305795,0.2777777777777778,0.2675709001233046,0.6426080465316772,0.5660383105278015,0.8525211082292738,0.609933255814563,0.6109056613007912,0.8454437462250398,0.729700942892417
301,8.0,2.0,0.0,1.0,2,0.39673105497771166,0.23065476190476192,0.24368499257057952,0.6340252757072449,0.6138256192207336,0.7922274590185615,0.7006210838565716,0.6956905667181369,0.6553176339463532,0.7109641858849058
302,9.0,1.0,1.0,0.75,2,0.4588131089459699,0.24312333629103813,0.21789193976970767,0.6395102739334106,0.733454167842865,0.5479356416714426,0.7848494379272356,0.7329819478463137,0.33346281607986167,0.5998074608812134
303,8.0,1.0,1.0,1.0,1,0.6087383406971035,0.3203931203931204,0.2650957290132548,0.6357941627502441,0.7603227496147156,0.8767047842387704,0.5094260673588807,0.7544638389882398,0.8660589713832307,0.7516634154922803
304,1.0,1.0,0.0,0.875,1,0.5867126833477135,0.26101987899740703,0.25021570319240727,0.6532605886459351,0.6697132587432861,0.07087781965239695,0.6339919587454248,0.6776768601061118,0.14976190919326887,0.3830771369243006
305,7.0,2.0,0.0,0.75,2,0.5821550463188689,0.2362127867252318,0.19502681618722575,0.6219038963317871,0.7302204966545105,0.8749821147911966,0.6058577216907118,0.7673698631915725,0.8492226811031443,0.7743580951941563
306,8.0,1.0,0.0,1.0,3,0.613304488912926,0.2977801840822957,0.2704164413196322,0.5934420228004456,0.7944263219833374,0.8722241910140618,0.5584407788431862,0.6748814379344881,0.8631698612710622,0.7421790672656995
307,1.0,1.0,1.0,1.0,3,0.6199021207177813,0.2961350027218291,0.25774877650897227,0.6229158043861389,0.7076548933982849,0.9310577194021097,0.6257680521170581,0.7577866570856583,0.912449229526651,0.8067654145328693
308,8.0,1.0,1.0,1.0,1,0.6220510351468465,0.33349397590361446,0.23495426095329805,0.6364587545394897,0.7137460112571716,0.8703786422257381,0.5460228590345187,0.6271702079190427,0.8231571334529322,0.7166822106580579
309,1.0,1.0,1.0,0.625,2,0.6220657276995305,0.25029377203290243,0.2300469483568075,0.6568965315818787,0.7517620921134949,0.8979385390367255,0.6626263822817828,0.8268105518115115,0.9021530395324323,0.8223821281656131
310,1.0,1.0,0.0,0.75,1,0.6133501259445844,0.2484237074401009,0.27329974811083124,0.6934173703193665,0.6961460113525391,0.862928628969787,0.6807092879066977,0.7746322977793694,0.8369731188671296,0.7888108333807459
311,1.0,2.0,1.0,0.875,1,0.6317757009345794,0.3019338739862757,0.28535825545171345,0.6620395183563232,0.7812057137489319,0.46729930250810675,0.49073495814417306,0.7545415804615512,0.45309959116379733,0.541418858069407
312,5.0,2.0,1.0,0.625,1,0.46353988360150633,0.21719767043508054,0.1766518315645327,0.6370691061019897,0.7216115593910217,0.20354748474899437,0.4473611573413157,0.6086488032890207,0.46516134456391145,0.43117969748581053
313,4.0,2.0,1.0,0.625,1,0.6193753308628904,0.31266560678325384,0.31656961355214397,0.6389265656471252,0.7646217942237854,0.8612731820192475,0.6331784876502029,0.7811660401784893,0.8555403858833406,0.78278952393282
314,9.0,1.0,0.0,1.0,2,0.563079116179615,0.26980728051391867,0.26799714896650034,0.6276833415031433,0.6649315357208252,0.7482676254094005,0.5793736338000074,0.7633047842269265,0.7818778241057753,0.7182059668855274
315,8.0,1.0,1.0,1.0,2,0.5951468710089399,0.2851662404092072,0.27330779054916987,0.6747236847877502,0.7395714521408081,0.6997671752023739,0.7366980013014715,0.8420892554285935,0.6784447353580899,0.7392497918226322
316,9.0,2.0,1.0,0.625,1,0.508456082924168,0.28399781540142,0.26513911620294606,0.642737865447998,0.807854175567627,0.39975621400952854,0.6140455565551022,0.6806229783693548,0.15180204856010193,0.4615566993735219
317,1.0,1.0,0.0,1.0,1,0.6043405676126877,0.2596100278551532,0.21368948247078465,0.6939775943756104,0.6610224843025208,0.8889444473497732,0.6389588538916654,0.7409751299193051,0.8719580498348724,0.7852091202489041
318,2.0,2.0,1.0,1.0,1,0.623950508174989,0.41397611676249446,0.3084401237295626,0.6938472390174866,0.7945507764816284,0.9052701743544114,0.6700541078722203,0.7809516314467705,0.8869584769174716,0.8108085976477184
319,4.0,1.0,1.0,0.8888888888888888,2,0.6284429454749859,0.3275182892515476,0.25857223159078135,0.6542860269546509,0.7390661835670471,0.7629929121299953,0.646419040525094,0.6282908160000172,0.757304279266895,0.6987517619805004
320,1.0,1.0,0.0,1.0,1,0.4616376531270149,0.24273724983860553,0.2269503546099291,0.6381558179855347,0.718974769115448,0.5631188514583049,0.6228164498358659,0.7860100275225166,0.5743247067255247,0.636567508885553
321,4.0,1.0,1.0,0.8888888888888888,2,0.5290556900726392,0.3054545454545455,0.28329297820823246,0.6443145871162415,0.7521050572395325,0.5834741931175945,0.7163620052010513,0.6636632432231034,0.3305445592843618,0.5735110002065278
322,1.0,2.0,1.0,0.75,1,0.53515625,0.2759968725566849,0.23203125,0.6184363961219788,0.593576192855835,0.7461218078656445,0.5090770928245277,0.8308987379084862,0.7533602005830217,0.70986445979542
323,9.0,1.0,0.0,0.5555555555555556,3,0.5569830087028594,0.27955205309000414,0.2702030667219229,0.6469455361366272,0.6898056864738464,0.8900663780858163,0.5706161316099664,0.6546154226517623,0.8676829783113051,0.7457452276647125
324,2.0,2.0,0.0,1.0,2,0.15694902823615695,0.10128440366972474,0.11001100110011001,0.6405083537101746,0.7650961875915527,0.6504330952138913,0.6838925363573974,0.6368998935783352,0.6145511412128295,0.6464441665906133
325,2.0,1.0,1.0,1.0,2,0.6445971267957528,0.33270794246404,0.3035602748282324,0.605681300163269,0.7337201237678528,0.3005948711492991,0.6133273129264946,0.7118231089573961,0.28043952052360704,0.4765462033891992
326,10.0,2.0,1.0,1.0,2,0.5013888888888888,0.2948539638386648,0.2791666666666667,0.6599737405776978,0.7836107611656189,0.23884931610219604,0.6793840406696621,0.7023046053129326,0.10865879738190531,0.432299189866674
327,8.0,1.0,1.0,0.75,3,0.5764331210191084,0.281615302869288,0.1900212314225053,0.5978050827980042,0.6804121732711792,0.8171428141419603,0.5611966615566936,0.7131104083376625,0.8052073849896686,0.7241643172564962
328,1.0,1.0,0.0,0.5555555555555556,1,0.6409344845099035,0.32028469750889677,0.2549517521584561,0.6621732711791992,0.7576481699943542,0.7464708957474435,0.5505782095300013,0.7031084492808435,0.7477935444039083,0.6869877747405492
329,1.0,2.0,1.0,1.0,1,0.5206391478029294,0.22666666666666668,0.23568575233022637,0.644281268119812,0.5786399841308594,0.41867656721041335,0.6068628067253157,0.7981955459053531,0.2582884779706621,0.5205058494529361
330,2.0,2.0,1.0,1.0,1,0.6332404828226554,0.3828996282527881,0.3602599814298979,0.6343255043029785,0.8141574263572693,0.8382748005104556,0.5893321868220422,0.7283083804255646,0.7755130128358823,0.7328570951484862
331,2.0,2.0,1.0,1.0,1,0.5842696629213483,0.30708661417322836,0.2595505617977528,0.6917020082473755,0.7301046252250671,0.48130640008437764,0.6579358010716491,0.6346680782243905,0.5614976919651203,0.5838519928363844
332,3.0,2.0,1.0,1.0,1,0.6143527833668678,0.31027535258562794,0.2951039570757881,0.6856377124786377,0.7131494283676147,0.8475611586956211,0.5744040799274478,0.7021649537788238,0.8258899057561983,0.7375050245395227
333,2.0,2.0,1.0,1.0,1,0.5235294117647059,0.25515210991167814,0.24509803921568626,0.6267303228378296,0.7316312193870544,0.8156112991494613,0.724418680255167,0.7716171621795634,0.8046504872393788,0.7790744072058926
334,9.0,1.0,1.0,1.0,2,0.6052242483982258,0.2742969906265417,0.28289797930014793,0.6385243535041809,0.7658345103263855,0.8567714916285487,0.7090696790248238,0.773210912586544,0.8471042686564838,0.7965390879741001
335,8.0,1.0,0.0,1.0,2,0.6534090909090909,0.32068311195445925,0.34469696969696967,0.672855794429779,0.7811241745948792,0.28439323382156984,0.6246594056714405,0.7130501263423804,0.3492240482197989,0.49283170351379735
336,8.0,1.0,1.0,1.0,1,0.3650190114068441,0.2552380952380952,0.24904942965779467,0.6926873326301575,0.7454272508621216,0.9067216231625287,0.8173861936126471,0.8847469655472532,0.7543330480030246,0.8407969575813634
337,10.0,2.0,1.0,1.0,2,0.48262910798122066,0.27845719661335844,0.2666666666666667,0.653594970703125,0.503899872303009,0.7484489867432628,0.7120783995465587,0.6779506578071588,0.5168365183649855,0.6638286406154914
338,8.0,2.0,1.0,1.0,2,0.4746666666666666,0.2808539026017345,0.22399999999999998,0.6207493543624878,0.7479135990142822,0.8557415469513133,0.5575297337027257,0.7912318138945088,0.849674662550416,0.763544439274741
339,8.0,1.0,1.0,0.875,2,0.6005471956224351,0.347945205479452,0.34746922024623805,0.5604852437973022,0.8127300143241882,0.17614770688848622,0.7066136218790178,0.8017632427116826,0.06235350047379712,0.436719517988246
340,8.0,1.0,1.0,1.0,1,0.48549618320610693,0.20183486238532108,0.19541984732824427,0.649580180644989,0.5983415842056274,0.6524675921659714,0.5266265186135364,0.6870760415020309,0.5087379332894181,0.5937270213927393
341,1.0,2.0,1.0,0.75,1,0.6063947078280044,0.3509933774834437,0.30099228224917307,0.6536093354225159,0.7833468914031982,0.786461336720895,0.6324205034682393,0.7756008696097196,0.6164280950536875,0.7027277012131354
342,2.0,1.0,1.0,1.0,3,0.6134969325153373,0.33583617747440275,0.2822085889570552,0.6806288361549377,0.6823445558547974,0.5997519089782163,0.6115109164150331,0.6120073697735686,0.6134848786489073,0.6091887684539313
343,8.0,2.0,1.0,1.0,2,0.6018991964937911,0.3335771762984638,0.2965668371073777,0.6825031638145447,0.7090556621551514,0.033520598800969775,0.7401178017176552,0.7449792773608265,0.052329425810804006,0.3927367759225639
344,9.0,2.0,1.0,1.0,0,0.5815185403178341,0.2852091926929876,0.22483814008240138,0.6356893181800842,0.4984166622161865,0.6319433825120575,0.5687473573366477,0.6691077648506158,0.7337041906583676,0.6508756738394221
345,9.0,1.0,0.0,0.75,1,0.6979166666666666,0.37891077636152953,0.29398148148148145,0.711929440498352,0.7322284579277039,0.8374004479302037,0.6485246178976511,0.5994010589256453,0.8009143151697034,0.7215601099808009
346,1.0,2.0,1.0,0.75,1,0.6140878988561108,0.24593128390596744,0.25285972305839854,0.6499148011207581,0.716516375541687,0.7470119038656942,0.5326172028504319,0.793201393653266,0.7709412641905088,0.7109429411399751
347,2.0,2.0,1.0,1.0,1,0.40328767123287673,0.20625342841470104,0.2158904109589041,0.617620587348938,0.6773272752761841,0.7094611876032695,0.6782523484856667,0.7801406318502163,0.7262460395363293,0.7235250518688705
348,3.0,2.0,0.0,1.0,2,0.4920760697305864,0.25535289452815224,0.1941362916006339,0.6145138144493103,0.6927803158760071,0.8760923881446732,0.5127489453696772,0.6885904381935092,0.849175661080474,0.7316518581970834
349,9.0,1.0,1.0,0.875,1,0.45672191528545125,0.247080516287646,0.2627378759975445,0.6309625506401062,0.7402915954589844,0.6335755887550624,0.7208536165870694,0.7592857060054858,0.6472134223177869,0.6902320834163511
350,1.0,2.0,1.0,0.5555555555555556,1,0.49149081007488093,0.27266530334015,0.2627637848876787,0.6729425191879272,0.7955794930458069,0.06811260439918267,0.5827192183412923,0.6869551363996527,0.06521222234567924,0.35074979537145173
351,9.0,1.0,1.0,1.0,2,0.47935779816513757,0.26865671641791045,0.22477064220183485,0.6264678239822388,0.7108451724052429,0.6325461690854483,0.6476234682866242,0.7619622719833309,0.31961238845817697,0.5904360744533951
352,2.0,1.0,1.0,0.625,3,0.4786440677966102,0.263408010862186,0.27932203389830507,0.6078289747238159,0.7768039703369141,0.5718539908399906,0.5688004009843349,0.6804027401437646,0.6015166542886536,0.6056434465641859
353,1.0,2.0,1.0,0.625,1,0.5933300149328024,0.2879920279023418,0.23593827775012444,0.6403249502182007,0.6226385831832886,0.8896336737988425,0.6353736014352294,0.7238832890462342,0.8903236552665107,0.7848035548867043
354,4.0,2.0,0.0,0.625,1,0.585344827586207,0.29594477998274377,0.2267241379310345,0.6334025859832764,0.7105239629745483,0.9159422057271478,0.6293377106059236,0.8049289470404879,0.904098120190043,0.8135767458909007
355,13.0,1.0,0.0,0.75,3,0.2689156626506024,0.13796430294259526,0.1542168674698795,0.6532469987869263,0.6426475644111633,0.48470877155148456,0.6719163281451196,0.757713124563697,0.2577522086933053,0.5430226082384015
356,4.0,2.0,1.0,0.875,1,0.658454647256439,0.34753363228699546,0.33034714445688695,0.646790087223053,0.6016563177108765,0.8810744090097472,0.6130823871974745,0.7317866012877919,0.8587067196346581,0.771162529282418
357,3.0,2.0,1.0,1.0,1,0.6062322946175637,0.34146341463414637,0.2934844192634561,0.6203882098197937,0.8104801177978516,0.6846529359802873,0.5675638062096886,0.8228727334758007,0.5383836159173727,0.6533682728957874
358,1.0,2.0,1.0,0.625,1,0.5581395348837209,0.333197223356472,0.2284781721746226,0.6274111866950989,0.7718036770820618,0.8660624931230575,0.716541052788404,0.7983828912549688,0.8485265793148224,0.8073782541203132
359,9.0,2.0,1.0,0.7777777777777778,1,0.6237054085155351,0.2834101382488479,0.2704257767548907,0.6639695763587952,0.6409276127815247,0.8950535702439231,0.6227285317851963,0.6572666526058463,0.8914754258585603,0.7666310451233814
360,1.0,1.0,0.0,1.0,1,0.629567172568859,0.3140123804164322,0.25295109612141653,0.6629406213760376,0.7206301093101501,0.8238496552794361,0.5471974293222859,0.7285975209427228,0.7374893436873725,0.7092834873079543
361,8.0,2.0,1.0,1.0,3,0.6587591240875913,0.3674588665447897,0.2992700729927007,0.673598051071167,0.6305853128433228,0.6384048126136197,0.7463255085597172,0.7838709459027082,0.522868229934167,0.6728673742525532
362,8.0,2.0,1.0,1.0,2,0.5650899958141482,0.2823627984918307,0.2611971536207618,0.6708883047103882,0.6842266917228699,0.6796892988702465,0.601357919393457,0.7369569689381558,0.6975668836608592,0.6788927677156796
363,8.0,2.0,1.0,0.875,2,0.6319343945972021,0.33800096571704497,0.25277375783888084,0.6347759366035461,0.6831393837928772,0.9019042647995059,0.5154149099808323,0.8298822490466075,0.8845729854192971,0.7829436023115607
364,2.0,2.0,1.0,1.0,2,0.42936882782310004,0.22174473571121614,0.22928295405753538,0.6341666579246521,0.6222880482673645,0.5233430084314947,0.6181327364232084,0.7163382109456283,0.43836419766976004,0.5740445383675229
365,1.0,1.0,1.0,1.0,1,0.6300185299567634,0.31539888682745826,0.2841260037059913,0.6630240082740784,0.6769466400146484,0.8544770430226288,0.6200955936098825,0.7286302789542214,0.7957282325836201,0.7497327870425883
366,8.0,1.0,0.0,0.75,3,0.42173211403980637,0.24448034464189553,0.19903173749327593,0.6944514513015747,0.6135156750679016,0.7050168584836883,0.7315616708546177,0.6289433122288058,0.8296303930165935,0.7237880586459263
367,8.0,2.0,0.0,1.0,2,0.6118980169971672,0.31877481565513327,0.2696883852691218,0.6074129343032837,0.5785805583000183,0.8368011861179037,0.5844879441110483,0.5566422663645745,0.8377167256793064,0.7039120305682082
368,9.0,1.0,1.0,1.0,2,0.6367949393779653,0.34195250659630605,0.2667369530838166,0.7113999128341675,0.5352657437324524,0.8180679465046279,0.5784018877442498,0.6816546878746383,0.799877117753272,0.719500409969197
369,9.0,1.0,1.0,1.0,3,0.6110344827586207,0.2886740331491713,0.28689655172413786,0.6360554695129395,0.6466743350028992,0.7335299930389962,0.6195777190669202,0.5983544999404766,0.7757023075894771,0.6817911299089676
370,3.0,2.0,1.0,0.7777777777777778,1,0.46735395189003437,0.2732186732186732,0.2071674030436917,0.6294196248054504,0.7378634214401245,0.28809230344564335,0.6232714531777444,0.7111811655769374,0.17719111256231143,0.4499340086906591
371,1.0,1.0,0.0,0.75,1,0.6180400890868597,0.2787068004459309,0.2750556792873052,0.6005540490150452,0.770784854888916,0.8321002028719651,0.6303237715833196,0.6630626198935088,0.8089097965370693,0.7335990977214657
372,9.0,1.0,1.0,1.0,3,0.6251823043266893,0.31630170316301703,0.2489061740398639,0.6696889400482178,0.7280345559120178,0.8909886952099887,0.6687483163557799,0.7536399054730116,0.8869017757982941,0.8000696732092685
373,9.0,2.0,1.0,1.0,2,0.5751920965971461,0.28901098901098893,0.2338090010976948,0.6341838836669922,0.6288151741027832,0.8273665148186929,0.523256750385675,0.683419067536193,0.8253697240311024,0.7148530141929158
374,2.0,1.0,0.0,0.7777777777777778,1,0.4367497691597415,0.2606284658040665,0.2105263157894737,0.6697352528572083,0.739605188369751,0.8767406803828486,0.5928883793017341,0.6611244830652988,0.7976038272078486,0.7320893424894325
375,2.0,1.0,1.0,0.6666666666666666,2,0.4794107800468697,0.22177554438860972,0.18547037161031132,0.6181755661964417,0.7517390251159668,0.9121324292086704,0.5423560015101598,0.7769481323815655,0.8598938806863669,0.7728326109466908
376,2.0,1.0,1.0,0.5555555555555556,2,0.48251501236312255,0.25379992930364087,0.21688449311197455,0.5991412997245789,0.7699217796325684,0.4687289711843962,0.4646507625687923,0.6463821978258989,0.5620377763134641,0.5354499269731379
377,9.0,2.0,1.0,1.0,3,0.6390780513357779,0.3230204509701101,0.24515453116815086,0.6868391036987305,0.673931896686554,0.858864163445569,0.6091243826603294,0.6491718806867087,0.8404000814088997,0.7393901270503767
378,9.0,2.0,1.0,0.5555555555555556,1,0.5754422476586888,0.275,0.2643080124869927,0.6790330410003662,0.6552950739860535,0.9079226024386446,0.48674049135313463,0.6541883260908358,0.8778278624027784,0.7316698205713483
379,2.0,2.0,1.0,1.0,1,0.5804630152456239,0.27925381571509333,0.27555053642010163,0.6313431262969971,0.7002863883972168,0.7661218137830647,0.5389807411476422,0.796408740164219,0.6980581222216526,0.6998923543291447
380,1.0,2.0,1.0,1.0,1,0.5902313624678663,0.29130211013896035,0.2457583547557841,0.6705808043479919,0.7658958435058594,0.8375119817658111,0.6147776057459415,0.6512026479540853,0.8152707365545695,0.7296907430051018
381,1.0,2.0,1.0,0.5555555555555556,1,0.505645557191949,0.2771498771498771,0.2454590083456063,0.6532512903213501,0.7311825752258301,0.5084399645298147,0.7192939012591137,0.8350586586008573,0.37564826838894694,0.6096101981946832
382,1.0,1.0,0.0,0.625,1,0.5862516212710766,0.2818181818181818,0.24773022049286642,0.653201162815094,0.8088383078575134,0.24554057080240727,0.6755695724493583,0.8237068643715589,0.3375739439261038,0.5205977378873571
383,9.0,1.0,1.0,1.0,2,0.5186440677966101,0.2647058823529412,0.25536723163841807,0.6395613551139832,0.5948057174682617,0.47556951699622846,0.5739972464552291,0.6552415260122774,0.5287870854030089,0.558398843716686
384,1.0,2.0,1.0,0.6666666666666666,1,0.6004756242568371,0.31785714285714284,0.2544589774078478,0.6598989963531494,0.7480387091636658,0.8323687056477014,0.541250245487257,0.6203694742743211,0.776140820859757,0.6925323115672591
385,1.0,2.0,1.0,0.8888888888888888,1,0.6418458311484007,0.3464566929133858,0.23807026743576298,0.6001428961753845,0.6501314043998718,0.8767576849443194,0.48950578882209217,0.6571112771209245,0.8611271577224279,0.7211254771524409
386,1.0,1.0,0.0,0.5555555555555556,1,0.49913941480206536,0.2768523836875359,0.2432587492828457,0.6540502309799194,0.5941122770309448,0.62503339773813,0.49265083335325643,0.6781610344625948,0.5438301182852158,0.5849188459597993
387,8.0,2.0,0.0,1.0,2,0.49868962935230254,0.24128887223679282,0.20965930363159868,0.6174249053001404,0.6643093824386597,0.6760907018884619,0.5750960883874384,0.7218366163042325,0.6984881058751768,0.6678778781138275
388,1.0,1.0,0.0,1.0,1,0.3585657370517928,0.1437125748502994,0.18525896414342627,0.6093551516532898,0.8589337468147278,0.258123161623087,0.6555184266490932,0.9532948547002871,0.5415140056524548,0.6021126121562306
389,8.0,1.0,1.0,1.0,2,0.5905730129390019,0.2978723404255319,0.2513863216266174,0.6767956614494324,0.759480357170105,0.7773048821906253,0.6239255174271245,0.7221016078247229,0.7423750148193523,0.7164267555654563
390,8.0,1.0,1.0,1.0,2,0.5664187035069075,0.26914893617021274,0.24017003188097769,0.648691713809967,0.7206788063049316,0.8584636217067345,0.6077012096918454,0.6581514634464267,0.8515943752524651,0.7439776675243679
391,7.0,1.0,1.0,0.5555555555555556,2,0.5151033386327504,0.2308917197452229,0.2750397456279809,0.6243758201599121,0.633175253868103,0.7347671908735678,0.6882851742976617,0.7152384183065219,0.3744347983549122,0.628181395458166
392,7.0,1.0,1.0,0.5555555555555556,2,0.5006473888649114,0.19438444924406043,0.17263703064307298,0.6278303265571594,0.656453013420105,0.8165310545129014,0.6273494177845633,0.8383600727576886,0.8243361652281189,0.776644177570818
393,9.0,1.0,1.0,1.0,2,0.5408379179009734,0.2558238034731046,0.2505289885738468,0.6438885927200317,0.7681901454925537,0.5749036344929341,0.6893390128509143,0.8213887140749458,0.5397234026282133,0.6563386910117519
394,9.0,2.0,1.0,1.0,2,0.606425702811245,0.3236180904522613,0.2570281124497992,0.6912264227867126,0.7089369893074036,0.9024871770179678,0.6330655159972748,0.7300675480779599,0.8941833524939927,0.7899508983967988
395,9.0,2.0,1.0,1.0,3,0.6242690058479532,0.3279648609077599,0.30994152046783624,0.6700885891914368,0.6332581639289856,0.24888140450654503,0.6819512282117645,0.6723053106057993,0.2750431877627942,0.46954528277172575
396,1.0,2.0,1.0,0.6666666666666666,1,0.6263378315495579,0.36516068933395435,0.26151698464402046,0.6518477201461792,0.7842811346054077,0.8391052091328042,0.633737452108061,0.6953690731912314,0.8169146030320521,0.7462815843660372
397,2.0,1.0,1.0,0.5555555555555556,2,0.6431634111481658,0.32427277062470194,0.3020485945688423,0.6800958514213562,0.6293713450431824,0.9058212646160373,0.5883614022105276,0.7805242876687993,0.8828729649524497,0.7893949798619535
398,7.0,1.0,1.0,0.5555555555555556,3,0.3191836734693878,0.1527777777777778,0.1420408163265306,0.606739342212677,0.737971842288971,0.21486555095450982,0.562499375538654,0.7218808669319231,0.15583785799171254,0.4137709128541999
399,2.0,1.0,1.0,0.625,2,0.5033557046979866,0.19479429051217464,0.17869127516778527,0.6235475540161133,0.6974682211875916,0.8868245741847385,0.6212642565636304,0.7406948054264874,0.8606940058465982,0.7773694105053637
400,9.0,1.0,0.0,0.5555555555555556,3,0.39920045688178185,0.20114285714285715,0.15305539691604797,0.6264645457267761,0.7617704272270203,0.8412389359695525,0.5012370576734304,0.7945040384438687,0.8256665039643127,0.7406616340127912
401,1.0,1.0,0.0,1.0,1,0.6474719101123595,0.33052039381153303,0.2893258426966292,0.6605417728424072,0.660639226436615,0.7358652287419557,0.5559488017941029,0.6096738265200102,0.6740572172310333,0.6438862685717754
402,1.0,2.0,1.0,1.0,1,0.6499302649930265,0.3198324022346369,0.29986052998605295,0.6561374068260193,0.6462609767913818,0.17368483677598437,0.6333868739226878,0.7611600931693194,0.1567064891771349,0.4312345732612816
403,8.0,2.0,0.0,1.0,2,0.5865336658354114,0.3075386919620569,0.29526184538653366,0.6540707349777222,0.6750500798225403,0.8028778150797636,0.6099693386160234,0.7198355403518341,0.8054530733664522,0.7345339418535184
404,3.0,2.0,1.0,0.8888888888888888,1,0.620918125887364,0.34296541923259116,0.30477993374349266,0.6491805911064148,0.6595107913017273,0.905684736665506,0.492062435829936,0.6586271640967503,0.8752815341807845,0.7329139676932441
405,1.0,2.0,1.0,0.7777777777777778,1,0.6227876106194692,0.32447397563676633,0.2654867256637168,0.6517928838729858,0.7148862481117249,0.8992665610864313,0.6616349399881096,0.695043323110495,0.8720428410064943,0.7819969162978825
406,2.0,1.0,1.0,0.7777777777777778,1,0.580152671755725,0.30563514804202485,0.27099236641221375,0.6141380071640015,0.7604724764823914,0.8899035463015676,0.5963307963694113,0.6733081191569947,0.8697494620413202,0.7573229809673234
407,1.0,2.0,1.0,0.6666666666666666,1,0.5822102425876011,0.3184025903939558,0.2533692722371968,0.6407893300056458,0.716433584690094,0.8345405052976775,0.6745497937854734,0.5831289877485736,0.8146380114478041,0.7267143245698822
408,8.0,2.0,0.0,1.0,3,0.5690265486725664,0.34189548272807796,0.2743362831858407,0.6786720752716064,0.7728638648986816,0.8684687304085605,0.5663352419644347,0.7852859435387436,0.8584228561496653,0.7696281930153511
409,3.0,2.0,1.0,0.7777777777777778,1,0.4626865671641791,0.22231985940246043,0.22388059701492535,0.5978240966796875,0.7673460245132446,0.15644798010134997,0.5324366285231391,0.8016108240706414,0.20064112724716146,0.422784139985573
410,10.0,1.0,1.0,0.7777777777777778,3,0.5513338722716249,0.2961165048543689,0.2514147130153597,0.6431251168251038,0.6348409056663513,0.832094775439579,0.5525338876384734,0.7606385919327238,0.8105981258632352,0.7389663452185028
411,6.0,1.0,0.0,0.5555555555555556,1,0.5553977272727273,0.24324324324324323,0.24715909090909094,0.6744014620780945,0.7260642647743225,0.9058806108988753,0.6151585212636083,0.7883007422031072,0.9026757258243812,0.8030039000474931
412,9.0,1.0,1.0,1.0,1,0.48769159312587085,0.25383542538354253,0.24709707385044125,0.6398382186889648,0.7011405825614929,0.6914572721148813,0.6831596970995732,0.6962536897335233,0.4950057456708982,0.641469101154719
413,5.0,1.0,1.0,0.5555555555555556,1,0.5554592720970538,0.27406764960971375,0.22183708838821492,0.6680726408958435,0.6916669011116028,0.86923725231069,0.4698004198405605,0.7340420925366605,0.8547618236208679,0.7319603970771947
414,8.0,1.0,0.0,0.5555555555555556,2,0.5900681596884129,0.28752436647173485,0.25024342745861733,0.5643824934959412,0.7123094797134399,0.8919795233997958,0.5440553949999172,0.816491863184945,0.8749384149532241,0.7818662991344705
415,8.0,2.0,0.0,0.7777777777777778,3,0.6025104602510462,0.32879581151832465,0.2740585774058577,0.6486783623695374,0.693409264087677,0.8972404105705483,0.5902692475064318,0.7006945169941465,0.8798605542291386,0.7670161823250663
416,9.0,1.0,0.0,0.6666666666666666,1,0.5780564263322884,0.23101067168863776,0.20940438871473355,0.6552883386611938,0.6589080095291138,0.9129319308307766,0.5469278843532417,0.6997192375791478,0.880762045770639,0.7600852746334513
417,2.0,2.0,1.0,0.8888888888888888,1,0.5080533824206167,0.3095347766006448,0.28347906120570643,0.6567433476448059,0.669158935546875,0.0233121294885316,0.7000386545577522,0.7495209692481591,0.025454570461493742,0.37458158093898414
418,1.0,2.0,1.0,0.7777777777777778,1,0.5712979890310785,0.29917657822506866,0.2129798903107861,0.631903350353241,0.6329331398010254,0.7019205912581706,0.5392243866345917,0.617571589124094,0.6904192501213271,0.6372839542845459
419,8.0,1.0,0.0,1.0,1,0.6209955643173978,0.332511100148002,0.29078363725973383,0.6946258544921875,0.6137169003486633,0.9153319520871281,0.5732085804725459,0.6957712111221825,0.8651113993577646,0.7623557857599053
420,8.0,2.0,1.0,0.5555555555555556,1,0.6255868544600939,0.2925969447708578,0.2676056338028169,0.6865423917770386,0.7366296052932739,0.8562837442712858,0.6654614622471122,0.7267514889120993,0.8467535262005399,0.7738125554077593
421,4.0,2.0,0.0,0.5555555555555556,2,0.46545454545454545,0.23653566229985443,0.20800000000000002,0.6435198187828064,0.6806803345680237,0.9069016774673695,0.6641096706627226,0.8256245281606228,0.8913437394222135,0.8219949039282322
422,8.0,2.0,1.0,0.5555555555555556,3,0.33538191395961364,0.20210896309314588,0.20368744512730463,0.6527864933013916,0.641038715839386,0.1088432032503591,0.5606420963711868,0.7450635862304252,0.13598926484380292,0.3876345376739435
423,8.0,2.0,1.0,0.8888888888888888,2,0.5297504798464492,0.3203074951953876,0.34932821497120925,0.6525495052337646,0.7934378385543823,0.7274590913886427,0.7244360776494391,0.7917801885792267,0.4769098004957743,0.6801462895282706
424,2.0,1.0,1.0,0.5555555555555556,1,0.4786746563271062,0.22857142857142856,0.17765244977088473,0.5997943878173828,0.6841664910316467,0.9110066908496876,0.604219385751175,0.7017044474346598,0.879576355967037,0.7741267200006398
425,8.0,2.0,0.0,1.0,3,0.5819916517590937,0.2244776119402985,0.19558735837805605,0.5660791397094727,0.789350152015686,0.6912725665436935,0.6113359854920577,0.6759760371634659,0.5130839353097048,0.6229171311272305
426,9.0,1.0,1.0,1.0,2,0.5761904761904763,0.2741358760429082,0.25476190476190474,0.6457562446594238,0.6739236116409302,0.8713493026775838,0.6348833340212083,0.6583473825744346,0.8476062151563929,0.7530465586074049
427,2.0,2.0,1.0,0.7777777777777778,2,0.4581818181818182,0.21628189550425272,0.2521212121212121,0.6453104615211487,0.8106089234352112,0.8589040454728015,0.8729752342625398,0.9257548520247219,0.6499572002751152,0.8268978330087946
428,8.0,1.0,1.0,0.7777777777777778,3,0.6001313197636244,0.33004602235371466,0.32698621142481943,0.665367841720581,0.6743047833442688,0.9115527967951413,0.6525814073468521,0.7825979812245485,0.9017255431562443,0.8121144321306966
429,1.0,2.0,1.0,0.6666666666666666,1,0.6478060046189376,0.3306358381502891,0.25173210161662823,0.6538655161857605,0.7267758846282959,0.8253918242443216,0.5718057422645862,0.6682774038727025,0.8104722948994706,0.7189868163202702
430,12.0,1.0,1.0,0.5555555555555556,1,0.6434054431263084,0.3480083857442348,0.3768318213538032,0.6460691094398499,0.7653794288635254,0.3138974025184449,0.6865837432939946,0.7438378235092421,0.33471134847534684,0.5197575794492572
431,14.0,2.0,0.0,0.6666666666666666,2,0.5577889447236181,0.32955974842767294,0.3580402010050251,0.664485514163971,0.74214106798172,0.2648318102601185,0.6492902691399469,0.7435384182941943,0.25703102007619677,0.4786728794426141
432,8.0,2.0,0.0,0.5555555555555556,2,0.6119047619047618,0.28486293206197855,0.2607142857142857,0.6916799545288086,0.7379003763198853,0.8821756187909143,0.5766267023822469,0.7550058770786916,0.8921919901506389,0.7765000471006229
433,9.0,2.0,0.0,0.875,4,0.5863586358635864,0.24669603524229075,0.23102310231023102,0.5850160121917725,0.7891753315925598,0.8866542824266842,0.6432908017333986,0.8049028172459898,0.8631969248043715,0.799511206552611
434,2.0,1.0,0.0,0.6666666666666666,1,0.5919463087248322,0.22446236559139784,0.2335570469798658,0.6380904316902161,0.7792328000068665,0.8974120856399767,0.632867790594445,0.7727991216451845,0.8835797058859775,0.7966646759413959
435,12.0,2.0,1.0,0.7777777777777778,2,0.6189078097475044,0.3198118753674309,0.22900763358778628,0.6716786026954651,0.5715606808662415,0.9153104172373376,0.568642675616403,0.6669162016473558,0.8970966828151643,0.7619914943290652
436,1.0,1.0,0.0,0.5555555555555556,1,0.6014962593516209,0.29056415376934597,0.23042394014962594,0.6303169131278992,0.695399820804596,0.7589771598173517,0.5910321765972958,0.7877664091314974,0.7438674902663626,0.7204108089531268
437,9.0,2.0,0.0,1.0,1,0.5373563218390804,0.343884892086331,0.34051724137931033,0.6903587579727173,0.667437732219696,0.41028681047791693,0.7803570119752183,0.7148815477656296,0.3913302942592972,0.5742139161195156
438,6.0,2.0,1.0,1.0,1,0.48141263940520446,0.21601489757914338,0.21561338289962823,0.6410788893699646,0.6608909964561462,0.6353671549767831,0.6700347264447345,0.7449658396052449,0.5609660315099294,0.6528334381341729
439,10.0,1.0,1.0,1.0,1,0.6441717791411044,0.2972972972972973,0.3006134969325153,0.6772100925445557,0.7866418957710266,0.9207710676077718,0.5958654107684618,0.8051882383575726,0.9098961774122325,0.8079302235365096
440,9.0,2.0,0.0,0.5555555555555556,1,0.4696606102159753,0.2572898799313894,0.198148782996229,0.579377293586731,0.7950983047485352,0.773603101054831,0.5887443158708985,0.768436183090516,0.8403016020373039,0.7427713005133874
441,1.0,2.0,1.0,0.7777777777777778,1,0.6070707070707071,0.27603640040444893,0.24141414141414141,0.6595652103424072,0.7555041313171387,0.8909038208834977,0.5712403804806803,0.8330927502512188,0.8598698938361348,0.7887767113628829
442,5.0,1.0,1.0,0.6666666666666666,3,0.6023958927552766,0.3163906339234723,0.28636622932116373,0.6811540126800537,0.6816070675849915,0.7753545720891946,0.5828581919844024,0.7502060349131512,0.8382870202089312,0.7366764547989199
443,2.0,2.0,0.0,1.0,2,0.6426271732131359,0.2862669245647969,0.29491307147456536,0.6801435947418213,0.7105566263198853,0.7738126578708207,0.663705967724722,0.8324337491651517,0.833538727606543,0.7758727755918093
444,8.0,2.0,0.0,1.0,3,0.6446194225721785,0.3331581713084603,0.26246719160104987,0.6793631315231323,0.6591223478317261,0.8773259929517477,0.5954102197904925,0.6757338299432171,0.8619033485536025,0.7525933478097648
445,8.0,2.0,1.0,0.5555555555555556,2,0.4689899586532782,0.2117090479006505,0.2327229769639693,0.65621018409729,0.6986130475997925,0.7072714665713621,0.6363543410021932,0.7144943450976317,0.612673262440271,0.6676983537778645
446,1.0,1.0,0.0,0.7777777777777778,1,0.4932287954383463,0.18843683083511778,0.19957234497505347,0.6189517974853516,0.675508439540863,0.3772877343167449,0.6707929593771328,0.7381951918408545,0.38860301158531757,0.5437197242800124
447,1.0,2.0,1.0,0.6666666666666666,1,0.6482171367748802,0.31326584976025573,0.28738690792974986,0.674704372882843,0.75250244140625,0.869671146087141,0.643848795461718,0.8130651321340302,0.8700280357227289,0.7991532773514045
448,8.0,2.0,0.0,1.0,3,0.6355272469922152,0.3288447909284196,0.3085633404104741,0.7023683190345764,0.5836765766143799,0.16628129862099747,0.5863630648419865,0.6616955063651063,0.5965883121784719,0.5027320455016406
449,8.0,1.0,1.0,1.0,3,0.6259946949602122,0.33333333333333337,0.24005305039787797,0.6222605109214783,0.6972531676292419,0.8536675504070501,0.5125349190830724,0.6727327127147588,0.8191826007352125,0.7145294457350235
450,2.0,2.0,1.0,0.5555555555555556,1,0.5425935973955507,0.32265073329712113,0.27672273467173086,0.686276912689209,0.7497499585151672,0.16102756456208778,0.5559282791006998,0.7603220009550564,0.18433890062291755,0.4154041863101904
451,9.0,2.0,0.0,0.5555555555555556,2,0.6956521739130435,0.35883905013192613,0.2753623188405797,0.6853704452514648,0.6489338278770447,0.7480454054186152,0.6216955796742376,0.7789279438923907,0.7338995770502343,0.7206421265088695
452,3.0,2.0,0.0,0.6666666666666666,2,0.5704371963913948,0.2849200833912439,0.23178348369188062,0.6473783254623413,0.6771275401115417,0.8459044434232431,0.5470521995866281,0.6175829992390366,0.828546354829207,0.7097714992695288
453,9.0,2.0,1.0,0.875,1,0.6327433628318583,0.33997785160575855,0.27986725663716816,0.6415621042251587,0.6147839426994324,0.9090154763079831,0.5954488009400513,0.7970466047810512,0.8705421984628575,0.7930132701229858
454,9.0,2.0,1.0,1.0,1,0.4895317853064332,0.2636190476190476,0.20936429387133612,0.6818435788154602,0.7111015319824219,0.8814876359136352,0.6187154927738776,0.7781323796800238,0.864512717889637,0.7857120565642934
455,4.0,1.0,1.0,0.5555555555555556,1,0.6099624060150376,0.29068673565381,0.22838345864661655,0.6376398205757141,0.7709808349609375,0.8969608107445202,0.6368951036620031,0.7354522556530846,0.8483622838885947,0.7794176134870506
456,7.0,1.0,1.0,0.5555555555555556,2,0.5777777777777777,0.30033370411568405,0.2411111111111111,0.6436029672622681,0.7022089958190918,0.8883595232198241,0.4871686900322833,0.7138959090319402,0.8681964687812009,0.7394051477663122
457,8.0,2.0,0.0,0.75,1,0.5822655048692978,0.31811185223191374,0.2583290620194772,0.673642635345459,0.6074380278587341,0.9262507875570725,0.6632752857902774,0.8515888516276001,0.9121551151866255,0.8383175100403938
458,1.0,2.0,1.0,0.625,1,0.6100478468899522,0.2802395209580839,0.19258373205741627,0.6343253254890442,0.7484661340713501,0.7152709347861073,0.6674164242999765,0.7586329952773088,0.6944402654577143,0.7089401549552766
459,3.0,1.0,1.0,0.5555555555555556,3,0.6496398166339228,0.3777049180327869,0.2907662082514735,0.730760395526886,0.7404776215553284,0.36276164318370263,0.6776997445999162,0.8692572009181305,0.3967726274460483,0.5766228040369494
460,2.0,2.0,1.0,0.6666666666666666,1,0.6018329938900202,0.29255861365953106,0.27393075356415475,0.6243226528167725,0.539569079875946,0.894414942858533,0.45459731300036776,0.8142707197124562,0.8636287639820972,0.7567279348883635
461,10.0,1.0,1.0,1.0,2,0.5884130982367759,0.29248613212304586,0.2297229219143577,0.6502793431282043,0.7674253582954407,0.914317100539026,0.6747594704469932,0.7439338276032199,0.8811081328292992,0.8035296328546346
462,8.0,2.0,1.0,0.8888888888888888,2,0.5952235150030618,0.26118945432250157,0.2375995101041029,0.6401557326316833,0.7663012742996216,0.8972501061228935,0.6390755560042982,0.7997743989868462,0.8818981774774174,0.8044995596478638
463,1.0,1.0,1.0,0.5555555555555556,1,0.472168905950096,0.22165278667520819,0.21369161868202177,0.6369168162345886,0.7089731097221375,0.2693371903692439,0.6490428370180642,0.6438460425296416,0.12534462355073928,0.42189267336692227
464,1.0,1.0,0.0,0.5555555555555556,1,0.6703236423477783,0.3492586490939044,0.28195282501371366,0.6525470018386841,0.755078911781311,0.8777787201997865,0.6619146859199259,0.7151175083374122,0.8413739923297673,0.7740462266967228
465,2.0,2.0,0.0,1.0,2,0.6094032549728752,0.3369565217391305,0.29475587703435807,0.6571965217590332,0.696514904499054,0.7112624951160975,0.6214739810187113,0.7493339494588044,0.49024550523975186,0.6430789827083412
466,7.0,2.0,0.0,1.0,2,0.49842271293375395,0.24005053695514844,0.2220820189274448,0.6436043977737427,0.7073059678077698,0.3504712250659608,0.7402671339887832,0.7004659449490487,0.28982611854473556,0.5202576056371321
467,2.0,1.0,1.0,0.5555555555555556,2,0.5060783430886988,0.1874718341595313,0.16479063484916703,0.6635249853134155,0.619865357875824,0.8091752637800568,0.5345673005663121,0.743032530025603,0.7555128045053054,0.7105719747193193
468,3.0,1.0,1.0,0.8888888888888888,2,0.48611111111111105,0.26310160427807483,0.2702991452991453,0.6436939835548401,0.7887803316116333,0.7235360681041152,0.6882451197627394,0.7917254864103221,0.6596442705051464,0.7157877361955808
469,8.0,1.0,0.0,1.0,2,0.6471251409244644,0.3442437923250565,0.26268320180383314,0.6828638911247253,0.7230848670005798,0.8381373079402706,0.5869634195948296,0.5896289520192921,0.8155620939374353,0.707572943372957
470,9.0,1.0,1.0,1.0,2,0.5861070911722142,0.25072463768115943,0.26338639652677276,0.6735470294952393,0.7138099074363708,0.2714544052518539,0.6616384663811639,0.6991954276050257,0.15683942982077922,0.4472819322647057
471,8.0,1.0,0.0,1.0,2,0.6261574074074076,0.2943221320973349,0.24074074074074076,0.6492006778717041,0.6184054613113403,0.9178040917440741,0.592529014169947,0.7089242724558584,0.8928109013881882,0.7780170699395168
472,10.0,1.0,1.0,1.0,2,0.470392916436082,0.2659279778393352,0.23685666851134474,0.6734189391136169,0.6297835111618042,0.5760172464493617,0.7164930560392185,0.5839986963945405,0.5979464233266912,0.618613855552453
473,9.0,2.0,1.0,1.0,2,0.35253456221198154,0.21709006928406466,0.2119815668202765,0.6649110317230225,0.7238642573356628,0.6798021846143815,0.8064945264687383,0.8152322989578701,0.7311034093310907,0.7581581048430202
474,1.0,1.0,0.0,1.0,1,0.6593406593406594,0.3559870550161812,0.27537168713639304,0.6841964721679688,0.6512694358825684,0.8616990478497478,0.5931439470428163,0.6417050027132815,0.8496552450910136,0.7365508106742148
475,1.0,2.0,1.0,0.7777777777777778,1,0.6654411764705882,0.3202453987730061,0.2928921568627451,0.6707850694656372,0.659564733505249,0.7201725173267909,0.5600471421961442,0.7242684545802137,0.709834366280933,0.6785806200960205
476,8.0,1.0,1.0,0.8888888888888888,2,0.636460554371002,0.33191035218783355,0.2718550106609808,0.6627504825592041,0.7450443506240845,0.8308786913916928,0.616750648256136,0.757654454901584,0.8151554453018256,0.7551098099628095
477,8.0,1.0,1.0,0.6666666666666666,1,0.5818530964954393,0.2940893801057184,0.2361977916466635,0.6447519659996033,0.6771536469459534,0.9102801389492741,0.7498712848884089,0.8844444874280375,0.8931333375637948,0.8594323122073789
478,8.0,2.0,1.0,1.0,3,0.6325,0.3128911138923655,0.22,0.6901456117630005,0.6710925102233887,0.9095171542164651,0.6019250254732361,0.6965631505866666,0.8877944294466804,0.773949939930762
479,2.0,1.0,1.0,0.5555555555555556,2,0.5050809183289424,0.28399246704331454,0.20248400451637186,0.6139655709266663,0.7846754193305969,0.8705693965927669,0.4973152104569083,0.7083564423011982,0.8421325277978569,0.7295933942871825
480,9.0,2.0,1.0,1.0,1,0.6151617576050218,0.27452875785403574,0.24046354418155477,0.6868506669998169,0.7825583219528198,0.8849740024052983,0.5189413105826604,0.7486420633791586,0.8691307251498612,0.7554220253792446
481,1.0,1.0,0.0,0.5555555555555556,1,0.626791277258567,0.3119151590767311,0.23676012461059193,0.6382266283035278,0.6495401859283447,0.8360472896150662,0.5483301221269131,0.5994285002741756,0.8197960178382578,0.7009004824636031
482,8.0,1.0,1.0,1.0,1,0.5588364918466284,0.24172915747684168,0.20625826355222562,0.6041048765182495,0.7545890808105469,0.92750209298724,0.5599700451032468,0.8151969784349873,0.9122808863206041,0.8037375007115195
483,8.0,2.0,1.0,1.0,2,0.6080363912054586,0.29916476841305994,0.29567854435178165,0.6603330373764038,0.7128604054450989,0.6516348323145744,0.759869472486807,0.7708301311654845,0.6258117384345527,0.7020365436003546
484,8.0,2.0,0.0,0.7777777777777778,1,0.4185277088502895,0.22682119205298015,0.21009098428453266,0.632504403591156,0.7705545425415039,0.27262440384450665,0.6836601392309056,0.7307882406460394,0.18803058138408268,0.4687758412763836
485,8.0,2.0,1.0,1.0,1,0.6244604316546762,0.3213256484149856,0.31654676258992803,0.6757579445838928,0.6205810308456421,0.9027113359558765,0.46890000795581366,0.8422822667479446,0.8216729328428476,0.7588916358756206
486,3.0,1.0,1.0,0.7777777777777778,2,0.3656435110393107,0.1837284482758621,0.14593430263866453,0.5706377029418945,0.6790503859519958,0.9064334288972143,0.5589367448313584,0.6956972759606729,0.9103634066890826,0.767857714094582
487,8.0,1.0,1.0,0.6666666666666666,2,0.3387096774193548,0.19569120287253142,0.19892473118279572,0.5892102718353271,0.6864439845085144,0.43878800298360177,0.7853105750170918,0.6171202577196436,0.3949434559781272,0.5590405729246162
488,4.0,2.0,1.0,1.0,1,0.6918465227817745,0.3625450180072029,0.31055155875299767,0.6454291343688965,0.690093457698822,0.7695318624664292,0.5234365976282134,0.7418437825844341,0.770075249706187,0.7012218730963159
489,4.0,2.0,0.0,0.5555555555555556,2,0.5743341404358354,0.28114396509936984,0.24309927360774822,0.6567806005477905,0.6900912523269653,0.8907784346459318,0.6610595584433809,0.8435451773538521,0.8689506463617197,0.8160834542012211
490,1.0,2.0,1.0,0.5555555555555556,2,0.5768463073852297,0.22477522477522477,0.22854291417165667,0.6546411514282227,0.7312963008880615,0.5762386063138458,0.5741424889302592,0.753787260358511,0.6099212891056618,0.6285224111770694
491,1.0,1.0,1.0,1.0,2,0.46643717728055073,0.21724137931034482,0.2633390705679862,0.6710010766983032,0.7116809487342834,0.4124523155565728,0.676222234226886,0.7950529321673263,0.5123230348912645,0.5990126292105125
492,9.0,1.0,0.0,0.5555555555555556,2,0.6606640405177264,0.3526760563380282,0.33877321328081034,0.7077140212059021,0.762287974357605,0.917604580722501,0.5984772218490916,0.7473168170038308,0.9058340999275234,0.7923081798757368
493,10.0,1.0,0.0,0.6666666666666666,1,0.4503181595692608,0.24399804017638413,0.26529613313754286,0.674617350101471,0.7377151250839233,0.1321892610138743,0.5676648541007997,0.6632569817766222,0.13650074410117094,0.3749029602481168
494,2.0,2.0,0.0,0.5555555555555556,3,0.21514423076923078,0.11913357400722023,0.10937499999999999,0.6443839073181152,0.7009376287460327,0.19272124195393175,0.7530310390207476,0.7317183945314764,0.18762541249337802,0.4662740219998835
495,8.0,1.0,1.0,1.0,1,0.5576571079926785,0.3323152107513745,0.2745576571079927,0.6172407269477844,0.6202664375305176,0.6582684379021505,0.5348134117387311,0.7501654780032424,0.44377939791040977,0.5967566813886334
496,10.0,1.0,0.0,1.0,1,0.2058823529411765,0.09983633387888707,0.12091503267973856,0.6228361129760742,0.5525508522987366,0.8042943330984693,0.7249127273743834,0.5258418192977129,0.5459746413194702,0.6502558802725089
497,8.0,1.0,1.0,0.7777777777777778,2,0.5427702996092053,0.2485875706214689,0.22058184976118106,0.6377326250076294,0.7104032039642334,0.8548523929054848,0.5933187199205006,0.7664453915928848,0.8300647056683872,0.7611703025218144
498,2.0,2.0,1.0,0.8888888888888888,1,0.5962607377463366,0.3429438543247344,0.2890348660939869,0.6645529270172119,0.6028499603271484,0.49339828758947923,0.4885819604855144,0.6392730566863356,0.6635829027564718,0.5712090518794503
499,1.0,2.0,1.0,0.7777777777777778,1,0.4862553451435553,0.22996941896024464,0.2333536957849725,0.6626129150390625,0.6121790409088135,0.0806140299160474,0.6520154368336506,0.7010154628411635,0.190019110284349,0.40591600996880256
500,3.0,2.0,0.0,0.6666666666666666,3,0.6153846153846153,0.28336272780717225,0.2877275396359366,0.6767615079879761,0.633944034576416,0.9052703816890557,0.4981400287519996,0.7623218611398965,0.8917174749197271,0.7643624366251697
501,2.0,1.0,0.0,0.5555555555555556,1,0.6353322528363047,0.2974580854515954,0.2409508373851972,0.6529017686843872,0.755861759185791,0.8610303001990588,0.5924143597223804,0.717426940782161,0.7489367596716842,0.7299520900938211
502,2.0,2.0,1.0,0.6666666666666666,1,0.4244725738396624,0.25253378378378377,0.2042194092827004,0.6059996485710144,0.7907638549804688,0.28767696644642293,0.6281224560002131,0.7319363055753798,0.23611913386988378,0.47096371547297494
503,2.0,2.0,0.0,1.0,1,0.5853952926976463,0.2501510574018127,0.2076041038020519,0.6360171437263489,0.7440354824066162,0.8264506695960945,0.6395166979650397,0.7854523669566221,0.7692325367479282,0.7551630678164212
504,8.0,2.0,0.0,0.7777777777777778,4,0.5673828125000001,0.27468230694037143,0.2373046875,0.6301321983337402,0.6895034313201904,0.7817888944742384,0.6718682521338363,0.6815532567639897,0.7954288010620942,0.7326598011085397
505,2.0,1.0,1.0,1.0,3,0.5721241631162507,0.226691042047532,0.21789409616555083,0.6495917439460754,0.6389809846878052,0.8920448186605455,0.5609628749041943,0.5961224174857326,0.8846575729531131,0.7334469210008964
506,8.0,2.0,1.0,0.6666666666666666,3,0.46298227320125135,0.23173277661795405,0.21584984358706985,0.5995463132858276,0.7088106274604797,0.46296970448905866,0.5554882559951356,0.6633946260686102,0.32318414714908306,0.5012591834254719
507,2.0,2.0,0.0,0.5555555555555556,1,0.4373239436619718,0.21987315010570826,0.22112676056338026,0.6584762930870056,0.6761530041694641,0.910525780638892,0.5987654437717739,0.7568835116021957,0.8934370457256875,0.7899029454346373
508,2.0,1.0,1.0,0.7777777777777778,2,0.5778251599147122,0.2113127001067236,0.19936034115138593,0.6328004598617554,0.732207179069519,0.38182441659465033,0.5565604032466674,0.629354171341544,0.41242115258124806,0.49504003594102747
509,3.0,2.0,1.0,0.5555555555555556,1,0.5948081264108352,0.2711864406779661,0.23476297968397294,0.6852736473083496,0.7350206971168518,0.8626791864471275,0.538921995032689,0.7730246540587133,0.8825675421266848,0.7642983444163036
510,10.0,2.0,1.0,1.0,2,0.43296817944705274,0.22558746736292426,0.18675013041210226,0.6075590252876282,0.692935585975647,0.3287158164467299,0.7033119501457581,0.6936472699672394,0.18170295389081198,0.4768444976126348
511,8.0,1.0,1.0,1.0,3,0.5392156862745098,0.2748466257668712,0.25857843137254904,0.5715487599372864,0.5322359204292297,0.5369183153747461,0.6462325187589871,0.6265258454095273,0.4945417567462896,0.5760546090723875
512,8.0,2.0,0.0,0.5555555555555556,3,0.5613326602725895,0.2738756947953512,0.27460878344270573,0.6527094841003418,0.8200910687446594,0.8174841365973579,0.5475879027014531,0.7313557618613272,0.8123127118064558,0.7271851282416485
513,2.0,2.0,1.0,0.7777777777777778,1,0.572202166064982,0.34778681120144533,0.3276173285198556,0.6493481993675232,0.6137832403182983,0.8578564273518989,0.6697370260044213,0.6447857156306517,0.818593158735546,0.7477430819306294
514,8.0,1.0,0.0,0.5555555555555556,2,0.5822522055007783,0.2472727272727273,0.20446289569278672,0.6282227635383606,0.7216314077377319,0.8244412351659699,0.5631695510038618,0.6933222947989147,0.780109194613727,0.7152605688956183
515,1.0,2.0,1.0,1.0,1,0.5164835164835165,0.28193832599118945,0.3252747252747253,0.6654641032218933,0.7148609757423401,0.5745457909368564,0.7281036240581809,0.530347961316111,0.2962204788661648,0.5323044637943283
516,8.0,2.0,0.0,1.0,2,0.609103078982597,0.3176943699731904,0.3413654618473896,0.6658992767333984,0.7585071921348572,0.8190694734289121,0.6426695037429527,0.7858873122344104,0.7458591250765184,0.7483713536206984
517,5.0,2.0,1.0,0.5555555555555556,1,0.5173572228443449,0.2749346283152783,0.21649869354236656,0.647564709186554,0.6328651309013367,0.8162219259115059,0.5958707634555883,0.7328071742245381,0.8165478106659246,0.7403619185643893
518,4.0,1.0,0.0,0.6666666666666666,1,0.5806094182825485,0.20521353300055462,0.2149584487534626,0.6243687272071838,0.7315397262573242,0.9021174801894922,0.5827853488043925,0.7570067049184466,0.8801918274377398,0.7805253403375176
519,10.0,1.0,1.0,0.5555555555555556,2,0.5931525122276567,0.32665776591010237,0.28279235215651405,0.6197983622550964,0.6970203518867493,0.7938744578758784,0.5820746495224155,0.7496043010080101,0.7903099371353038,0.7289658363854019
520,1.0,1.0,1.0,0.8888888888888888,2,0.5821138211382114,0.26384364820846906,0.2731707317073171,0.6538366675376892,0.7552927136421204,0.31627743921438234,0.6853335194316406,0.8248372935746404,0.28607674264870914,0.5281312487173431
521,1.0,2.0,1.0,1.0,1,0.5952197378565922,0.27335907335907333,0.23438704703161142,0.6288555264472961,0.761577844619751,0.6550757988952592,0.740851926246963,0.6966061192525167,0.7034688614412262,0.6990006764589913
522,9.0,1.0,1.0,0.7777777777777778,1,0.5685230024213075,0.2384876393601551,0.2072639225181598,0.6109869480133057,0.612564742565155,0.8423103427917593,0.49582969978383673,0.8892563590686725,0.839336041070518,0.7666831106786967
523,8.0,1.0,1.0,0.8888888888888888,1,0.5621052631578948,0.25711275026343516,0.23578947368421052,0.6628692746162415,0.7100718021392822,0.864348700520177,0.45551278182386984,0.7159530623545737,0.8656268004940968,0.7253603362981793
524,2.0,1.0,0.0,1.0,1,0.626489138051857,0.34105263157894733,0.3700070077084793,0.7161446809768677,0.736630916595459,0.8349279698910993,0.6940234818125903,0.6234681282237108,0.8765242462740961,0.7572359565503741
525,8.0,2.0,1.0,1.0,3,0.6023936170212766,0.28495339547270304,0.26462765957446804,0.5797640085220337,0.7534757852554321,0.9007054517534548,0.6119075467743172,0.8506051005228359,0.873047802632567,0.8090664754207937
526,8.0,1.0,1.0,0.8888888888888888,1,0.5112570356472795,0.25164319248826295,0.2176360225140713,0.6445460915565491,0.6514291763305664,0.6145757131371155,0.5384680959869752,0.6694908786268438,0.6675322973858759,0.6225167462842026
527,2.0,2.0,1.0,0.5555555555555556,1,0.6104033970276008,0.22848034006376197,0.23142250530785566,0.6552259922027588,0.6632682681083679,0.862737245367843,0.6120351927980143,0.7526649125509689,0.8276615045957478,0.7637747138281435
528,1.0,1.0,0.0,0.5555555555555556,1,0.6383701188455009,0.29761904761904756,0.27843803056027167,0.7024027109146118,0.7149061560630798,0.4861430696453252,0.5972778384572827,0.6543663303493138,0.6845868336569904,0.605593518027228
529,2.0,2.0,1.0,0.7777777777777778,1,0.6457046603032003,0.32040472175379425,0.2526670409882089,0.6730045676231384,0.6846024394035339,0.8603410421523856,0.49702879441145653,0.7237424721442415,0.8384225922474899,0.7298837252388934
530,8.0,2.0,1.0,1.0,1,0.469608659450458,0.1634695579649708,0.20982514571190677,0.6009960174560547,0.7517102956771851,0.3780446571622179,0.7379246428099722,0.8082879254729053,0.10766838854452922,0.5079814034974062
531,3.0,2.0,1.0,0.7777777777777778,2,0.5706024096385542,0.24794983116256633,0.2004819277108434,0.6098355054855347,0.6986871957778931,0.8436686962759415,0.5837029810051882,0.7400332869600338,0.812032597434134,0.7448593904188244
532,6.0,1.0,0.0,1.0,2,0.6401045068582626,0.3649444081098758,0.36316133246244287,0.697455108165741,0.6022143363952637,0.8814373643114456,0.6441205537852472,0.6406762718206911,0.8564954602645669,0.7556824125454877
533,1.0,2.0,1.0,0.6666666666666666,1,0.5150501672240803,0.2113821138211382,0.19111323459149548,0.6027535796165466,0.6559948921203613,0.8920003322087574,0.5087860987247119,0.6743200330553881,0.8333963285339112,0.7271256981306922
534,8.0,2.0,0.0,1.0,2,0.5753803596127247,0.2368421052631579,0.2143845089903181,0.5936784148216248,0.7391732335090637,0.36763317864730843,0.7576426453267453,0.7349620887147047,0.5316761480222789,0.5979785151777594
535,8.0,1.0,1.0,1.0,3,0.36363636363636365,0.14421768707482993,0.19810040705563095,0.5787495970726013,0.5619423389434814,0.8769990869923149,0.8841483601810313,0.810902544799088,0.8623018095195804,0.8585879503730036
536,8.0,1.0,0.0,0.8888888888888888,2,0.5564697083021691,0.31161048689138576,0.32759910246821244,0.7131083011627197,0.6653240919113159,0.6694825411845937,0.5687236882422504,0.6812768155409322,0.4506612735392384,0.5925360796267537
537,13.0,2.0,1.0,0.5555555555555556,1,0.4032697547683924,0.17140631086871835,0.17983651226158037,0.5967985391616821,0.6726809144020081,0.6838613643560985,0.5050719314961086,0.6918175414387873,0.7512039195867503,0.6579886892194362
538,1.0,1.0,0.0,1.0,1,0.6094364351245084,0.27165354330708663,0.25688073394495414,0.6611854434013367,0.5544635057449341,0.039462724396079764,0.5085103075437583,0.6368234907866898,0.06238424621549787,0.3117951922355064
539,8.0,1.0,0.0,0.5555555555555556,0,0.5896346644010195,0.2604255319148936,0.25488530161427364,0.6410017013549805,0.8553785681724548,0.1496834988641913,0.7016539665290159,0.8730330443151705,0.18173257768039056,0.4765257718471921
540,8.0,2.0,1.0,0.7777777777777778,3,0.6206467661691543,0.30012453300124536,0.2922885572139303,0.6830390691757202,0.6944043040275574,0.8758816777913518,0.6673670883799222,0.6825069699568963,0.8663801632518414,0.7730339748450029
541,13.0,2.0,1.0,0.7777777777777778,3,0.5510123064708218,0.32499006754072307,0.25248114331083765,0.6369631290435791,0.7579623460769653,0.8828109655167696,0.5004334736259501,0.7516777930689793,0.8663822134679312,0.7503261114199076
542,1.0,1.0,0.0,0.7777777777777778,1,0.5265898103384158,0.3185708969110532,0.264038676087765,0.6695482134819031,0.7305362224578857,0.8999249185281242,0.64458319654232,0.8205115936669143,0.8949928872577643,0.8150031489987808
543,8.0,1.0,0.0,0.8888888888888888,3,0.5955204216073782,0.23746701846965698,0.22924901185770752,0.6382389068603516,0.674676239490509,0.8381847276473514,0.6461584263997822,0.738759425823207,0.8637984760281004,0.7717252639746103
544,3.0,1.0,1.0,0.625,2,0.541374474053296,0.27106741573033705,0.21598877980364656,0.6276174783706665,0.7328748106956482,0.8322642396958843,0.7157827597154877,0.7672443536705388,0.8321226167880706,0.7868534924674953
545,8.0,1.0,1.0,0.7777777777777778,3,0.6809623430962343,0.3465968586387434,0.2866108786610879,0.6922072768211365,0.6544639468193054,0.8155273782748402,0.544232600921351,0.7317432389117133,0.7685461700961072,0.7150123470510029
546,9.0,1.0,1.0,1.0,2,0.6046195652173912,0.27891156462585037,0.2418478260869565,0.6150425672531128,0.7125742435455322,0.8840687491591965,0.7296207762830808,0.8135652704228749,0.8662571824728343,0.8233779945844966
