index,issueArea,decisionDirection,partyWinning,voteDistribution,respondentType,rouge1,rouge2,rougeL,bert_f1,align_score,unieval_coherence,unieval_consistency,unieval_fluency,unieval_relevance,unieval_overall
0,10.0,2.0,0.0,0.625,1,0.3523898781630741,0.20356472795497188,0.190253045923149,0.6426534056663513,0.7682093381881714,0.15902824059810894,0.6777472942905995,0.7262459943597876,0.35689796375748195,0.4799798732514945
1,8.0,1.0,0.0,0.6666666666666666,1,0.5995762711864406,0.2428419936373277,0.21927966101694915,0.6016072630882263,0.82774817943573,0.8598157000530531,0.5266610573982113,0.7187770487393472,0.8640512175134236,0.7423262559260088
2,2.0,1.0,1.0,1.0,2,0.4267690619857379,0.2899505766062603,0.23587493143170596,0.6796661615371704,0.6521682739257812,0.5614666403806525,0.7582622664419356,0.6754721409422485,0.04762633291409519,0.510706845169733
3,1.0,1.0,0.0,0.6666666666666666,1,0.6564163217031344,0.3895796329188869,0.2945002956830277,0.6429471373558044,0.6970773935317993,0.876028543500796,0.5675484307916874,0.6793803407326281,0.8609468834212394,0.7459760496115877
4,8.0,2.0,1.0,1.0,3,0.545653761869978,0.2880116959064327,0.21402483564645727,0.6382195353507996,0.81532222032547,0.9042404692721859,0.6562374509102756,0.8164537721748457,0.9077302391370013,0.8211654828735772
5,7.0,1.0,0.0,0.5555555555555556,3,0.504524886877828,0.2709433962264151,0.24057315233785825,0.5980836749076843,0.6829936504364014,0.8353082524957594,0.5277207496677406,0.7822999645824568,0.8085105247942079,0.7384598728850411
6,10.0,1.0,0.0,0.5555555555555556,1,0.5695142378559463,0.2593627724986025,0.24008933556672252,0.6255882978439331,0.690421998500824,0.7149579096632833,0.5755869973520208,0.7244054513343859,0.702296590607576,0.6793117372393165
7,8.0,1.0,1.0,0.8888888888888888,2,0.5542691751085382,0.26231884057971017,0.2503617945007236,0.6732946634292603,0.802594006061554,0.813600556773035,0.5809676152901332,0.6997776752667424,0.8012198460028912,0.7238914233332006
8,8.0,1.0,1.0,1.0,2,0.5877466251298028,0.33298647242455776,0.31360332294911736,0.6681260466575623,0.6427281498908997,0.3991574509448859,0.7560096565843882,0.8427297014649618,0.15486912643437614,0.538191483857153
9,1.0,2.0,1.0,0.5555555555555556,1,0.5849731663685153,0.30349149507609674,0.2620751341681574,0.6375842690467834,0.7744171619415283,0.6343096765521908,0.5621069515280169,0.7430848398802371,0.6771196665530588,0.6541552836283759
10,2.0,2.0,1.0,0.5555555555555556,2,0.5390728476821193,0.2506631299734748,0.25165562913907286,0.6215205192565918,0.7048220038414001,0.0074000152641290826,0.620167219320027,0.6472386513690757,0.005651844385200785,0.32011443258460814
11,9.0,1.0,0.0,0.6666666666666666,1,0.5603741496598639,0.31063829787234043,0.23384353741496602,0.6382744908332825,0.7104588150978088,0.8736056086049552,0.5632256924285831,0.7360542236105941,0.8245743608841768,0.7493649713820774
12,5.0,1.0,1.0,0.625,2,0.6164658634538153,0.31356783919597986,0.27710843373493976,0.6977553963661194,0.7217518091201782,0.8874982568318353,0.717923175480664,0.8082325381820332,0.8712155152054271,0.82121737142499
13,4.0,2.0,0.0,1.0,3,0.26886493341788203,0.12063492063492064,0.15726062143310082,0.5819559097290039,0.6361470818519592,0.5864579873736694,0.6870442867447407,0.7711602279653545,0.5720078286191642,0.6541675826757322
14,2.0,1.0,1.0,1.0,1,0.6006389776357827,0.279317697228145,0.21299254526091585,0.5552062392234802,0.7984564900398254,0.6744423719641397,0.5889648734915117,0.8522646030584295,0.6692949491711534,0.6962416994213086
15,1.0,1.0,0.0,0.5555555555555556,1,0.5771190365910145,0.2828001854427446,0.26215840666975454,0.6268000602722168,0.7570700645446777,0.8522106888682927,0.652383781992188,0.7424907918946856,0.7991341974698957,0.7615548650562655
16,8.0,1.0,0.0,1.0,2,0.5525040387722133,0.2459546925566343,0.28917609046849757,0.6697158217430115,0.7035109400749207,0.4101444670209245,0.6967547624362929,0.8288245559261065,0.13991346662997967,0.5189093130033259
17,8.0,1.0,0.0,0.75,1,0.5219172470299057,0.28454284542845426,0.2531749283080705,0.6410518884658813,0.7528595328330994,0.6719941657492285,0.5478482730527283,0.5933527218935927,0.6813940628788874,0.6236473058936093
18,9.0,1.0,0.0,0.8888888888888888,1,0.5753026634382566,0.28502181289384393,0.23341404358353512,0.7199108004570007,0.6903284788131714,0.9168388967573506,0.6704741809033308,0.8393432168036682,0.902559456740205,0.8323039378011386
19,1.0,1.0,0.0,1.0,1,0.5486725663716814,0.29933481152993346,0.2853982300884956,0.6721762418746948,0.64132159948349,0.5300310116807972,0.7171435995034844,0.6446755219724398,0.4504983636432291,0.5855871241999876
20,12.0,2.0,0.0,0.5555555555555556,1,0.626571897211591,0.2802408319649699,0.2580645161290322,0.674242377281189,0.7329436540603638,0.8541698086641092,0.5497831697938618,0.6401737674349108,0.8429111212545781,0.721759466786865
21,2.0,1.0,1.0,1.0,2,0.588235294117647,0.30959164292497626,0.24003795066413663,0.6773333549499512,0.6278164386749268,0.8320607406457255,0.5973272052612829,0.7732533043280416,0.8085672113268886,0.7528021153904847
22,3.0,2.0,1.0,1.0,1,0.49707374170893476,0.2873877391643889,0.29574717128365197,0.6465213298797607,0.713869035243988,0.8691464012756194,0.6123284856017807,0.7990381449017311,0.8450327059258577,0.7813864344262471
23,1.0,1.0,1.0,0.6666666666666666,2,0.6592853548062405,0.35365239294710327,0.3100150981378963,0.6522696018218994,0.7261123061180115,0.8924310784471416,0.6122417531404994,0.7829528100420419,0.8947641855315482,0.7955974567903078
24,2.0,2.0,1.0,1.0,1,0.47628865979381446,0.21878224974200203,0.21134020618556698,0.6330276727676392,0.7343903183937073,0.17924534107776532,0.5278172325432406,0.5682903783849367,0.18330467862976824,0.36466440765892777
25,8.0,2.0,0.0,1.0,2,0.6155778894472362,0.2943396226415095,0.24246231155778894,0.6446431279182434,0.6559000611305237,0.9223387215623385,0.6534620031944587,0.6353518664061832,0.8850637811673522,0.7740540930825832
26,2.0,1.0,0.0,0.6666666666666666,1,0.6295871559633027,0.32606199770378874,0.25000000000000006,0.6627030372619629,0.5633291602134705,0.8876399989685358,0.5512858993923925,0.595237787277389,0.8793251119597468,0.728372199399516
27,9.0,1.0,0.0,1.0,3,0.5006501950585176,0.26822916666666663,0.2730819245773732,0.6797078847885132,0.6845100522041321,0.6881087844673319,0.6247075327557967,0.6532992125998826,0.6332380025319159,0.6498383830887318
28,7.0,1.0,1.0,0.7777777777777778,3,0.27613028682547397,0.11873479318734795,0.14487117160913954,0.6058564782142639,0.7602177858352661,0.7373970868175668,0.6884739799625369,0.8642313207174465,0.762667271940318,0.7631924148594671
29,10.0,2.0,0.0,0.6666666666666666,3,0.23228010247651582,0.15226689478186484,0.15542271562766866,0.6320251822471619,0.5534772872924805,0.33177637664988174,0.686262196272316,0.8198868578092424,0.5508878629106585,0.5972033234105246
30,2.0,2.0,1.0,0.5555555555555556,1,0.5969024696525744,0.32341851696690405,0.27375470908329846,0.683088481426239,0.7470782399177551,0.8810328839559751,0.7269981673223251,0.8352581171847042,0.8792147125209739,0.8306259702459946
31,2.0,2.0,1.0,0.7777777777777778,1,0.5825242718446603,0.29826784959864805,0.23047699451245252,0.6217840909957886,0.7449402809143066,0.8818981774774174,0.5370789983429863,0.7723261823509848,0.8591453339913739,0.7626121730406906
32,2.0,1.0,1.0,1.0,2,0.5142857142857142,0.2685453791960215,0.22939958592132506,0.649055540561676,0.6675931215286255,0.8291394257020555,0.5825082460361314,0.6997216347096651,0.8179343239890614,0.7323259076092283
33,2.0,2.0,1.0,0.7777777777777778,1,0.6520039100684262,0.2808219178082192,0.24046920821114368,0.6910039782524109,0.7064338326454163,0.8596690584006742,0.6288217431179615,0.8725472229642907,0.8471449937343,0.8020457545543065
34,9.0,1.0,0.0,0.8888888888888888,2,0.5704099821746881,0.27364663890541346,0.2804515745692216,0.6523520946502686,0.6845830678939819,0.0659561384772389,0.4487073517421748,0.7408089755649313,0.07595996303705382,0.3328581072053497
35,8.0,2.0,1.0,1.0,2,0.5643079661771251,0.2957683741648107,0.22162883845126838,0.6184828877449036,0.6722147464752197,0.8646913702400778,0.5813871594263216,0.7622761587006769,0.8384194305527757,0.761693529729963
36,2.0,1.0,1.0,0.6666666666666666,2,0.4954545454545454,0.25295723384895363,0.2590909090909091,0.5622806549072266,0.7415313124656677,0.6378154133085215,0.6514895135057681,0.8691111071483735,0.6144189103856701,0.6932087360870833
37,1.0,2.0,1.0,0.5555555555555556,1,0.3374175306314798,0.1716981132075472,0.19415645617342128,0.6279828548431396,0.5726619362831116,0.7738421585337208,0.6136945528148422,0.6919136384257455,0.5458452273740432,0.6563238942870879
38,8.0,2.0,1.0,1.0,2,0.6196196196196196,0.36072144288577157,0.2782782782782783,0.6615781784057617,0.7298198342323303,0.8730337694291382,0.6224207946692535,0.739923193621971,0.8625793537685865,0.7744892778722373
39,1.0,1.0,1.0,0.8888888888888888,2,0.5142065142065142,0.24705065926439973,0.2453222453222453,0.6259676814079285,0.6499823331832886,0.9010426557346601,0.627134566250079,0.5813276622381938,0.8865705876158848,0.7490188679597044
40,2.0,2.0,1.0,0.5555555555555556,2,0.3135011441647597,0.16036655211912945,0.16361556064073227,0.6805711984634399,0.7177412509918213,0.9324172603794364,0.8757204006069595,0.8635562813298722,0.9156544125620855,0.8968370887195883
41,8.0,1.0,0.0,1.0,1,0.6702508960573478,0.33253588516746413,0.2712066905615293,0.6646707653999329,0.6982407569885254,0.7651561537605742,0.6148714670433157,0.655103732994955,0.7504248590789308,0.696389053219444
42,10.0,2.0,0.0,0.5555555555555556,1,0.40553846153846157,0.1915024630541872,0.1963076923076923,0.6012925505638123,0.674390435218811,0.8437720744405494,0.5153693530005357,0.7264654039470317,0.8222522454137519,0.7269647692004672
43,10.0,2.0,1.0,1.0,1,0.5942668136714443,0.18653421633554082,0.22160970231532526,0.611754834651947,0.6342186331748962,0.8641457782247361,0.5501556815914878,0.806047491656119,0.8413530559329843,0.7654255018513317
44,8.0,2.0,0.0,1.0,2,0.49041713641488166,0.24379232505643342,0.24464487034949267,0.6640992760658264,0.6150540113449097,0.7220225127699292,0.6648127051310377,0.695563067452543,0.6940935581119861,0.694122960866374
45,1.0,1.0,0.0,0.8888888888888888,1,0.5927665570690465,0.31969910672308416,0.24424612494128697,0.6386405229568481,0.6968728303909302,0.8487699351960792,0.6689201719173046,0.6406265114120877,0.846685350520142,0.7512504922614035
46,8.0,1.0,1.0,1.0,1,0.2705078125,0.13294232649071355,0.14257812499999997,0.628479540348053,0.6331390738487244,0.6905345381205454,0.5445604445194149,0.6452159791754344,0.6299768437871474,0.6275719514006355
47,2.0,1.0,0.0,1.0,0,0.48275862068965514,0.25023342670401494,0.2572227399813607,0.6793988943099976,0.6971569061279297,0.8234926827139952,0.8194066145151585,0.8481744746324789,0.6801753624846557,0.7928122835865721
48,2.0,1.0,0.0,1.0,1,0.5988483685220729,0.3390970220941402,0.25239923224568145,0.6522350311279297,0.8031980395317078,0.9153605871443923,0.7644183205544689,0.8190851087215336,0.9026583817071621,0.8503805995318893
49,2.0,1.0,1.0,1.0,2,0.5578544061302682,0.2701458173445894,0.29578544061302686,0.6479501128196716,0.6871294379234314,0.8289052795897597,0.6388252691457017,0.8264631737058042,0.7477660355264092,0.7604899394919188
50,1.0,2.0,1.0,0.7777777777777778,1,0.6622296173044925,0.3475846751804553,0.3261231281198003,0.6618239879608154,0.6960728764533997,0.8798587654752424,0.5108428596994683,0.6260859568152338,0.8668120682033691,0.7208999125483284
51,8.0,1.0,0.0,0.8888888888888888,3,0.5924491771539206,0.2955426356589147,0.28557599225556635,0.6470580101013184,0.6379560828208923,0.8884588589606168,0.6074828967210395,0.7550288492386567,0.8697940566890721,0.7801911654023463
52,8.0,2.0,1.0,1.0,1,0.6183266932270916,0.3399840383080606,0.34103585657370517,0.6582379937171936,0.704055666923523,0.08935774414994567,0.6427101412230025,0.8144724027231245,0.08730180206975699,0.40846052254145737
53,2.0,2.0,0.0,0.5555555555555556,3,0.6200787401574803,0.35665024630541875,0.3051181102362205,0.6796721816062927,0.7275904417037964,0.8436968354055112,0.7120240437346085,0.7784052484845443,0.8249392223497659,0.7897663374936075
54,9.0,2.0,0.0,0.6666666666666666,1,0.5862348178137652,0.2773722627737226,0.2785425101214575,0.6661872863769531,0.676607608795166,0.7451509568236725,0.6918284300508335,0.7527854726424057,0.7475925361333413,0.7343393489125633
55,1.0,2.0,1.0,0.8888888888888888,1,0.6157894736842106,0.3614775725593668,0.35000000000000003,0.7093427777290344,0.8179036378860474,0.06510090153134755,0.7902684703476199,0.6172105985419902,0.07476746236451834,0.386836858196369
56,1.0,2.0,1.0,0.6666666666666666,1,0.5593795443528842,0.2804463852498787,0.2578768783325255,0.6570366024971008,0.6011340022087097,0.882532964199271,0.5791645846256905,0.6856984618179325,0.8588437064482107,0.7515599292727763
57,9.0,1.0,1.0,0.6666666666666666,4,0.44018404907975467,0.22119815668202764,0.24079754601227,0.642184317111969,0.7354111075401306,0.5878873768498342,0.7178906336546758,0.8055697301110823,0.5144896351293244,0.6564593439362292
58,3.0,2.0,0.0,0.6666666666666666,2,0.4755933721450962,0.18018825638727026,0.19704433497536947,0.6123341917991638,0.7810720205307007,0.0872361078339505,0.6308171818930545,0.7841479436906268,0.04694674874443833,0.38728699554051754
59,12.0,1.0,0.0,0.5555555555555556,2,0.6044591246903386,0.35401157981803144,0.30388109000825764,0.6734243631362915,0.6842601299285889,0.27056067308725373,0.7010492314745278,0.6620767760064226,0.3076727158740179,0.4853398491105555
60,1.0,2.0,0.0,1.0,2,0.5905044510385757,0.2704309063893016,0.2818991097922849,0.6917299032211304,0.7717278599739075,0.8696355227270028,0.6745820307041396,0.7657054997189718,0.8673434430671298,0.7943166240543109
61,2.0,2.0,1.0,0.6666666666666666,1,0.4420828905419766,0.2159574468085106,0.22422954303931988,0.6196234822273254,0.6465870141983032,0.752780753703267,0.5710351816503374,0.6904981785865444,0.7154459260175858,0.6824400099894337
62,1.0,1.0,0.0,0.5555555555555556,1,0.43586550435865506,0.21806853582554514,0.16687422166874222,0.6361044049263,0.7238512635231018,0.8897098953940411,0.61276768045816,0.7438200211531387,0.8727091322023832,0.7797516823019307
63,1.0,2.0,1.0,1.0,1,0.592747559274756,0.3058659217877095,0.301255230125523,0.6862589120864868,0.7386422157287598,0.7901943412349032,0.6769826308166499,0.6123139818269295,0.6973384004128496,0.6942073385728331
64,13.0,2.0,1.0,0.8888888888888888,1,0.5866900175131349,0.28596491228070176,0.27495621716287216,0.6480237245559692,0.6873660683631897,0.361304026085767,0.6974231663826148,0.6990410988135377,0.28330832692973895,0.5102691545529146
65,2.0,1.0,1.0,0.5555555555555556,2,0.47030006123698714,0.2660944206008584,0.23147581139007958,0.6377407312393188,0.6396945118904114,0.04304296926732619,0.6254730146265454,0.5640360024591539,0.12219282692359475,0.33868620331915505
66,3.0,2.0,0.0,0.75,2,0.4600280504908835,0.2542134831460674,0.28892005610098176,0.6284407377243042,0.8283451795578003,0.6330918352034922,0.6550825490520557,0.7625031539297332,0.19703980252038197,0.5619293351764157
67,1.0,2.0,1.0,0.5555555555555556,1,0.5936675461741425,0.34683098591549294,0.2339489885664028,0.6077906489372253,0.6890292167663574,0.8472743843489028,0.5322657125670778,0.6223107836561099,0.826882986688309,0.7071834668150998
68,8.0,1.0,0.0,1.0,3,0.44172494172494164,0.23453908984830804,0.23543123543123542,0.6368221044540405,0.7573865056037903,0.36936545473781773,0.701621368090087,0.8215693554647421,0.26862534608495586,0.5402953810944007
69,8.0,1.0,1.0,0.625,3,0.6007462686567164,0.3125778331257783,0.3034825870646766,0.6649612188339233,0.7400562763214111,0.9136433483206506,0.5439892843822256,0.7373199718364601,0.9033465478823783,0.7745747881054286
70,10.0,2.0,1.0,1.0,1,0.5512227362855254,0.25281270681667767,0.23793787177792466,0.6632565259933472,0.8018818497657776,0.5619911120542206,0.6969924618853772,0.7438858568302834,0.5457804833191435,0.6371624785222562
71,8.0,2.0,0.0,0.6666666666666666,3,0.6302521008403361,0.31230283911671924,0.2226890756302521,0.6216593384742737,0.7309899926185608,0.8130229582310531,0.6687782851735362,0.6914629165391474,0.795296090092747,0.7421400625091209
72,2.0,2.0,0.0,0.7777777777777778,3,0.579185520361991,0.2576051779935275,0.2559793148028442,0.6671179533004761,0.7442618012428284,0.36722802100615815,0.5710109505594526,0.5291366562845815,0.24900474922788968,0.4290950942695205
73,4.0,1.0,1.0,1.0,1,0.4311657879320445,0.2428152492668622,0.22378441710603397,0.6326022148132324,0.7631525993347168,0.17532394912718866,0.6023181215518252,0.6516484051262605,0.4788416116936999,0.4770330218747435
74,1.0,1.0,1.0,1.0,2,0.583058305830583,0.2533039647577092,0.24312431243124313,0.6046603918075562,0.6832647919654846,0.5145847981948902,0.4488592457891121,0.7385724935727154,0.5285983275943358,0.5576537162877634
75,1.0,2.0,1.0,0.6666666666666666,1,0.4817813765182187,0.2269503546099291,0.21255060728744937,0.6489460468292236,0.7779780030250549,0.4437949739585452,0.7196921291713858,0.6906200406891893,0.26327001232667635,0.5293442890364491
76,8.0,1.0,0.0,1.0,4,0.637758505670447,0.2832331329325318,0.29219479653102065,0.6718976497650146,0.8021258115768433,0.8970448927119932,0.6965869861761431,0.806257173092139,0.8934768022950806,0.823341463568839
77,8.0,2.0,1.0,1.0,2,0.5686944634313055,0.29842573579739906,0.2747778537252221,0.6573918461799622,0.6671707630157471,0.5108198698647267,0.7544754334087855,0.6884270952172483,0.5535934915784422,0.6268289725173006
78,2.0,2.0,1.0,1.0,2,0.6187845303867403,0.3227752639517345,0.23907584128578602,0.6053975820541382,0.7206351161003113,0.4726257221662526,0.4989918817969504,0.6894662268589336,0.5126913734662213,0.5434438010720894
79,1.0,1.0,0.0,0.7777777777777778,1,0.6184789440603393,0.28823159219634986,0.2891263356379635,0.6639007925987244,0.6344420313835144,0.8509154918412012,0.5387128602841383,0.6183915401593302,0.786872211888654,0.6987230260433309
80,9.0,1.0,0.0,0.6666666666666666,1,0.6022346368715084,0.3098434004474273,0.2536312849162011,0.6690816283226013,0.7273086905479431,0.6651931794282052,0.5749274706460064,0.662368626434859,0.7073689116992145,0.6524645470520712
81,9.0,1.0,1.0,0.5555555555555556,3,0.6319783197831979,0.3288117200217038,0.26558265582655827,0.6742554306983948,0.7185962796211243,0.892795253464843,0.631313824985414,0.8660902996877644,0.8851858524857636,0.8188463076559462
82,9.0,1.0,1.0,0.5555555555555556,2,0.6065989847715736,0.264294790343075,0.26015228426395937,0.6413609981536865,0.8138593435287476,0.8964295702655375,0.587050418513249,0.7959156794112056,0.8641463757363275,0.7858855109815799
83,10.0,2.0,0.0,1.0,2,0.5676728334956183,0.2865497076023392,0.2629016553067186,0.6634106040000916,0.6804252862930298,0.9086098429412492,0.6603883808047983,0.6804637211736819,0.8781954634456749,0.7819143520913511
84,8.0,2.0,1.0,0.875,3,0.612968591691996,0.31947261663286003,0.29685916919959476,0.6416008472442627,0.6272704005241394,0.893392776109191,0.5815104944996526,0.8124630114596424,0.8643993125907834,0.7879413986648174
85,1.0,2.0,1.0,0.8888888888888888,1,0.6123842028278889,0.3084431429965837,0.2515845928815212,0.6887540817260742,0.7641502618789673,0.8620843164148808,0.6170296983203468,0.7088867119703295,0.8664853835981083,0.7636215275759164
86,1.0,2.0,1.0,0.8888888888888888,1,0.5753126699293094,0.251497005988024,0.25448613376835233,0.6794679164886475,0.7082582712173462,0.8936946784120601,0.6390251313190854,0.5505403945021196,0.8596430200777513,0.7357258060777541
87,2.0,1.0,1.0,0.875,1,0.5823068309070549,0.32623318385650224,0.3101903695408734,0.6868200302124023,0.7145967483520508,0.10731937923377798,0.5208525092947628,0.6406956660706778,0.13097057540792684,0.3499595325017864
88,1.0,1.0,1.0,1.0,2,0.6611667648791986,0.2949852507374632,0.21213906894519743,0.6260343194007874,0.7499368786811829,0.8643475784668734,0.5999975812334746,0.7239148410961854,0.8057610744777208,0.7485052688185635
89,1.0,2.0,0.0,0.5555555555555556,2,0.503391107761869,0.24150943396226418,0.25772418990203466,0.6033713221549988,0.7746887803077698,0.8948522016638268,0.573019856241361,0.8017835332466956,0.8787505084589425,0.7871015249027065
90,1.0,2.0,1.0,0.625,3,0.5823719427780342,0.2503464203233256,0.22427318874019378,0.5960951447486877,0.6516944169998169,0.877511619519965,0.5608631293933956,0.7681436617073636,0.8678783657291795,0.7685991940874759
91,8.0,2.0,1.0,1.0,4,0.2806349206349206,0.14240305149396057,0.15619047619047619,0.5840259194374084,0.6738761067390442,0.08124797402375372,0.7820027208644419,0.6136321642995782,0.10041198707644745,0.39432371156605533
92,8.0,2.0,1.0,1.0,1,0.648884050081655,0.32806539509536786,0.276537833424061,0.640073299407959,0.7527908086776733,0.7930532303945846,0.5609730826652862,0.788916008630822,0.8467377678419994,0.7474200223831731
93,7.0,1.0,1.0,0.5555555555555556,2,0.6525285481239805,0.3320631464344039,0.2610114192495922,0.6748335957527161,0.7919481992721558,0.8420667582469614,0.6693444053964289,0.7733035367882026,0.8316115771444048,0.7790815693939994
94,10.0,1.0,1.0,1.0,2,0.5787451984635084,0.2730769230769231,0.2266325224071703,0.6546211838722229,0.7367768287658691,0.6744060023134559,0.6334737761944881,0.6891449789702481,0.5457149988488731,0.6356849390817664
95,1.0,2.0,1.0,0.6666666666666666,1,0.6527777777777778,0.3187686196623635,0.26190476190476186,0.7026980519294739,0.8108367323875427,0.7731765707463366,0.6482711919780193,0.7492469832982679,0.7937309017993345,0.7411064119554895
96,10.0,2.0,0.0,1.0,2,0.5865921787709497,0.2203579418344519,0.22793296089385473,0.671944797039032,0.685584545135498,0.84226306613031,0.4714931773416913,0.8121718043313618,0.8399063834797875,0.7414586078207877
97,9.0,1.0,0.0,0.5555555555555556,2,0.5181532944867773,0.26648721399730824,0.22949350067234423,0.6577771306037903,0.6865973472595215,0.8759278764874263,0.6450373413604938,0.7124517882694823,0.823263209643038,0.7641700539401101
98,4.0,2.0,1.0,1.0,1,0.5694956949569496,0.27463054187192115,0.25830258302583026,0.6459797024726868,0.6881265044212341,0.3374788937034213,0.5338744547623079,0.8021188983772467,0.2721093211920974,0.48639539200876836
99,1.0,1.0,1.0,1.0,2,0.6181630546955624,0.3037190082644628,0.26006191950464397,0.6812502145767212,0.5886568427085876,0.8591177412217845,0.39546051244968755,0.684440145402752,0.8470109612972154,0.6965073400928599
100,8.0,2.0,1.0,0.6666666666666666,3,0.5541012216404886,0.2698689956331878,0.24520069808027922,0.642139732837677,0.6915923357009888,0.8704057572744858,0.5631397783482561,0.7985808653665596,0.8673338270320633,0.7748650570053411
101,2.0,2.0,1.0,1.0,1,0.5488636363636363,0.29692832764505117,0.2886363636363636,0.6781554818153381,0.6897872090339661,0.6306251453253503,0.66824551775136,0.7772342786451061,0.5466810041700295,0.6556964864729615
102,4.0,2.0,1.0,0.5555555555555556,1,0.5457892314772205,0.2478120681713496,0.2512655315232397,0.6659015417098999,0.7559226751327515,0.8650449784109052,0.6071340134727459,0.7177622908783076,0.8587970076244678,0.7621845725966067
103,8.0,1.0,1.0,1.0,1,0.58004158004158,0.30176899063475543,0.2692307692307692,0.6876301169395447,0.6079642176628113,0.7834569965787714,0.4913865536615201,0.6936630874204298,0.8082249463231983,0.6941828959959799
104,8.0,1.0,1.0,1.0,3,0.6052631578947367,0.3550387596899225,0.2801857585139319,0.7060360908508301,0.678203284740448,0.7690049150059048,0.6501942474017885,0.6575871346279104,0.7691758841520853,0.7114905452969222
105,4.0,2.0,1.0,0.7777777777777778,1,0.48115147361206306,0.2484557309540151,0.27553118574366003,0.6267311573028564,0.6499460339546204,0.04162651767940264,0.7373684398955923,0.6794607841106014,0.04870309997675439,0.3767897104155877
106,6.0,1.0,1.0,0.5555555555555556,2,0.578427159432746,0.24258064516129033,0.2346368715083799,0.6693633794784546,0.7887850999832153,0.9052173685831977,0.6478198304840957,0.8367988615476732,0.8930829784113338,0.8207297597565751
107,8.0,1.0,0.0,0.7777777777777778,3,0.6397019691325173,0.33031433137986155,0.24587546567323043,0.6814332604408264,0.6901476383209229,0.8858711464545137,0.6139235814059614,0.6970473925890299,0.8719738571441344,0.7672039943984098
108,1.0,1.0,1.0,0.5555555555555556,2,0.5627283800243605,0.22998780983340106,0.19326025172553798,0.6490075588226318,0.7765282392501831,0.9035867208339534,0.6513934943763255,0.7591421075877863,0.8897211873191895,0.8009608775293138
109,5.0,1.0,0.0,1.0,1,0.5342465753424658,0.2980049875311721,0.26774595267745954,0.6416658759117126,0.693832278251648,0.891973477974471,0.6929068310509334,0.8006874654804053,0.6198115402544,0.7513448286900524
110,1.0,2.0,1.0,0.5555555555555556,1,0.5559960356788899,0.2807539682539682,0.21704658077304262,0.633739173412323,0.6862012147903442,0.8956840947419656,0.45537645575793084,0.8172933708191545,0.8754275276075596,0.7609453622316527
111,1.0,1.0,1.0,1.0,2,0.6151603498542274,0.36284046692607,0.29348882410106897,0.6552473902702332,0.6803574562072754,0.8956628169667535,0.5279357148797006,0.7847632864724639,0.8658299267880546,0.7685479362767431
112,8.0,1.0,1.0,1.0,1,0.6004056795131846,0.30081300813008127,0.28803245436105473,0.7022547125816345,0.7086409330368042,0.1412951877327901,0.6937912548942416,0.8044013357768071,0.1033369788206957,0.4357061893061336
113,1.0,2.0,0.0,0.5555555555555556,2,0.4291272929405225,0.23817473567056205,0.24902723735408558,0.663045346736908,0.6478400230407715,0.5081632365980796,0.7038869081486359,0.7046522948295558,0.2740001993211636,0.5476756597243587
114,2.0,2.0,1.0,0.7777777777777778,1,0.5248651887357698,0.2723455308938212,0.2456560814859197,0.6611574292182922,0.610285758972168,0.6251174191710999,0.7699440288039355,0.799622871023614,0.5860512681616289,0.6951838967900695
115,10.0,2.0,1.0,0.5555555555555556,2,0.5358490566037736,0.27455919395465994,0.27547169811320754,0.5852777361869812,0.7206466197967529,0.6711720780051964,0.7351471810999155,0.7394836393003639,0.5144114512685276,0.6650535874185008
116,8.0,1.0,0.0,1.0,2,0.5988700564971752,0.2758132956152758,0.2768361581920904,0.676938533782959,0.758941650390625,0.8943274638765824,0.68259614800596,0.7333774582437028,0.8783474388297462,0.7971621272389978
117,1.0,2.0,1.0,0.5555555555555556,1,0.567487684729064,0.28007889546351084,0.2610837438423645,0.6749482750892639,0.6549891233444214,0.8738614840797315,0.556153044321486,0.6933882184942789,0.8548500565227969,0.7445632008545734
118,12.0,2.0,1.0,1.0,1,0.6369251887439945,0.33127147766323023,0.304735758407687,0.6655325889587402,0.733799397945404,0.6485880315030373,0.6624289098585977,0.8022655210611508,0.5965475102393194,0.6774574931655263
119,1.0,1.0,1.0,1.0,2,0.606501698204755,0.27391937833899954,0.2435710819990296,0.6800006628036499,0.5955677032470703,0.8395887024222951,0.5571677161785954,0.5279573706446103,0.8277021967624127,0.6881039965019784
120,1.0,1.0,0.0,0.5555555555555556,1,0.6321525885558582,0.2869612656846699,0.24850136239782017,0.6937079429626465,0.7669193744659424,0.8993291309834504,0.5728442964780213,0.6392519053421324,0.8664340695966697,0.7444648506000684
121,9.0,2.0,1.0,1.0,2,0.5759162303664922,0.31157694140066694,0.2751070918610185,0.6536184549331665,0.6785600185394287,0.7567056684183624,0.5316316508717398,0.5879068399851923,0.8031994469102753,0.6698609015463924
122,6.0,2.0,0.0,1.0,2,0.6720867208672088,0.3624525230602279,0.32845528455284556,0.6428128480911255,0.7195552587509155,0.8655952195484597,0.6142988058555184,0.5824805145424375,0.8523594533853766,0.7286834983329481
123,1.0,2.0,1.0,1.0,1,0.6413502109704642,0.3212172442941673,0.3071729957805907,0.649583637714386,0.7099930644035339,0.6741151864042277,0.7049580400468813,0.7308634812287274,0.6705919588770586,0.6951321666392237
124,2.0,1.0,1.0,0.5555555555555556,1,0.3897824030274361,0.19507575757575757,0.19110690633869443,0.6157717108726501,0.7555809020996094,0.8992232772678186,0.6958628094797414,0.798791019056561,0.8893096395121135,0.8207966863290586
125,1.0,1.0,0.0,1.0,1,0.58600583090379,0.2802919708029197,0.2696793002915452,0.6766838431358337,0.7811502814292908,0.871490924574156,0.7140436607596045,0.833214417266392,0.8469040799464638,0.816413270636654
126,9.0,2.0,1.0,1.0,2,0.5937961595273266,0.29881656804733725,0.24815361890694243,0.6602248549461365,0.660575807094574,0.873523827041994,0.6577582658352095,0.7246355202622144,0.8566258047852677,0.7781358544811714
127,10.0,2.0,0.0,1.0,1,0.47277803629595166,0.25989753143921757,0.22056770590972546,0.6213167905807495,0.7583253383636475,0.5975812363604198,0.648200421499647,0.7548934330310254,0.48477560432137246,0.6213626738031162
128,2.0,2.0,1.0,0.5555555555555556,2,0.5919239904988124,0.3100332857822159,0.24133016627078382,0.6510247588157654,0.7266356348991394,0.610615281332511,0.6465782508659628,0.7337238213507686,0.6781852280007621,0.6672756453875011
129,5.0,1.0,1.0,1.0,2,0.5743589743589744,0.28319882611885544,0.22564102564102562,0.6823188066482544,0.6295215487480164,0.32512290577084163,0.6198690784623456,0.5774652838375763,0.6352830057603152,0.5394350684577697
130,1.0,1.0,1.0,1.0,2,0.4850051706308169,0.28364389233954446,0.2802481902792141,0.6124008297920227,0.6096383333206177,0.6583558713619756,0.604001955135804,0.6556691998093225,0.5046834902364652,0.6056776291358918
131,1.0,1.0,1.0,0.7777777777777778,2,0.6080114449213162,0.31661891117478513,0.30185979971387694,0.6409094333648682,0.7203018665313721,0.08171816168643808,0.5724003376706973,0.7881731701787201,0.08199906369448003,0.3810726833075839
132,4.0,2.0,0.0,0.5555555555555556,2,0.4613284804367606,0.1930783242258652,0.2010919017288444,0.6346419453620911,0.646244466304779,0.3237735101851441,0.5876732480699459,0.6628884197726507,0.18558884765957892,0.43998100642182986
133,2.0,1.0,1.0,0.5555555555555556,2,0.4633891213389121,0.21884816753926703,0.21652719665271963,0.5675742030143738,0.7198014855384827,0.2732224032667529,0.5828295054306128,0.668406291478226,0.20284948996507876,0.43182692253516763
134,8.0,1.0,0.0,0.5555555555555556,2,0.5830721003134797,0.2144351464435146,0.19853709508881923,0.6736150979995728,0.7622624635696411,0.8465670855360496,0.6445805887178864,0.7064408223930014,0.833827389980778,0.7578539716569288
135,2.0,1.0,0.0,0.5555555555555556,1,0.6507747318235995,0.32696897374701667,0.2359952324195471,0.685806155204773,0.7222367525100708,0.7393654271797329,0.5345460151135832,0.7331621747123306,0.7568080339181266,0.6909704127309433
136,10.0,2.0,0.0,0.6666666666666666,2,0.6074910210364289,0.297894196199281,0.25448948178553105,0.6576136350631714,0.7266754508018494,0.8915394713450074,0.5422596005146831,0.7595062959225002,0.8722243849746713,0.7663824381892156
137,8.0,1.0,1.0,0.6666666666666666,4,0.5681818181818182,0.3333333333333333,0.2534965034965035,0.6493545174598694,0.7481239438056946,0.9322044878479738,0.6500050685476256,0.773447352213657,0.8898337531558212,0.8113726654412694
138,1.0,2.0,0.0,0.5555555555555556,1,0.45421903052064627,0.16187050359712232,0.21364452423698382,0.61504065990448,0.6739743947982788,0.3342814871082946,0.5966396037905433,0.7466397122229352,0.9131383873240033,0.6476747976114441
139,3.0,2.0,1.0,0.6666666666666666,2,0.5993910395824272,0.347409664780148,0.2714223575467594,0.6213986277580261,0.6885085701942444,0.8660785274302288,0.6323918631193286,0.705863928110784,0.862149716121485,0.7666210086954566
140,8.0,2.0,0.0,1.0,0,0.6016806722689075,0.36904094223219297,0.27226890756302524,0.7112471461296082,0.790775716304779,0.10284126780523534,0.7413870721149768,0.7947604898317954,0.07622885674268577,0.4288044216236733
141,5.0,2.0,0.0,0.875,2,0.5253256150506511,0.18695652173913044,0.19971056439942111,0.6389601826667786,0.7108094096183777,0.8155505218703615,0.6534178627602227,0.7905529564178563,0.7920763663488312,0.7628994268493179
142,9.0,2.0,1.0,1.0,4,0.2851828890266584,0.19987585350713843,0.1921884686918785,0.6624934673309326,0.61376953125,0.6055604501676138,0.8148000031148591,0.7183443607769151,0.2470771309130424,0.5964454862431077
143,8.0,1.0,1.0,0.7777777777777778,1,0.6105263157894737,0.3490609253321118,0.2919908466819222,0.6405167579650879,0.7655549049377441,0.8458518373093055,0.581761642534097,0.7812437535086046,0.8521966023826374,0.7652634589336611
144,1.0,2.0,1.0,1.0,1,0.4819277108433735,0.24849215922798554,0.2144578313253012,0.570015013217926,0.7754583358764648,0.46902996623197846,0.6886545805941952,0.7788853061363906,0.23465655619721615,0.542806602289945
145,1.0,2.0,1.0,1.0,1,0.5857385398981325,0.29931972789115646,0.30390492359932086,0.6604087352752686,0.6332140564918518,0.7783700153052382,0.5850855928521415,0.6195859876704062,0.8176864685811122,0.7001820161022245
146,1.0,1.0,1.0,1.0,2,0.545578231292517,0.29836512261580383,0.2897959183673469,0.69273841381073,0.5332750082015991,0.7496937693701062,0.6995860333602564,0.7023290453444602,0.7398311982046148,0.7228600115698594
147,3.0,2.0,0.0,0.5555555555555556,3,0.43564356435643564,0.22243528283796743,0.1954647077610987,0.6087982058525085,0.5952372550964355,0.887487820745877,0.5241657959218192,0.6746816547759563,0.8376963257164532,0.7310078992900264
148,8.0,2.0,0.0,0.7777777777777778,2,0.58743961352657,0.32108317214700194,0.31304347826086953,0.6568742394447327,0.6813172698020935,0.9053520881708651,0.5184746739806089,0.7229610995859916,0.8736962924681073,0.7551210385513932
149,10.0,2.0,1.0,0.7777777777777778,2,0.5481481481481482,0.20768712070128117,0.2558922558922559,0.6563963294029236,0.6483874320983887,0.8415781211778175,0.6336687277901359,0.7236510964457403,0.8213928104315316,0.7550726889613063
150,4.0,2.0,1.0,1.0,3,0.5555555555555556,0.24507874015748035,0.21927236971484756,0.6498667001724243,0.708825945854187,0.8717904403874156,0.5146419009050119,0.7106954271830673,0.8449393802455678,0.7355167871802657
151,8.0,2.0,1.0,0.75,3,0.4987146529562982,0.2653436236677692,0.22181417554168195,0.6492545008659363,0.6609335541725159,0.8546185546618563,0.5678392751997264,0.6704118346834739,0.7612300525151803,0.7135249292650592
152,8.0,2.0,0.0,1.0,2,0.6636259977194983,0.3230593607305936,0.28962371721778796,0.6613444685935974,0.6494319438934326,0.8424313125850984,0.6168775893260382,0.5781042836845462,0.8501768573448504,0.7218975107351333
153,1.0,1.0,0.0,0.6666666666666666,1,0.6291352292513057,0.23009877977919815,0.22751015670342428,0.6390150785446167,0.6572693586349487,0.914370993759532,0.6790075056989516,0.8218936558068037,0.8981672174894233,0.8283598431886777
154,8.0,1.0,1.0,1.0,2,0.5954870665932857,0.24022038567493112,0.2344523940561365,0.6565156579017639,0.7127873301506042,0.41136555751551024,0.6616666439571661,0.7374913197772427,0.2735977589093626,0.5210303200398204
155,1.0,2.0,1.0,0.5555555555555556,1,0.6291283161884137,0.30460704607046074,0.2826204656199242,0.6529902815818787,0.7526746988296509,0.8165601611104784,0.4949509613200031,0.7161219195940262,0.7836474121513249,0.7028201135439581
156,8.0,1.0,1.0,1.0,2,0.42676458588331295,0.23683135973866887,0.18849449204406366,0.6918346881866455,0.5929070115089417,0.8067422410806421,0.5672170149086577,0.8133261865994371,0.7901631044981944,0.7443621367717328
157,7.0,1.0,1.0,0.5555555555555556,1,0.5149976926626672,0.2235565819861432,0.20673742501153666,0.6344473361968994,0.7099339365959167,0.4815973662800264,0.6344997058836817,0.6018370572627666,0.26485794158969544,0.4956980177540425
158,8.0,1.0,0.0,1.0,3,0.5475372279495991,0.23853211009174313,0.23367697594501716,0.6678049564361572,0.6937916874885559,0.7923869360631567,0.6734538065029192,0.7703820687493774,0.7591628127280506,0.7488464060108759
159,6.0,2.0,1.0,1.0,2,0.5575447570332481,0.3025641025641026,0.23273657289002558,0.6431199908256531,0.6172958016395569,0.2293044023963994,0.7651614701772071,0.7732888856706329,0.12312454954014221,0.47271982694609543
160,1.0,1.0,0.0,0.6666666666666666,1,0.5550488599348534,0.22961513372472275,0.22149837133550487,0.6656925082206726,0.7087147831916809,0.8540909383516083,0.6980195307690361,0.8052688130238588,0.8024149544449729,0.7899485591473691
161,1.0,1.0,1.0,1.0,2,0.6750629722921915,0.3493064312736444,0.2808564231738036,0.6836378574371338,0.7548754215240479,0.7334085493738112,0.5329109551708253,0.6523545986161459,0.6657754845013251,0.6461123969155269
162,3.0,1.0,0.0,1.0,1,0.5813704496788009,0.2743837084673098,0.28372591006423986,0.6524180173873901,0.6226131916046143,0.8177997213354542,0.6035188442400754,0.6271292759462093,0.8207184040847811,0.71729156140163
163,8.0,2.0,1.0,1.0,2,0.5905224787363306,0.2238442822384428,0.24179829890643983,0.6404556035995483,0.6922518610954285,0.9241286828274898,0.6246169634858739,0.8164502407856118,0.9197807735659409,0.8212441651662291
164,5.0,2.0,1.0,0.6666666666666666,3,0.5838961038961039,0.25169006760270407,0.22857142857142854,0.6591479778289795,0.6961596012115479,0.8294610015317505,0.533436444857242,0.7959132233196703,0.8293069750724652,0.747029411195282
165,9.0,2.0,0.0,1.0,3,0.5797579757975798,0.23348017621145375,0.20462046204620463,0.6310699582099915,0.6500582098960876,0.8415784565272671,0.6034313411826868,0.762738181438255,0.8150203040170279,0.7556920707913093
166,8.0,2.0,1.0,1.0,2,0.614247311827957,0.2624495289367429,0.23387096774193547,0.6665396690368652,0.7621601819992065,0.8724072478535481,0.6500793664491478,0.716051701000101,0.8679585273520732,0.7766242106637176
167,1.0,1.0,0.0,1.0,1,0.5636007827788649,0.21423905943827565,0.23744292237442924,0.6652713418006897,0.7323399782180786,0.7147802453058467,0.6512013138659699,0.8125787661359956,0.7680645279636087,0.7366562133178551
168,2.0,2.0,0.0,1.0,2,0.4325346784363178,0.24494949494949492,0.2168978562421185,0.6094149351119995,0.5483826398849487,0.7905418635353408,0.6469667484377428,0.5988450238018108,0.743168518834371,0.6948805386523162
169,5.0,1.0,1.0,1.0,1,0.49555273189326554,0.2509537939805002,0.2312579415501906,0.635936439037323,0.7179198265075684,0.8689470561220186,0.6001237287496138,0.7507712907179713,0.8026813430736291,0.7556308546658083
170,3.0,1.0,1.0,0.5555555555555556,1,0.47217537942664417,0.268646641916976,0.19966273187183817,0.6620336174964905,0.7325922250747681,0.9045500027831832,0.5117589972823592,0.660289025320922,0.8859873302856179,0.7406463389180206
171,8.0,2.0,1.0,1.0,2,0.6050884955752212,0.283499446290144,0.2831858407079646,0.6608687043190002,0.6152873039245605,0.6646937051269393,0.5745784799338532,0.6879373821619897,0.7169238951673718,0.6610333655975386
172,2.0,2.0,0.0,0.5555555555555556,3,0.6013824884792627,0.22029988465974623,0.22004608294930877,0.6613884568214417,0.752435564994812,0.9176390460025284,0.524194855929535,0.8200768465209194,0.8941516744705684,0.7890156057308877
173,9.0,1.0,1.0,1.0,3,0.6389776357827476,0.2835820895522388,0.2172523961661342,0.6666235327720642,0.7058817148208618,0.9094399429653005,0.5805424516078803,0.7810606907418471,0.8948763130041183,0.7914798495797865
174,13.0,1.0,0.0,1.0,3,0.43513713862120085,0.2618694362017804,0.20607857672349889,0.6738004088401794,0.6626617312431335,0.5638351291941853,0.6321832478325844,0.5893007715787516,0.47870384995711407,0.5660057496406589
175,8.0,2.0,1.0,1.0,2,0.36489607390300227,0.2066306861989206,0.17551963048498848,0.5931583046913147,0.761486828327179,0.03430029446863483,0.7445422604428531,0.7441135472801897,0.028543392231508508,0.38787487360579653
176,10.0,2.0,1.0,1.0,3,0.5874524714828897,0.285442435775452,0.25,0.6772259473800659,0.6949973106384277,0.6955883621315258,0.5201565321325298,0.8029600938699543,0.6857132860428277,0.6761045685442093
177,6.0,2.0,1.0,1.0,3,0.5611721611721613,0.2831988261188555,0.273992673992674,0.6100000739097595,0.6084311008453369,0.5772470668611472,0.6004388725839195,0.6195689806285448,0.3159392778063487,0.5282985494699901
178,8.0,1.0,1.0,0.5555555555555556,1,0.48727544910179643,0.2599250936329588,0.22829341317365273,0.6621069312095642,0.6963517665863037,0.8721630513848375,0.6734808739371477,0.716332353396878,0.8584386131351772,0.7801037229635102
179,8.0,2.0,1.0,0.6666666666666666,4,0.41259698767685987,0.1845591594335313,0.17069831127339113,0.6129608154296875,0.712622344493866,0.33394176377155266,0.6762174603034702,0.7611211440739097,0.34238658792462484,0.5284167390183894
180,2.0,1.0,1.0,1.0,2,0.6170655567117584,0.2427083333333333,0.2029136316337149,0.6250629425048828,0.715802013874054,0.8260464230796127,0.515887918485409,0.6194958902660553,0.8169213186844627,0.6945878876288849
181,8.0,2.0,1.0,1.0,3,0.5802469135802469,0.2509505703422053,0.24216524216524216,0.6570498943328857,0.6294667720794678,0.9287503336195707,0.5549356364377823,0.6764593594107263,0.906032943197289,0.7665445681663421
182,1.0,1.0,0.0,0.5555555555555556,1,0.5553956834532373,0.29394812680115273,0.27769784172661865,0.6838799118995667,0.672495424747467,0.8968339509782717,0.6729544691406552,0.7362446492302278,0.8859065367105597,0.7979849015149286
183,1.0,2.0,1.0,1.0,1,0.46048387096774196,0.2542372881355932,0.21935483870967742,0.6107202172279358,0.7586297988891602,0.9034845183574971,0.6167703268080608,0.7568466372267586,0.8946552478771379,0.7929391825673635
184,1.0,1.0,0.0,1.0,1,0.5794520547945206,0.2812071330589849,0.236986301369863,0.6539162397384644,0.6210440993309021,0.8794634498792904,0.6940955432256775,0.8152334039572308,0.8744660348164344,0.8158146079696582
185,1.0,2.0,1.0,0.7777777777777778,1,0.6495619524405506,0.2832080200501253,0.2528160200250313,0.6964290142059326,0.7065423130989075,0.8999503162921881,0.6426040127254055,0.7390529676870851,0.8669336201293413,0.787135229208505
186,7.0,1.0,0.0,1.0,3,0.5180493983533881,0.2675967025998732,0.27612412919569346,0.6470022201538086,0.6823659539222717,0.12508512382196826,0.756460233011881,0.8309290524087424,0.3122191691005543,0.5061733945857865
187,2.0,1.0,1.0,0.75,2,0.43094590510728314,0.21953432113698215,0.20429132668479902,0.6343502402305603,0.804501473903656,0.9208861406235738,0.49749499961830707,0.8818135292117165,0.8509526814402846,0.7877868377234705
188,2.0,1.0,1.0,0.5555555555555556,2,0.4971796937953263,0.2,0.18614020950846094,0.6414332985877991,0.7251692414283752,0.8676877817472388,0.5808736874270991,0.754385994602534,0.8667516554848633,0.7674247798154339
189,9.0,2.0,1.0,1.0,3,0.6395089285714285,0.3363128491620112,0.26674107142857145,0.6250979900360107,0.7023948431015015,0.8081832567667356,0.6408120578333738,0.6893212058828454,0.829279227319434,0.7418989369505973
190,9.0,2.0,1.0,1.0,2,0.6338582677165355,0.31274638633377133,0.28083989501312334,0.6650281548500061,0.7841440439224243,0.8114931824463394,0.6477314532183169,0.6776160864534682,0.7679239477675265,0.7261911674714128
191,3.0,1.0,1.0,0.5555555555555556,2,0.5513784461152882,0.24414715719063546,0.1971595655806182,0.6342490911483765,0.8324857950210571,0.6872073939393976,0.5809284578724655,0.8242034517806915,0.7904367902197672,0.7206940234530804
192,1.0,1.0,1.0,1.0,2,0.661455201443175,0.3443708609271523,0.291040288634997,0.6728227734565735,0.5767778754234314,0.8857112179702126,0.5527594647104802,0.6913357639558878,0.868304322646158,0.7495276923206846
193,1.0,1.0,1.0,1.0,2,0.5296324081020255,0.2659654395191585,0.23705926481620404,0.6673728823661804,0.6077321767807007,0.7382499559220237,0.5939124863994274,0.6403460936533986,0.6839640587738361,0.6641181486871715
194,12.0,2.0,1.0,1.0,3,0.632895559724828,0.26424546023794615,0.23264540337711068,0.6512438654899597,0.6508908271789551,0.9002331800294862,0.5265621955807276,0.5928329184234523,0.9083631122789476,0.7319978515781534
195,12.0,2.0,1.0,1.0,2,0.6528497409326426,0.3100864553314121,0.2751871042026482,0.6427915692329407,0.6777823567390442,0.8570996178774625,0.5931780288609737,0.6754719191218942,0.8375063015821314,0.7408139668606155
196,8.0,2.0,0.0,0.7777777777777778,1,0.5924170616113744,0.28178368121442127,0.24644549763033174,0.6622942090034485,0.7196382880210876,0.8586907198410495,0.5607254340297955,0.8435329408530438,0.8597975789620595,0.780686668421487
197,4.0,2.0,1.0,1.0,2,0.5961538461538461,0.2544704264099037,0.24862637362637363,0.658902108669281,0.7314713001251221,0.2814207006172861,0.7671573430539466,0.7305378002981131,0.5110258018850352,0.5725354114635952
198,1.0,1.0,1.0,0.6666666666666666,2,0.6204906204906205,0.28612716763005785,0.30014430014430016,0.6636714935302734,0.7603440284729004,0.36204593162574783,0.6970222693073731,0.7498974620375609,0.3873630699930774,0.5490821832409398
199,3.0,1.0,1.0,1.0,2,0.6120805369127517,0.3251231527093596,0.28008948545861295,0.675734281539917,0.7709138989448547,0.8925814548295452,0.6816121947037369,0.7064046908272108,0.8930611759300063,0.7934148790726249
200,8.0,2.0,1.0,0.7777777777777778,3,0.6328530259365994,0.2815926139642239,0.24899135446685883,0.6635666489601135,0.6729382276535034,0.9262160241254815,0.5784857163869201,0.6516098310428482,0.9033487320488421,0.764915075901023
201,2.0,2.0,1.0,0.5555555555555556,1,0.5538985939497231,0.2805970149253732,0.22411589262888792,0.6341067552566528,0.7319002151489258,0.7867036772245741,0.618788112634706,0.6900305899138099,0.8373510726405796,0.7332183631034175
202,2.0,2.0,0.0,0.5555555555555556,1,0.505726872246696,0.20899470899470898,0.18766519823788547,0.6097604632377625,0.6567295789718628,0.8992432301398184,0.4617150046193111,0.5770674173699016,0.858673850821975,0.6991748757377516
203,9.0,1.0,1.0,0.5555555555555556,2,0.5406593406593406,0.1951577402787968,0.20952380952380953,0.6467679142951965,0.6812046766281128,0.8304148477075176,0.5742631866044917,0.6698220083303691,0.8354052287731686,0.7274763178538868
204,8.0,1.0,1.0,0.7777777777777778,3,0.5695364238410595,0.22182037371910793,0.2131246237206502,0.6338638067245483,0.6165046095848083,0.8650529785841978,0.6529666486522466,0.6357341000854588,0.8508673738219047,0.7511552752859519
205,6.0,1.0,0.0,0.6666666666666666,3,0.6061971830985915,0.2695995487873661,0.23661971830985915,0.6571529507637024,0.7551397085189819,0.9028700950350407,0.6673511020675899,0.7868262723780192,0.8774271584972758,0.8086186569944813
206,1.0,2.0,0.0,0.5555555555555556,2,0.6079545454545454,0.267349260523322,0.24545454545454545,0.6961498856544495,0.6689568161964417,0.8769897825243171,0.5201869088317506,0.6921037194096018,0.8511681313260518,0.7351121355229303
207,2.0,1.0,0.0,1.0,1,0.6093514328808446,0.2930513595166163,0.3257918552036199,0.6988158822059631,0.6224302053451538,0.6415856714473531,0.5877066246915265,0.7371153609292876,0.313555072855438,0.5699906824809013
208,8.0,1.0,0.0,0.5555555555555556,2,0.5921483097055615,0.23689956331877732,0.23009814612868051,0.6281312108039856,0.7047548890113831,0.8827834714708769,0.5235301857022936,0.6474349022447344,0.8568402248782268,0.7276471960740329
209,9.0,2.0,1.0,0.5555555555555556,2,0.6387832699619772,0.3273518216421969,0.2857142857142857,0.6654626727104187,0.6566469073295593,0.887001252039934,0.6263400763199493,0.7167855347029255,0.8706557970144712,0.77519566501932
210,1.0,1.0,1.0,0.5555555555555556,2,0.610796915167095,0.2799794132784354,0.20565552699228795,0.6593449115753174,0.6185216307640076,0.19095683393878177,0.5182688901624636,0.7339519575334854,0.24123525431408877,0.4211032339872049
211,3.0,2.0,0.0,0.7777777777777778,2,0.5775862068965517,0.30209617755856966,0.28201970443349755,0.6730772852897644,0.7254138588905334,0.7032194096507693,0.6609615441042376,0.879100958916436,0.5214145692957922,0.6911741204918088
212,8.0,1.0,1.0,1.0,1,0.603058103975535,0.2535211267605633,0.272782874617737,0.6664572954177856,0.7137828469276428,0.8627580031293576,0.5958786669415703,0.7762825261133233,0.8584173893552601,0.7733341463848779
213,1.0,2.0,1.0,0.8888888888888888,1,0.5830178474851271,0.3010286951813752,0.2206598161168199,0.5953482985496521,0.6816838383674622,0.870912711102422,0.5445880176716983,0.6539628410804303,0.8229927221029967,0.7231140729893869
214,2.0,2.0,1.0,0.8888888888888888,3,0.5545112781954887,0.2617702448210923,0.2349624060150376,0.6649429798126221,0.7079753279685974,0.8530764443912106,0.7487530458767282,0.8430827393949492,0.8501587438489655,0.8237677433779633
215,9.0,2.0,1.0,1.0,2,0.5943827563683867,0.33878351863963374,0.31874591770084915,0.6520362496376038,0.6620213389396667,0.5857103747437784,0.6027012099234564,0.7498157001753709,0.48915484034959983,0.6068455312980514
216,1.0,1.0,0.0,0.5555555555555556,1,0.572926596758818,0.26908396946564883,0.23069590085795996,0.6529325842857361,0.659767746925354,0.8664470893357432,0.5500337522373073,0.7356871963283791,0.8345423868905619,0.7466776061979978
217,8.0,2.0,0.0,1.0,2,0.6048,0.27884615384615385,0.2288,0.6150420308113098,0.7400597333908081,0.6081087794749338,0.6465941393125071,0.7131238741938215,0.4943224700176086,0.6155373157497177
218,1.0,1.0,0.0,0.8888888888888888,1,0.6308040770101925,0.28798185941043086,0.23782559456398641,0.6547065377235413,0.8023593425750732,0.8444354539902454,0.5840886811145749,0.7945970320222513,0.8584038096671459,0.7703812441985544
219,1.0,2.0,1.0,1.0,1,0.6010568031704095,0.23015873015873015,0.2126816380449141,0.6565811634063721,0.7234621047973633,0.678444662481523,0.6100674252754255,0.6182193386147904,0.7727926326853478,0.6698810147642718
220,3.0,2.0,1.0,1.0,1,0.6371936568957232,0.3164983164983165,0.2691013935607881,0.6613120436668396,0.6940417885780334,0.8917020089234574,0.4830769350847262,0.7798464839420718,0.8631171392563968,0.7544356418016631
221,7.0,1.0,1.0,1.0,2,0.5638389031705227,0.3587982832618026,0.36846615252784914,0.6842610836029053,0.7429302930831909,0.8662554690699458,0.793983014863789,0.8375802134962028,0.8682351926489936,0.8415134725197327
222,8.0,2.0,1.0,1.0,0,0.5950054288816504,0.29162132752992387,0.3018458197611292,0.686873197555542,0.8236010074615479,0.8330463777305902,0.749055232723296,0.7718342201791869,0.6336451099883915,0.7468952351553662
223,4.0,2.0,1.0,0.8888888888888888,1,0.6143128562381255,0.28408370323398857,0.27485750474984166,0.6579769849777222,0.6487593650817871,0.8412737811210821,0.5654000908121007,0.6135155804804321,0.8344003196026485,0.7136474430040658
224,8.0,1.0,1.0,1.0,2,0.6248648648648647,0.25,0.21405405405405403,0.6396351456642151,0.7394237518310547,0.8711060128846944,0.6543614889331345,0.7237700179783688,0.8681314599021871,0.7793422449245963
225,2.0,1.0,1.0,0.5555555555555556,2,0.5350713842333953,0.18645121193287756,0.2048417132216015,0.6485543847084045,0.7133913636207581,0.7767580331063303,0.5807400881411446,0.7313837015997311,0.7877142765308223,0.7191490248445072
226,12.0,2.0,0.0,0.6666666666666666,1,0.5011933174224343,0.304140127388535,0.25934765314240255,0.5942838191986084,0.7492101192474365,0.13002551618971347,0.6531481294476087,0.8053905667662684,0.11695646125590585,0.4263801684148741
227,2.0,2.0,1.0,0.5555555555555556,1,0.6403110823071938,0.27774172615184944,0.24497731691510047,0.6625691652297974,0.7270125150680542,0.8171776928401608,0.6144202625448257,0.7282337971106619,0.7954499473812024,0.7388204249692127
228,8.0,1.0,1.0,1.0,2,0.6491228070175439,0.34906695938529086,0.27083333333333337,0.6287614107131958,0.6899900436401367,0.8916143933986874,0.474592674061224,0.5827898196221912,0.8779626548310914,0.7067398854782985
229,9.0,2.0,1.0,1.0,1,0.6146234194612425,0.259768849752339,0.24189114898295766,0.6711003184318542,0.7957720160484314,0.8504874247596427,0.7951708615234652,0.8263540384144744,0.8359204773265394,0.8269832005060305
230,2.0,2.0,1.0,0.7777777777777778,1,0.28768303186907834,0.1553062985332183,0.1757105943152455,0.6242045164108276,0.5965664386749268,0.9205800232869116,0.7414153363388447,0.7280768002737333,0.8432999047481871,0.8083430161619192
231,4.0,2.0,1.0,0.5555555555555556,1,0.46189683860232944,0.24242424242424246,0.19966722129783693,0.6254501938819885,0.6673265695571899,0.9063932865752367,0.563146170157431,0.677142618362301,0.8627027130127636,0.7523461970269331
232,1.0,1.0,1.0,1.0,2,0.6551105797967722,0.33273488928785155,0.2546323968918111,0.6495273113250732,0.7112579345703125,0.8814669933951609,0.579265356571569,0.7334391866090326,0.8557548901716984,0.7624816066868652
233,8.0,1.0,1.0,1.0,3,0.5855999999999999,0.23171382808328883,0.21653333333333333,0.6041443943977356,0.7244241833686829,0.8574584151488075,0.7172009786905805,0.7154373902884282,0.8290998624298971,0.7797991616394283
234,10.0,1.0,0.0,0.7777777777777778,4,0.5385656292286874,0.25474254742547425,0.2354533152909337,0.6540670394897461,0.7144787311553955,0.8662454004019084,0.7764784841904624,0.7271992872100934,0.7563308062138913,0.7815634945040889
235,7.0,2.0,1.0,1.0,0,0.6103828002097536,0.2866141732283465,0.22653382275825903,0.6157544851303101,0.6422392129898071,0.8803143522360698,0.5065504069435269,0.5424917777816183,0.859364143489272,0.6971801701126217
236,3.0,2.0,1.0,1.0,1,0.561520190023753,0.29862101759391346,0.2631828978622328,0.6280422210693359,0.7079397439956665,0.8673815039191355,0.6600218086846348,0.7183539827375601,0.8835918880874792,0.7823372958572024
237,9.0,2.0,1.0,0.8888888888888888,1,0.574585635359116,0.23651452282157676,0.20718232044198892,0.6585832834243774,0.6604548096656799,0.9151975970184103,0.552354985312269,0.7631522345625513,0.8917636091512672,0.7806171065111245
238,1.0,2.0,1.0,0.6666666666666666,1,0.6111111111111112,0.27441285537700866,0.2950617283950617,0.6189671158790588,0.782236635684967,0.2374864357068374,0.6385099198530312,0.7852863277199823,0.5238456304200575,0.5462820784249771
239,8.0,1.0,1.0,0.6666666666666666,1,0.643507972665148,0.314709236031927,0.23917995444191342,0.648110032081604,0.7970964908599854,0.9099956580772652,0.7343451959142753,0.7601906772259167,0.8867182788641176,0.8228124525203937
240,8.0,1.0,1.0,0.7777777777777778,3,0.544921875,0.27663734115347016,0.271484375,0.6469428539276123,0.7057124376296997,0.3875349702072059,0.6017652139748703,0.6205845825767747,0.23817284718717713,0.46201440348650696
241,2.0,2.0,0.0,0.5555555555555556,3,0.5352112676056338,0.28278513455788123,0.255228339735382,0.6810204982757568,0.6876706480979919,0.9048178114702667,0.5420287188821886,0.6748037363059792,0.9030614935868427,0.7561779400613193
242,8.0,2.0,1.0,1.0,3,0.6394686907020873,0.38022813688212925,0.3206831119544592,0.7214106321334839,0.5050975680351257,0.8953159873835808,0.6857812652228197,0.7383495186245613,0.8461197153955089,0.7913916216566177
243,8.0,2.0,1.0,1.0,3,0.6658536585365853,0.35653235653235654,0.27804878048780485,0.6670886278152466,0.5742167234420776,0.7732966494210018,0.41043071311559365,0.6626689366347562,0.7471226980839604,0.648379749313828
244,8.0,1.0,0.0,0.5555555555555556,2,0.5845303867403314,0.2157079646017699,0.22983425414364642,0.6656665205955505,0.7486704587936401,0.8973579972057498,0.7502160005188576,0.7997961183602406,0.8785329986550722,0.83147577868498
245,3.0,1.0,1.0,0.5555555555555556,3,0.6719445818901534,0.3694898464586428,0.2929242949035132,0.6904364824295044,0.8056367039680481,0.7412233664391197,0.5889049380630742,0.8145989959714266,0.8188977673312191,0.74090626695121
246,1.0,1.0,0.0,1.0,2,0.6290619251992643,0.27992633517495397,0.23789086450030658,0.6646891236305237,0.7076336741447449,0.8813885654980329,0.6777657233100323,0.7891315882661724,0.8394692882027108,0.7969387913192371
247,9.0,2.0,1.0,0.6666666666666666,3,0.48462021343377276,0.23381521055939658,0.23728813559322035,0.6215186715126038,0.6675134897232056,0.5441614554455646,0.6465858089914679,0.6254174624788496,0.5249238450815897,0.5852721429993679
248,1.0,1.0,0.0,1.0,1,0.5153374233128833,0.29499561018437226,0.294478527607362,0.6711913347244263,0.6846047639846802,0.7988216270033361,0.6547454364376386,0.6755907703349557,0.7736168724027248,0.7256936765446638
249,3.0,2.0,0.0,0.5555555555555556,2,0.5504661532225374,0.3115618661257607,0.23672476692338876,0.6676411628723145,0.7174144983291626,0.8700445578316087,0.568470428758199,0.7575300793319155,0.8363696878994376,0.7581036884552901
250,1.0,2.0,1.0,0.5555555555555556,1,0.568816658202133,0.2755465175394001,0.25088877602844084,0.6217413544654846,0.6973592638969421,0.8560847322942026,0.6810047570240266,0.6302400307615418,0.8331390374133132,0.7501171393732711
251,2.0,2.0,1.0,0.6666666666666666,3,0.5623696287025449,0.2722338204592902,0.21693783896537336,0.6563283801078796,0.804114818572998,0.8195308216334583,0.5308066819129529,0.7425821155638302,0.7894407208441201,0.7205900849885905
252,13.0,2.0,0.0,0.6666666666666666,1,0.5211538461538462,0.23099133782483158,0.22211538461538463,0.631827712059021,0.7647280097007751,0.5201945537038992,0.630905095388594,0.821376802460921,0.3727159793756517,0.5862981077322664
253,9.0,1.0,0.0,1.0,3,0.540192926045016,0.24704618689581098,0.2572347266881029,0.6402674913406372,0.7190943956375122,0.14827057029847587,0.7033808009666865,0.7181239236062674,0.42231032726551176,0.4980214055342354
254,8.0,2.0,0.0,0.75,2,0.6334991708126035,0.28887659103486446,0.2189054726368159,0.6491518616676331,0.6927822828292847,0.8986378539540596,0.5744821898613699,0.6683369057689084,0.8880887838621483,0.7573864333616216
255,1.0,1.0,0.0,1.0,1,0.5655070318282753,0.2831727205337287,0.24722427831236118,0.6432059407234192,0.6487153172492981,0.6457354278877386,0.6213104931623883,0.683157476760893,0.5272861465724845,0.6193723860958761
256,1.0,2.0,1.0,0.875,1,0.46181818181818185,0.20887918486171758,0.18327272727272728,0.6203680038452148,0.6726593375205994,0.8958388825107239,0.6186863267856624,0.6179697445370586,0.8873565314507641,0.7549628713210523
257,2.0,1.0,0.0,1.0,1,0.6123013130615066,0.31418685121107265,0.2681409813407049,0.6752411127090454,0.6126828193664551,0.8020770707264726,0.6040060292799138,0.7912760003615348,0.7428389887840696,0.7350495222879977
258,9.0,2.0,0.0,0.6666666666666666,2,0.5916359163591635,0.2315270935960591,0.1955719557195572,0.6285078525543213,0.7195754051208496,0.8161436955512854,0.544805993897021,0.6764165910301762,0.8304667357134444,0.7169582540479817
259,2.0,1.0,1.0,1.0,1,0.6620847651775488,0.3211009174311927,0.29095074455899195,0.6505478024482727,0.7266114354133606,0.8805366322474787,0.6615307749345036,0.7991875365488413,0.850478946579044,0.7979334725774668
260,8.0,2.0,0.0,0.75,1,0.5116279069767442,0.2725509214354995,0.26647286821705424,0.6887652277946472,0.6828718781471252,0.7809262054715456,0.6885734988781017,0.708205993145238,0.7111283807436604,0.7222085195596364
261,9.0,1.0,0.0,0.75,2,0.6169989506820567,0.28991596638655465,0.2906610703043022,0.6519706845283508,0.6304275989532471,0.11501772752119452,0.6913378329675552,0.8315958169004083,0.1634222565577791,0.45034340848673426
262,8.0,1.0,1.0,0.6666666666666666,2,0.4657293497363796,0.2605633802816901,0.2390158172231986,0.6408101320266724,0.6701143383979797,0.6339715182370909,0.6644564668143517,0.6154492845118188,0.1868475811215242,0.5251812126711963
263,7.0,1.0,1.0,0.75,2,0.6292004634994206,0.36194895591647336,0.3256083429895713,0.6213375329971313,0.7635289430618286,0.17361363979230815,0.5104608269416061,0.7803707044983443,0.14914094523122676,0.4033965291158713
264,2.0,2.0,0.0,1.0,1,0.6011816838995568,0.3609467455621302,0.310192023633678,0.6822036504745483,0.683566153049469,0.7159532916219453,0.5742839661779221,0.7145188371823408,0.480587208503544,0.6213358258714381
265,8.0,2.0,1.0,0.75,3,0.4301964839710445,0.2380952380952381,0.23784901758014482,0.6373315453529358,0.6997514367103577,0.614931706951591,0.7901423127383613,0.6987159941629594,0.25057332116788866,0.5885908337552002
266,2.0,2.0,0.0,0.5714285714285714,1,0.3608562691131499,0.18371096142069807,0.1920489296636086,0.6169504523277283,0.5902032256126404,0.4507502337658467,0.6157078995618889,0.8178929598660959,0.35006864165811924,0.5586049337129877
267,1.0,2.0,1.0,0.875,1,0.47947761194029853,0.24276377217553685,0.23600746268656717,0.6242245435714722,0.7303869128227234,0.08889192841569653,0.6604172281596326,0.8439307809742967,0.06935626324431644,0.4156490501984856
268,8.0,1.0,1.0,0.75,2,0.6302631578947369,0.3096179183135705,0.2907894736842105,0.6921822428703308,0.7708677053451538,0.8854249869124292,0.5798834602289917,0.6477784212325225,0.8807443955066271,0.7484578159701426
269,10.0,2.0,0.0,0.75,3,0.6344485749690211,0.2890818858560794,0.27261462205700127,0.6749683618545532,0.7783138751983643,0.8771178710314512,0.6610897534892799,0.7917181788671892,0.8633812668552378,0.7983267675607895
270,2.0,2.0,1.0,0.875,1,0.6173814898419865,0.27570621468926554,0.2291196388261851,0.6600416302680969,0.6346282958984375,0.8908788565176172,0.6023812209896109,0.8347440467320727,0.8667156143277172,0.7986799346417545
271,8.0,1.0,1.0,1.0,3,0.6238532110091742,0.33469387755102037,0.29561671763506625,0.6686705350875854,0.7059659957885742,0.7126961885613209,0.5728500940218895,0.7187573060070942,0.7735823996988015,0.6944714970722765
272,2.0,2.0,0.0,1.0,1,0.257761053621825,0.11310084825636194,0.1411100658513641,0.5938016176223755,0.5796752572059631,0.528644550106542,0.6670397489042728,0.6158734963699926,0.3651704204128802,0.5441820539484219
273,3.0,2.0,1.0,0.75,1,0.6413199426111907,0.34770114942528735,0.3443328550932568,0.6561833620071411,0.7531458735466003,0.8236695716454236,0.5981512888260344,0.6330584903104256,0.8080377051372283,0.715729263979778
274,10.0,2.0,0.0,1.0,3,0.5413633355393779,0.29953611663353213,0.28060886829913967,0.5849108099937439,0.70894455909729,0.20941840336956535,0.5876960964829681,0.6694107953644645,0.12750316489629768,0.39850711502832387
275,1.0,2.0,1.0,0.8888888888888888,1,0.6426799007444168,0.28571428571428575,0.23821339950372208,0.6752917766571045,0.7230769395828247,0.9062954599288627,0.5123521128099316,0.7030558463526324,0.9030797089436502,0.7561957820087692
276,8.0,1.0,1.0,0.875,2,0.6292428198433421,0.27581699346405225,0.21018276762402088,0.6019908785820007,0.6797803044319153,0.8661175049181666,0.5780140956460807,0.7313053716952683,0.8313768571900219,0.7517034573623843
277,1.0,1.0,1.0,0.8888888888888888,2,0.5475862068965516,0.3038674033149172,0.3296551724137931,0.6319467425346375,0.5689153075218201,0.6469885487945379,0.6478969653597574,0.7536230774943264,0.696209487341384,0.6861795197475014
278,8.0,1.0,1.0,1.0,1,0.5743000717875091,0.29331416247304093,0.25987078248384776,0.6581117510795593,0.5711842179298401,0.8351068537957403,0.6291224783494236,0.7406699498805114,0.749122351142573,0.738505408292062
279,6.0,2.0,1.0,1.0,3,0.33359073359073355,0.1500386697602475,0.1606177606177606,0.6056803464889526,0.7957906723022461,0.9270620441550986,0.863448393134887,0.8605019875820047,0.7159999073733634,0.8417530830613384
280,3.0,1.0,0.0,0.75,1,0.6310432569974554,0.30318471337579617,0.24045801526717558,0.6522865295410156,0.6219395399093628,0.8410003473637379,0.5515441657313158,0.5469949457645987,0.8458724010769155,0.696352964984142
281,1.0,2.0,1.0,0.625,1,0.5670816044260026,0.3230272265805261,0.3079760258183495,0.6589265465736389,0.6583845019340515,0.8914342730703672,0.6220554035431619,0.5018908334232909,0.8780702092278592,0.7233626798161698
282,1.0,1.0,0.0,0.625,1,0.5682910089224434,0.22405498281786942,0.24433768016472202,0.6349202394485474,0.8745974898338318,0.8605022470392698,0.731261650148348,0.7946763412253587,0.6238998290188389,0.7525850168579538
283,1.0,2.0,1.0,0.625,1,0.5889447236180905,0.2736418511066398,0.25527638190954777,0.6441501975059509,0.7636337876319885,0.8819929100696862,0.7295154707639864,0.716211557832539,0.861762263211544,0.7973705504694388
284,1.0,2.0,1.0,1.0,1,0.13463324048282266,0.07063197026022304,0.08542246982358404,0.5612788796424866,0.5856229662895203,0.8976069275377174,0.8000437807585673,0.8528086157994462,0.7674659742910243,0.8294813245966888
285,2.0,1.0,0.0,1.0,1,0.6186627479794268,0.28550404709345106,0.2777369581190301,0.6838887929916382,0.7454513907432556,0.8850265523796796,0.6165792813664642,0.8103581069190227,0.8790184920629847,0.7977456081820378
286,9.0,1.0,0.0,1.0,2,0.5589182227945911,0.303030303030303,0.29620090148100453,0.6389421224594116,0.7642291188240051,0.5895773824829615,0.6303834441727463,0.7191453668459017,0.6151836857018682,0.6385724698008695
287,1.0,2.0,1.0,1.0,1,0.653084323712507,0.3376770538243626,0.2727787209960385,0.6087185144424438,0.7549402117729187,0.8959786385421936,0.6488737430112088,0.7536942658710302,0.8842195345097343,0.7956915454835416
288,8.0,2.0,1.0,0.8888888888888888,3,0.6666666666666666,0.34365867913500875,0.3374197314652656,0.678813099861145,0.7067921757698059,0.9174355022627009,0.516404228527464,0.701241898046515,0.906798264077193,0.7604699732284683
289,1.0,2.0,1.0,0.6666666666666666,1,0.5880582037129954,0.26117528879959817,0.2117410938283994,0.6670961380004883,0.7568301558494568,0.8748628303787009,0.38619784147352826,0.7887837848582552,0.84741209342236,0.724314137533211
290,1.0,1.0,0.0,1.0,1,0.6608084358523726,0.3237536656891496,0.3104862331575864,0.6539557576179504,0.763041079044342,0.8958075999816267,0.6312522562474713,0.8324795857515882,0.8830677012135573,0.8106517857985609
291,2.0,2.0,0.0,1.0,4,0.6143216080402011,0.3081761006289308,0.2889447236180905,0.6461374759674072,0.7359298467636108,0.5551496704086839,0.4175276857309377,0.7544066504077195,0.4655093292544053,0.5481483339504366
292,1.0,2.0,1.0,1.0,1,0.4923076923076924,0.20966084275436792,0.20923076923076925,0.6496233344078064,0.4644491672515869,0.6132558223051932,0.7177301066613229,0.8224715247935254,0.401632758794677,0.6387725531386796
293,8.0,1.0,1.0,1.0,2,0.5450274079874706,0.2713725490196078,0.28504306969459675,0.6602659821510315,0.5618521571159363,0.018104593773242,0.5573212848028729,0.738851016249156,0.035792878853167676,0.3375174434196096
294,1.0,1.0,0.0,0.625,1,0.6172839506172839,0.3159340659340659,0.2688614540466392,0.6973683834075928,0.7507851123809814,0.7768024343017061,0.5569261877923,0.695722751515564,0.7492143698346627,0.6946664358610581
295,8.0,1.0,0.0,0.7142857142857143,2,0.6146341463414634,0.2832722832722833,0.24878048780487802,0.639764666557312,0.5588787198066711,0.8881784629867724,0.560635789857263,0.7216363207264206,0.8737768839802544,0.7610568643876776
296,1.0,2.0,0.0,0.75,2,0.6029043565348021,0.2586466165413534,0.22133199799699546,0.615406334400177,0.8091585636138916,0.7757053729561258,0.5781838516422797,0.711483301554535,0.7553438973897552,0.705179105885674
297,8.0,1.0,1.0,0.5714285714285714,1,0.43440348791121686,0.2467274890916303,0.2243361078081649,0.6497251987457275,0.645984947681427,0.789133974305788,0.6667149128085874,0.6345303792940352,0.693800625905109,0.6960449730783799
298,2.0,1.0,1.0,1.0,1,0.6270325203252033,0.3041709053916582,0.28556910569105687,0.665459394454956,0.8563942909240723,0.8675370544952681,0.6273558740294628,0.8432347400233966,0.851148100158769,0.7973189421767242
299,9.0,2.0,1.0,1.0,1,0.5571757482732157,0.26287471176018445,0.23791250959324636,0.6570653319358826,0.5296035408973694,0.7225684341670345,0.548257010113882,0.49381749939819175,0.6949880545064033,0.6149077495463778
300,2.0,1.0,1.0,1.0,2,0.49388753056234713,0.2693877551020408,0.26079869600651995,0.635977566242218,0.7171976566314697,0.7928741111112817,0.6946375527703954,0.7927277316180267,0.7243102026997628,0.7511373995498667
301,8.0,2.0,0.0,1.0,2,0.6085365853658536,0.32478632478632474,0.2695121951219512,0.6459886431694031,0.6731907725334167,0.738620592950688,0.696173254083953,0.7414895319642535,0.5633792465711701,0.6849156563925162
302,9.0,1.0,1.0,0.75,2,0.4870725604670558,0.25062656641604014,0.2218515429524604,0.6470603346824646,0.7340385913848877,0.6067144706359406,0.7730717762473323,0.7775036152617111,0.4828032621255244,0.6600232810676271
303,8.0,1.0,1.0,1.0,1,0.5944055944055944,0.33,0.2627372627372628,0.6409146785736084,0.677225649356842,0.8310008526347896,0.5717367269795506,0.7427493057736526,0.8394187455148151,0.7462264077257019
304,1.0,1.0,0.0,0.875,1,0.6275964391691395,0.2555720653789005,0.21810089020771511,0.6506060361862183,0.6743422150611877,0.0713268891741595,0.5317486470713187,0.6940168418147847,0.13199018604355423,0.3572706410259543
305,7.0,2.0,0.0,0.75,2,0.5878378378378378,0.23188405797101452,0.19884169884169883,0.6195629835128784,0.7589179277420044,0.8987375738485782,0.6037474443215627,0.8425885489260702,0.8795144450910511,0.8061470030468155
306,8.0,1.0,0.0,1.0,3,0.5437731196054254,0.2802469135802469,0.29963008631319366,0.5891306400299072,0.7970314621925354,0.48442339632203113,0.5817765214653943,0.7541295263439843,0.42452973438636743,0.5612147946294442
307,1.0,1.0,1.0,1.0,3,0.6246605105920695,0.31538879825992383,0.2487778381314503,0.6219440698623657,0.7585095167160034,0.9347065736290465,0.5673657521983804,0.7749893006514342,0.9209957414861575,0.7995143419912546
308,8.0,1.0,1.0,1.0,1,0.6195965417867434,0.3557692307692307,0.26609029779058596,0.6578387022018433,0.8012338280677795,0.9154378731065775,0.6027723571291944,0.7469441813748979,0.8913998809238468,0.7891385731336291
309,1.0,1.0,1.0,0.625,2,0.6423444976076557,0.2634730538922156,0.2619617224880383,0.6549273133277893,0.7594518661499023,0.8410397677521053,0.6356290144950811,0.7922473062345485,0.8482166542206152,0.7792831856755875
310,1.0,1.0,0.0,0.75,1,0.6417177914110429,0.28501228501228504,0.30920245398773005,0.6906684041023254,0.7079927921295166,0.8457953224608317,0.6038324220063349,0.8036257904778954,0.864179227313063,0.7793581905645313
311,1.0,2.0,1.0,0.875,1,0.6649937264742786,0.29522613065326636,0.2685069008782936,0.6622645258903503,0.7371472716331482,0.683723802539428,0.503053225805946,0.7596834244701982,0.6969436880888061,0.6608510352260946
312,5.0,2.0,1.0,0.625,1,0.4715889758421232,0.22131426625808645,0.20279006464783939,0.6450269818305969,0.6929274201393127,0.8436204048374788,0.4550805152469843,0.7367750616338856,0.8041875098907525,0.7099158729022753
313,4.0,2.0,1.0,0.625,1,0.539892021595681,0.26666666666666666,0.27234553089382124,0.6591256856918335,0.7982088327407837,0.6263204934346335,0.6847003267628944,0.7950780588391294,0.49937450147576884,0.6513683451281065
314,9.0,1.0,0.0,1.0,2,0.5681159420289856,0.2728592162554427,0.30289855072463767,0.6245355010032654,0.6466797590255737,0.910645555601203,0.7035248805209745,0.8453357515047878,0.8900177886803363,0.8373809940768254
315,8.0,1.0,1.0,1.0,2,0.5925925925925926,0.2864450127877238,0.27586206896551724,0.6756661534309387,0.743746817111969,0.5560984399453341,0.6747789602443609,0.7769645475166318,0.3028888877894963,0.5776827088739558
316,9.0,2.0,1.0,0.625,1,0.5926660059464816,0.310515873015873,0.2874132804757185,0.635253369808197,0.683991551399231,0.861199450470482,0.583726449655224,0.6463994133468458,0.8645872387105219,0.7389781380457684
317,1.0,1.0,0.0,1.0,1,0.5957446808510639,0.25672645739910316,0.21948488241881295,0.6858136057853699,0.6472029685974121,0.7075867832190549,0.6018829579052679,0.7265950316386024,0.7073734679419575,0.6858595601762207
318,2.0,2.0,1.0,1.0,1,0.622791519434629,0.40318302387267907,0.3242049469964664,0.6967650651931763,0.7660658955574036,0.8933930187579812,0.695481220092561,0.7361834549215527,0.881948015372167,0.8017514272860655
319,4.0,1.0,1.0,0.8888888888888888,2,0.5931464174454829,0.33063006862133504,0.3040498442367601,0.6415000557899475,0.7584319114685059,0.6689863244085191,0.6367175612698034,0.6532929588093479,0.3141451112893255,0.568285488944249
320,1.0,1.0,0.0,1.0,1,0.5926760563380282,0.32374506486181615,0.2636619718309859,0.6280112862586975,0.7255425453186035,0.8437581300357793,0.594581954569538,0.7868631867507907,0.8361042733694488,0.7653268861813891
321,4.0,1.0,1.0,0.8888888888888888,2,0.5492957746478873,0.31139835487661577,0.29225352112676056,0.6443145871162415,0.7203824520111084,0.6981124461750088,0.7048256210699938,0.6708755800766993,0.7165733339603794,0.6975967453205203
322,1.0,2.0,1.0,0.75,1,0.516582130316036,0.2553689964857478,0.21381193913382757,0.619296669960022,0.6710211038589478,0.8929959412235327,0.6096606588440516,0.6455561546661203,0.8725798891395212,0.7551981609683064
323,9.0,1.0,0.0,0.5555555555555556,3,0.5736690053652497,0.325485336637753,0.29137432934378865,0.6469455361366272,0.7423643469810486,0.8631797836527522,0.6001471141796682,0.7147506640633747,0.8596240577953003,0.7594254049227738
324,2.0,2.0,0.0,1.0,2,0.4094247246022032,0.22167789344764235,0.17686658506731945,0.6287369132041931,0.6531492471694946,0.8944957901599571,0.5741227988207755,0.6653995786522964,0.872903452228704,0.7517304049654332
325,2.0,1.0,1.0,1.0,2,0.6573751451800233,0.3081395348837209,0.2601626016260163,0.6338880062103271,0.7440980076789856,0.8585622426120112,0.4965287219839026,0.6929251652136653,0.8256328989290687,0.718412257184662
326,10.0,2.0,1.0,1.0,2,0.47025892232330296,0.2396636299929923,0.22813156053184047,0.6557714939117432,0.6764447093009949,0.2647566126053483,0.6238647693929562,0.6565591964729169,0.28489635120143986,0.4575192324181653
327,8.0,1.0,1.0,0.75,3,0.5867507886435331,0.26736842105263164,0.20504731861198738,0.6071065664291382,0.6847265958786011,0.8140203702549681,0.5462538803664893,0.8009196932353608,0.8060819923472474,0.7418189840510164
328,1.0,1.0,0.0,0.5555555555555556,1,0.6009292720702116,0.28527131782945736,0.23644811564274648,0.6668274998664856,0.6746007800102234,0.8018630997052227,0.6388238025235008,0.7197092945902018,0.7897603813408604,0.7375391445399465
329,1.0,2.0,1.0,1.0,1,0.5853968253968255,0.33057851239669417,0.24888888888888894,0.6591801643371582,0.6207520961761475,0.10161941940109334,0.5872290715780181,0.7449799083488906,0.11295111164742583,0.3866948777438569
330,2.0,2.0,1.0,1.0,1,0.5726872246696035,0.3331700146986771,0.32305433186490456,0.6370408535003662,0.6821306347846985,0.23961103774181802,0.6270736560595023,0.6257992348762619,0.3799986725867984,0.4681206503160952
331,2.0,2.0,1.0,1.0,1,0.6589351607801793,0.36833773087071237,0.2730627306273063,0.673449695110321,0.6602323055267334,0.7716136301816026,0.632026811276775,0.662227451941848,0.7540359287893792,0.7049759555474012
332,3.0,2.0,1.0,1.0,1,0.5879194630872483,0.30645161290322576,0.28456375838926173,0.6617854237556458,0.7259380221366882,0.8847953930066291,0.6473446718144107,0.7698310786816285,0.8521177955913006,0.7885222347734923
333,2.0,2.0,1.0,1.0,1,0.562411681582666,0.2545968882602546,0.2289213377296279,0.6214156150817871,0.7918947339057922,0.8648604411969445,0.6544218107151858,0.7791439175738392,0.8532803411158922,0.7879266276504654
334,9.0,1.0,1.0,1.0,2,0.5988872028325747,0.3189873417721519,0.28022255943348506,0.6348385810852051,0.7684503197669983,0.8832640127778933,0.6945294569546131,0.789810323203321,0.8764623501171597,0.8110165357632468
335,8.0,1.0,0.0,1.0,2,0.6270456503014643,0.2605694564279551,0.2911283376399655,0.6675684452056885,0.704569935798645,0.12609821162968435,0.6694341033242213,0.6929131799798248,0.11995272708497078,0.4020995555046753
336,8.0,1.0,1.0,1.0,1,0.3650190114068441,0.2552380952380952,0.24904942965779467,0.6926873326301575,0.7454272508621216,0.9067216231625287,0.8173861936126471,0.8847469655472532,0.7543330480030246,0.8407969575813634
337,10.0,2.0,1.0,1.0,2,0.6398963730569948,0.34500648508430615,0.26943005181347157,0.6696125268936157,0.5834060311317444,0.861010885491936,0.5858546748588248,0.5866474056552489,0.8625581027113869,0.7240177671793491
338,8.0,2.0,1.0,1.0,2,0.48195187165775405,0.30969899665551837,0.25334224598930477,0.635877788066864,0.7258679866790771,0.8966774474133867,0.5885551208746235,0.8480572816840667,0.8898150572152088,0.8057762267968214
339,8.0,1.0,1.0,0.875,2,0.6591179976162098,0.32100238663484487,0.30631704410011923,0.6304423213005066,0.7309132814407349,0.7354282942812774,0.6172472838211819,0.8054683334265699,0.741777148253463,0.724980264945623
340,8.0,1.0,1.0,1.0,1,0.5337286879169755,0.24795842613214547,0.23276501111934764,0.6732228994369507,0.5679567456245422,0.48219715751174436,0.6510183441549051,0.677348054833333,0.49302414047290777,0.5758969242432226
341,1.0,2.0,1.0,0.75,1,0.6054233536247925,0.3235457063711911,0.27338129496402874,0.6607648730278015,0.7781680226325989,0.8108654059414333,0.5892824451719261,0.7725390984575315,0.6398580221993351,0.7031362429425565
342,2.0,1.0,1.0,1.0,3,0.5806916426512968,0.3203463203463204,0.30835734870317,0.6927067637443542,0.6875245571136475,0.314107098892802,0.5658756704260325,0.5914554646713922,0.5729240220460436,0.5110905640090676
343,8.0,2.0,1.0,1.0,2,0.5860255447032306,0.344620015048909,0.3140495867768595,0.6757087111473083,0.663537859916687,0.41424827337096043,0.7207566258305868,0.6634920400256366,0.4115592491899015,0.5525140471042713
344,9.0,2.0,1.0,1.0,0,0.4939271255060729,0.227027027027027,0.24021592442645076,0.6542289853096008,0.6544020771980286,0.05673049621724929,0.48730754570970664,0.7592332460806556,0.06474445520840065,0.34200393580400307
345,9.0,1.0,0.0,0.75,1,0.7137073452862926,0.41574985524030117,0.34702139965297857,0.7252544164657593,0.7351645231246948,0.8955143364987659,0.6997232343193246,0.7061761248287789,0.8936286613626505,0.79876058925238
346,1.0,2.0,1.0,0.75,1,0.5610921501706484,0.21326042378673954,0.247098976109215,0.6499148011207581,0.6658365726470947,0.08448353284546015,0.519090912874876,0.6698727887769308,0.0764424170375257,0.33747241288369817
347,2.0,2.0,1.0,1.0,1,0.5837145471180238,0.28296703296703296,0.24153705397987188,0.6257577538490295,0.6757962703704834,0.8985910247092684,0.6103718375982857,0.7119119975716156,0.8703276669452656,0.7728006317061089
348,3.0,2.0,0.0,1.0,2,0.4950337703615415,0.24572564612326045,0.18752483114819227,0.6303447484970093,0.6894612312316895,0.8914881127861057,0.5511739316292286,0.7163954794104821,0.8624369336748985,0.7553736143751787
349,9.0,1.0,1.0,0.875,1,0.5605806811836963,0.3297931805477921,0.3372417643774428,0.652447521686554,0.724361002445221,0.0784730462332137,0.5599300404148765,0.753962615582763,0.12479342035673063,0.379289780646896
350,1.0,2.0,1.0,0.5555555555555556,1,0.6818422445738487,0.35824059353471116,0.24033880359978826,0.6407396197319031,0.8138552904129028,0.9115429850310308,0.4392840501292287,0.8182223316705121,0.8766916025167844,0.7614352423368891
351,9.0,1.0,1.0,1.0,2,0.4762992575671045,0.2755860491709548,0.2592804111936036,0.6385625004768372,0.7434011697769165,0.8341600575248104,0.6743247483878705,0.7938128558821493,0.7322609129654825,0.7586396436900781
352,2.0,1.0,1.0,0.625,3,0.49376231122783987,0.22090729783037477,0.23506237688772158,0.6179298758506775,0.7199884057044983,0.17333063957775352,0.642247786318758,0.8180117781733979,0.13800411036962332,0.44289857860988313
353,1.0,2.0,1.0,0.625,1,0.5559529892692897,0.259846547314578,0.22381195707715892,0.649428129196167,0.6018844842910767,0.859507986850725,0.6170829896137139,0.5642397619564222,0.8599536126922211,0.7251960877782706
354,4.0,2.0,0.0,0.625,1,0.49761677788369874,0.2604961832061069,0.23927550047664442,0.6228997111320496,0.7472535967826843,0.051055214361268406,0.7499962128451412,0.7086313997853713,0.05083978424536948,0.39013065280928755
355,13.0,1.0,0.0,0.75,3,0.4733581164807931,0.2612649855312112,0.21891780256092522,0.6573005318641663,0.6596466898918152,0.1794880093800081,0.6763987291261522,0.6438801090512066,0.16960499096625226,0.4173429596309048
356,4.0,2.0,1.0,0.875,1,0.6519774011299434,0.3461538461538461,0.3265536723163842,0.650171160697937,0.6454768776893616,0.8914710698974643,0.5620816654207833,0.7574961218048372,0.8740491381119698,0.7712744988087636
357,3.0,2.0,1.0,1.0,1,0.5695203400121432,0.303951367781155,0.2829386763812993,0.6388100385665894,0.7751204967498779,0.3482973003549037,0.618079670620522,0.7731157919407927,0.33626916770993864,0.5189404826565392
358,1.0,2.0,1.0,0.625,1,0.5469387755102041,0.3047385620915033,0.22857142857142854,0.629814624786377,0.763626754283905,0.845991322729887,0.678526857726375,0.7068298161157089,0.8405656442015086,0.76797841019337
359,9.0,2.0,1.0,0.7777777777777778,1,0.6374133949191686,0.307514450867052,0.2702078521939954,0.6869803667068481,0.6076324582099915,0.802539749448772,0.48062801295171376,0.6200209779162387,0.7832213786515534,0.6716025297420695
360,1.0,1.0,0.0,1.0,1,0.38375796178343946,0.20095693779904306,0.2181528662420382,0.6426384449005127,0.6470721960067749,0.7700876906093103,0.7881942069535833,0.8844060217563889,0.6453124750401682,0.7720000985898626
361,8.0,2.0,1.0,1.0,3,0.6244653550042771,0.3273350471293916,0.24807527801539778,0.6658338308334351,0.7604876160621643,0.03965409294617404,0.7113797858881726,0.8219316157863431,0.07329878905686603,0.4115660709193889
362,8.0,2.0,1.0,1.0,2,0.45400996828273676,0.23129251700680276,0.21024014499320343,0.6726083159446716,0.5871143341064453,0.09029609618234016,0.590968861663618,0.793358652878055,0.11123050021441461,0.3964635277346069
363,8.0,2.0,1.0,0.875,2,0.6,0.2919921875,0.21853658536585369,0.682533860206604,0.6448150277137756,0.8799042313287391,0.5238534822522807,0.7244463582388474,0.7619178211322891,0.7225304732380391
364,2.0,2.0,1.0,1.0,2,0.44706874736398156,0.2313212325875897,0.22016026992830032,0.6330596804618835,0.6124175190925598,0.7592881368984743,0.6180386238981361,0.6949987807532009,0.7143073084312758,0.6966582124952718
365,1.0,1.0,1.0,1.0,1,0.6146848602988954,0.31880286271958364,0.29239766081871343,0.6694523692131042,0.6833658218383789,0.556789626744726,0.6059359251228578,0.6114821925841222,0.5420593146251516,0.5790667647692143
366,8.0,1.0,0.0,0.75,3,0.4292527821939587,0.24615384615384617,0.2034976152623211,0.6870264410972595,0.7978541254997253,0.08785221355357993,0.6892686996753973,0.6493633695599644,0.15562123186249535,0.3955263786628593
367,8.0,2.0,0.0,1.0,2,0.5558912386706948,0.3061101028433152,0.2513595166163142,0.6135472655296326,0.6890847682952881,0.22357259448527422,0.5453701173767704,0.6319190190214339,0.167169321134163,0.39200776300441037
368,9.0,1.0,1.0,1.0,2,0.5228677379480839,0.29826732673267325,0.24845488257107537,0.7126566171646118,0.5085940361022949,0.6142495639029318,0.7152739193581542,0.7052138285115475,0.3872375179529001,0.6054937074313833
369,9.0,1.0,1.0,1.0,3,0.6378454996456413,0.33640880056777855,0.3515237420269312,0.696114718914032,0.6513728499412537,0.04779069997631373,0.6597418117625623,0.7117341438101762,0.05403331736839372,0.3683249932293615
370,3.0,2.0,1.0,0.7777777777777778,1,0.5196775723091512,0.31324157570004746,0.21811284969179706,0.6034271717071533,0.705821692943573,0.08371381413959715,0.5786944545721125,0.6894963064134175,0.09258946470391599,0.36112350995726084
371,1.0,1.0,0.0,0.75,1,0.5214477211796248,0.28322147651006707,0.26273458445040215,0.6012837290763855,0.7390625476837158,0.6108919640376339,0.6431481466873425,0.5380456522736322,0.6329112030268188,0.606249241506357
372,9.0,1.0,1.0,1.0,3,0.6212931453573164,0.31046228710462287,0.2654350996596986,0.6449373364448547,0.7313620448112488,0.8862955064411299,0.6927494429412037,0.8014946470086335,0.8807297195578062,0.8153173289871933
373,9.0,2.0,1.0,1.0,2,0.6273661438615468,0.3205197617758528,0.26284478096268254,0.6441396474838257,0.6391943097114563,0.8259599520165927,0.5926287178448922,0.7557336087054801,0.8190397400804251,0.7483405046618475
374,2.0,1.0,0.0,0.7777777777777778,1,0.4814979937583594,0.2793395805443998,0.2273740526081141,0.6697352528572083,0.7650002241134644,0.5357550973283393,0.5844960329955499,0.6822437513315823,0.49192998191933524,0.5736062158937016
375,2.0,1.0,1.0,0.6666666666666666,2,0.46075085324232085,0.226775956284153,0.20068259385665527,0.6380613446235657,0.6691159009933472,0.8912196807789949,0.6101352520452982,0.6854624261161332,0.799299150211734,0.7465291272880401
376,2.0,1.0,1.0,0.5555555555555556,2,0.4971751412429379,0.2657243816254417,0.20692090395480225,0.6089708805084229,0.7603484988212585,0.5934734631298876,0.47848748872673175,0.6637486989787982,0.6441089305299512,0.5949546453413421
377,9.0,2.0,1.0,1.0,3,0.6265187533016376,0.32575356953992596,0.24828314844162702,0.6850369572639465,0.714027464389801,0.8973947944048978,0.5997127611715715,0.6123742871102101,0.8792417327744031,0.7471808938652706
378,9.0,2.0,1.0,0.5555555555555556,1,0.6129541864139021,0.316288877174486,0.2611901000526593,0.6745262145996094,0.5622616410255432,0.9069659744208756,0.5231864971829817,0.7514657023874622,0.8830208417478751,0.7661597539347986
379,2.0,2.0,1.0,1.0,1,0.635523613963039,0.27749229188078106,0.23100616016427103,0.6582380533218384,0.6426999568939209,0.8507316998737012,0.46468031476362426,0.7371837928053147,0.8545456658727264,0.7267853683288417
380,1.0,2.0,1.0,1.0,1,0.6345957011258955,0.3125,0.27328556806550663,0.6665513515472412,0.8039959073066711,0.8998821811272737,0.6492487499978098,0.7433563011772,0.8422768631636897,0.7836910238664934
381,1.0,2.0,1.0,0.5555555555555556,1,0.5745355686452198,0.29024943310657597,0.2519256909832352,0.6547442674636841,0.7345371246337891,0.8951625485772495,0.6202924788647218,0.7938860533420917,0.8747566661458179,0.7960244367324703
382,1.0,1.0,0.0,0.625,1,0.5644599303135889,0.3028611304954641,0.25365853658536586,0.6634738445281982,0.8082032799720764,0.2056491985271712,0.7414859869765501,0.7419330971142384,0.18726529487286356,0.4690833943727058
383,9.0,1.0,1.0,1.0,2,0.5517241379310345,0.2962138084632517,0.27808676307007785,0.6416441798210144,0.6902053952217102,0.5409103515625815,0.5039026186823667,0.6391265298119678,0.49064334240644863,0.5436457106158411
384,1.0,2.0,1.0,0.6666666666666666,1,0.5783560023654641,0.310242747187685,0.25783560023654645,0.6598713994026184,0.7608875036239624,0.8293310715140411,0.5049378566785262,0.6397079245536507,0.7564337777294574,0.6826026576189188
385,1.0,2.0,1.0,0.8888888888888888,1,0.5788635156664896,0.29346092503987237,0.24641529474243226,0.6222441792488098,0.669228732585907,0.8971609293758008,0.5278635355455383,0.6780198350733109,0.8515459743630913,0.7386475685894354
386,1.0,1.0,0.0,0.5555555555555556,1,0.5909766980664353,0.31265508684863524,0.28953891918691127,0.6408877968788147,0.6452109813690186,0.709624209074141,0.5018874602582707,0.7637409605522065,0.8033655237634206,0.6946545384120097
387,8.0,2.0,0.0,1.0,2,0.5085374907201188,0.25037147102526003,0.19970304380103931,0.6131016612052917,0.7130976915359497,0.6653114815696972,0.6182790355230948,0.7486849208071761,0.7222464037268042,0.6886304604066931
388,1.0,1.0,0.0,1.0,1,0.5595695618754803,0.2201693610469592,0.24135280553420446,0.6434630155563354,0.6837818026542664,0.18168021004849635,0.5648739115831122,0.7759441980779009,0.37062486270244155,0.47328079560298775
389,8.0,1.0,1.0,1.0,2,0.5929368029739777,0.3106976744186047,0.23605947955390336,0.6835113167762756,0.724949300289154,0.8562323504551604,0.6007347712756248,0.8458964951226344,0.8404939673134751,0.7858393960417236
390,8.0,1.0,1.0,1.0,2,0.5730629225169007,0.25611660593440916,0.25273010920436817,0.6476184129714966,0.7586140632629395,0.8315987968449651,0.5679420738801081,0.7991556547213137,0.8387159340342975,0.7593531148701711
391,7.0,1.0,1.0,0.5555555555555556,2,0.63595068137573,0.35737491877842753,0.3361453601557431,0.6266875863075256,0.7020071148872375,0.7980037671810355,0.5869617652203698,0.6927792160057091,0.7972870498056932,0.7187579495532019
392,7.0,1.0,1.0,0.5555555555555556,2,0.5069084628670122,0.20570440795159897,0.1770293609671848,0.6376044154167175,0.6579107642173767,0.8720057005161611,0.6319858430876076,0.7494724154616637,0.8621614773072458,0.7789063590931695
393,9.0,1.0,1.0,1.0,2,0.543063215952482,0.2666666666666667,0.25795502757742894,0.6399818658828735,0.7829365730285645,0.8793192457806208,0.6641383600570933,0.7331165618212494,0.8567743862078296,0.7833371384666983
394,9.0,2.0,1.0,1.0,2,0.6023011505752877,0.33049574361542317,0.26613306653326657,0.6910519003868103,0.6712172627449036,0.873279606640103,0.6367071666046256,0.686419460006381,0.8748265958948189,0.7678082072864821
395,9.0,2.0,1.0,1.0,3,0.5352798053527981,0.25995125913891143,0.28386050283860503,0.6549443006515503,0.6605265140533447,0.5643507958578466,0.7046579778798526,0.6346881057197852,0.32929803283347514,0.5582487280727398
396,1.0,2.0,1.0,0.6666666666666666,1,0.6236658932714617,0.34649326521133306,0.28120649651972157,0.6518477201461792,0.7480225563049316,0.8693401746418992,0.6530307136379099,0.7248676539366741,0.8524502368470493,0.7749221947658831
397,2.0,1.0,1.0,0.5555555555555556,2,0.642754662840746,0.3149832455720441,0.2687709230033477,0.6570945382118225,0.5584142804145813,0.9211114049050875,0.5201368399193206,0.8016242130520173,0.9027332657075375,0.7864014308959908
398,7.0,1.0,1.0,0.5555555555555556,3,0.163302752293578,0.09182736455463729,0.09724770642201834,0.5943371057510376,0.7688322067260742,0.21585899171261416,0.6595151317033091,0.7249240814868692,0.23610996991626604,0.45910204370476465
399,2.0,1.0,1.0,0.625,2,0.527536231884058,0.19726481558226275,0.19213250517598343,0.6234627962112427,0.6607536673545837,0.8889297116579917,0.6142981949396132,0.721068678175683,0.8869602316290109,0.7778142041005747
400,9.0,1.0,0.0,0.5555555555555556,3,0.3822762814943528,0.1964647928136772,0.1656530553142195,0.6249185800552368,0.7132010459899902,0.8690698295523895,0.513194311402071,0.6685996313925019,0.8445915684265,0.7238638351933656
401,1.0,1.0,0.0,1.0,1,0.28086070215175535,0.16572077185017026,0.17440543601359004,0.6470740437507629,0.6459599137306213,0.17374805321400816,0.839459946632891,0.7499345364235662,0.22801654725183715,0.4977897708805757
402,1.0,2.0,1.0,1.0,1,0.6430635838150289,0.3574529667149059,0.338150289017341,0.6502893567085266,0.7517181038856506,0.44814845611045395,0.7133873934765796,0.8427843754110472,0.4157933486606554,0.6050283934146841
403,8.0,2.0,0.0,1.0,2,0.5845697329376855,0.2920792079207921,0.27101879327398615,0.6723254919052124,0.6471129059791565,0.8785093516001565,0.6729067275806457,0.7302420837320558,0.864646235498524,0.7865760996028455
404,3.0,2.0,1.0,0.8888888888888888,1,0.6122056703507929,0.33381433381433384,0.27198462277751084,0.6434881091117859,0.7647809386253357,0.8572530287117766,0.5524119714546345,0.6244277068439991,0.8156280076459288,0.7124301786640848
405,1.0,2.0,1.0,0.7777777777777778,1,0.3522476050110538,0.1948339483394834,0.19602063375092116,0.660365879535675,0.8421114087104797,0.6386185799520617,0.6925896743403306,0.7858883643903902,0.40365377864482666,0.6301875993319023
406,2.0,1.0,1.0,0.7777777777777778,1,0.6072951207958314,0.3404457088667615,0.26811937470393177,0.6151492595672607,0.7076820135116577,0.8278954124838894,0.5017510184785101,0.6170015169859706,0.8057401671779061,0.6880970287815691
407,1.0,2.0,1.0,0.6666666666666666,1,0.5853119823302043,0.36042012161415143,0.23081170623964659,0.6597849130630493,0.7342786192893982,0.10583819417686734,0.6727106101485629,0.763544632419409,0.12150460254149738,0.4158995098215842
408,8.0,2.0,0.0,1.0,3,0.5252062328139322,0.30917431192660555,0.2603116406966086,0.6132683157920837,0.628408670425415,0.7301591114445308,0.5991148662673067,0.5148709891834982,0.7096548000649937,0.6384499417400823
409,3.0,2.0,1.0,0.7777777777777778,1,0.5299710624224886,0.2747207281754241,0.2496899545266639,0.6167929172515869,0.8049114346504211,0.8471070399912071,0.5214726794241513,0.853474268429755,0.8230454580797831,0.7612748614812241
410,10.0,1.0,1.0,0.7777777777777778,3,0.5025125628140703,0.28248113998323554,0.25125628140703515,0.6400355696678162,0.6591851115226746,0.8233597140429211,0.6112335487261759,0.7002631690095172,0.8136092277562793,0.7371164148837234
411,6.0,1.0,0.0,0.5555555555555556,1,0.6026905829596413,0.28212039532794253,0.2816143497757848,0.6694724559783936,0.6935383081436157,0.1060307440580983,0.7476852315876676,0.6690069986523853,0.1296814929904592,0.41310111682215267
412,9.0,1.0,1.0,1.0,1,0.5431338028169014,0.2740088105726872,0.2517605633802817,0.6365616917610168,0.6950469613075256,0.8873906513979064,0.6947486481087383,0.7570486453436109,0.859447651782987,0.7996588991583107
413,5.0,1.0,1.0,0.5555555555555556,1,0.56682629516761,0.29978213507625273,0.25511536787113626,0.6675019860267639,0.7277932167053223,0.8680067759617659,0.46234402697512894,0.7640645926908491,0.8486723517536758,0.735771936845355
414,8.0,1.0,0.0,0.5555555555555556,2,0.4790673025967144,0.2323607427055703,0.2522522522522523,0.5614479780197144,0.7171211838722229,0.10149317862431347,0.5973969036959643,0.7947118572590756,0.11570866565686017,0.4023276513090534
415,8.0,2.0,0.0,0.7777777777777778,3,0.5414118954974986,0.2782415136338342,0.2701500833796554,0.6499733924865723,0.71836256980896,0.39966642753775594,0.6037875368723038,0.7229896054923544,0.4851587156381908,0.5529005713851513
416,9.0,1.0,0.0,0.6666666666666666,1,0.5716072545340838,0.21039448966812774,0.2026266416510319,0.6220823526382446,0.6186628937721252,0.89557549162388,0.5617164860688536,0.694522903804438,0.877742785644054,0.7573894167853064
417,2.0,2.0,1.0,0.8888888888888888,1,0.5587602238484718,0.3145196036191297,0.2763667671114937,0.6487894654273987,0.6832846403121948,0.863480125263581,0.7027451123885602,0.7307077484570814,0.8598976231247872,0.7892076523085025
418,1.0,2.0,1.0,0.7777777777777778,1,0.585321927059883,0.29743127534925645,0.21521837010355693,0.6191242337226868,0.6593329310417175,0.7641424566764426,0.5918764977421547,0.6864260719056126,0.8153562162185198,0.7144503106356824
419,8.0,1.0,0.0,1.0,1,0.4304399524375743,0.2630952380952381,0.26397146254458975,0.681454598903656,0.6048686504364014,0.07614217365792367,0.5938152405863482,0.6036672097407791,0.08646043265156093,0.340021264159153
420,8.0,2.0,1.0,0.5555555555555556,1,0.5997638724911453,0.2789598108747045,0.25501770956316405,0.6651931405067444,0.7337409853935242,0.7072987605347513,0.614652894480365,0.7410462800084443,0.7480015303071174,0.7027498663326694
421,4.0,2.0,0.0,0.5555555555555556,2,0.47504553734061933,0.27561064527889173,0.2382513661202186,0.6623673439025879,0.7227038145065308,0.9137182461781881,0.6276365050064024,0.8156793554207297,0.8940190562180591,0.8127632907058449
422,8.0,2.0,1.0,0.5555555555555556,3,0.3972835314091681,0.23024638912489379,0.21477079796264856,0.6507326364517212,0.7490696907043457,0.384664824960694,0.5777739328589212,0.8661813787447776,0.3955760833805234,0.556049054986229
423,8.0,2.0,1.0,0.8888888888888888,2,0.54319453076445,0.3347853142501556,0.3679303915475451,0.6510744094848633,0.7653117775917053,0.7839641673247317,0.6892054089244284,0.7025257212711566,0.5459575058304417,0.6804132008376896
424,2.0,1.0,1.0,0.5555555555555556,1,0.4716779479871749,0.23672014260249555,0.19308870680441753,0.5882846117019653,0.6536484956741333,0.9034598250374639,0.558284884729773,0.6808043885534427,0.8563984371143135,0.7497368838587483
425,8.0,2.0,0.0,1.0,3,0.5983606557377049,0.24853458382180538,0.20491803278688525,0.5716742873191833,0.7877198457717896,0.895119981821688,0.6073786199346549,0.6832455384273854,0.8801825067733945,0.7664816617392807
426,9.0,1.0,1.0,1.0,2,0.5630420280186791,0.23246492985971945,0.24816544362908602,0.6677083373069763,0.7522580027580261,0.27075853374001585,0.5998664180479736,0.7744779010641888,0.18710472379010673,0.45805189416057124
427,2.0,2.0,1.0,0.7777777777777778,2,0.4581818181818182,0.21628189550425272,0.2521212121212121,0.6453104615211487,0.8106089234352112,0.8589040454728015,0.8729752342625398,0.9257548520247219,0.6499572002751152,0.8268978330087946
428,8.0,1.0,1.0,0.7777777777777778,3,0.6416978776529338,0.34875,0.3121098626716604,0.6688703298568726,0.7199240922927856,0.9177441067838069,0.5704522743980661,0.7906489274607743,0.9015670074264266,0.7951030790172685
429,1.0,2.0,1.0,0.6666666666666666,1,0.672316384180791,0.33484162895927605,0.25875706214689265,0.65885990858078,0.6980157494544983,0.8159091599290806,0.5676545455451842,0.5896205305407437,0.8175428355376751,0.6976817678881709
430,12.0,1.0,1.0,0.5555555555555556,1,0.620532319391635,0.37471439451637467,0.3482889733840304,0.6430810689926147,0.7084664702415466,0.11512547194337296,0.6593621326393694,0.7745104894884697,0.0816076978507912,0.4076514479805008
431,14.0,2.0,0.0,0.6666666666666666,2,0.6393530997304583,0.34970318402590395,0.34285714285714286,0.6896337270736694,0.7882481217384338,0.9112480245149209,0.6662201149729399,0.7975791492633185,0.8937648063842037,0.8172030237838458
432,8.0,2.0,0.0,0.5555555555555556,2,0.6292134831460674,0.31616341030195383,0.29213483146067415,0.6992587447166443,0.7334051728248596,0.8971916425756419,0.515838848576215,0.7908765868439749,0.8812778081746948,0.7712962215426318
433,9.0,2.0,0.0,0.875,4,0.5650723025583982,0.21714922048997776,0.21134593993325917,0.588357150554657,0.7787975668907166,0.8270927525036008,0.6377559453373272,0.8202135671666502,0.8036475319646172,0.7721774492430489
434,2.0,1.0,0.0,0.6666666666666666,1,0.5808182427900739,0.24714573539288112,0.2374245472837022,0.6396135091781616,0.7002597451210022,0.8465172901074488,0.583036476247087,0.7467250594172598,0.8453066178047058,0.7553963608941253
435,12.0,2.0,1.0,0.7777777777777778,2,0.5903755868544601,0.29142185663924797,0.21596244131455397,0.616694986820221,0.5471470952033997,0.9054226960069283,0.4324848968204414,0.6513774371337817,0.8745849351621613,0.7159674912808281
436,1.0,1.0,0.0,0.5555555555555556,1,0.630639563708478,0.29280397022332505,0.22706990580069408,0.6390781402587891,0.7173537611961365,0.8102650956976304,0.5901197792227757,0.7308478955642852,0.7716977602977225,0.7257326326956035
437,9.0,2.0,0.0,1.0,1,0.6658905704307334,0.3706293706293706,0.3422584400465658,0.6867334842681885,0.6179673671722412,0.8974426043413413,0.5927922007713445,0.6987808754818534,0.8833634680301817,0.7680947871561803
438,6.0,2.0,1.0,1.0,1,0.48141263940520446,0.21601489757914338,0.21561338289962823,0.6410788893699646,0.6608909964561462,0.6353671549767831,0.6700347264447345,0.7449658396052449,0.5609660315099294,0.6528334381341729
439,10.0,1.0,1.0,1.0,1,0.5756240822320117,0.2764705882352941,0.27312775330396477,0.6880297660827637,0.7137880921363831,0.8322372565954447,0.643365131129583,0.7945068744282646,0.5922813487968343,0.7155976527375317
440,9.0,2.0,0.0,0.5555555555555556,1,0.4765465669612508,0.25510204081632654,0.21278042148198503,0.5905706286430359,0.7256641387939453,0.8999802379781356,0.5617955178155477,0.6755583082888054,0.8721197315138456,0.7523634488990836
441,1.0,2.0,1.0,0.7777777777777778,1,0.6064908722109534,0.2893401015228427,0.23427991886409735,0.6632869839668274,0.7228954434394836,0.873894298636212,0.556496843674116,0.756670424006171,0.8405422676446468,0.7569009584902866
442,5.0,1.0,1.0,0.6666666666666666,3,0.5988977342314759,0.3200490496627836,0.28169014084507044,0.6633695363998413,0.7391210794448853,0.4989393321978654,0.5894082440828018,0.7525755958811186,0.3942847030358749,0.5588019687994151
443,2.0,2.0,0.0,1.0,2,0.6273932253313697,0.2994100294985251,0.30633284241531666,0.6716324090957642,0.8009665608406067,0.15947435205643423,0.7033695065615914,0.7824061843875776,0.11859033577816568,0.4409600946959422
444,8.0,2.0,0.0,1.0,3,0.6469031233456854,0.34234234234234234,0.2668078348332451,0.6772162914276123,0.654840350151062,0.8733824391230147,0.5596515960581137,0.5977206961751929,0.843522928505813,0.7185694149655335
445,8.0,2.0,1.0,0.5555555555555556,2,0.4666666666666667,0.20262216924910606,0.23095238095238096,0.636197566986084,0.8045311570167542,0.23154134780441457,0.7093570073590175,0.7605413128544495,0.1896945364301692,0.4727835511120127
446,1.0,1.0,0.0,0.7777777777777778,1,0.4335126825518832,0.1878367975365666,0.196771714066103,0.6278430223464966,0.6063193678855896,0.4709908869872513,0.619439198264497,0.5222387378234852,0.5641368570687251,0.5442014200359897
447,1.0,2.0,1.0,0.6666666666666666,1,0.5294482331060136,0.27808814400993176,0.29758214507129577,0.7029164433479309,0.7144994139671326,0.4079358774914041,0.7979249177260619,0.8141553192845559,0.41586875267385714,0.6089712167939698
448,8.0,2.0,0.0,1.0,3,0.6636085626911314,0.3797856049004594,0.3746177370030581,0.697802722454071,0.6163293719291687,0.7932757602824747,0.6579743852515397,0.6600269640803985,0.753064755225867,0.71608546621007
449,8.0,1.0,1.0,1.0,3,0.6576819407008085,0.3441295546558705,0.261455525606469,0.6584126353263855,0.6569425463676453,0.8412375008979912,0.5981817533860474,0.6867252643625733,0.8163662314175512,0.7356276875160408
450,2.0,2.0,1.0,0.5555555555555556,1,0.5518716577540107,0.29978586723768735,0.293048128342246,0.6786155700683594,0.6598961353302002,0.8792072178668268,0.5321396920605136,0.8196907853828143,0.843188430783701,0.7685565315234639
451,9.0,2.0,0.0,0.5555555555555556,2,0.6702412868632708,0.30201342281879195,0.2506702412868633,0.6677386164665222,0.6562265753746033,0.7388388623586749,0.5530107367569365,0.733349979257722,0.7525103265233118,0.6944274762241613
452,3.0,2.0,0.0,0.6666666666666666,2,0.6149341142020498,0.3167155425219942,0.2825768667642753,0.6602314710617065,0.6813501715660095,0.28904632238018124,0.5119809665506214,0.6745738469434293,0.2566824910486606,0.4330709067307231
453,9.0,2.0,1.0,0.875,1,0.6577480490523969,0.36272321428571425,0.27759197324414714,0.6554094552993774,0.705127477645874,0.908224889686496,0.5764475131158978,0.7433935559242868,0.8632774264843774,0.7728358463027645
454,9.0,2.0,1.0,1.0,1,0.4990505127231295,0.26377803116685666,0.21724268894796808,0.6771377921104431,0.7552123665809631,0.8396082350813627,0.6724204306484844,0.819577299944224,0.8485264762823134,0.7950331104890961
455,4.0,1.0,1.0,0.5555555555555556,1,0.61531279178338,0.3009345794392523,0.22128851540616246,0.637496829032898,0.7466632723808289,0.8846716727010446,0.6516754454025109,0.7738786362627553,0.8360468037454548,0.7865681395279414
456,7.0,1.0,1.0,0.5555555555555556,2,0.5932203389830508,0.27941176470588236,0.22146892655367234,0.6415323615074158,0.677158772945404,0.8751080713865712,0.5025663446929287,0.6908966253919421,0.8641595617218023,0.7331826507983111
457,8.0,2.0,0.0,0.75,1,0.5907000510986203,0.31815856777493606,0.24833929483903935,0.6401525735855103,0.6443307995796204,0.9034133111344622,0.6014201255820809,0.7985632556048282,0.8845200443387035,0.7969791841650187
458,1.0,2.0,1.0,0.625,1,0.5338289962825279,0.2546537602382725,0.20371747211895913,0.6283126473426819,0.7426390051841736,0.13941786460948827,0.7405829178119521,0.8426881333517489,0.20163023994787638,0.48107978893026637
459,3.0,1.0,1.0,0.5555555555555556,3,0.6666666666666666,0.35350509286998194,0.26331538001196886,0.6760562658309937,0.7493622899055481,0.8708288804645116,0.6303690442518604,0.6465645918541281,0.8414688739630145,0.7473078476333785
460,2.0,2.0,1.0,0.6666666666666666,1,0.6341212744090442,0.33127572016460904,0.2774922918807811,0.6386650204658508,0.6933156847953796,0.9027310862996055,0.47249223471643936,0.6697311396440158,0.8674810831111965,0.7281088859428144
461,10.0,1.0,1.0,1.0,2,0.6043737574552683,0.2885572139303483,0.22564612326043737,0.6477030515670776,0.7910444140434265,0.9137863543453425,0.708771930936718,0.7757034174518244,0.8933070204854211,0.8228921808048264
462,8.0,2.0,1.0,0.8888888888888888,2,0.5646900269541779,0.21052631578947367,0.22371967654986522,0.6360662579536438,0.685523509979248,0.4465319599564667,0.615937635055524,0.7459561575663161,0.4244293635785655,0.5582137790392181
463,1.0,1.0,1.0,0.5555555555555556,1,0.5031055900621118,0.23383084577114427,0.23105590062111803,0.6390278935432434,0.7724978923797607,0.712248681080456,0.668292958744765,0.7172289104903933,0.5853102328326167,0.6707701957870578
464,1.0,1.0,0.0,0.5555555555555556,1,0.6914778856526429,0.3488120950323974,0.2880258899676375,0.6571905612945557,0.7957791090011597,0.9096793806461442,0.6145018183848322,0.8145328600744941,0.880126410973396,0.8047101175197166
465,2.0,2.0,0.0,1.0,2,0.6210526315789474,0.3162650602409639,0.2571428571428571,0.6396325826644897,0.6782587170600891,0.42426782148190956,0.5268314214548995,0.6948483689426479,0.33565919251719584,0.4954017010991632
466,7.0,2.0,0.0,1.0,2,0.5625,0.2644628099173554,0.22759433962264153,0.6385074257850647,0.735796332359314,0.7930913520171495,0.7559557604729901,0.708895829181849,0.6223197313608396,0.7200656682582071
467,2.0,1.0,1.0,0.5555555555555556,2,0.5293586269196026,0.1925858951175407,0.16802168021680217,0.655855655670166,0.6567720770835876,0.8812151892683143,0.5969343246461514,0.7154177710299916,0.8580269233275508,0.7628985520680021
468,3.0,1.0,1.0,0.8888888888888888,2,0.5171883016931761,0.28556753980482796,0.25859415084658804,0.6245059967041016,0.7872734069824219,0.42334888632710554,0.6533996095704695,0.752483958904976,0.5100373813242274,0.5848174590316946
469,8.0,1.0,0.0,1.0,2,0.6636871508379889,0.3333333333333333,0.2659217877094972,0.6554610133171082,0.6935368776321411,0.7980784596300866,0.5603253528952321,0.7836364308041661,0.8033407347470064,0.7363452445191228
470,9.0,1.0,1.0,1.0,2,0.6382428940568474,0.296248382923674,0.268733850129199,0.6728025674819946,0.7282009720802307,0.9085508834501356,0.591934491459854,0.6307091856294006,0.8913001142552306,0.7556236686986553
471,8.0,1.0,0.0,1.0,2,0.6477732793522267,0.3057324840764331,0.26026604973973394,0.6491825580596924,0.6206674575805664,0.904809923317964,0.6029070425900686,0.7601670259916105,0.8814547093792537,0.7873346753197241
472,10.0,1.0,1.0,1.0,2,0.5081081081081081,0.2976190476190476,0.23675675675675678,0.6804059147834778,0.6770369410514832,0.736908608920208,0.7597854477340861,0.7654614908507934,0.7076489040956349,0.7424511129001805
473,9.0,2.0,1.0,1.0,2,0.6757142857142856,0.43490701001430615,0.3271428571428572,0.6582034230232239,0.6749973893165588,0.8639559976573434,0.5846037620710117,0.7269837642795218,0.8459165859465232,0.7553650274886001
474,1.0,1.0,0.0,1.0,1,0.7134751773049646,0.38778409090909094,0.30921985815602837,0.6799029111862183,0.6553743481636047,0.8661298915319483,0.6373171369657118,0.6429802680758613,0.5550270283415665,0.6753635812287719
475,1.0,2.0,1.0,0.7777777777777778,1,0.6291208791208792,0.29986244841815685,0.3021978021978022,0.6707850694656372,0.6167564988136292,0.08436106003447442,0.5413068762667081,0.7048226107570752,0.13874203012336056,0.3673081442954046
476,8.0,1.0,1.0,0.8888888888888888,2,0.610011641443539,0.31351981351981356,0.279394644935972,0.6440852284431458,0.6999990940093994,0.08664693265584403,0.6504960497631891,0.7562963673336758,0.08702205177664417,0.3951153503823383
477,8.0,1.0,1.0,0.6666666666666666,1,0.5545722713864307,0.2618110236220472,0.24975417895771876,0.6257835030555725,0.6371992230415344,0.877550904695322,0.785361401272685,0.8494731008879183,0.807189113754787,0.829893630152678
478,8.0,2.0,1.0,1.0,3,0.644320297951583,0.32691112492231195,0.2681564245810056,0.6789854764938354,0.6603660583496094,0.8241581553794244,0.5616482920097315,0.6631814018836852,0.8438800595865589,0.72321697721485
479,2.0,1.0,1.0,0.5555555555555556,2,0.48562783661119524,0.25056775170325507,0.20726172465960666,0.6183996200561523,0.7403350472450256,0.8386129687522399,0.5192283381289126,0.7133904906632723,0.818056205295418,0.7223220007099607
480,9.0,2.0,1.0,1.0,1,0.5592137592137593,0.25086079685194296,0.24078624078624078,0.6817288398742676,0.742755651473999,0.8705066037460035,0.5887551507558756,0.7526353319009657,0.8566515236899475,0.767137152523198
481,1.0,1.0,0.0,0.5555555555555556,1,0.6342387871130765,0.3111954459203036,0.24636765634870497,0.6472201943397522,0.6991698741912842,0.5716104632655488,0.6371594992501298,0.651405695561686,0.5853265107427429,0.6113755422050269
482,8.0,1.0,1.0,1.0,1,0.521505376344086,0.22600896860986547,0.20519713261648745,0.5912529826164246,0.671930193901062,0.9186440434747983,0.6069133891037175,0.7773128370520842,0.9079744907206303,0.8027111900878076
483,8.0,2.0,1.0,1.0,2,0.6361746361746362,0.2970159611380985,0.2924462924462925,0.6603330373764038,0.6682446002960205,0.8710583340659799,0.6787788084288924,0.7506252072282965,0.8482946157205367,0.7871892413609263
484,8.0,2.0,0.0,0.7777777777777778,1,0.48590189262263417,0.24429841515268652,0.21784472769409038,0.658719539642334,0.7864863872528076,0.8935151946055402,0.684472673660013,0.7554107101239845,0.8818793615250119,0.8038194849786373
485,8.0,2.0,1.0,1.0,1,0.6466809421841542,0.3559685489635454,0.3240542469664526,0.6692487001419067,0.63385409116745,0.945188463060317,0.5141818391965808,0.8038364312659102,0.9080517812048198,0.792814628681907
486,3.0,1.0,1.0,0.7777777777777778,2,0.3372222222222222,0.1812117843246248,0.1338888888888889,0.5625727772712708,0.6694979667663574,0.313824264539294,0.5556696419374083,0.7226156954007134,0.23017425025421678,0.4555709630329081
487,8.0,1.0,1.0,0.6666666666666666,2,0.5848375451263539,0.24939759036144576,0.18652226233453667,0.6393454670906067,0.5864494442939758,0.7615051884178188,0.536529258966312,0.5905002304755327,0.7524938461311503,0.6602571309977034
488,4.0,2.0,1.0,1.0,1,0.6990881458966566,0.4126597687157639,0.36595744680851067,0.6418705582618713,0.7039607167243958,0.7318215950363539,0.514010331102484,0.6250621639443315,0.69807771651543,0.6422429516496498
489,4.0,2.0,0.0,0.5555555555555556,2,0.5753424657534246,0.2889324191968658,0.2123287671232877,0.653510570526123,0.5787504315376282,0.9030671892711374,0.6213395471860373,0.7221157986264284,0.8819844254241934,0.782126740126949
490,1.0,2.0,1.0,0.5555555555555556,2,0.5384190160309563,0.22689540675152187,0.2100608070757324,0.6427938342094421,0.7841061949729919,0.15380019700449632,0.6212761447334495,0.7993640629261479,0.14459098636433707,0.42975784775710774
491,1.0,1.0,1.0,1.0,2,0.5816554809843401,0.2658700522778193,0.29381058911260255,0.6661683917045593,0.6275426745414734,0.22248856909382667,0.6343706492475232,0.6999567331665982,0.27674352408066283,0.4583898688971527
492,9.0,1.0,0.0,0.5555555555555556,2,0.6426966292134831,0.3543307086614173,0.31235955056179776,0.7046957612037659,0.6977090239524841,0.8961756801060754,0.6763927757165854,0.792076343254837,0.8825079333450894,0.8117881831056468
493,10.0,1.0,0.0,0.6666666666666666,1,0.5263620386643234,0.25505716798592787,0.25746924428822493,0.6612185835838318,0.720465898513794,0.35969248091640593,0.6162158671587395,0.6989045985377591,0.4216710110400192,0.5241209894132309
494,2.0,2.0,0.0,0.5555555555555556,3,0.5235975066785397,0.22370766488413546,0.20124666073018702,0.6743215322494507,0.7353609800338745,0.8902689885825595,0.6024471530428278,0.7025496996648462,0.8699579446221809,0.7663059464781036
495,8.0,1.0,1.0,1.0,1,0.6617877679038159,0.38409209837781266,0.30214323052796654,0.6190066337585449,0.6838968396186829,0.8695182459519544,0.5427809262188872,0.7883909060807712,0.8490694875051,0.7624398914391782
496,10.0,1.0,0.0,1.0,1,0.3577118030412744,0.15228426395939085,0.17958001448225924,0.6299556493759155,0.6942306756973267,0.06466414549705803,0.7377759275288548,0.6605675255438711,0.03138624243090802,0.37359846025017296
497,8.0,1.0,1.0,0.7777777777777778,2,0.5445928479103834,0.265631737818025,0.23782852218871176,0.6356194019317627,0.6808195114135742,0.8514527430957481,0.4998932061754851,0.7463469056082512,0.834582864867353,0.7330689299367094
498,2.0,2.0,1.0,0.8888888888888888,1,0.5301080802882141,0.27614631633178777,0.2326299536798765,0.653221607208252,0.6633392572402954,0.5564147345520563,0.4751703850520095,0.5795954249690998,0.5803577782940936,0.5478845807168148
499,1.0,2.0,1.0,0.7777777777777778,1,0.5792584631918324,0.2625067240451856,0.231058570660935,0.66818767786026,0.6342043280601501,0.7271301460650811,0.6568264073356893,0.7520746093909759,0.7370580022373476,0.7182722912572734
500,3.0,2.0,0.0,0.6666666666666666,3,0.5898345153664303,0.2745562130177515,0.2517730496453901,0.6779667735099792,0.6304808855056763,0.874432606568562,0.473812181260648,0.7872387519875944,0.8570169926046101,0.7481251331053536
501,2.0,1.0,0.0,0.5555555555555556,1,0.32192846034214617,0.19314641744548286,0.2021772939346812,0.6601949334144592,0.7173957824707031,0.9455600388178915,0.8658388043402068,0.9008559377244433,0.9157174382363686,0.9069930547797276
502,2.0,2.0,1.0,0.6666666666666666,1,0.522946394138064,0.29255113855654186,0.21750867720786735,0.6071486473083496,0.767477810382843,0.799037112438822,0.6341648195583725,0.7990117401938118,0.7589375946097557,0.7477878167001905
503,2.0,2.0,0.0,1.0,1,0.5797838525111252,0.3119032463399109,0.3038779402415766,0.6649773716926575,0.6996304988861084,0.8809760670209335,0.650704828917518,0.8235279312727004,0.849634253843135,0.8012107702635718
504,8.0,2.0,0.0,0.7777777777777778,4,0.47181171319102355,0.2454794520547945,0.24958949096880131,0.6040573120117188,0.7092586159706116,0.5888391474365873,0.6562872150500152,0.7226164443398154,0.3869953725480449,0.5886845448436158
505,2.0,1.0,1.0,1.0,3,0.5629438347320852,0.23400129282482224,0.21562298256939963,0.6497831344604492,0.7036771774291992,0.8835315006351336,0.6470547630585682,0.6752397044939283,0.8553388568016262,0.7652912062473142
506,8.0,2.0,1.0,0.6666666666666666,3,0.5601469237832873,0.24080882352941177,0.22038567493112948,0.606255829334259,0.6629878282546997,0.796054779914826,0.47831058716188046,0.6700475451122943,0.7341708298751068,0.6696459355160269
507,2.0,2.0,0.0,0.5555555555555556,1,0.3922590249348716,0.19515828677839853,0.19947897283215482,0.6542104482650757,0.7124870419502258,0.5862355071120489,0.6221227487612746,0.7089151749133533,0.40204550476969036,0.5798297338890918
508,2.0,1.0,1.0,0.7777777777777778,2,0.6015831134564644,0.22292657157950344,0.20369393139841688,0.6380380988121033,0.6835389733314514,0.7498439236561669,0.6275554252892868,0.8212790445428365,0.7421073250312071,0.7351964296298743
509,3.0,2.0,1.0,0.5555555555555556,1,0.590702947845805,0.2860385925085131,0.2811791383219955,0.6770914793014526,0.6884843707084656,0.8655717345335759,0.5345114238823653,0.7525416813554731,0.8518843565672708,0.7511272990846714
510,10.0,2.0,1.0,1.0,2,0.4723061430010071,0.23991935483870966,0.21651560926485397,0.6244639754295349,0.7554090619087219,0.5523409945989726,0.644269517774218,0.6826341908290933,0.44563420779663176,0.5812197277497289
511,8.0,1.0,1.0,1.0,3,0.6153011394465545,0.3107007061379685,0.24742268041237114,0.6014589667320251,0.5814659595489502,0.8246421087798573,0.5960003298884925,0.7819744362072927,0.7995910130152705,0.7505519719727283
512,8.0,2.0,0.0,0.5555555555555556,3,0.5663627152988855,0.2657200811359026,0.25025329280648434,0.6457692384719849,0.7276611328125,0.7017310007351446,0.5098571265470044,0.6903814490300437,0.772350711843847,0.6685800720390099
513,2.0,2.0,1.0,0.7777777777777778,1,0.565584704313028,0.3355585224744103,0.30057803468208094,0.6580561995506287,0.6067526936531067,0.8939006717194676,0.6589910366070456,0.6321962149849487,0.8808980113946517,0.7664964836765285
514,8.0,1.0,0.0,0.5555555555555556,2,0.5790297339593115,0.23289817232375978,0.20970266040688576,0.6162868142127991,0.7086839079856873,0.7415474998261757,0.5423873799066025,0.773769589123763,0.7259924631970273,0.6959242330133921
515,1.0,2.0,1.0,1.0,1,0.6555023923444977,0.35782747603833864,0.37161084529505584,0.6784265041351318,0.7232207655906677,0.06091107762377004,0.694395537076433,0.6649020784365057,0.08175073011660446,0.3754898558133283
516,8.0,2.0,0.0,1.0,2,0.5990660440293529,0.29792919171676685,0.2868579052701801,0.6767116785049438,0.7158166170120239,0.8552113807041373,0.5689936752658311,0.6754524441947203,0.8316961852612342,0.7328384213564808
517,5.0,2.0,1.0,0.5555555555555556,1,0.5171641791044775,0.27856609410007466,0.20820895522388058,0.6446161270141602,0.6966807842254639,0.8167887086228416,0.5345154291608074,0.8477394121363896,0.8659231609570571,0.7662416777192739
518,4.0,1.0,0.0,0.6666666666666666,1,0.5910112359550561,0.21484814398200222,0.2146067415730337,0.6253471970558167,0.6988880634307861,0.9078132544687798,0.5964659105393696,0.7324490430259991,0.869348576036219,0.7765191960175919
519,10.0,1.0,1.0,0.5555555555555556,2,0.591737005775211,0.3245887060915963,0.26654820079964464,0.6256209015846252,0.6880274415016174,0.8285277456878756,0.6037896287226425,0.7477957274753796,0.8234795485860826,0.750898162617995
520,1.0,1.0,1.0,0.8888888888888888,2,0.5531547104580813,0.2476190476190476,0.25929127052722556,0.6365602016448975,0.7428604960441589,0.7953608443981557,0.7392122329768617,0.8032424754959835,0.5657620605456962,0.7258944033541743
521,1.0,2.0,1.0,1.0,1,0.6411917098445595,0.32814526588845655,0.2836787564766839,0.621651828289032,0.7875155806541443,0.8893350393591932,0.6794325086921927,0.7155546847702433,0.8733963089400908,0.78942963544043
522,9.0,1.0,1.0,0.7777777777777778,1,0.529627687467226,0.24986876640419947,0.2286313581541689,0.6196826100349426,0.67909836769104,0.763956736804474,0.5515206046683773,0.8094200677642853,0.7767831649684243,0.7254201435513902
523,8.0,1.0,1.0,0.8888888888888888,1,0.5717299578059072,0.27771911298838436,0.2521097046413502,0.6628692746162415,0.7514330148696899,0.8307783063501543,0.44204402608247256,0.7304161183060013,0.8264280014333838,0.7074166130430031
524,2.0,1.0,0.0,1.0,1,0.6407355021216408,0.3541076487252125,0.38048090523338046,0.7224732637405396,0.6890098452568054,0.8703476889979621,0.5968111092388612,0.6351280086927318,0.8303113366506117,0.7331495358950417
525,8.0,2.0,1.0,1.0,3,0.5687134502923976,0.26793557833089315,0.2719298245614035,0.5645273327827454,0.7594402432441711,0.3771472442873147,0.6274344300336712,0.8131437313200149,0.25149358063273064,0.5173047465684328
526,8.0,1.0,1.0,0.8888888888888888,1,0.5607560756075608,0.27387387387387385,0.23492349234923493,0.6547377109527588,0.6758708953857422,0.8011679654408592,0.4648779149122824,0.7312334953428338,0.8351524693934751,0.7081079612723626
527,2.0,2.0,1.0,0.5555555555555556,1,0.5467869222096956,0.20654627539503387,0.21984216459977454,0.6141805648803711,0.7024251222610474,0.4960052700787192,0.5985662886503023,0.8093293391867414,0.39244311954562694,0.5740860043653474
528,1.0,1.0,0.0,0.5555555555555556,1,0.6105100463678517,0.29721362229102166,0.25347758887171556,0.7009580135345459,0.7203191518783569,0.8735571482684289,0.5880522711881371,0.6528007992482564,0.8500001743449005,0.7411025982624307
529,2.0,2.0,1.0,0.7777777777777778,1,0.6562674094707521,0.3513664249860569,0.29303621169916433,0.6762927174568176,0.6838206052780151,0.8558651040332849,0.4911861384890606,0.6471867657591195,0.8454877692149223,0.7099314443740968
530,8.0,2.0,1.0,1.0,1,0.4865306122448979,0.1733442354865086,0.2236734693877551,0.6009960174560547,0.7436816096305847,0.30850787203762386,0.7553834959245217,0.8283320819247274,0.2542620920669286,0.5366213854884504
531,3.0,2.0,1.0,0.7777777777777778,2,0.38259833134684146,0.1718377088305489,0.19785458879618592,0.6105871200561523,0.7050224542617798,0.2458069967453952,0.6911583350085219,0.6791406283668022,0.2213522492768877,0.45936455234940177
532,6.0,1.0,0.0,1.0,2,0.5943719972546327,0.33127147766323023,0.32669869595058343,0.7073726654052734,0.6213642954826355,0.8154679928846171,0.5803566547008778,0.6780554447006035,0.8012285382658448,0.7187771576379859
533,1.0,2.0,1.0,0.6666666666666666,1,0.5349282296650718,0.20402298850574713,0.19999999999999998,0.61716228723526,0.6440170407295227,0.5659901624621603,0.5652566356182678,0.7437299748793827,0.5817552663312731,0.614183009822771
534,8.0,2.0,0.0,1.0,2,0.5846354166666667,0.21382007822685786,0.19270833333333334,0.5923025012016296,0.7016522288322449,0.8879302211435993,0.6895431551562718,0.7967441127965571,0.8633106899885861,0.8093820447712535
535,8.0,1.0,1.0,1.0,3,0.4567901234567901,0.18316831683168316,0.21728395061728395,0.6249447464942932,0.6169675588607788,0.5901220971188921,0.8854458285991,0.8209517157620702,0.5307188938636361,0.7068096338359247
536,8.0,1.0,0.0,0.8888888888888888,2,0.5493689680772085,0.30631970260223046,0.32219747587230885,0.7133662104606628,0.7231784462928772,0.8035595208572976,0.5317145800873808,0.6923829696048226,0.8332497124429822,0.7152266957481208
537,13.0,2.0,1.0,0.5555555555555556,1,0.4705438066465256,0.22448979591836735,0.18504531722054382,0.629447877407074,0.7372339963912964,0.7718154084355158,0.5227020133591597,0.7783985684539141,0.7674251789393399,0.7100852922969825
538,1.0,1.0,0.0,1.0,1,0.6194805194805195,0.28998699609882966,0.2506493506493507,0.6644876003265381,0.5988993048667908,0.8806570944894301,0.6118102072732524,0.6238723694458497,0.8840430405173434,0.7500956779314689
539,8.0,1.0,0.0,0.5555555555555556,0,0.6163265306122448,0.30653950953678477,0.25170068027210885,0.6569862365722656,0.7370643615722656,0.8993748681610726,0.6706135171764785,0.8138948776274858,0.86980274638939,0.8134215023386067
540,8.0,2.0,1.0,0.7777777777777778,3,0.6275478690549722,0.3042671614100185,0.2878319950586782,0.6809437274932861,0.6628374457359314,0.902978307463145,0.6548668575601698,0.7626970361420027,0.88276182826309,0.800826007357102
541,13.0,2.0,1.0,0.7777777777777778,3,0.5385537355173791,0.32067173130747706,0.2516979624450659,0.6351994872093201,0.7364282011985779,0.8982251433946092,0.5496795896385838,0.7568270102350972,0.8763488351576065,0.7702701446064741
542,1.0,1.0,0.0,0.7777777777777778,1,0.5258814703675918,0.31081081081081086,0.2708177044261066,0.6704567074775696,0.683315634727478,0.8608846991847978,0.5966808257425232,0.7145297351123739,0.8385453102683201,0.7526601425770038
543,8.0,1.0,0.0,0.8888888888888888,3,0.3531827515400411,0.10493827160493827,0.1601642710472279,0.6109257340431213,0.6777372360229492,0.8938030321529286,0.6413009024646246,0.9492237369012334,0.8500138440139567,0.8335853788831857
544,3.0,1.0,1.0,0.625,2,0.5975609756097561,0.24083769633507854,0.2456445993031359,0.6194338798522949,0.8001296520233154,0.46215587717568646,0.6665741803262946,0.8395990066334289,0.12558032688849122,0.5234773477559753
545,8.0,1.0,1.0,0.7777777777777778,3,0.6510388918486947,0.33813333333333334,0.2919552477357486,0.6964036822319031,0.6788264513015747,0.8404410132900368,0.5162287868146392,0.7990368364859115,0.8280553458483707,0.7459404956097396
546,9.0,1.0,1.0,1.0,2,0.5683453237410071,0.31351351351351353,0.33093525179856115,0.6226308941841125,0.6985733509063721,0.3421541543588048,0.6864122797088358,0.6799654406681042,0.450026451312166,0.5396395815119777
