index,issueArea,decisionDirection,partyWinning,voteDistribution,respondentType,rouge1,rouge2,rougeL,bert_f1,align_score,unieval_coherence,unieval_consistency,unieval_fluency,unieval_relevance,unieval_overall
0,10.0,2.0,0.0,0.625,1,0.5519685039370079,0.30890464933018125,0.2220472440944882,0.644734799861908,0.740734338760376,0.9048536679090908,0.613766759136147,0.8188364438563955,0.8744670218873086,0.8029809731972354
1,8.0,1.0,0.0,0.6666666666666666,1,0.5884261763115197,0.26204656199242016,0.23472147106544075,0.5991731286048889,0.7578575015068054,0.789025956268193,0.5456666905262685,0.6264838569991833,0.7933541866860154,0.688632672619915
2,2.0,1.0,1.0,1.0,2,0.4888658726048679,0.29756350440642826,0.2454686690833765,0.6713866591453552,0.5234116315841675,0.29448315475415776,0.6980738398937345,0.767521101808619,0.13525661782532783,0.47383367857045977
3,1.0,1.0,0.0,0.6666666666666666,1,0.6436107854630715,0.3615023474178404,0.3329425556858147,0.6652452349662781,0.7766176462173462,0.8991368182891242,0.6444126321476071,0.6519371971255262,0.886864151797604,0.7705876998399653
4,8.0,2.0,1.0,1.0,3,0.5375870920425376,0.26715596330275226,0.21855518885221856,0.6396068930625916,0.7472655773162842,0.840366811105507,0.5863023476713188,0.7046395617624739,0.8357510168134799,0.7417649343381949
5,7.0,1.0,0.0,0.5555555555555556,3,0.506357516828721,0.27619760479041916,0.24008975317875839,0.607525646686554,0.6666640639305115,0.86111131558982,0.5324102808302464,0.8408895773306128,0.8492381925477589,0.7709123415746095
6,10.0,1.0,0.0,0.5555555555555556,1,0.6125845033801351,0.2665278500780844,0.22776911076443057,0.6482015252113342,0.7061063051223755,0.8892764998923087,0.5211753878757015,0.5775948694895979,0.8670378262684992,0.7137711458815269
7,8.0,1.0,1.0,0.8888888888888888,2,0.5934256055363322,0.2616984402079722,0.28373702422145325,0.6675401329994202,0.7366486191749573,0.05850223065028019,0.714778115860421,0.7205554861807943,0.16379571926949812,0.4144078879902484
8,8.0,1.0,1.0,1.0,2,0.6215139442231076,0.3272146847565842,0.31553784860557765,0.6760542392730713,0.5483600497245789,0.22469637769226572,0.6108882251308659,0.673662937099098,0.3371316955820532,0.4615948088760707
9,1.0,2.0,1.0,0.5555555555555556,1,0.5975066785396259,0.29590017825311943,0.251113089937667,0.6411771774291992,0.7480420470237732,0.8814037996027339,0.48676309115086475,0.7749498948889075,0.8721125465368962,0.7538073330448506
10,2.0,2.0,1.0,0.5555555555555556,2,0.572093023255814,0.25960419091967407,0.26976744186046514,0.6180306673049927,0.7013320922851562,0.6048605791319196,0.5180078790852801,0.5680801380419022,0.6061700435307772,0.5742796599474698
11,9.0,1.0,0.0,0.6666666666666666,1,0.5657336726039016,0.30560271646859083,0.2536047497879559,0.6459304690361023,0.7103703618049622,0.8656954589752072,0.612838838892091,0.7185409934334668,0.8209139259690559,0.7544973043174552
12,5.0,1.0,1.0,0.625,2,0.6188068756319515,0.2945344129554656,0.25985844287158744,0.6974594593048096,0.7477779984474182,0.8595245728601171,0.6787045477993258,0.7428767292350784,0.8382474700343662,0.7798383299822218
13,4.0,2.0,0.0,1.0,3,0.5954785954785955,0.3302840635532017,0.278018278018278,0.6108272671699524,0.7779853940010071,0.8329213712392105,0.5851860037132479,0.7791432275030916,0.8059436337566597,0.7507985590530524
14,2.0,1.0,1.0,1.0,1,0.6040772532188842,0.2620837808807734,0.20708154506437765,0.5440054535865784,0.7865384817123413,0.7204491271153418,0.5890894910591103,0.7922728461965671,0.7107395164678697,0.7031377452097223
15,1.0,1.0,0.0,0.5555555555555556,1,0.3730994152046784,0.1873536299765808,0.20818713450292395,0.62608802318573,0.7435425519943237,0.8539737250889436,0.7221968495084679,0.7637720175352324,0.5829231144010881,0.7307164266334331
16,8.0,1.0,0.0,1.0,2,0.5989304812834224,0.24765729585006693,0.25935828877005346,0.6723603010177612,0.6258938908576965,0.8404256473205531,0.6626204594161338,0.765732733327745,0.7690888172202919,0.759466914321181
17,8.0,1.0,0.0,0.75,1,0.5326757090012331,0.30275606746194983,0.26880394574599265,0.6605839133262634,0.6837283968925476,0.8368749806189794,0.517212392801068,0.7200362935065696,0.816460524318035,0.722646047811163
18,9.0,1.0,0.0,0.8888888888888888,1,0.5994180407371484,0.3339805825242719,0.2667313288069835,0.7234586477279663,0.6728986501693726,0.9024047155622671,0.7211144804225205,0.7792042653219697,0.8901292500419266,0.823213177837171
19,1.0,1.0,0.0,1.0,1,0.440318302387268,0.2712765957446808,0.3129973474801061,0.6685936450958252,0.6167113184928894,0.4979812513303201,0.7042509540462145,0.5146599974236985,0.404058400105478,0.5302376507264278
20,12.0,2.0,0.0,0.5555555555555556,1,0.6182643221781055,0.31459398069278816,0.26999432785025523,0.7046618461608887,0.64312744140625,0.8696686554532804,0.5957936619704992,0.6957298402219148,0.8468489622918743,0.7520102799843922
21,2.0,1.0,1.0,1.0,2,0.3632103104862332,0.1994134897360704,0.19800820152314003,0.6111117601394653,0.6043115854263306,0.47432223010971414,0.626937343547955,0.7773805776732321,0.3115286270441651,0.5475421945937666
22,3.0,2.0,1.0,1.0,1,0.5156899810964083,0.27241770715096475,0.2850661625708884,0.6619606614112854,0.7197791337966919,0.5067990391370855,0.6218376372132483,0.7518068279694337,0.5416029322790398,0.6055116091497018
23,1.0,1.0,1.0,0.6666666666666666,2,0.6434872859366891,0.34389610389610387,0.30409963674104823,0.6455172896385193,0.7316061854362488,0.9127703450060312,0.6231136907257374,0.8552108400663039,0.9016522888029391,0.8231867911502528
24,2.0,2.0,1.0,1.0,1,0.5217821782178218,0.2477700693756194,0.21782178217821785,0.6378625631332397,0.6719915866851807,0.8188731654002399,0.6110602026418849,0.649364885327882,0.8452047607204649,0.7311257535226179
25,8.0,2.0,0.0,1.0,2,0.4312210200927357,0.23065015479876164,0.21020092735703244,0.6310287714004517,0.780185878276825,0.6097263689450478,0.827558797007778,0.7112124222404942,0.7917502406710788,0.7350619572160997
26,2.0,1.0,0.0,0.6666666666666666,1,0.2981878088962109,0.15676567656765678,0.17792421746293244,0.6752134561538696,0.5493642687797546,0.7349631784731003,0.6319838041747114,0.8279796639638842,0.5970047221972956,0.6979828422022478
27,9.0,1.0,0.0,1.0,3,0.5701357466063348,0.29898074745186864,0.252262443438914,0.6654052734375,0.6544385552406311,0.8298689816376761,0.5169740431915594,0.6315612628076663,0.7977739095936281,0.6940445493076325
28,7.0,1.0,1.0,0.7777777777777778,3,0.43803056027164683,0.19541206457094307,0.2037351443123939,0.6303856372833252,0.7790145874023438,0.714626735464348,0.5673322441624267,0.6911296599060067,0.7369894406194775,0.6775195200380648
29,10.0,2.0,0.0,0.6666666666666666,3,0.23559322033898303,0.14431239388794567,0.14237288135593218,0.6110092997550964,0.4570731520652771,0.5396383859849148,0.6267678006540978,0.6519397877423049,0.6567630171295518,0.6187772478777173
30,2.0,2.0,1.0,0.5555555555555556,1,0.5939849624060151,0.32608695652173914,0.26900584795321636,0.6800732612609863,0.7786114811897278,0.8159886907469507,0.7342993736258082,0.7979680553396283,0.8351417181681763,0.7958494594701409
31,2.0,2.0,1.0,0.7777777777777778,1,0.5765154726579059,0.278319898175647,0.22975837219160664,0.6016747355461121,0.6935981512069702,0.6511007564877969,0.48762689222724,0.7094469087244464,0.6748896551518602,0.6307660531478358
32,2.0,1.0,1.0,1.0,2,0.5743670886075949,0.3159144893111639,0.25553797468354433,0.6333577632904053,0.7029441595077515,0.8849314146042921,0.5547058281399796,0.7535575581876496,0.8709687499352725,0.7660408877167985
33,2.0,2.0,1.0,0.7777777777777778,1,0.6220901436354632,0.2726822012890432,0.25755324418028724,0.6704965829849243,0.7226114869117737,0.8864267489927972,0.5951278516186863,0.7377718397675941,0.8639069668774573,0.7708083518141338
34,9.0,1.0,0.0,0.8888888888888888,2,0.6162104133118625,0.29661472326706073,0.2834138486312399,0.6577586531639099,0.6128620505332947,0.8616773953743869,0.5046089852625564,0.6553170045214276,0.8449729597631889,0.7166440862303899
35,8.0,2.0,1.0,1.0,2,0.38537859007832903,0.2080501829587036,0.21201044386422976,0.6284054517745972,0.7541817426681519,0.7664875533591486,0.6607685579286293,0.8212529721964922,0.6673845537801698,0.72897340931611
36,2.0,1.0,1.0,0.6666666666666666,2,0.5893679363750524,0.3049853372434017,0.27040602762662197,0.5789290070533752,0.6851202845573425,0.89834933038638,0.5634398126426645,0.7840640370749384,0.8745953016885849,0.780112120448142
37,1.0,2.0,1.0,0.5555555555555556,1,0.47779605263157904,0.2131687242798354,0.1850328947368421,0.6462502479553223,0.5620534420013428,0.7943832845613937,0.49433160484018696,0.62756128744083,0.8004758883343283,0.6791880162941848
38,8.0,2.0,1.0,1.0,2,0.5917641077783427,0.31246819338422394,0.2836807320793086,0.6661266684532166,0.7618066668510437,0.8625597754678344,0.6567738674666206,0.6937721452662671,0.8408197252383236,0.7634813783597614
39,1.0,1.0,1.0,0.8888888888888888,2,0.5531914893617021,0.2543576500968367,0.23210831721470018,0.6281871199607849,0.6940651535987854,0.4420924285463858,0.5292233501781822,0.6545743404168802,0.46921658265964694,0.5237766754502738
40,2.0,2.0,1.0,0.5555555555555556,2,0.3113153360137852,0.16216216216216214,0.18380241240666284,0.6768931746482849,0.7637749314308167,0.9241996973846754,0.8832241827209782,0.8561772094394526,0.8919996975048997,0.8889001967625015
41,8.0,1.0,0.0,1.0,1,0.6563245823389021,0.3189964157706093,0.26610978520286394,0.6543697118759155,0.7073681354522705,0.8095492325997551,0.6361512112530766,0.6286693320296249,0.7924021274672524,0.7166929758374273
42,10.0,2.0,0.0,0.5555555555555556,1,0.39777640518838786,0.19221260815822,0.1766522544780729,0.5953223705291748,0.6719477772712708,0.7402480304846465,0.4992532911858996,0.6444918964673623,0.7235221854721084,0.6518788509025042
43,10.0,2.0,1.0,1.0,1,0.593192868719611,0.2022714981070849,0.2063749324689357,0.613832950592041,0.5764874219894409,0.9123717460841676,0.5273031105473763,0.816865434196962,0.8739223072683554,0.7826156495242154
44,8.0,2.0,0.0,1.0,2,0.564206268958544,0.25303643724696356,0.2224469160768453,0.6668490171432495,0.6444252133369446,0.8604495922614183,0.59461109426354,0.6689075746682152,0.8299942154603984,0.738490619163393
45,1.0,1.0,0.0,0.8888888888888888,1,0.5912305516265911,0.3312883435582822,0.2696841112682697,0.6405099034309387,0.7051353454589844,0.7935886914785542,0.6042953991496102,0.6972759255734906,0.8154539247592542,0.7276534852402273
46,8.0,1.0,1.0,1.0,1,0.26686361398325953,0.13799901429275505,0.15755785327424912,0.6364198923110962,0.7363716959953308,0.8116248823224838,0.5762814642909871,0.8182961455087194,0.7690427625251272,0.7438113136618294
47,2.0,1.0,0.0,1.0,0,0.624246483590087,0.2655935613682093,0.22103148024112526,0.6410179138183594,0.7598069906234741,0.8688464039752506,0.6006131434029732,0.6849863886506616,0.8504966172525759,0.7512356383203653
48,2.0,1.0,0.0,1.0,1,0.5749145924841387,0.3214460185637519,0.23133235724743778,0.6576059460639954,0.7567128539085388,0.8721957019518982,0.7535799429471238,0.893960696051679,0.8981736876728742,0.8544775071558939
49,2.0,1.0,1.0,1.0,2,0.6555054732775274,0.32237266279819476,0.2755956213779781,0.6481156945228577,0.7044209241867065,0.8685922195457336,0.6592634471972464,0.7285804103833604,0.8688812925123387,0.7813293424096699
50,1.0,2.0,1.0,0.7777777777777778,1,0.624577226606539,0.33295711060948086,0.32807215332581735,0.6754586100578308,0.6387442350387573,0.8815110939938937,0.5792893923183712,0.5919593164767675,0.848189031613646,0.7252372086006696
51,8.0,1.0,0.0,0.8888888888888888,3,0.6281622911694511,0.38031533683707597,0.3818615751789976,0.6531688570976257,0.6510929465293884,0.9027250796510318,0.5185115468035741,0.7093703075503608,0.886585593615544,0.7542981319051277
52,8.0,2.0,1.0,1.0,1,0.6043866774979691,0.2945484133441822,0.32493907392363935,0.6654715538024902,0.723277747631073,0.880383673471699,0.6487405078759446,0.7986194685586714,0.8180593704844533,0.786450755097692
53,2.0,2.0,0.0,0.5555555555555556,3,0.5370675453047775,0.35953820780648704,0.36243822075782534,0.6817833185195923,0.7364209890365601,0.5767271027970535,0.7088648072913198,0.7644393452795962,0.5173989404692645,0.6418575489593086
54,9.0,2.0,0.0,0.6666666666666666,1,0.5956204379562043,0.24415204678362573,0.26423357664233577,0.658272922039032,0.6793971061706543,0.40502684232867425,0.6273638657247754,0.734624557013393,0.34786403491021,0.5287198249942631
55,1.0,2.0,1.0,0.8888888888888888,1,0.5265700483091786,0.29838709677419356,0.3188405797101449,0.7142022252082825,0.699463427066803,0.8273725818410388,0.6477511810756535,0.6053313181003753,0.8069346351266579,0.7218474290359315
56,1.0,2.0,1.0,0.6666666666666666,1,0.4236619718309859,0.21545403271291594,0.2140845070422535,0.6151461601257324,0.6562016010284424,0.02335826798417118,0.5501133810473817,0.6245687149768312,0.03691846692176349,0.3087397077325369
57,9.0,1.0,1.0,0.6666666666666666,4,0.4671641791044777,0.23617339312406574,0.2537313432835821,0.6417073607444763,0.7661392688751221,0.5948214273154557,0.7659737684318885,0.7260594400823832,0.583958299736928,0.6677032338916639
58,3.0,2.0,0.0,0.6666666666666666,2,0.5370138017565872,0.22771033905399748,0.205771643663739,0.6111223697662354,0.7909334897994995,0.8861624725484764,0.6177210316369736,0.8293903679690416,0.865932505461088,0.7998015944038949
59,12.0,1.0,0.0,0.5555555555555556,2,0.560763888888889,0.34608695652173915,0.29166666666666663,0.6678959131240845,0.6523317694664001,0.30933250123979555,0.6945364130304635,0.5994662949926932,0.21802396943313887,0.4553397946740228
60,1.0,2.0,0.0,1.0,2,0.610441767068273,0.29222520107238603,0.2744310575635877,0.6939157843589783,0.7253708243370056,0.8650092669452746,0.657242953406008,0.6985383926755983,0.8746829272406885,0.7738683850668924
61,2.0,2.0,1.0,0.6666666666666666,1,0.531501657981999,0.24751066856330012,0.18758882046423497,0.6246184706687927,0.6740041971206665,0.7102064512571927,0.5988946931861103,0.6792625899132081,0.7163819033176039,0.6761864094185288
62,1.0,1.0,0.0,0.5555555555555556,1,0.3929824561403508,0.18384934567507183,0.16842105263157894,0.6244034767150879,0.7697157263755798,0.646630618529129,0.561643628876096,0.8122390365119837,0.7451550392795023,0.6914170807991777
63,1.0,2.0,1.0,1.0,1,0.562589928057554,0.28530259365994237,0.2906474820143885,0.6830292344093323,0.725283682346344,0.8816159461593276,0.6463248493390031,0.6189455067430877,0.856971492670682,0.7509644487280251
64,13.0,2.0,1.0,0.8888888888888888,1,0.3542354235423542,0.20507166482910694,0.2332233223322332,0.6221567392349243,0.6861426830291748,0.9340822932254347,0.8790206984600317,0.8559435627289885,0.8653150746398186,0.8835904072635684
65,2.0,1.0,1.0,0.5555555555555556,2,0.6191446028513239,0.32517838939857285,0.2281059063136456,0.6471412181854248,0.6175572276115417,0.9034354064260642,0.6172832101104334,0.68757618639883,0.8758644510606542,0.7710398134989954
66,3.0,2.0,0.0,0.75,2,0.4842547235829251,0.3041345480028031,0.31210636808957315,0.6671231389045715,0.7764049768447876,0.6491437577621019,0.7249985301724762,0.6485674929381785,0.45001618432529394,0.6181814912995126
67,1.0,2.0,1.0,0.5555555555555556,1,0.40167802831672783,0.2740157480314961,0.21709491347666493,0.6237676739692688,0.7168056964874268,0.7962079675228183,0.670061135520908,0.6491653763560402,0.5806890693130824,0.6740308871782122
68,8.0,1.0,0.0,1.0,3,0.6234269119070668,0.3236434108527132,0.29622458857696027,0.6322401165962219,0.7782808542251587,0.8574999978765698,0.6176544829948103,0.7783007369603062,0.8543196471990641,0.7769437162576875
69,8.0,1.0,1.0,0.625,3,0.5972850678733032,0.3106796116504854,0.3089851325145443,0.6510546803474426,0.7240828275680542,0.9183054131286777,0.5348756539468038,0.7534694724621699,0.9031835407717325,0.777458520077346
70,10.0,2.0,1.0,1.0,1,0.6301843317972351,0.31141868512110726,0.2868663594470046,0.67350834608078,0.7516735196113586,0.8206856700380768,0.603571992581694,0.7527435631038013,0.8436408065009146,0.7551605080561217
71,8.0,2.0,0.0,0.6666666666666666,3,0.6223628691983123,0.3273495248152059,0.21413502109704644,0.615446150302887,0.7122012376785278,0.7182878928651524,0.6392897193931564,0.6418005909282216,0.6854421014515429,0.6712050761595183
72,2.0,2.0,0.0,0.7777777777777778,3,0.5434633812457221,0.23303632625085674,0.24777549623545517,0.6761536598205566,0.7397579550743103,0.1774545824208039,0.6170015112776273,0.6262715031412605,0.1326969410118544,0.3883561344628865
73,4.0,1.0,1.0,1.0,1,0.4262877442273535,0.25844694724362777,0.23682652457075193,0.6062458157539368,0.815541684627533,0.7312383413964851,0.7067220244914615,0.7123241473794109,0.6896562864169986,0.7099851999210891
74,1.0,1.0,1.0,1.0,2,0.6365638766519824,0.27342888643880925,0.263215859030837,0.6349976658821106,0.7140273451805115,0.7004075072214395,0.5524166294475182,0.7145015842557956,0.7005540616710149,0.6669699456489421
75,1.0,2.0,1.0,0.6666666666666666,1,0.6061159287996349,0.30242119689355873,0.2510269283432222,0.6434679627418518,0.7553609013557434,0.8659633648687688,0.6975621366056377,0.7716071963720909,0.8402626337060537,0.7938488328881377
76,8.0,1.0,0.0,1.0,4,0.6491994177583698,0.2871720116618076,0.33478893740902477,0.6663261651992798,0.7290142774581909,0.39395285222486104,0.6109140547777503,0.7996549901810758,0.3350435052830622,0.5348913506166874
77,8.0,2.0,1.0,1.0,2,0.5441860465116278,0.31211180124223603,0.31937984496124033,0.6828470826148987,0.6831721067428589,0.3538623702326859,0.7246939610678828,0.6545588189126675,0.2225259046132775,0.48891026370662843
78,2.0,2.0,1.0,1.0,2,0.5028835063437139,0.2690531177829099,0.25259515570934254,0.5983770489692688,0.7263604998588562,0.10821168396735213,0.5831077729083203,0.6886209817106627,0.14341603547965082,0.3808391185164965
79,1.0,1.0,0.0,0.7777777777777778,1,0.6063044936284374,0.2981867024848892,0.3018108651911469,0.6772653460502625,0.6822048425674438,0.8682698297433469,0.6024050212112313,0.7323857696725966,0.8456110787736263,0.7621679248502002
80,9.0,1.0,0.0,0.6666666666666666,1,0.5944444444444446,0.26918798665183535,0.2722222222222222,0.6758901476860046,0.7383119463920593,0.8473745677616332,0.7274876575028941,0.8426929316815601,0.8350063003462005,0.8131403643230719
81,9.0,1.0,1.0,0.5555555555555556,3,0.5621156211562116,0.31403940886699505,0.26199261992619927,0.6674705147743225,0.7195435166358948,0.12435843185129991,0.5874547378377633,0.8697940225065584,0.10330491890410251,0.421228027774931
82,9.0,1.0,1.0,0.5555555555555556,2,0.5749613601236476,0.25541795665634676,0.2921174652241113,0.6398661732673645,0.7297561168670654,0.3917241462758462,0.7299855186413197,0.7187963237757066,0.25171303239785675,0.5230547552726823
83,10.0,2.0,0.0,1.0,2,0.5517573423206548,0.2689156626506024,0.26287915262397693,0.6422609686851501,0.6937527060508728,0.891119422356159,0.6003295804187694,0.7713603481129739,0.8662811714548688,0.7822726305856929
84,8.0,2.0,1.0,0.875,3,0.5993945509586276,0.25757575757575757,0.2391523713420787,0.6480220556259155,0.6147090792655945,0.7411694557008944,0.6457311016859972,0.7930811399208771,0.735189803248959,0.7287928751391819
85,1.0,2.0,1.0,0.8888888888888888,1,0.5470995210218201,0.3324453915823122,0.2799361362426823,0.6910607218742371,0.7753241062164307,0.28714229880901526,0.6292257716474061,0.7078049891089713,0.23123604012121188,0.46385227492165115
86,1.0,2.0,1.0,0.8888888888888888,1,0.561282932416953,0.24541284403669722,0.23825887743413515,0.6645756363868713,0.6434805393218994,0.8195936960763848,0.6364012193194448,0.5220386035060594,0.8116079958902206,0.6974103786980274
87,2.0,1.0,1.0,0.875,1,0.6429319371727749,0.3469601677148847,0.3005235602094241,0.6878476142883301,0.7534737586975098,0.6362670426117598,0.5644007491979376,0.7003719773151167,0.7443176223386412,0.6613393478658638
88,1.0,1.0,1.0,1.0,2,0.6350322202694786,0.25571847507331374,0.23550087873462214,0.6344395875930786,0.7925611734390259,0.8346644476907329,0.6028008381981118,0.6984282788164445,0.8432685950720485,0.7447905399443344
89,1.0,2.0,0.0,0.5555555555555556,2,0.4739545121056493,0.22630418809698755,0.24211298606016143,0.5926726460456848,0.829256534576416,0.7642923854113786,0.5596480067678241,0.8380275122289352,0.7402647618326675,0.7255581665602013
90,1.0,2.0,1.0,0.625,3,0.5853658536585366,0.2699216950713957,0.21260929590427977,0.5981337428092957,0.7289190888404846,0.8936924597081052,0.5416073863705327,0.8411459189695474,0.8823984737468049,0.7897110596987476
91,8.0,2.0,1.0,1.0,4,0.5800376647834276,0.27144203581526866,0.21468926553672316,0.5869855880737305,0.7421461343765259,0.7701674764201994,0.6252324138023095,0.699854163478025,0.7386791091746508,0.7084832907187962
92,8.0,2.0,1.0,1.0,1,0.6403940886699508,0.32767123287671235,0.3152709359605912,0.6289278864860535,0.7687334418296814,0.9047838344541195,0.5398774899437425,0.7355976766076312,0.8911896968615228,0.767862174466754
93,7.0,1.0,1.0,0.5555555555555556,2,0.6195715112912565,0.3281159420289855,0.2501447596988998,0.6927729845046997,0.6462040543556213,0.8432035268404133,0.6798338558220263,0.7189146012081242,0.8104670033244418,0.7631047467987514
94,10.0,1.0,1.0,1.0,2,0.6480047647409173,0.3064997018485391,0.25610482430017867,0.6609635353088379,0.7901737689971924,0.8700610258179917,0.5498551955348603,0.7236195331273367,0.8450803648369732,0.7471540298292905
95,1.0,2.0,1.0,0.6666666666666666,1,0.6242544731610338,0.31144278606965176,0.2475149105367793,0.7029511332511902,0.7212187647819519,0.8672532349390826,0.5950782377189293,0.6797141090972779,0.8781622508543176,0.7550519581524018
96,10.0,2.0,0.0,1.0,2,0.6070430408049189,0.25181869054280914,0.24147568474007822,0.678571879863739,0.6861855387687683,0.8198324958882748,0.44879148372024963,0.759067053587886,0.8026102824097004,0.7075753289015277
97,9.0,1.0,0.0,0.5555555555555556,2,0.4177215189873418,0.22417153996101366,0.19376825705939632,0.6411137580871582,0.739236056804657,0.6452350279725169,0.5946079858881371,0.6943339962437624,0.5608804093470611,0.6237643548628694
98,4.0,2.0,1.0,1.0,1,0.6282051282051283,0.29288214702450405,0.2599067599067599,0.6593673825263977,0.6256048083305359,0.7286217097017393,0.6077056626309306,0.7563948276913952,0.800445002013247,0.7232918005093281
99,1.0,1.0,1.0,1.0,2,0.4981504315659679,0.28888888888888886,0.2959309494451295,0.6455131769180298,0.7132073640823364,0.6380488117152313,0.5685098309648943,0.7530905321213701,0.6983401407579711,0.6644973288898667
100,8.0,2.0,1.0,0.6666666666666666,3,0.48977695167286256,0.2586046511627907,0.2704460966542751,0.6290431618690491,0.7222136855125427,0.7405220772019362,0.5978140107310346,0.7978634212151037,0.5524571816654804,0.6721641727033887
101,2.0,2.0,1.0,1.0,1,0.652128764278297,0.3482328482328483,0.3125649013499481,0.6811767816543579,0.6422882676124573,0.7830359475046277,0.5008138322293904,0.7996036137146783,0.7381439526019175,0.7053993365126534
102,4.0,2.0,1.0,0.5555555555555556,1,0.553016453382084,0.24611161939615733,0.2129798903107861,0.6463958024978638,0.7739731073379517,0.896307916356202,0.6113579802214162,0.7285626509571609,0.8780872657568897,0.7785789533229172
103,8.0,1.0,1.0,1.0,1,0.5627615062761506,0.29214659685863875,0.25418410041841005,0.655817985534668,0.6928161978721619,0.8970441180889462,0.5318256482156086,0.710610677172405,0.8698154112414569,0.7523239636796042
104,8.0,1.0,1.0,1.0,3,0.6006144393241167,0.363076923076923,0.2980030721966206,0.7064254283905029,0.6946163177490234,0.8732867861883861,0.7018995277939438,0.7485008258394015,0.8547547271224544,0.7946104667360465
105,4.0,2.0,1.0,0.7777777777777778,1,0.5448634590377113,0.30078125,0.305591677503251,0.6203553676605225,0.6984386444091797,0.22121282676582385,0.7504553770462498,0.665622578831807,0.2601816081817709,0.47436809770641286
106,6.0,1.0,1.0,0.5555555555555556,2,0.5877305877305876,0.27136109918419926,0.23852423852423849,0.67319655418396,0.7991395592689514,0.8353442219638502,0.5551099787436673,0.8231220796395571,0.8526635274532804,0.7665599519500886
107,8.0,1.0,0.0,0.7777777777777778,3,0.597445863409217,0.3035019455252918,0.2620766240977235,0.6818878054618835,0.6272714138031006,0.8811281072030684,0.551252896041854,0.7693038947739151,0.8617274810441814,0.7658530947657548
108,1.0,1.0,1.0,0.5555555555555556,2,0.3518427518427519,0.13674372848007868,0.14840294840294838,0.6041195392608643,0.7883774042129517,0.566021447796126,0.6375364289408879,0.7240103108890746,0.3287748908039129,0.5640857696075003
109,5.0,1.0,0.0,1.0,1,0.5369551484523057,0.3200506008855155,0.2766898294377764,0.6399900317192078,0.7471521496772766,0.16017646477848113,0.7153413446904129,0.7766243996677895,0.15829519351316662,0.45260935066246255
110,1.0,2.0,1.0,0.5555555555555556,1,0.5563122053431117,0.2758259045621395,0.24305919329491882,0.634172260761261,0.7616567611694336,0.8842265964373347,0.5654287731489063,0.7481702677840552,0.8155252823012685,0.7533377299178912
111,1.0,1.0,1.0,1.0,2,0.6189555125725338,0.3378509196515005,0.30851063829787234,0.6562986373901367,0.6389380097389221,0.8641765954541372,0.46694861873778776,0.653706549112525,0.8615705208987408,0.7116005710507978
112,8.0,1.0,1.0,1.0,1,0.6341929321872015,0.3406698564593301,0.32473734479465133,0.6922885179519653,0.780453622341156,0.5397805439310156,0.6015499973346186,0.7884394088549747,0.3327627454215476,0.5656331738855391
113,1.0,2.0,0.0,0.5555555555555556,2,0.5666507405637841,0.2735533237685318,0.23411371237458192,0.6686776876449585,0.6587803363800049,0.8655964018765782,0.6474700182059293,0.7314869412060717,0.8581908948571944,0.7756860640364434
114,2.0,2.0,1.0,0.7777777777777778,1,0.5318396226415094,0.27744982290436837,0.24528301886792453,0.6345381140708923,0.5858514308929443,0.788304503205378,0.6719185672889105,0.7548627832670459,0.6562414307653825,0.7178318211316793
115,10.0,2.0,1.0,0.5555555555555556,2,0.6309794988610478,0.3078677309007982,0.2676537585421412,0.5986114740371704,0.6171430945396423,0.883440164732902,0.6542150457805049,0.799640552163808,0.8467665798223535,0.796015585624892
116,8.0,1.0,0.0,1.0,2,0.582392776523702,0.2381311228334589,0.25432656132430403,0.6649704575538635,0.7232256531715393,0.34036371285364303,0.666342092633604,0.7116279167908642,0.295631800817165,0.503491380773819
117,1.0,2.0,1.0,0.5555555555555556,1,0.572552877520905,0.2776957163958641,0.24495818986719137,0.6674436926841736,0.6319984793663025,0.891841180075116,0.5968563397741723,0.69021113924582,0.8773209675110016,0.7640574066515274
118,12.0,2.0,1.0,1.0,1,0.5820895522388061,0.26650062266500624,0.2649253731343284,0.6327699422836304,0.6678969860076904,0.8252397909874737,0.5785182632088662,0.700100753590236,0.8329161091031515,0.7341937292224319
119,1.0,1.0,1.0,1.0,2,0.5687984496124031,0.2347235693501455,0.2209302325581395,0.6636891961097717,0.6278050541877747,0.8724836939166623,0.5134939249055461,0.7285213130742506,0.8508197325180613,0.74132966610363
120,1.0,1.0,0.0,0.5555555555555556,1,0.6209544706527702,0.31081823174080175,0.2512342292923752,0.6915076375007629,0.7515040636062622,0.830864464540788,0.5659635200503077,0.7084957553887502,0.8052848042966662,0.727652136069128
121,9.0,2.0,1.0,1.0,2,0.5335350479072112,0.2614840989399293,0.25718608169440244,0.6633728742599487,0.7097537517547607,0.8179482063371978,0.6372343773326654,0.6855934734427019,0.8015758417816227,0.735587974723547
122,6.0,2.0,0.0,1.0,2,0.6595403527525387,0.3574103798822901,0.3057188669160877,0.6538687348365784,0.7355433702468872,0.8702932189725353,0.6246235200477412,0.7405972951459009,0.8654920928948968,0.7752515317652685
123,1.0,2.0,1.0,1.0,1,0.6385964912280702,0.34622144112478037,0.32280701754385965,0.6579916477203369,0.7172149419784546,0.5715811018874258,0.7714434331494426,0.7291467684787086,0.6928731315660507,0.6912611087704069
124,2.0,1.0,1.0,0.5555555555555556,1,0.5713114754098362,0.302707136997539,0.24344262295081967,0.6214987635612488,0.6835399866104126,0.9031479711368458,0.5269029131788243,0.791630037237314,0.8870556327187151,0.7771841385679248
125,1.0,1.0,0.0,1.0,1,0.580130529369108,0.2817719680464778,0.25525743292240755,0.6786069273948669,0.7676091194152832,0.8664987815421453,0.6588450551467421,0.7619994876849182,0.8437848281334248,0.7827820381268076
126,9.0,2.0,1.0,1.0,2,0.6121562952243126,0.32173913043478264,0.2604920405209841,0.6528951525688171,0.6818094849586487,0.929922987180524,0.6831976519092093,0.8479024144481835,0.9104595876604351,0.8428706602995881
127,10.0,2.0,0.0,1.0,1,0.5711857203569911,0.28583581454700124,0.21334466638334043,0.6349248290061951,0.7088572382926941,0.857197664057189,0.658818707283114,0.8494061113212703,0.8410418313228926,0.8016160784961165
128,2.0,2.0,1.0,0.5555555555555556,2,0.5612770339855818,0.3154639175257732,0.325437693099897,0.6581133604049683,0.7141698598861694,0.5657965122355716,0.6436405199996742,0.7737523480304446,0.6009705167024058,0.646039974242024
129,5.0,1.0,1.0,1.0,2,0.6210621062106211,0.2596934174932371,0.2502250225022502,0.6719270944595337,0.5998206734657288,0.150256666773559,0.6329084509596671,0.5861888672136135,0.14892367213199179,0.3795694142697078
130,1.0,1.0,1.0,1.0,2,0.4158094206821873,0.2384823848238482,0.20465619924201406,0.6201819181442261,0.5593326091766357,0.46951797938382506,0.5546852643309775,0.7261037246331318,0.508600237557264,0.5647268014762996
131,1.0,1.0,1.0,0.7777777777777778,2,0.6160919540229886,0.30084420567920184,0.3065134099616858,0.6501868367195129,0.7605974078178406,0.08682032512675868,0.5847980837298509,0.7681718849171648,0.08271340616994143,0.38062592498592895
132,4.0,2.0,0.0,0.5555555555555556,2,0.5251585623678647,0.22936944561997463,0.22579281183932345,0.644159734249115,0.6831699013710022,0.8450896976344379,0.6061621606214048,0.7397141128274146,0.8504742459613045,0.7603600542611404
133,2.0,1.0,1.0,0.5555555555555556,2,0.5560204556020456,0.2624476500697999,0.21292422129242214,0.585336446762085,0.7142058610916138,0.8389270316716021,0.5424099312956768,0.7113527538539224,0.8330527691320836,0.7314356214883213
134,8.0,1.0,0.0,0.5555555555555556,2,0.5994778067885117,0.2645060115002614,0.21409921671018278,0.6620028018951416,0.6879105567932129,0.8990067024134379,0.634949359466935,0.7132091668918197,0.863147763432892,0.7775782480512712
135,2.0,1.0,0.0,0.5555555555555556,1,0.6611275964391692,0.3232323232323232,0.287240356083086,0.6791560053825378,0.7189096808433533,0.8748599241864293,0.5314116669950848,0.6536577121689214,0.8662468791461007,0.7315440456241341
136,10.0,2.0,0.0,0.6666666666666666,2,0.5933062880324543,0.29035532994923857,0.24949290060851928,0.6467469334602356,0.7165625691413879,0.44317001788151056,0.5411760727238364,0.8091558458259717,0.49063425157341567,0.5710340470011837
137,8.0,1.0,1.0,0.6666666666666666,4,0.586221651690201,0.32376873661670236,0.2558836114676936,0.6627076268196106,0.7308239340782166,0.8099545454118734,0.5444142377148715,0.7448589160188025,0.7859577044241437,0.7212963508924227
138,1.0,2.0,0.0,0.5555555555555556,1,0.41750227894257064,0.15159817351598173,0.2041932543299909,0.6067207455635071,0.7064372301101685,0.8575144385886069,0.5710871302723981,0.7599785383831872,0.9240940040146393,0.7781685278147079
139,3.0,2.0,1.0,0.6666666666666666,2,0.552232336367577,0.2490238611713666,0.223667100130039,0.5945857763290405,0.7245283126831055,0.9029452108561544,0.6377319459784105,0.769871064172253,0.8857698313196853,0.7990795130816258
140,8.0,2.0,0.0,1.0,0,0.5380592678675188,0.32460732984293195,0.27774549680418364,0.7157298922538757,0.783751904964447,0.08341723614706517,0.7526597439175752,0.8288271334664796,0.11285795245466017,0.44444051649644506
141,5.0,2.0,0.0,0.875,2,0.5364431486880467,0.2218978102189781,0.2274052478134111,0.6313208341598511,0.685950517654419,0.8622923066198755,0.6395674527564454,0.6988308190165823,0.8650074706690799,0.7664245122654958
142,9.0,2.0,1.0,1.0,4,0.5569493226292023,0.3455549974886991,0.2789764174611139,0.7183403968811035,0.6340107321739197,0.9089452941842819,0.6396461680572127,0.7462872172562908,0.8819944987669541,0.7942182945661849
143,8.0,1.0,1.0,0.7777777777777778,1,0.5899543378995434,0.30438756855575866,0.3150684931506849,0.6441620588302612,0.6581478714942932,0.8849862283275477,0.5856440955812191,0.7794855753618174,0.881357239978797,0.7828682848123454
144,1.0,2.0,1.0,1.0,1,0.5260243632336655,0.2549889135254989,0.28017718715393136,0.618075430393219,0.6944761276245117,0.872818450012406,0.6192867072265179,0.8296412039144477,0.7902269784910062,0.7779933349110945
145,1.0,2.0,1.0,1.0,1,0.6110381077529566,0.33289473684210524,0.2483574244415243,0.7084057927131653,0.6170165538787842,0.8829953900415555,0.4760891976714439,0.7582625751368909,0.862177507317934,0.744881167541956
146,1.0,1.0,1.0,1.0,2,0.6194588370754174,0.2731988472622478,0.24064478986758778,0.6671602129936218,0.7181193232536316,0.6976208028561,0.6090018424919821,0.6377635188409329,0.6542813566119082,0.6496668802002308
147,3.0,2.0,0.0,0.5555555555555556,3,0.41998090995863824,0.1992995861190704,0.16226535157492844,0.6144127249717712,0.6364737153053284,0.8649398689464005,0.4764091575912816,0.6624792226160123,0.8194303029231944,0.7058146380192223
148,8.0,2.0,0.0,0.7777777777777778,2,0.5974534769833496,0.3088235294117647,0.296767874632713,0.6881527900695801,0.7695205211639404,0.9089529303908661,0.5316633193228966,0.7794778572362117,0.874793514998163,0.7737219054870343
149,10.0,2.0,1.0,0.7777777777777778,2,0.6213476446034585,0.23402985074626864,0.22778771615980917,0.6416237950325012,0.6294704675674438,0.8683537216833976,0.5631882305703804,0.7237561552625831,0.8957668826638227,0.762766247545046
150,4.0,2.0,1.0,1.0,3,0.5718475073313782,0.27103718199608606,0.23655913978494622,0.6627633571624756,0.6633206009864807,0.8729538740063959,0.4939487161207343,0.679285952535003,0.8481280413516535,0.7235791460034467
151,8.0,2.0,1.0,0.75,3,0.4918639053254439,0.25018504811250925,0.21005917159763313,0.6384956240653992,0.7065131068229675,0.9030370469767255,0.5955863768636611,0.7976263869314384,0.870328667261982,0.7916446195084518
152,8.0,2.0,0.0,1.0,2,0.6503287507471608,0.3315380011968881,0.2976688583383144,0.650641679763794,0.6807120442390442,0.14228101921801856,0.6729891405799222,0.7627103864195753,0.16033850994706758,0.43457976404114596
153,1.0,1.0,0.0,0.6666666666666666,1,0.6346265199768385,0.2782608695652174,0.27909669947886506,0.638713538646698,0.6792705059051514,0.909743512662025,0.7344548772143186,0.7462997792578869,0.8977029068751861,0.8220502690023541
154,8.0,1.0,1.0,1.0,2,0.642817831590534,0.30964187327823695,0.2707760044028618,0.6897884011268616,0.6648157238960266,0.4979642057732172,0.6594452596316056,0.6526685032209424,0.6203298624098058,0.6076019577588927
155,1.0,2.0,1.0,0.5555555555555556,1,0.6222461042450296,0.26465841850457233,0.2418054809242343,0.6537530422210693,0.7674786448478699,0.8611748073966781,0.5362629784241014,0.6296369607655183,0.8207886031031185,0.7119658374223541
156,8.0,1.0,1.0,1.0,2,0.4597701149425288,0.25466084886949625,0.2084819659135949,0.6734849214553833,0.6659232378005981,0.7820090969292053,0.6181685691331488,0.6474829895060911,0.8093430337763209,0.7142509223361915
157,7.0,1.0,1.0,0.5555555555555556,1,0.5437583296312749,0.21609604268563806,0.18569524655708572,0.62654709815979,0.6207727193832397,0.7227670024120667,0.5720161185157229,0.7174966679072753,0.7410249162056294,0.6883261762601736
158,8.0,1.0,0.0,1.0,3,0.6266050333846943,0.2796915167095116,0.24345146379044685,0.6700835227966309,0.6752740144729614,0.8953251487049267,0.6297112974773785,0.6890012601469262,0.8571940707470024,0.7678079442690585
159,6.0,2.0,1.0,1.0,2,0.5042735042735043,0.2945205479452055,0.19316239316239317,0.6510375142097473,0.6558850407600403,0.8649150297762317,0.589008956599165,0.47242516005939006,0.8530722886790666,0.6948553587784633
160,1.0,1.0,0.0,0.6666666666666666,1,0.6013810420590081,0.24512884978001256,0.2598870056497175,0.6847768425941467,0.7205548882484436,0.6790999646804562,0.6707648946642047,0.7683577502877461,0.5865259825702199,0.6761871480506567
161,1.0,1.0,1.0,1.0,2,0.4219330855018587,0.23463687150837986,0.22862453531598514,0.6728153824806213,0.757242739200592,0.3287501148526612,0.6564910785245872,0.7915189859748879,0.45736269337894525,0.5585307181827704
162,3.0,1.0,0.0,1.0,1,0.607915567282322,0.3053354463814052,0.3134564643799472,0.6435229778289795,0.5762622356414795,0.8881337987544703,0.549029204648739,0.7332108850287793,0.8761935770768768,0.7616418663772163
163,8.0,2.0,1.0,1.0,2,0.6039360393603936,0.2376847290640394,0.23739237392373924,0.6589108109474182,0.7313753962516785,0.9119712898453781,0.6814962741609981,0.6752476664345112,0.8868048650167207,0.788880023864402
164,5.0,2.0,1.0,0.6666666666666666,3,0.49089841456253674,0.2328042328042328,0.23605402231356432,0.6556836366653442,0.7676284313201904,0.7715817711788104,0.7007108658088297,0.7004386069300496,0.6840711690199552,0.7142006032344113
165,9.0,2.0,0.0,1.0,3,0.5919282511210763,0.24466891133557797,0.22085201793721973,0.6204660534858704,0.6515432596206665,0.805766074467564,0.6319295268772962,0.6773809989773977,0.7864655069311941,0.725385526813363
166,8.0,2.0,1.0,1.0,2,0.5781041388518025,0.22593582887700533,0.2149532710280374,0.6612792611122131,0.7345375418663025,0.8598329270255288,0.6378301688323114,0.7078904043895224,0.8868911296674233,0.7731111574786965
167,1.0,1.0,0.0,1.0,1,0.5439330543933054,0.22067039106145253,0.2580195258019526,0.6710620522499084,0.7072085738182068,0.12541497115909186,0.6844802874380389,0.7286462284733809,0.1039201717736203,0.41061541471103297
168,2.0,2.0,0.0,1.0,2,0.44486215538847124,0.24968632371392724,0.2268170426065163,0.608409583568573,0.6967986822128296,0.7817267515434955,0.6788051836776952,0.7258434367772075,0.6891099077740017,0.7188713199431
169,5.0,1.0,1.0,1.0,1,0.5251122907309106,0.25091949325704943,0.2351980400163332,0.6144086718559265,0.7484398484230042,0.892182267674937,0.6017499424329855,0.6659694311819963,0.8760604659503685,0.7589905268100718
170,3.0,1.0,1.0,0.5555555555555556,1,0.423905489923558,0.20305980528511822,0.19457956914523974,0.6483381390571594,0.7148264050483704,0.8702828476788814,0.5916726240591902,0.8032307598264619,0.8585317715974975,0.7809295007905078
171,8.0,2.0,1.0,1.0,2,0.5506329113924051,0.24334600760456274,0.2607594936708861,0.6320849657058716,0.6464242339134216,0.7687198337854927,0.5647634689088099,0.7337665019205606,0.7547530692244101,0.7055007184598183
172,2.0,2.0,0.0,0.5555555555555556,3,0.6053991958644457,0.23346751006325475,0.21941412981045375,0.6806318163871765,0.745596170425415,0.8869926433777794,0.613825350767877,0.7731407114702725,0.8689081969916835,0.7857167256519032
173,9.0,1.0,1.0,1.0,3,0.6472148541114058,0.2963356346255975,0.259946949602122,0.6629081964492798,0.7176514267921448,0.8838259304103501,0.6283083123877884,0.7406744957614125,0.8667920211150992,0.7799001899186626
174,13.0,1.0,0.0,1.0,3,0.49930362116991645,0.29198606271777006,0.1991643454038997,0.6429150104522705,0.7137938737869263,0.7945429064235768,0.563984949869212,0.7724948979230865,0.7849629268212288,0.728996420259276
175,8.0,2.0,1.0,1.0,2,0.5453488372093024,0.26775320139697323,0.22325581395348837,0.5889119505882263,0.5399059057235718,0.8082219409423916,0.5714666969133492,0.5203177052204416,0.7496484707939364,0.6624137034675297
176,10.0,2.0,1.0,1.0,3,0.577560975609756,0.271484375,0.2448780487804878,0.675129771232605,0.6597594618797302,0.6594649554207999,0.5143285069080613,0.6966932262876295,0.6657225320791974,0.6340523051739221
177,6.0,2.0,1.0,1.0,3,0.551255940257977,0.2528891910265126,0.26612355736591986,0.6271380186080933,0.7061476111412048,0.7704804293880572,0.577435278340471,0.6367662126562142,0.7972335477398209,0.6954788670311408
178,8.0,1.0,1.0,0.5555555555555556,1,0.5040710584752036,0.23629629629629625,0.20725388601036268,0.645578145980835,0.7464209794998169,0.9082550417297263,0.622973648843367,0.7856475746110465,0.8813072661992469,0.7995458828458468
179,8.0,2.0,1.0,0.6666666666666666,4,0.5453802125919869,0.2733224222585925,0.2436631234668847,0.5956626534461975,0.7122262716293335,0.8952105500879687,0.5630727140616894,0.7619568877914938,0.8670171900043896,0.7718143354863853
180,2.0,1.0,1.0,1.0,2,0.5298329355608592,0.24014336917562723,0.23866348448687347,0.6168110966682434,0.7542073726654053,0.6447073727663429,0.5847260042903476,0.6630485566646986,0.6656551058696634,0.6395342598977631
181,8.0,2.0,1.0,1.0,3,0.4440697020798201,0.1992121553179516,0.2507026419336706,0.6490896344184875,0.750206708908081,0.6904708735113827,0.6240152596761394,0.7336635101542193,0.7386361499377646,0.6966964483198764
182,1.0,1.0,0.0,0.5555555555555556,1,0.5764192139737991,0.29446064139941697,0.25764192139737985,0.6744862198829651,0.7758204340934753,0.6447474711319987,0.6712101994556089,0.6546107071557798,0.7749512959631705,0.6863799184266395
183,1.0,2.0,1.0,1.0,1,0.5026697177726925,0.2442748091603053,0.19145690312738364,0.6026164293289185,0.7461830377578735,0.8991186726084782,0.6060121979202587,0.6506656801836505,0.8809325817871796,0.7591822831248918
184,1.0,1.0,0.0,1.0,1,0.6054054054054054,0.2768754833720031,0.2749034749034749,0.6574689149856567,0.7266863584518433,0.12700199270732926,0.7424098861801915,0.7283244446520196,0.08000849401945526,0.4194362043897489
185,1.0,2.0,1.0,0.7777777777777778,1,0.6272189349112427,0.25806451612903225,0.24852071005917156,0.6747334003448486,0.7622427940368652,0.7835974642868175,0.6027134885457893,0.7414824831621342,0.792004678895256,0.7299495287224993
186,7.0,1.0,0.0,1.0,3,0.6059933407325193,0.28888888888888886,0.24195338512763598,0.6298770904541016,0.6913233399391174,0.8893743513444667,0.6536519928331825,0.7118134890627151,0.864876363804233,0.7799290492611494
187,2.0,1.0,1.0,0.75,2,0.4303414928981566,0.2388872089507106,0.20610456331217888,0.6323434710502625,0.7878394722938538,0.8730900420325832,0.46687629759852756,0.8015468276840831,0.8324963333161571,0.7435023751578378
188,2.0,1.0,1.0,0.5555555555555556,2,0.42801890846583585,0.18150537634408603,0.17189514396218306,0.622043251991272,0.6522389054298401,0.33044449312227026,0.6142530085651071,0.7234383459657426,0.40760625102092873,0.5189355246685122
189,9.0,2.0,1.0,1.0,3,0.6479338842975206,0.3055708769994484,0.2413223140495868,0.6309263110160828,0.6869875192642212,0.8603261448771431,0.5776756259200707,0.7484587349872585,0.8655549124337115,0.763003854554546
190,9.0,2.0,1.0,1.0,2,0.6386975579211022,0.3084639498432602,0.22792736380713838,0.6465243101119995,0.7363985776901245,0.8780571026603526,0.6529968237030128,0.6703484486294934,0.835111835665255,0.7591285526645285
191,3.0,1.0,1.0,0.5555555555555556,2,0.554726368159204,0.22157676348547714,0.1915422885572139,0.6287470459938049,0.8717806935310364,0.7647388284946318,0.5448537377936797,0.8382474401836338,0.791174231129105,0.7347535594002627
192,1.0,1.0,1.0,1.0,2,0.6644113667117727,0.36720867208672087,0.3058186738836265,0.6694252490997314,0.743375837802887,0.4574791717554854,0.513162517205673,0.8079917754542046,0.20887715643600874,0.496877655212843
193,1.0,1.0,1.0,1.0,2,0.5803237858032378,0.2231920199501247,0.20298879202988795,0.6641108393669128,0.7750056982040405,0.8961700716986465,0.49466224354226324,0.7757929886546197,0.8655551174251298,0.7580451053301648
194,12.0,2.0,1.0,1.0,3,0.5589273112208892,0.22614840989399293,0.23712067748764995,0.6334399580955505,0.7264502048492432,0.7481641744437061,0.6734094634198818,0.7576208654322225,0.39111189644981376,0.642576599936406
195,12.0,2.0,1.0,1.0,2,0.6182857142857143,0.2665903890160183,0.26057142857142856,0.6310577988624573,0.6293653845787048,0.8893770799193822,0.6664483380399002,0.7656056102700964,0.8720219998632959,0.7983632570231687
196,8.0,2.0,0.0,0.7777777777777778,1,0.514367816091954,0.21188878235858102,0.19540229885057472,0.6371515393257141,0.5434718728065491,0.8975514152666246,0.47949088229413883,0.8251320130708066,0.8727901236113219,0.768741108560723
197,4.0,2.0,1.0,1.0,2,0.6010568031704094,0.2605820105820106,0.24834874504623516,0.629679799079895,0.7530518174171448,0.9202125062166003,0.7505018438120478,0.85834943444645,0.859045772225222,0.84702738917508
198,1.0,1.0,1.0,0.6666666666666666,2,0.6441631504922644,0.30704225352112674,0.3108298171589311,0.6813406944274902,0.7912166118621826,0.8685939950913647,0.5892012142118914,0.7143513319960475,0.8260224611356406,0.7495422506087361
199,3.0,1.0,1.0,1.0,2,0.6111111111111112,0.3542600896860986,0.2992831541218638,0.6706911325454712,0.7401102185249329,0.8843651183377277,0.6184691674419601,0.7392168710102434,0.8345463521443612,0.7691493772335731
200,8.0,2.0,1.0,0.7777777777777778,3,0.6492622020431329,0.31818181818181823,0.29057888762769585,0.6699573397636414,0.6338434815406799,0.9318684813752962,0.5356391984827971,0.6150260916934294,0.9127672295190361,0.7488252502676398
201,2.0,2.0,1.0,0.5555555555555556,1,0.577476714648603,0.32627118644067793,0.24047417442845048,0.6581292748451233,0.7445216774940491,0.8553614343998096,0.7115828813070322,0.7178330384666032,0.8305971664406013,0.7788436301535117
202,2.0,2.0,0.0,0.5555555555555556,1,0.5563843791136464,0.2696530522617479,0.23957876261518207,0.6497732996940613,0.6839728355407715,0.8456894337726805,0.5200280211950324,0.6888781300746808,0.834641266255122,0.7223092128243789
203,9.0,1.0,1.0,0.5555555555555556,2,0.5593667546174143,0.2404227212681638,0.22691292875989447,0.6544030904769897,0.6893484592437744,0.9168024008161946,0.559971110321846,0.7783219800164428,0.9107641175814933,0.7914649021839941
204,8.0,1.0,1.0,0.7777777777777778,3,0.6042908224076281,0.2517899761336515,0.21811680572109654,0.6520580649375916,0.6603766679763794,0.8834239488854123,0.5276758548244708,0.6280625381854261,0.8692930167226857,0.7271138396544988
205,6.0,1.0,0.0,0.6666666666666666,3,0.37442218798151006,0.17129629629629628,0.19722650231124808,0.6305374503135681,0.7718995213508606,0.6401426099839626,0.8486627722366284,0.9006118294650092,0.7617813847036852,0.7877996490973214
206,1.0,2.0,0.0,0.5555555555555556,2,0.6118047673098751,0.2727272727272727,0.246311010215664,0.6974881887435913,0.6726871728897095,0.9286663046068805,0.559009262796389,0.7643770362287312,0.9095437997121603,0.7903991008360403
207,2.0,1.0,0.0,1.0,1,0.5853256389117889,0.3104872006606111,0.33800494641385,0.6976522207260132,0.6772505044937134,0.15900406992446892,0.6401245806773985,0.7794409946413362,0.1369116188175881,0.4288703160151979
208,8.0,1.0,0.0,0.5555555555555556,2,0.49444081098757353,0.21218074656188604,0.24460431654676257,0.6236748099327087,0.7783451080322266,0.6805002335930255,0.571476709976346,0.6909866251592985,0.7495128239064991,0.6731190981587923
209,9.0,2.0,1.0,0.5555555555555556,2,0.6021505376344086,0.30708215297450425,0.2614601018675722,0.7086842656135559,0.6371469497680664,0.7775363020821762,0.5911915615719477,0.6210552000168378,0.7491055401391349,0.6847221509525242
210,1.0,1.0,1.0,0.5555555555555556,2,0.5893869139618754,0.26095925734914904,0.20814013395157135,0.6648643016815186,0.6778925061225891,0.22701254261820902,0.534191537459341,0.8342345923172948,0.2713535628178956,0.4666980588031851
211,3.0,2.0,0.0,0.7777777777777778,2,0.6415094339622641,0.3205612520237453,0.29757412398921834,0.6554290056228638,0.613433301448822,0.8961562093182238,0.5115696205387509,0.7607909974438556,0.8801981513976821,0.7621787446746281
212,8.0,1.0,1.0,1.0,1,0.6212121212121212,0.2812135355892649,0.2564102564102564,0.6576892733573914,0.6482580900192261,0.9021748788704457,0.5432264771750364,0.726867916782453,0.8934209117854661,0.7664225461533503
213,1.0,2.0,1.0,0.8888888888888888,1,0.44340878828229024,0.252,0.21571238348868174,0.6382849216461182,0.6253789663314819,0.7078912907856475,0.6654131115085237,0.7947458603716279,0.8062856323968165,0.7435839737656539
214,2.0,2.0,1.0,0.8888888888888888,3,0.5203657522859517,0.24313072439633635,0.2144638403990025,0.6587346196174622,0.7083368897438049,0.8360686720126353,0.738918730451818,0.8099275934413972,0.878922305559379,0.8159593253663073
215,9.0,2.0,1.0,1.0,2,0.6513002364066193,0.3100591715976332,0.26004728132387706,0.6586569547653198,0.728849470615387,0.5562567423542891,0.4988172521782631,0.7561987679780117,0.5919709090570964,0.600810917891915
216,1.0,1.0,0.0,0.5555555555555556,1,0.5341130604288499,0.24975609756097564,0.20565302144249514,0.6423882842063904,0.7188102006912231,0.8561587652769749,0.5749497394215869,0.6657086354845974,0.8507086814577542,0.7368814554102283
217,8.0,2.0,0.0,1.0,2,0.6073567151411462,0.27763496143958866,0.28400342172797266,0.629767119884491,0.8219146728515625,0.36066587699300334,0.6876449449312814,0.8282445011700815,0.29803284853297,0.5436470429068341
218,1.0,1.0,0.0,0.8888888888888888,1,0.5335102853351028,0.23521594684385386,0.2242866622428666,0.6602408289909363,0.7328329682350159,0.3407736766094465,0.5922259581706583,0.7027928811800024,0.4919505051142345,0.5319357552685854
219,1.0,2.0,1.0,1.0,1,0.5983787767133383,0.23616236162361623,0.23139277818717763,0.66193026304245,0.7928608655929565,0.9158409308656448,0.7001601694468224,0.6670769829345984,0.8571180998065299,0.7850490457633988
220,3.0,2.0,1.0,1.0,1,0.6169393647738209,0.2716763005780347,0.23387872954764197,0.6508403420448303,0.7133347392082214,0.9264645985940352,0.5481815804206321,0.8596155656784554,0.8787146288089371,0.803244093375515
221,7.0,1.0,1.0,1.0,2,0.6067048242027799,0.36691236691236695,0.3565004088307441,0.6975541114807129,0.7370504140853882,0.3193953404786123,0.762887005029707,0.6934360142974301,0.48788230305160557,0.5659001657143388
222,8.0,2.0,1.0,1.0,0,0.6323353293413175,0.3169267707082833,0.3329341317365269,0.687703013420105,0.8059397339820862,0.7125594218492636,0.7869502766774022,0.8020724558201341,0.7654849953359765,0.7667667874206942
223,4.0,2.0,1.0,0.8888888888888888,1,0.6218274111675126,0.3240152477763659,0.26015228426395937,0.6482322216033936,0.608849287033081,0.9028822637042381,0.6233396074740085,0.6625538057090279,0.8835676884401503,0.7680858413318562
224,8.0,1.0,1.0,1.0,2,0.5617173524150268,0.2328358208955224,0.21586165772212285,0.6562994718551636,0.7298403978347778,0.15301873655905127,0.7184822530207984,0.7894458760101746,0.08235100330069209,0.43582446722267904
225,2.0,1.0,1.0,0.5555555555555556,2,0.5650349650349651,0.22969187675070027,0.28111888111888106,0.6499611735343933,0.7619825005531311,0.30746029859457624,0.6525197370746593,0.7925838224239675,0.3505326469002027,0.5257741262483514
226,12.0,2.0,0.0,0.6666666666666666,1,0.5453846153846155,0.317167051578137,0.23846153846153847,0.5982614755630493,0.6933342814445496,0.8087269753515384,0.5679473307413886,0.6989864088725841,0.7655607445913735,0.710305364889221
227,2.0,2.0,1.0,0.5555555555555556,1,0.6263736263736263,0.2723521320495186,0.25549450549450553,0.6669526100158691,0.7356675267219543,0.1864367621894575,0.6072073887544029,0.8020423676951931,0.22713867814535277,0.4557062991961016
228,8.0,1.0,1.0,1.0,2,0.631404958677686,0.30777716492002205,0.2325068870523416,0.6307072043418884,0.6862029433250427,0.8001916193477009,0.5715019315600215,0.648107975551874,0.8009989025608211,0.7052001072551044
229,9.0,2.0,1.0,1.0,1,0.6349726775956284,0.25382932166301975,0.273224043715847,0.6523579955101013,0.618857741355896,0.8567361919455304,0.5028656469298102,0.7559214934937556,0.8666526663990493,0.7455439996920363
230,2.0,2.0,1.0,0.7777777777777778,1,0.5827650340979541,0.2532588454376164,0.22442653440793553,0.6172278523445129,0.6520909070968628,0.6955534106957112,0.6380042594924045,0.5975416532500948,0.7488008176881082,0.6699750352815796
231,4.0,2.0,1.0,0.5555555555555556,1,0.47193277310924364,0.2906155398587285,0.19226890756302523,0.6264607906341553,0.6953968405723572,0.21068127942152032,0.5314793307691095,0.6436916156912847,0.22227335888239094,0.4020313961910763
232,1.0,1.0,1.0,1.0,2,0.6602409638554216,0.3498190591073583,0.2698795180722892,0.6623585224151611,0.6713377237319946,0.8839331137851159,0.6196876336834071,0.6635550135381529,0.8539102350422161,0.7552714990122229
233,8.0,1.0,1.0,1.0,3,0.619072988811934,0.26559999999999995,0.22802344166222696,0.6143782734870911,0.7651563882827759,0.8969878228619611,0.7192162099816728,0.7920310629353711,0.8804777362230445,0.8221782080005122
234,10.0,1.0,0.0,0.7777777777777778,4,0.5465916197623515,0.2229179711959925,0.18636647904940587,0.6436243057250977,0.6549686789512634,0.8967323240516655,0.7120154056337312,0.7696316509450741,0.8514066489418097,0.8074465073930701
235,7.0,2.0,1.0,1.0,0,0.45203679369250993,0.25921052631578945,0.2536136662286465,0.6033545732498169,0.6980510354042053,0.0926319996663298,0.6231558853063142,0.6799448957381776,0.23412667788091404,0.4074648646479339
236,3.0,2.0,1.0,1.0,1,0.44863731656184486,0.2444910807974816,0.23794549266247378,0.6255862712860107,0.716593325138092,0.4596015138965933,0.6691031455059512,0.6721187894320135,0.35171409007168647,0.5381343847265612
237,9.0,2.0,1.0,0.8888888888888888,1,0.576051779935275,0.2576985413290113,0.24433656957928804,0.6551030278205872,0.7780583500862122,0.22726555292376882,0.6687338488067663,0.8039429377318972,0.3274880634087748,0.5068576007178018
238,1.0,2.0,1.0,0.6666666666666666,1,0.5181932245922208,0.2437185929648241,0.26599749058971145,0.6530430316925049,0.7072219848632812,0.4262686332834863,0.648698714115592,0.7580383855938371,0.26095012979539856,0.5234889656970785
239,8.0,1.0,1.0,0.6666666666666666,1,0.6439205955334988,0.3304347826086957,0.2617866004962779,0.6420324444770813,0.7998117208480835,0.7438888969687317,0.7164784917224558,0.8200514621723807,0.6433195081984899,0.7309345897655145
240,8.0,1.0,1.0,0.7777777777777778,3,0.3945111492281304,0.24499141385231823,0.2389937106918239,0.6536136865615845,0.731248140335083,0.5623867459982865,0.6215774665376949,0.6428591436289112,0.5224786455102851,0.5873255004187944
241,2.0,2.0,0.0,0.5555555555555556,3,0.5495726495726495,0.330196749358426,0.30683760683760686,0.7029203176498413,0.7294144034385681,0.9197497684045238,0.6038212994173562,0.7515426926010157,0.9111235975440777,0.7965593394917434
242,8.0,2.0,1.0,1.0,3,0.6382153249272552,0.38872691933916426,0.3278370514064015,0.7143442630767822,0.5346255302429199,0.5501997285135867,0.7035809585132293,0.6954698077454348,0.6562557305215614,0.651376556323453
243,8.0,2.0,1.0,1.0,3,0.6197884256378345,0.3052959501557632,0.24268823895457373,0.6614257097244263,0.6313157677650452,0.8060791405875022,0.39012834915108796,0.6194397216844836,0.8148552602525335,0.6576256179189018
244,8.0,1.0,0.0,0.5555555555555556,2,0.5774569683509162,0.23123957754307947,0.23209328151027206,0.6516062021255493,0.692758321762085,0.9096938365498769,0.550556149937997,0.7793494939865986,0.8934008966238501,0.7832500942745806
245,3.0,1.0,1.0,0.5555555555555556,3,0.6570862239841426,0.3462301587301587,0.29038652130822595,0.6919162273406982,0.8232327103614807,0.9248592412674228,0.6161367039108951,0.7989945334562361,0.9097827099187925,0.8124432971383366
246,1.0,1.0,0.0,1.0,2,0.636644046884639,0.30759728227300803,0.2899444787168415,0.6684741973876953,0.5889864563941956,0.8126582257355118,0.5483804216421054,0.6952104707630246,0.7781869337296254,0.7086090129675668
247,9.0,2.0,1.0,0.6666666666666666,3,0.49200492004920054,0.20073891625615764,0.2115621156211562,0.6005412936210632,0.603918194770813,0.690802649804466,0.6598971262533515,0.6067910371451984,0.683838120220381,0.6603322333558492
248,1.0,1.0,0.0,1.0,1,0.5643776824034334,0.3010752688172043,0.3476394849785408,0.6750631928443909,0.6281935572624207,0.03501222600455103,0.6560077177282556,0.7026518882604778,0.08082313690736587,0.3686237422251626
249,3.0,2.0,0.0,0.5555555555555556,2,0.529817444219067,0.2565976451481933,0.2158215010141988,0.6537731885910034,0.7745115756988525,0.8769872525234129,0.5061385072720761,0.7860231881635249,0.8665263375359007,0.7589188213737286
250,1.0,2.0,1.0,0.5555555555555556,1,0.5540334855403348,0.25088877602844084,0.21511922881785897,0.6518797278404236,0.710075318813324,0.8470800816116817,0.6671882349519561,0.7889123922534793,0.8302285564292807,0.7833523163115995
251,2.0,2.0,1.0,0.6666666666666666,3,0.543859649122807,0.24163879598662205,0.18045112781954886,0.644008219242096,0.7173876166343689,0.8666864128253611,0.5721313264986313,0.713939904127073,0.8386451875348532,0.7478507077464797
252,13.0,2.0,0.0,0.6666666666666666,1,0.5702325581395349,0.2616387337057728,0.22697674418604652,0.6328116059303284,0.7622767090797424,0.7922772739787094,0.5759088434281628,0.7960462626592762,0.7712174716119551,0.7338624629195258
253,9.0,1.0,0.0,1.0,3,0.528643216080402,0.19133937562940584,0.21105527638190957,0.6351345181465149,0.7296907305717468,0.1398760804743918,0.66471559060252,0.6942764509420634,0.11154948228915884,0.40260440107703355
254,8.0,2.0,0.0,0.75,2,0.6394257316399778,0.3007186290768381,0.26283821093318605,0.6491540670394897,0.6909632086753845,0.9093019038590103,0.5087349008374964,0.7097102214382088,0.897584405338926,0.7563328578684104
255,1.0,1.0,0.0,1.0,1,0.5036794766966476,0.2522522522522523,0.25838103025347503,0.6331436038017273,0.6034252643585205,0.13900122573124846,0.7117186221995124,0.6404937282799993,0.23119372223784382,0.43060182461215096
256,1.0,2.0,1.0,0.875,1,0.40414507772020725,0.18962962962962962,0.1591413767579571,0.5995333790779114,0.696815550327301,0.6471237323622694,0.6041483475750806,0.712632450742906,0.6936173276746184,0.6643804645887186
257,2.0,1.0,0.0,1.0,1,0.5408560311284046,0.2962962962962963,0.30544747081712065,0.6672032475471497,0.553485631942749,0.9067811955918563,0.6671204494573073,0.6952752084389892,0.9121050825705862,0.7953204840146848
258,9.0,2.0,0.0,0.6666666666666666,2,0.6138379657007688,0.2320899940793369,0.21052631578947367,0.6270939707756042,0.6858593821525574,0.8190153944282532,0.5280453548978529,0.7029216835973496,0.80607850237592,0.714015233824844
259,2.0,1.0,1.0,1.0,1,0.6442417331812998,0.319634703196347,0.23261117445838084,0.5947292447090149,0.7437523603439331,0.8852627886499151,0.7009979632212285,0.8017812553213598,0.876241790177456,0.8160709493424898
260,8.0,2.0,0.0,0.75,1,0.4094736842105264,0.21496311907270813,0.22736842105263158,0.6670933365821838,0.7384467124938965,0.10206790341757661,0.5851644789482797,0.7319764464475539,0.05096283688498731,0.36754291642459935
261,9.0,1.0,0.0,0.75,2,0.5635618043350907,0.27917888563049853,0.28705330990041006,0.6575181484222412,0.7471639513969421,0.8355052050608684,0.6854957746940022,0.8811119355769563,0.8419668945693399,0.8110199524752917
262,8.0,1.0,1.0,0.6666666666666666,2,0.5958363244795406,0.28324946081955427,0.30294328786791097,0.6340954303741455,0.6928211450576782,0.34447626179828966,0.5869905719213986,0.6515957708298153,0.15893457102654185,0.43549929389401143
263,7.0,1.0,1.0,0.75,2,0.6541151156535773,0.3920301561658589,0.2894029047875202,0.6282982230186462,0.7301582098007202,0.8712046930345002,0.4591885493513533,0.7735432180064878,0.8742556752547587,0.7445480339117749
264,2.0,2.0,0.0,1.0,1,0.6695760598503742,0.3757802746566791,0.2967581047381546,0.6963449716567993,0.6430218815803528,0.8766553316504595,0.3974714310190088,0.762178919611821,0.8672277358455506,0.7258833545317099
265,8.0,2.0,1.0,0.75,3,0.3867166577396894,0.20589812332439675,0.2356722013926085,0.6317588090896606,0.7901856303215027,0.547945184250131,0.6959132368853205,0.6779326303597821,0.10732108567115138,0.5072780342915962
266,2.0,2.0,0.0,0.5714285714285714,1,0.4974200206398349,0.22004132231404958,0.20330237358101133,0.6155077815055847,0.7014528512954712,0.08828552072625037,0.5926655267906554,0.7321729838566542,0.1143397689046363,0.3818659500695491
267,1.0,2.0,1.0,0.875,1,0.4434740417273168,0.22923749392909176,0.22319262493934985,0.620406985282898,0.7534242272377014,0.06841430706354303,0.6807507708672017,0.7721009063380062,0.06588909276635764,0.39678876925877715
268,8.0,1.0,1.0,0.75,2,0.6484322881921282,0.3206412825651303,0.28819212808539024,0.6566528677940369,0.7017999291419983,0.8805786275764883,0.5656813742478801,0.6061095221416609,0.8787026154926115,0.7327680348646602
269,10.0,2.0,0.0,0.75,3,0.6326102169349195,0.3041345480028031,0.31770468859342194,0.6640984416007996,0.7909855842590332,0.06319498969717283,0.5862282407186749,0.835908696217803,0.09403398267984774,0.3948414773283746
270,2.0,2.0,1.0,0.875,1,0.6256914566687155,0.2990769230769231,0.22864167178856792,0.6281664371490479,0.6015238165855408,0.1391243845824137,0.6293194806871946,0.8363710582824746,0.17911951571535953,0.44598360981686064
271,8.0,1.0,1.0,1.0,3,0.6059957173447538,0.36334405144694537,0.31905781584582443,0.6723625063896179,0.612881064414978,0.694606592833199,0.6769835793451068,0.7517383336874408,0.7937890163331311,0.7292793805497194
272,2.0,2.0,0.0,1.0,1,0.24644549763033177,0.11965811965811968,0.14218009478672985,0.590779721736908,0.6033602356910706,0.6111924414257074,0.7313166707532701,0.6706874600750745,0.6407406683310131,0.6634843101462662
273,3.0,2.0,1.0,0.75,1,0.5958795562599049,0.3142857142857143,0.3280507131537242,0.6694799661636353,0.7383869290351868,0.8726628506084511,0.6020922456047813,0.6984077395984332,0.8123594519621371,0.7463805719434506
274,10.0,2.0,0.0,1.0,3,0.6234054353854687,0.30538589672404215,0.2806433721575152,0.5896680355072021,0.6269090175628662,0.8825323554241867,0.5523563719492907,0.6528586196442024,0.8694245441146764,0.739292972783089
275,1.0,2.0,1.0,0.8888888888888888,1,0.6062210456651226,0.26772697150430746,0.25413633355393783,0.6647071838378906,0.6482710242271423,0.7895583134945893,0.5254723892574305,0.6322256276039432,0.7768957493590152,0.6810380199287445
276,8.0,1.0,1.0,0.875,2,0.6271732131358662,0.27852998065764023,0.19961365099806824,0.6126662492752075,0.5957349538803101,0.7797460134896954,0.5079818973145257,0.8127765350516298,0.6762510373640608,0.6941888708049779
277,1.0,1.0,1.0,0.8888888888888888,2,0.6136233543216942,0.2808022922636103,0.2507155123068117,0.6234476566314697,0.6765313148498535,0.5921698347329236,0.6736999927220932,0.7189890520076637,0.6966789232841171,0.6703844506866994
278,8.0,1.0,1.0,1.0,1,0.5810276679841898,0.2968337730870712,0.24901185770750986,0.6610016822814941,0.6563904285430908,0.9136266438332098,0.6562528010692136,0.7091293777146966,0.8926081979961978,0.7929042551533294
279,6.0,2.0,1.0,1.0,3,0.5019659239842725,0.22309711286089237,0.19921363040629098,0.6476207375526428,0.7783434987068176,0.49507338027917996,0.7457831763496996,0.8153179510303383,0.37059407699845975,0.6066921461644195
280,3.0,1.0,0.0,0.75,1,0.5701881331403763,0.2652173913043478,0.22865412445730826,0.6256517767906189,0.6886200904846191,0.1895630716513985,0.5890658903388897,0.6993636537439402,0.14071630612929353,0.4046772304658805
281,1.0,2.0,1.0,0.625,1,0.5555555555555556,0.30560928433268864,0.28405797101449276,0.6865575909614563,0.6020205020904541,0.31119051275553533,0.6553841079335478,0.6018589700227467,0.32776249135947977,0.4740490205178274
282,1.0,1.0,0.0,0.625,1,0.635872825434913,0.24624624624624625,0.23755248950209956,0.6454795598983765,0.8055911660194397,0.9075965507391661,0.7332408646495436,0.8709645269349899,0.8925936366732301,0.8510988947492324
283,1.0,2.0,1.0,0.625,1,0.5314379442318208,0.2692939244663383,0.2646254784034992,0.6525790691375732,0.7628014087677002,0.7200604660764801,0.6170149440016607,0.8488111322323135,0.6135396916129671,0.6998565584808554
284,1.0,2.0,1.0,1.0,1,0.12903225806451615,0.07019185774450164,0.0822814399251987,0.5643215775489807,0.5923948884010315,0.8939552432110598,0.8266026091868065,0.8270956787714225,0.746504302478334,0.8235394584119058
285,2.0,1.0,0.0,1.0,1,0.5857740585774058,0.24022346368715083,0.21617852161785217,0.6756902933120728,0.753595232963562,0.8480879272957272,0.548123530950858,0.7561535372754282,0.8467628041634415,0.7497819499213638
286,9.0,1.0,0.0,1.0,2,0.6451253481894151,0.3123257110987172,0.252924791086351,0.6516925692558289,0.7046759128570557,0.8784081736025069,0.5581304096170018,0.7516754133051002,0.8740347498114546,0.7655621865840159
287,1.0,2.0,1.0,1.0,1,0.661504424778761,0.3377630121816168,0.27765486725663713,0.6469597220420837,0.7468799352645874,0.7977860466147588,0.6543434456669474,0.6303286403436873,0.7900377885536172,0.7181239802947528
288,8.0,2.0,1.0,0.8888888888888888,3,0.6585081585081585,0.32438739789964993,0.2832167832167832,0.6739063262939453,0.7005705833435059,0.8690785149463562,0.6099615514255778,0.6907707389083305,0.8711297563932024,0.7602351404183668
289,1.0,2.0,1.0,0.6666666666666666,1,0.6262013151239253,0.29063291139240505,0.22964087000505817,0.6725307703018188,0.6702684760093689,0.8651874053174349,0.4351920077342026,0.7103814843187578,0.847141988676266,0.7144757215116653
290,1.0,1.0,0.0,1.0,1,0.6619800820152314,0.31671554252199413,0.29994141769185706,0.6584330797195435,0.7647088170051575,0.8917974714074864,0.6865726959079691,0.7115980634604083,0.8696791174448224,0.7899118370551715
291,2.0,2.0,0.0,1.0,4,0.6199770378874857,0.2816091954022988,0.2663605051664753,0.6357611417770386,0.6138149499893188,0.7790269552622797,0.3896035498960278,0.7856784936615845,0.8019880032140959,0.6890742505084969
292,1.0,2.0,1.0,1.0,1,0.43891402714932126,0.24036281179138322,0.23529411764705882,0.6510691046714783,0.5672555565834045,0.5454049211020344,0.6902490830258874,0.7321041901037175,0.29444275727360214,0.5655502378763104
293,8.0,1.0,1.0,1.0,2,0.5463336019339241,0.26472962066182404,0.26430298146655923,0.670138418674469,0.6540660858154297,0.06477283359683537,0.6501054813422191,0.7319843391157619,0.14316140671349886,0.39750601519207884
294,1.0,1.0,0.0,0.625,1,0.6180081855388814,0.3046448087431694,0.2564802182810368,0.6967825889587402,0.7050560116767883,0.8564496962857733,0.5657359510212764,0.7481272218151307,0.8442297135316238,0.7536356456634511
295,8.0,1.0,0.0,0.7142857142857143,2,0.5885922330097088,0.26488456865127585,0.21966019417475727,0.631013035774231,0.6385179162025452,0.8221105497086731,0.6509095539049168,0.6611133694545512,0.8310356187533279,0.7412922729553673
296,1.0,2.0,0.0,0.75,2,0.5040474905558554,0.20745542949756887,0.19320021586616296,0.6339600086212158,0.7140079736709595,0.3127909819085391,0.6856825101798748,0.6748335951919453,0.4402479647139701,0.5283887629985824
297,8.0,1.0,1.0,0.5714285714285714,1,0.3180846515604959,0.16859221223791182,0.17870884993587005,0.6489362716674805,0.7199034094810486,0.8605579080822927,0.7657781980389492,0.7622966355306346,0.6451168880169256,0.7584374074172004
298,2.0,1.0,1.0,1.0,1,0.3493568043331077,0.16813559322033897,0.1814488828706838,0.6467034220695496,0.7777014970779419,0.5905262394000567,0.815209232022092,0.8624181453078006,0.2933908551082971,0.6403861179595616
299,9.0,2.0,1.0,1.0,1,0.5527065527065528,0.2796005706134094,0.24501424501424504,0.6467429399490356,0.48239386081695557,0.8924823785975136,0.5284664371007737,0.6560277607078911,0.8657842176487369,0.7356901985137289
300,2.0,1.0,1.0,1.0,2,0.5272867025365104,0.270977675134719,0.3074558032282859,0.6330342888832092,0.6880698800086975,0.7002004376517607,0.7452795016661753,0.6447799425954543,0.5481171670320676,0.6595942622363645
301,8.0,2.0,0.0,1.0,2,0.4823284823284823,0.263705759888966,0.21621621621621623,0.6779376864433289,0.5896071195602417,0.7188999227606788,0.7622250678323437,0.7820386279217668,0.44308119833598686,0.6765612042126941
302,9.0,1.0,1.0,0.75,2,0.46701388888888895,0.24347826086956526,0.21006944444444445,0.6449117660522461,0.771655797958374,0.422045401862326,0.7543448264093029,0.740537140258846,0.6217553969973441,0.6346706913819548
303,8.0,1.0,1.0,1.0,1,0.5396145610278372,0.3065380493033226,0.2740899357601713,0.6408950090408325,0.7359349727630615,0.6322733523862573,0.593710048569415,0.7332964213090228,0.45625603580528207,0.6038839645174943
304,1.0,1.0,0.0,0.875,1,0.6382671480144404,0.31959508315256685,0.3133574007220216,0.6585116386413574,0.7181775569915771,0.14793206781297638,0.6135688880727299,0.6729439102304883,0.15148338188111907,0.3964820619993284
305,7.0,2.0,0.0,0.75,2,0.5894838398456343,0.2732979237083535,0.20453449107573562,0.6137402057647705,0.7864874005317688,0.8622680684280699,0.5257725348078796,0.7699933620693453,0.8499784945057277,0.7520031149527556
306,8.0,1.0,0.0,1.0,3,0.6308360477741586,0.32826086956521744,0.28013029315960913,0.6002044677734375,0.7830533385276794,0.8937304614179676,0.5770054329093662,0.7513106327235468,0.8857905722953799,0.7769592748365652
307,1.0,1.0,1.0,1.0,3,0.6602150537634408,0.3326157158234661,0.28709677419354834,0.6777782440185547,0.6901996731758118,0.9087278201228723,0.577763438498452,0.7378900937438883,0.9008159455880705,0.7812993244883208
308,8.0,1.0,1.0,1.0,1,0.556390977443609,0.28299046663321625,0.22656641604010025,0.6323564052581787,0.7191612720489502,0.9116191870408453,0.7051052775312144,0.7066426799983234,0.8594693557805444,0.795709125087732
309,1.0,1.0,1.0,0.625,2,0.6213364595545136,0.2523474178403756,0.246189917936694,0.6716204285621643,0.7063561677932739,0.8883849154092242,0.6242627801880788,0.7980298297079963,0.8785765998946347,0.7973135312999835
310,1.0,1.0,0.0,0.75,1,0.6053143227478937,0.26606099935107075,0.2734931950745301,0.6906694173812866,0.7159672379493713,0.6207764240519202,0.6256074392906323,0.8498855636591779,0.6988613259845677,0.6987826882465745
311,1.0,2.0,1.0,0.875,1,0.6076107298814722,0.2773266708307308,0.23331253898939489,0.6716457605361938,0.6677196025848389,0.7979190751824079,0.5778987435363645,0.7491062868462275,0.7954055787157597,0.73008242107019
312,5.0,2.0,1.0,0.625,1,0.4594502884289107,0.19830220713073005,0.16627078384798097,0.62582927942276,0.6980540156364441,0.9047285706849995,0.47677976749152035,0.7067767889426478,0.8818142333902079,0.7425248401273439
313,4.0,2.0,1.0,0.625,1,0.6628807434176561,0.3452196382428941,0.30046463603510587,0.6511057019233704,0.8175978660583496,0.9091083083146566,0.5797412901319481,0.8716412421879522,0.8978791171916375,0.8145924894565486
314,9.0,1.0,0.0,1.0,2,0.5538684020245842,0.25778421433743665,0.3022415039768619,0.6231755018234253,0.6906554102897644,0.8454585399451314,0.62580801687477,0.7790123171470048,0.8423027069628638,0.7731453952324425
315,8.0,1.0,1.0,1.0,2,0.6292654713707345,0.2999420961204401,0.26142278773857724,0.6714726090431213,0.631295382976532,0.896667593076593,0.6185471722441812,0.6436218369588981,0.8925284931230972,0.7628412738506924
316,9.0,2.0,1.0,0.625,1,0.5800395256916996,0.31849653808110784,0.26581027667984186,0.6524967551231384,0.7411327362060547,0.8824929536336327,0.5548884696057859,0.7700142498078937,0.8694817599716733,0.7692193582547464
317,1.0,1.0,0.0,1.0,1,0.48867536032944403,0.2639175257731959,0.24982841455044613,0.6755800247192383,0.7042745351791382,0.06689259893261958,0.6750965909120878,0.6574281578238477,0.04289281915093655,0.3605775417048729
318,2.0,2.0,1.0,1.0,1,0.6264418811002662,0.4253996447602132,0.3398402839396628,0.6880497336387634,0.7115971446037292,0.7293837409566752,0.7118341970420541,0.7127098258078596,0.79321209684971,0.7367849651640748
319,4.0,1.0,1.0,0.8888888888888888,2,0.6380090497737557,0.32955832389580975,0.251131221719457,0.6439132690429688,0.7250960469245911,0.8949825544882553,0.657255957483423,0.6350865188148377,0.8702994271240138,0.7644061144776324
320,1.0,1.0,0.0,1.0,1,0.5390995260663508,0.27046263345195726,0.20497630331753552,0.6620104908943176,0.7317959666252136,0.7108098275651755,0.6590433742075535,0.7447624488370514,0.7525175879072751,0.716783309629264
321,4.0,1.0,1.0,0.8888888888888888,2,0.4358130348913759,0.2333553065260382,0.26596445029624755,0.6481548547744751,0.7738866806030273,0.5163989104477572,0.7626311771769818,0.6089065266961459,0.5993652734328713,0.6218254719384391
322,1.0,2.0,1.0,0.75,1,0.5272585669781931,0.2860483242400623,0.2258566978193146,0.6093725562095642,0.7257482409477234,0.782905898337696,0.5408564051125919,0.7569816992518976,0.7764249151085678,0.7142922294526883
323,9.0,1.0,0.0,0.5555555555555556,3,0.5585585585585585,0.2778688524590164,0.26945126945126946,0.6425983309745789,0.6305638551712036,0.8652868814546301,0.6003069463128473,0.7734929815608061,0.8456588485207885,0.771186414462268
324,2.0,2.0,0.0,1.0,2,0.12471994025392083,0.08146487294469358,0.08812546676624347,0.6351087093353271,0.7882111072540283,0.7249483954287925,0.7674249219111435,0.6841014973817976,0.6709574848448606,0.7118580748916485
325,2.0,1.0,1.0,1.0,2,0.6283618581907091,0.32068543451652387,0.2591687041564792,0.6347991228103638,0.7947986721992493,0.8809178573514485,0.5980818765821291,0.77164731019289,0.835784652035819,0.7716079240405717
326,10.0,2.0,1.0,1.0,2,0.610695802185164,0.3085780080598733,0.22886716503737783,0.7044724225997925,0.6221800446510315,0.8075634072973562,0.49700573724494673,0.5493323339252001,0.8342092242950974,0.67202767569065
327,8.0,1.0,1.0,0.75,3,0.588785046728972,0.26507276507276506,0.22949117341640707,0.6509353518486023,0.6850672960281372,0.6719738656852291,0.6544980218471436,0.7499744387611225,0.5954383263947081,0.6679711631720509
328,1.0,1.0,0.0,0.5555555555555556,1,0.6345177664974619,0.31097560975609756,0.27715736040609135,0.6608000993728638,0.6995527744293213,0.7935610348983064,0.6123768877870365,0.697271206462277,0.788870373300693,0.7230198756120783
329,1.0,2.0,1.0,1.0,1,0.4881450488145049,0.2611731843575419,0.2217573221757322,0.6468790769577026,0.5484501123428345,0.04975164706060072,0.6270200088194906,0.7490554936015709,0.07070956659797643,0.37413417901990964
330,2.0,2.0,1.0,1.0,1,0.6437098255280074,0.38419117647058826,0.30762167125803486,0.6444112062454224,0.8134625554084778,0.8457543588643719,0.6619163824607059,0.7317796893627188,0.8229946625664162,0.7656112733135532
331,2.0,2.0,1.0,1.0,1,0.6089743589743591,0.3144385026737968,0.2489316239316239,0.6760568022727966,0.7081973552703857,0.8768632863001596,0.6438665325698848,0.7337094206068129,0.8626452664578073,0.7792711264836663
332,3.0,2.0,1.0,1.0,1,0.6206384558277654,0.3167286245353159,0.29992576095025986,0.6797215342521667,0.6563686728477478,0.2601013973865708,0.5575655746456653,0.7445855350572731,0.2856880763474258,0.4619851458592337
333,2.0,2.0,1.0,1.0,1,0.5384615384615384,0.2543859649122807,0.22979552093476144,0.6239836812019348,0.7814104557037354,0.8282209035996041,0.695741635417407,0.7313026546753731,0.839722990123669,0.7737470459540133
334,9.0,1.0,1.0,1.0,2,0.6120434353405726,0.2994071146245059,0.26258637709772953,0.6594688892364502,0.73051917552948,0.8960132103644456,0.6578385621569218,0.8128814996939958,0.8731658487465002,0.8099747802404658
335,8.0,1.0,0.0,1.0,2,0.5908440629470673,0.2965616045845272,0.2689556509298998,0.6549761295318604,0.7129773497581482,0.8696289586082248,0.5624966407158427,0.7842371020489879,0.8510750571147725,0.766859439621957
336,8.0,1.0,1.0,1.0,1,0.3542435424354244,0.2014787430683919,0.1974169741697417,0.6748915314674377,0.807314395904541,0.8874024739168185,0.8933067082697457,0.9228689182503939,0.7696981180012719,0.8683190546095575
337,10.0,2.0,1.0,1.0,2,0.6551943913320586,0.3356732610082961,0.31994901210962395,0.6814934015274048,0.6619316339492798,0.6616657355772663,0.5295989858096581,0.7817211332658993,0.7439181065138417,0.6792259902916663
338,8.0,2.0,1.0,1.0,2,0.4094266619767851,0.23794438577965504,0.20541681322546604,0.6224977970123291,0.7328801155090332,0.5556423082473279,0.6204826403151434,0.8206714117070902,0.5215546720426089,0.6295877580780426
339,8.0,1.0,1.0,0.875,2,0.6275695284159614,0.32566585956416466,0.28536880290205563,0.5662862658500671,0.7761858701705933,0.6577280249217812,0.6037624316180933,0.7094164424799786,0.6547757832679029,0.656420670571939
340,8.0,1.0,1.0,1.0,1,0.45686113393590794,0.24855967078189298,0.25636811832374695,0.6446154117584229,0.6277472376823425,0.06471929384619587,0.7044843322093823,0.7055176604825196,0.07756667303274833,0.3880719898927115
341,1.0,2.0,1.0,0.75,1,0.638974358974359,0.3665297741273101,0.30974358974358973,0.6664845943450928,0.8069228529930115,0.8965482855481837,0.5647208010152801,0.8141735737874032,0.8733216542217545,0.7871910786431553
342,2.0,1.0,1.0,1.0,3,0.6702064896755162,0.34613112817483754,0.2690265486725663,0.695719838142395,0.7311103343963623,0.8859629238775104,0.5741925894770052,0.6247127510266002,0.8656472277442153,0.7376288730313327
343,8.0,2.0,1.0,1.0,2,0.6374663072776281,0.33873144399460187,0.2991913746630728,0.6663851737976074,0.6782588362693787,0.7417470140308943,0.5943073998781044,0.7331959566177311,0.5607776623452639,0.6575070082179983
344,9.0,2.0,1.0,1.0,0,0.5797967722653915,0.30520646319569117,0.29408248655110575,0.6805301308631897,0.6388439536094666,0.9038124720336361,0.4664603966049185,0.8011989339964041,0.892426634908353,0.765974609385828
345,9.0,1.0,0.0,0.75,1,0.7097882083571838,0.3988538681948424,0.32283915283342873,0.7142277359962463,0.7668378353118896,0.2736820113983532,0.6771200854868343,0.638603656107216,0.5275303069146013,0.5292340149767513
346,1.0,2.0,1.0,0.75,1,0.5927272727272728,0.21601941747572817,0.2363636363636364,0.6503850221633911,0.6837763786315918,0.8191207831301512,0.47453727025900355,0.6496897745938439,0.8015242283508291,0.686218014083457
347,2.0,2.0,1.0,1.0,1,0.5619757688723206,0.31343283582089554,0.24417520969245107,0.6505879759788513,0.6006890535354614,0.786618363495248,0.5667841357365617,0.7695737213044785,0.7328666226778463,0.7139607108035336
348,3.0,2.0,0.0,1.0,2,0.5068870523415978,0.26624655376132333,0.2251082251082251,0.6207154393196106,0.7100838422775269,0.8968931002576633,0.5061167330748111,0.6372807249686581,0.8657826470139794,0.726518301328778
349,9.0,1.0,1.0,0.875,1,0.2570621468926554,0.13154172560113153,0.14689265536723164,0.5907084345817566,0.6785987019538879,0.13439206494746547,0.7998621005632813,0.6468786197177073,0.11823888988868568,0.42484291877928493
350,1.0,2.0,1.0,0.5555555555555556,1,0.6747881355932204,0.3711558854718982,0.2510593220338983,0.6546418070793152,0.7347657084465027,0.8868145969123653,0.4463961788124102,0.7452567206172825,0.8727822968227951,0.7378124482912133
351,9.0,1.0,1.0,1.0,2,0.47222222222222227,0.26651216685979146,0.21180555555555555,0.6426276564598083,0.6681815385818481,0.8738215487011346,0.6031029930261215,0.6643892120840842,0.7857466268966379,0.7317650951769945
352,2.0,1.0,1.0,0.625,3,0.36128048780487804,0.19236641221374046,0.21951219512195122,0.6457785964012146,0.8528307676315308,0.1764116299429443,0.8603677625426949,0.80075972019117,0.12403164850772225,0.49039269029613286
353,1.0,2.0,1.0,0.625,1,0.6031589338598223,0.29150197628458496,0.22704837117472854,0.6659343242645264,0.50627201795578,0.865790488068347,0.6544838734467672,0.8280215721173513,0.8364125412808296,0.7961771187283238
354,4.0,2.0,0.0,0.625,1,0.5384615384615384,0.28351449275362317,0.27239819004524884,0.6326779723167419,0.7289301156997681,0.059083134443939964,0.7220295913077195,0.7998389167830079,0.07068884056003397,0.41291012077367534
355,13.0,1.0,0.0,0.75,3,0.5302730510486742,0.29148514851485147,0.22081519588444798,0.6829754710197449,0.7635948061943054,0.8553437076916713,0.6317932793584828,0.6699578350116925,0.8432564559066045,0.7500878194921128
356,4.0,2.0,1.0,0.875,1,0.6291502532357907,0.3064788732394366,0.2622397298818233,0.6417414546012878,0.6733435988426208,0.8805867076845388,0.5447122402499838,0.7848774695445716,0.8455469018991992,0.7639308298445733
357,3.0,2.0,1.0,1.0,1,0.5703703703703704,0.32262051915945616,0.32098765432098764,0.6323912143707275,0.767017126083374,0.28030303414126045,0.625427197964961,0.7826362576198013,0.23432564384528723,0.48067303339282746
358,1.0,2.0,1.0,0.625,1,0.5569620253164558,0.3261136085002043,0.2531645569620253,0.679452657699585,0.7466826438903809,0.826113224882135,0.7551490755249215,0.8032202652736986,0.788509956211647,0.7932481304731005
359,9.0,2.0,1.0,0.7777777777777778,1,0.6421707179197287,0.31013016411997735,0.3075183719615602,0.7017083764076233,0.6189593076705933,0.8736579794454099,0.5222235454188051,0.7609654340657998,0.8537193053783506,0.7526415660770913
360,1.0,1.0,0.0,1.0,1,0.31711409395973156,0.19327731092436973,0.20302013422818793,0.6555231213569641,0.6630731821060181,0.8448391503757486,0.9037824859588746,0.8564284520874578,0.8465221565282698,0.8628930612375877
361,8.0,2.0,1.0,1.0,3,0.6291706387035272,0.3342884431709647,0.31649189704480457,0.6672534942626953,0.7398154139518738,0.3192803732872461,0.7189388479557705,0.7227240595899298,0.3378805452505751,0.5247059565208804
362,8.0,2.0,1.0,1.0,2,0.3517034068136273,0.20060180541624875,0.19138276553106212,0.6687737703323364,0.6896699666976929,0.34185776745293334,0.6301124441261601,0.6995792390127582,0.15450174237066303,0.4565127982406286
363,8.0,2.0,1.0,0.875,2,0.5981580222976248,0.296943231441048,0.2394571013087736,0.6445209383964539,0.6526360511779785,0.8873577279700792,0.5870091195058252,0.7281643616267864,0.8483883459822361,0.7627298887712317
364,2.0,2.0,1.0,1.0,2,0.5054064877853425,0.2501002004008016,0.2450941129355226,0.6372364163398743,0.5959168076515198,0.850242338037161,0.6334571753459733,0.6963394013168782,0.8457573475959901,0.7564490655740006
365,1.0,1.0,1.0,1.0,1,0.22351797862001943,0.11295034079844206,0.13799805636540333,0.5887909531593323,0.5179284811019897,0.9233427355278715,0.6810976769413768,0.6548245258837458,0.9356250109430793,0.7987224873240184
366,8.0,1.0,0.0,0.75,3,0.4847250509164969,0.2691131498470948,0.2138492871690428,0.6990714073181152,0.6866326928138733,0.845099192456149,0.6462322210271092,0.6942967570253527,0.8545585335287148,0.7600466760093314
367,8.0,2.0,0.0,1.0,2,0.5454545454545454,0.289554062309102,0.2611348383160464,0.5887284278869629,0.6670525074005127,0.13680118069419026,0.6263195893324733,0.7255956405475125,0.11021252523547459,0.3997322339524127
368,9.0,1.0,1.0,1.0,2,0.6316342616920652,0.34192530247238295,0.27850761954808195,0.7254761457443237,0.5699495673179626,0.7651563560461226,0.5805698012703593,0.65812689562967,0.758266562013906,0.6905299037400144
369,9.0,1.0,1.0,1.0,3,0.682261208576998,0.38776837996096286,0.35347628330084474,0.70222407579422,0.788467288017273,0.8113515513762343,0.6178182189167531,0.6294154431434504,0.7852522128606841,0.7109593565742806
370,3.0,2.0,1.0,0.7777777777777778,1,0.45751633986928103,0.27176648213387017,0.20412267471091,0.6127341389656067,0.7237352132797241,0.04846962625143466,0.5744748000155407,0.6547812836268255,0.050336222675588536,0.33201548314234736
371,1.0,1.0,0.0,0.75,1,0.5265151515151515,0.22503160556257903,0.22222222222222218,0.6129749417304993,0.6686059832572937,0.34849441876081727,0.5900964171662925,0.5951221336186236,0.24272901119511409,0.4441104951852119
372,9.0,1.0,1.0,1.0,3,0.5892769306443679,0.2865583456425406,0.2380718150516478,0.6461383700370789,0.7472255825996399,0.909636001796374,0.6547921347625763,0.8185032153158072,0.9049311714775514,0.8219656308380772
373,9.0,2.0,1.0,1.0,2,0.6275149537792278,0.32117583015786605,0.2707993474714519,0.6581234931945801,0.670324981212616,0.7806685689810909,0.5962895344632512,0.8005521947741553,0.7666344455108336,0.7360361859323328
374,2.0,1.0,0.0,0.7777777777777778,1,0.5260888313928418,0.3021148036253776,0.2630444156964209,0.6462904810905457,0.741942286491394,0.8852340668419718,0.5896663087585067,0.6823172948274113,0.8431300227906874,0.7500869233046443
375,2.0,1.0,1.0,0.6666666666666666,2,0.46313672922252014,0.2233400402414487,0.1742627345844504,0.6269894242286682,0.7231090664863586,0.8865882715199872,0.5418835756572701,0.6395994659737874,0.8408510145224007,0.7272305819183613
376,2.0,1.0,1.0,0.5555555555555556,2,0.4731951393852752,0.2575107296137339,0.20085775553967117,0.5879544019699097,0.7659733891487122,0.8014673986950793,0.5608425254975389,0.665048269312671,0.8187375405559416,0.7115239335153076
377,9.0,2.0,1.0,1.0,3,0.6396255850234008,0.35398230088495575,0.23712948517940718,0.6623905897140503,0.7266896367073059,0.9248547822728935,0.4778979897650246,0.6970711597066066,0.905337139715366,0.7512902678649727
378,9.0,2.0,1.0,0.5555555555555556,1,0.579449152542373,0.295864262990456,0.25423728813559326,0.6980397701263428,0.6621320247650146,0.9052867730232792,0.46007733696250525,0.6530019521599542,0.8944866142794847,0.7282131691063058
379,2.0,2.0,1.0,1.0,1,0.6185344827586207,0.30636461704422874,0.26077586206896547,0.6981884241104126,0.617731511592865,0.8923278096657218,0.5037407589736308,0.7157653917638738,0.8590374799466296,0.742717860087464
380,1.0,2.0,1.0,1.0,1,0.5970149253731343,0.29773104593248484,0.28302929795467113,0.6819303035736084,0.8210415840148926,0.030271073008253466,0.6140498047358172,0.6173862170518363,0.03329331940111924,0.3237501035492566
381,1.0,2.0,1.0,0.5555555555555556,1,0.540072859744991,0.23518687329079307,0.20856102003642984,0.6300183534622192,0.7578870058059692,0.9041489167454627,0.7363167862866901,0.7644351714610886,0.8719202266029729,0.8192052752740535
382,1.0,1.0,0.0,0.625,1,0.29991126885536823,0.18666666666666668,0.1774622892635315,0.6567858457565308,0.7171669602394104,0.8631448415662399,0.5971550453195701,0.7936975525707916,0.7851778369703569,0.7597938191067397
383,9.0,1.0,1.0,1.0,2,0.5077010838562465,0.25356938892061676,0.2384483742156304,0.6245844960212708,0.598501980304718,0.5044374768321062,0.5387199604948704,0.5284027021296922,0.4376397804336853,0.5022999799725885
384,1.0,2.0,1.0,0.6666666666666666,1,0.5644415069398546,0.2885506287227002,0.24719101123595502,0.6787884831428528,0.7172932028770447,0.07977580060984775,0.5265799449295517,0.6391540706466232,0.11191733685071209,0.3393567882591837
385,1.0,2.0,1.0,0.8888888888888888,1,0.5917721518987342,0.2777191129883843,0.19514767932489452,0.5949258804321289,0.7507854104042053,0.8860231111876705,0.57386960392018,0.6893014634822292,0.8794203630181022,0.7571536354020456
386,1.0,1.0,0.0,0.5555555555555556,1,0.5658636596617119,0.2821959979476655,0.24910302409021012,0.641165554523468,0.6678646802902222,0.342560263648152,0.42972845770745144,0.7445616928048127,0.37660283428700175,0.47336331211185445
387,8.0,2.0,0.0,1.0,2,0.49833395038874484,0.24231196739533156,0.2117734172528693,0.6115565896034241,0.576748251914978,0.7082020007671187,0.5617717004704385,0.7779500994404616,0.7438252063077684,0.6979372517464468
388,1.0,1.0,0.0,1.0,1,0.365441906653426,0.15124378109452738,0.1847070506454816,0.6148764491081238,0.8678057789802551,0.25694201799212657,0.6541050295134907,0.9528726263358076,0.5215674380286619,0.5963717779675217
389,8.0,1.0,1.0,1.0,2,0.563314711359404,0.2982292637465051,0.2597765363128492,0.6859485507011414,0.6244921088218689,0.8549785743049494,0.5573840255896384,0.7214818244707253,0.8456156121686261,0.7448650091334847
390,8.0,1.0,1.0,1.0,2,0.535194880744619,0.2865463016889924,0.2641070389761489,0.6167784333229065,0.7387205362319946,0.03145369694399007,0.671441717169562,0.7958225651349863,0.0328085122592041,0.3828816228769356
391,7.0,1.0,1.0,0.5555555555555556,2,0.5857359635811836,0.2993920972644377,0.3095599393019727,0.6231024861335754,0.7496142983436584,0.857302432593225,0.5926304943487943,0.7527593829419176,0.7204986251871274,0.7307977337677661
392,7.0,1.0,1.0,0.5555555555555556,2,0.48840262582056887,0.19448094612352168,0.18030634573304158,0.6326190233230591,0.7175343036651611,0.8994269308609901,0.6627217551178904,0.7660735718673756,0.881230653505276,0.802363227837883
393,9.0,1.0,1.0,1.0,2,0.5702163767501062,0.324416135881104,0.25540941875265166,0.6448124647140503,0.748457133769989,0.7790701690864197,0.6257991670504266,0.6626928300310116,0.760166309835091,0.7069321190007372
394,9.0,2.0,1.0,1.0,2,0.61236802413273,0.34524408656265726,0.2785319255907491,0.6746272444725037,0.7065597176551819,0.8928644923597339,0.5945451954193123,0.6716736542569977,0.8789527667919328,0.7595090272069942
395,9.0,2.0,1.0,1.0,3,0.6266036461850101,0.29208924949290066,0.2511816340310601,0.6660164594650269,0.6042405962944031,0.6005171379430891,0.6728405548011002,0.718494898653618,0.6557115977202694,0.6618910472795192
396,1.0,2.0,1.0,0.6666666666666666,1,0.5636453689945519,0.33911750123946455,0.32194155522535906,0.6422215700149536,0.6540069580078125,0.7208577970323661,0.6424277728244581,0.7295742161761306,0.7686195113380432,0.7153698243427495
397,2.0,1.0,1.0,0.5555555555555556,2,0.6153846153846154,0.3118383060635226,0.24903846153846151,0.668907105922699,0.6200352311134338,0.840773710825307,0.4804194335023556,0.7791264292786942,0.8249163294512583,0.7313089757644038
398,7.0,1.0,1.0,0.5555555555555556,3,0.43553223388305845,0.1965491372843211,0.17691154422788605,0.6073428392410278,0.7513636350631714,0.11354097341964489,0.5627016229716267,0.6785209513112483,0.17910147709945318,0.3834662562004933
399,2.0,1.0,1.0,0.625,2,0.5002087682672234,0.2097785206853322,0.19123173277661795,0.6206001043319702,0.6996544003486633,0.8822133365349186,0.6138132200688698,0.7440693457194829,0.8644364167932965,0.7761330797791419
400,9.0,1.0,0.0,0.5555555555555556,3,0.4273165202606971,0.22908987808335698,0.17172003400396713,0.6430057287216187,0.7104937434196472,0.8275755827651445,0.4659212086613716,0.8127993045801504,0.7773764359720111,0.7209181329946694
401,1.0,1.0,0.0,1.0,1,0.63919259882254,0.3656276326874473,0.33137089991589574,0.683158278465271,0.8020332455635071,0.42291463232001575,0.809555748232101,0.8475370944881011,0.3788384888600372,0.6147114909750638
402,1.0,2.0,1.0,1.0,1,0.6416558861578268,0.3316062176165803,0.3065976714100906,0.6583970189094543,0.7422091364860535,0.9021668399020897,0.7105871873285374,0.7290719650474252,0.8818651492413544,0.8059227853798516
403,8.0,2.0,0.0,1.0,2,0.5831277750370004,0.2824691358024691,0.23186975826344353,0.6438243985176086,0.7055587768554688,0.8686724463916262,0.5311087909230661,0.6566007671024431,0.8633714815517933,0.7299383714922322
404,3.0,2.0,1.0,0.8888888888888888,1,0.6278409090909092,0.3516587677725118,0.2765151515151515,0.6546624302864075,0.8016976118087769,0.8194472015993985,0.6118574443685442,0.7965418946789053,0.7933145497146992,0.7552902725903867
405,1.0,2.0,1.0,0.7777777777777778,1,0.5946843853820599,0.2982261640798226,0.26467331118493903,0.6657933592796326,0.6363705992698669,0.9024376129527416,0.5967846715845414,0.6793341510106756,0.8858811805808442,0.7661094040322007
406,2.0,1.0,1.0,0.7777777777777778,1,0.5629405840886202,0.32963709677419356,0.24068479355488417,0.6223567128181458,0.674065351486206,0.23429906900246653,0.473044145640072,0.687784447490755,0.19027843546510056,0.39635152439959853
407,1.0,2.0,1.0,0.6666666666666666,1,0.6055045871559632,0.35548352242031334,0.22989746357258498,0.6525315046310425,0.6783785223960876,0.062126625413694625,0.5545175632975045,0.7774756947118449,0.06493248411314528,0.3647630918840473
408,8.0,2.0,0.0,1.0,3,0.569388665774208,0.32603841000446626,0.26238286479250333,0.6522424221038818,0.7947545647621155,0.560815917563036,0.5181391421329309,0.6838120737645099,0.6576797364194077,0.6051117174699712
409,3.0,2.0,1.0,0.7777777777777778,1,0.509212730318258,0.24476110645431687,0.228643216080402,0.6160733699798584,0.7818487286567688,0.7231851654557344,0.5608985158523356,0.807259361298162,0.7525392497511542,0.7109705730893465
410,10.0,1.0,1.0,0.7777777777777778,3,0.5169456921192324,0.26808336738863914,0.2343813801551654,0.6292623281478882,0.6731618642807007,0.6619519953021176,0.5927093627989585,0.7363488297708383,0.6557003448960094,0.6616776331919809
411,6.0,1.0,0.0,0.5555555555555556,1,0.5952575633687653,0.2620802620802621,0.2698282910874898,0.6707234978675842,0.7096105217933655,0.12344916874842903,0.7001902430757027,0.6842224497949979,0.1295902996216117,0.4093630403101853
412,9.0,1.0,1.0,1.0,1,0.5627208480565371,0.32891246684350134,0.2959363957597173,0.6352659463882446,0.7193995714187622,0.9109220866282696,0.6454419897433193,0.7050930675671888,0.889353529337951,0.7877026683191822
413,5.0,1.0,1.0,0.5555555555555556,1,0.5673697804563065,0.2748815165876777,0.24192854068015496,0.6784801483154297,0.6374549865722656,0.8709694887476269,0.36140666632487045,0.6864767080330879,0.8551278546424007,0.6934951794369966
414,8.0,1.0,0.0,0.5555555555555556,2,0.41483198146002315,0.19257540603248258,0.19814600231749713,0.5750905871391296,0.7419084310531616,0.2184351537899482,0.5368790174065293,0.7426994076258095,0.22623306419147232,0.4310616607534398
415,8.0,2.0,0.0,0.7777777777777778,3,0.5283630470016207,0.2455381287182261,0.2301458670988655,0.6135153770446777,0.7446608543395996,0.5742191003013348,0.5697615528169248,0.7420289342810654,0.6448584221070501,0.6327170023765938
416,9.0,1.0,0.0,0.6666666666666666,1,0.5542467451952883,0.21477343265052765,0.19466831990080596,0.6143162250518799,0.6622284650802612,0.8679277424807748,0.5827217953441239,0.8412822331638358,0.8572905161936385,0.7873055717955932
417,2.0,2.0,1.0,0.8888888888888888,1,0.5869191049913941,0.35228251507321273,0.29690189328743544,0.6611117124557495,0.6700735092163086,0.8900118468639078,0.6820398296446338,0.7984284018611697,0.870652790809985,0.8102832172949241
418,1.0,2.0,1.0,0.7777777777777778,1,0.5778801843317972,0.283210332103321,0.2129032258064516,0.6181979775428772,0.6909680366516113,0.750126464044745,0.5434883284268839,0.7550960233639413,0.7848338517503242,0.7083861668964737
419,8.0,1.0,0.0,1.0,1,0.5724828676858198,0.3092348284960422,0.28887717448603056,0.6862192749977112,0.5833778381347656,0.6233998362634936,0.6066672415863354,0.8132167344025575,0.3278408840801198,0.5927811740831266
420,8.0,2.0,1.0,0.5555555555555556,1,0.6261467889908258,0.30769230769230765,0.25917431192660556,0.6511542797088623,0.7112159729003906,0.7772974692502058,0.6710051867635154,0.6045393444883963,0.8112943443147439,0.7160340862042154
421,4.0,2.0,0.0,0.5555555555555556,2,0.4713099963911945,0.22246298302636333,0.2085889570552147,0.6448222398757935,0.7636922597885132,0.5623613182860616,0.5559398551866678,0.7767370711496693,0.6730417832850171,0.6420200069768539
422,8.0,2.0,1.0,0.5555555555555556,3,0.4556451612903226,0.26715092816787733,0.2379032258064516,0.6603821516036987,0.6676833033561707,0.5597153098898199,0.5732005950371152,0.7039328366937316,0.4870275696462359,0.5809690778167257
423,8.0,2.0,1.0,0.8888888888888888,2,0.6370530877573131,0.3275488069414317,0.27410617551462624,0.6642963290214539,0.699899435043335,0.8995878578611234,0.6970439764990927,0.758830089465533,0.8773734147389095,0.8082088346411646
424,2.0,1.0,1.0,0.5555555555555556,1,0.4592961251333097,0.21202419067947348,0.17916814788482047,0.6031778454780579,0.6494130492210388,0.8586776362220635,0.5843220223768323,0.7901176281468703,0.8246204903055635,0.7644344442628324
425,8.0,2.0,0.0,1.0,3,0.622093023255814,0.26542491268917345,0.24418604651162787,0.6540927290916443,0.7727363705635071,0.8354672969202983,0.6290135881778383,0.8348744106230332,0.8050836789258426,0.776109743661753
426,9.0,1.0,1.0,1.0,2,0.6073727325921592,0.31400117164616287,0.28671737858396723,0.629706621170044,0.6995783448219299,0.8632986081696634,0.5470582308525808,0.8000690594917184,0.838647772670511,0.7622684177961184
427,2.0,2.0,1.0,0.7777777777777778,2,0.4894391842680262,0.21006564551422316,0.21412964311726146,0.6379585862159729,0.6733967065811157,0.5992958253756129,0.5428217595017305,0.7616902906235519,0.6430759560953214,0.6367209578990541
428,8.0,1.0,1.0,0.7777777777777778,3,0.6583229036295369,0.34962406015037595,0.29536921151439305,0.6639876961708069,0.6635388135910034,0.9413969244293574,0.6518012101554373,0.7838420556577387,0.9295155801838475,0.8266389426065952
429,1.0,2.0,1.0,0.6666666666666666,1,0.6498316498316499,0.31910112359550563,0.24803591470258135,0.642795741558075,0.6939390897750854,0.8515980457662677,0.6398771338036876,0.7490515716087026,0.8281971914991535,0.7671809856694529
430,12.0,1.0,1.0,0.5555555555555556,1,0.6001279590531029,0.28058936579115956,0.2751119641714651,0.6333058476448059,0.6254256963729858,0.8393981126038214,0.627486472013804,0.6750817064254074,0.8250003255929047,0.7417416541589844
431,14.0,2.0,0.0,0.6666666666666666,2,0.64340239912759,0.35589519650655016,0.30861504907306436,0.6906074285507202,0.7591626048088074,0.903742761173986,0.652999947655033,0.707199763687538,0.8835439122526683,0.7868715961923063
432,8.0,2.0,0.0,0.5555555555555556,2,0.6587677725118485,0.3475682087781731,0.29976303317535546,0.6984668970108032,0.6973479986190796,0.8604026834436633,0.583323949432848,0.6887996608905311,0.8500694897804865,0.7456489458868822
433,9.0,2.0,0.0,0.875,4,0.3156173344235486,0.15233415233415235,0.17825020441537207,0.5752024054527283,0.7662264704704285,0.15459061513935748,0.8627410472784168,0.8817688429988935,0.0768961283737282,0.493999158447599
434,2.0,1.0,0.0,0.6666666666666666,1,0.6081170991350633,0.2718187874750167,0.2860944777112442,0.643830418586731,0.7858147025108337,0.8977892736538874,0.6719173271258293,0.8317923296128014,0.8861702364415263,0.821917291708511
435,12.0,2.0,1.0,0.7777777777777778,2,0.6220657276995306,0.3066980023501763,0.22300469483568075,0.6825605034828186,0.5614454746246338,0.8605867776243956,0.5643195689115879,0.6926201526002176,0.8550049575073565,0.7431328641608894
436,1.0,1.0,0.0,0.5555555555555556,1,0.6086956521739131,0.2692307692307692,0.2386248736097068,0.6526249051094055,0.7472509145736694,0.8018005593517974,0.5735479631478821,0.674459629465034,0.7882167196786984,0.7095062179108529
437,9.0,2.0,0.0,1.0,1,0.669772859638905,0.38950437317784253,0.32498543972044264,0.6551990509033203,0.7512256503105164,0.8316543826075259,0.6408502352129568,0.7694095522519195,0.8225686037278555,0.7661206934500644
438,6.0,2.0,1.0,1.0,1,0.6808803301237965,0.32369146005509647,0.30261348005502064,0.6558827757835388,0.6967690587043762,0.7896650406843282,0.669628784685435,0.7127679989714922,0.7738827414484077,0.7364861414474158
439,10.0,1.0,1.0,1.0,1,0.6412742382271468,0.32177531206657417,0.314404432132964,0.6859387755393982,0.7494770884513855,0.030594310239324088,0.6655371351209091,0.7513418059879375,0.024873860618958837,0.3680867779917824
440,9.0,2.0,0.0,0.5555555555555556,1,0.3817980022197558,0.21177341725286936,0.19459859415464298,0.6152706742286682,0.7813898921012878,0.8438584383042395,0.6628065562801271,0.660443131389396,0.6672563634049861,0.7085911223446872
441,1.0,2.0,1.0,0.7777777777777778,1,0.6071971616827166,0.28209030948756975,0.22909275215408006,0.6710909605026245,0.7690828442573547,0.8990775129136904,0.5759124465616277,0.7194649050872085,0.8555357607244205,0.7624976563217368
442,5.0,1.0,1.0,0.6666666666666666,3,0.6568682871678915,0.34634974533106966,0.30186546071226683,0.6692105531692505,0.7417782545089722,0.8858484619942395,0.5417611031899471,0.7867984178382561,0.8577340637469494,0.768035511692348
443,2.0,2.0,0.0,1.0,2,0.6202935545628591,0.27731629392971247,0.28079132099553283,0.6678321361541748,0.7612670063972473,0.9312090728368304,0.7196236897990311,0.8149475947862206,0.9231024866825429,0.8472207110261561
444,8.0,2.0,0.0,1.0,3,0.5857223159078133,0.30275745638716944,0.27318718381112983,0.6943497657775879,0.6188908815383911,0.814356008190172,0.6549820356505281,0.7503565223733549,0.7044212913788627,0.7310289643982294
445,8.0,2.0,1.0,0.5555555555555556,2,0.5170142700329308,0.24395604395604398,0.23710208562019758,0.6343104243278503,0.6822744011878967,0.5100668156678053,0.5656788638238833,0.7992548728826079,0.49044400337913857,0.5913611389383587
446,1.0,1.0,0.0,0.7777777777777778,1,0.4714494875549048,0.1994134897360704,0.20937042459736457,0.633318305015564,0.552196741104126,0.16429112613580865,0.6227326704318594,0.6670185231972255,0.24373273381457913,0.42444376339486817
447,1.0,2.0,1.0,0.6666666666666666,1,0.47713717693836977,0.2667551426675514,0.294234592445328,0.6886109709739685,0.6955841183662415,0.6250625443778606,0.7833377622712926,0.7639255218886256,0.6573303936866699,0.7074140555561121
448,8.0,2.0,0.0,1.0,3,0.6314325452016689,0.34261838440111425,0.3087621696801113,0.7072344422340393,0.6242814064025879,0.8560158493372986,0.6184229440392623,0.6979988084616165,0.8323721806622106,0.751202445625097
449,8.0,1.0,1.0,1.0,3,0.5208333333333334,0.269449715370019,0.26136363636363635,0.6257114410400391,0.7241893410682678,0.5427457443503256,0.6433610039030575,0.7333870461957824,0.09952345218969369,0.5047543116597148
450,2.0,2.0,1.0,0.5555555555555556,1,0.5863495346432265,0.324016563146998,0.2688728024819028,0.6509581208229065,0.6941160559654236,0.6067696097877714,0.533266554513273,0.6644776209610469,0.604744824054264,0.6023146523290889
451,9.0,2.0,0.0,0.5555555555555556,2,0.6699232379623168,0.35080363382250174,0.2819260293091416,0.6592286825180054,0.6393964290618896,0.5368063156895876,0.5920728906318466,0.6786927702464425,0.5102082065724297,0.5794450457850766
452,3.0,2.0,0.0,0.6666666666666666,2,0.5660639777468706,0.26880222841225626,0.25312934631432543,0.6376881003379822,0.7787367701530457,0.8747525721204324,0.5931155759366833,0.7143560113087996,0.8735146889249377,0.7639347120727132
453,9.0,2.0,1.0,0.875,1,0.6420581655480984,0.3404255319148936,0.24384787472035793,0.6334580779075623,0.6581319570541382,0.9040777732106233,0.7168865040826555,0.7971320602272229,0.8707764260176708,0.8222181908845431
454,9.0,2.0,1.0,1.0,1,0.5081780144541651,0.2664636467453369,0.2168124762267022,0.6611368656158447,0.7205297350883484,0.8739470323382479,0.5536158487928202,0.8085827640062252,0.826596432582757,0.7656855194300126
455,4.0,1.0,1.0,0.5555555555555556,1,0.6106941838649156,0.2873239436619718,0.24577861163227016,0.700704038143158,0.7256543636322021,0.8396706023610352,0.5758246932605532,0.7869105379808019,0.8347111647333734,0.7592792495839409
456,7.0,1.0,1.0,0.5555555555555556,2,0.6146010186757216,0.2934844192634561,0.2263723825693265,0.6762159466743469,0.7666738033294678,0.8160422981703913,0.5103977174452776,0.7407053706532332,0.8144199773429068,0.7203913409029523
457,8.0,2.0,0.0,0.75,1,0.5776623376623377,0.27873114924596987,0.23064935064935063,0.6466791033744812,0.6291108727455139,0.7508331621785774,0.685959683006929,0.80217756069369,0.7547338854831287,0.7484260728405814
458,1.0,2.0,1.0,0.625,1,0.6274984857662023,0.29957550030321406,0.2180496668685645,0.6235835552215576,0.7418358325958252,0.6980841899732141,0.5754532258176288,0.6725054391381381,0.676536369690636,0.6556448061549042
459,3.0,1.0,1.0,0.5555555555555556,3,0.6666666666666666,0.37986818454164173,0.2800718132854578,0.664131760597229,0.7030730247497559,0.8664642936449493,0.6344915116765792,0.7632506437725124,0.8408740346298317,0.7762701209309681
460,2.0,2.0,1.0,0.6666666666666666,1,0.6078431372549019,0.2913223140495868,0.23116615067079466,0.6387596726417542,0.7321521639823914,0.8924436353801005,0.4812816457563171,0.7147350665066419,0.8601546706407341,0.7371537545709484
461,10.0,1.0,1.0,1.0,2,0.4868651488616462,0.2653419053185272,0.28137769994162287,0.6058276891708374,0.7743878960609436,0.06947038547815643,0.7693044328606095,0.618917913443942,0.11709035427543751,0.3936957715145364
462,8.0,2.0,1.0,0.8888888888888888,2,0.6053119209388511,0.23871366728509588,0.23224212476837552,0.6519975662231445,0.7161004543304443,0.8744746150922527,0.6108075574085793,0.8427573316380496,0.8798140537135642,0.8019633894631115
463,1.0,1.0,1.0,0.5555555555555556,1,0.5465116279069767,0.25494761350407447,0.26162790697674415,0.6409457325935364,0.7818648815155029,0.09402573486200727,0.6685834791181007,0.7761052578436743,0.11529928647313491,0.4135034395742293
464,1.0,1.0,0.0,0.5555555555555556,1,0.7063921993499458,0.39262472885032534,0.36836403033586135,0.7153432369232178,0.8287529945373535,0.9019768846631362,0.5474128384123771,0.8135150551180074,0.8821230339946057,0.7862569530470316
465,2.0,2.0,0.0,1.0,2,0.6201550387596899,0.34685073339085415,0.26012058570198104,0.6738253831863403,0.5896762013435364,0.815563299262015,0.6226245981808627,0.758296301570561,0.7421766421000436,0.7346652102783705
466,7.0,2.0,0.0,1.0,2,0.6544117647058822,0.3186119873817035,0.24894957983193278,0.6486079692840576,0.6716059446334839,0.8734190618779935,0.6496607966515509,0.7346759862391605,0.8421633028591726,0.7749797869069694
467,2.0,1.0,1.0,0.5555555555555556,2,0.49838486386709735,0.18475750577367206,0.18366405168435623,0.6516572833061218,0.712048351764679,0.8567903949912619,0.5833737180447953,0.7078997439190249,0.8439428261387775,0.7480016707734649
468,3.0,1.0,1.0,0.8888888888888888,2,0.5161290322580645,0.2778062532034854,0.2519201228878648,0.6249961853027344,0.7733463048934937,0.04764753453692605,0.6267717942291309,0.7494577847123844,0.03431016730755911,0.36454682019650014
469,8.0,1.0,0.0,1.0,2,0.6489841986455982,0.3310734463276836,0.26636568848758463,0.629044234752655,0.775973916053772,0.8979642525271009,0.6691889458529275,0.6117797860732352,0.8855949065470504,0.7661319727500785
470,9.0,1.0,1.0,1.0,2,0.6276527331189711,0.3026400515132002,0.29839228295819936,0.6757978796958923,0.7075721621513367,0.34197567606214496,0.6680649247633291,0.6322656567265499,0.3821293229506372,0.5061088951256653
471,8.0,1.0,0.0,1.0,2,0.635036496350365,0.28136419001218027,0.29075425790754256,0.6574967503547668,0.6827530860900879,0.44665775683159875,0.6201083067719199,0.8270422811978202,0.5891859429543064,0.6207485719389113
472,10.0,1.0,1.0,1.0,2,0.5582761998041136,0.28921568627450983,0.22820763956904994,0.6838371157646179,0.653459370136261,0.7248016036220973,0.6331956423789794,0.5491272247087632,0.7121102506050764,0.6548086803287291
473,9.0,2.0,1.0,1.0,2,0.665646518745218,0.38773946360153255,0.2861514919663351,0.6618674397468567,0.6813338398933411,0.6284870139428255,0.6109626375557691,0.6966952655940564,0.5457901123076605,0.6204837573500779
474,1.0,1.0,0.0,1.0,1,0.6621108580106302,0.35589353612167307,0.2763857251328777,0.6885343790054321,0.6515600681304932,0.8680264438853627,0.6422671812008727,0.6850744861203586,0.7075293011794979,0.725724353096523
475,1.0,2.0,1.0,0.7777777777777778,1,0.6477732793522268,0.3310810810810811,0.3049932523616734,0.6885431408882141,0.6791163682937622,0.1258513625996315,0.6795147265976217,0.7954605974349019,0.12718659450384004,0.4320033202839988
476,8.0,1.0,1.0,0.8888888888888888,2,0.5955504848830576,0.2535693889206168,0.24985738733599544,0.6751548051834106,0.75616455078125,0.7584533434320747,0.5596654771950162,0.8137302809738489,0.5363687922548381,0.6670544734639445
477,8.0,1.0,1.0,0.6666666666666666,1,0.595602294455067,0.31100478468899523,0.2925430210325048,0.6373693943023682,0.6879578232765198,0.8893401520812357,0.7267384739329434,0.867214735731185,0.8815221090542585,0.8412038676999056
478,8.0,2.0,1.0,1.0,3,0.6844389336639801,0.3500931098696462,0.2467451952882827,0.6863583922386169,0.616536021232605,0.9194642370924055,0.5550461555044313,0.6127368581651551,0.8853753635525894,0.7431556535786454
479,2.0,1.0,1.0,0.5555555555555556,2,0.15594541910331386,0.08195121951219511,0.11111111111111113,0.5833498239517212,0.7833014130592346,0.8173804450740466,0.7224381197122389,0.645352981526306,0.8714829935099008,0.7641636349556231
480,9.0,2.0,1.0,1.0,1,0.6072124756335283,0.32195121951219513,0.27777777777777773,0.6840651035308838,0.7305483222007751,0.7218219649226625,0.5536626082510047,0.749019472959678,0.7668848311754559,0.6978472193272003
481,1.0,1.0,0.0,0.5555555555555556,1,0.6399011735639284,0.3203463203463204,0.24953675108091417,0.6390345692634583,0.7221178412437439,0.8719934405862177,0.5705541827427731,0.6973972943476838,0.8693964988567828,0.7523353541333644
482,8.0,1.0,1.0,1.0,1,0.5339848956019547,0.22054246331702976,0.2016881386050644,0.5937256217002869,0.668984591960907,0.8982892394249707,0.5643884624704125,0.6926350727270171,0.8727328615154851,0.7570114090344714
483,8.0,2.0,1.0,1.0,2,0.6243523316062176,0.29961089494163423,0.2849740932642487,0.6389052271842957,0.5969851613044739,0.9212255381072145,0.6430578250782416,0.758152882788426,0.9176635849985921,0.8100249577431184
484,8.0,2.0,0.0,0.7777777777777778,1,0.4965727341964966,0.24923780487804875,0.2170601675552171,0.6225858926773071,0.6998322010040283,0.9228986515174897,0.5941553561443269,0.8055244419770188,0.9051199930142967,0.806924610663283
485,8.0,2.0,1.0,1.0,1,0.6125511596180082,0.28415300546448086,0.2442019099590723,0.6658312678337097,0.6396403908729553,0.7194786241827797,0.47101325210355555,0.7011342828565911,0.6440111351211553,0.6339093235660205
486,3.0,1.0,1.0,0.7777777777777778,2,0.32483898067768135,0.17203698514990193,0.13665639876785213,0.5782085657119751,0.6492679119110107,0.4098078097073032,0.5475299394955055,0.6812361394124509,0.4202726878708886,0.514711644121537
487,8.0,1.0,1.0,0.6666666666666666,2,0.5693035835023665,0.25186188219363576,0.22718052738336714,0.615081250667572,0.6219460368156433,0.37362394945461047,0.5655051704474464,0.6842552229072917,0.30136168401778146,0.48118650670678254
488,4.0,2.0,1.0,1.0,1,0.6626065773447015,0.35487804878048773,0.2740560292326431,0.6417549252510071,0.7254475355148315,0.8234783720982353,0.5927300228272651,0.6975250766192347,0.793261453710135,0.7267487313137175
489,4.0,2.0,0.0,0.5555555555555556,2,0.5728346456692913,0.2660098522167487,0.21948818897637795,0.6560017466545105,0.6753768920898438,0.859760872158045,0.6733621315525666,0.79870178734353,0.8481248346047554,0.7949874064147242
490,1.0,2.0,1.0,0.5555555555555556,2,0.5752741774675972,0.2245508982035928,0.2193419740777667,0.6473621129989624,0.7021990418434143,0.9136279788807479,0.6340884047801958,0.7936844689689851,0.8988383463967647,0.8100597997566734
491,1.0,1.0,1.0,1.0,2,0.6002928257686676,0.27565982404692085,0.29721815519765743,0.6688265800476074,0.6409153938293457,0.25607812810880254,0.6321840707029264,0.7876400511336011,0.13605685909538814,0.4529897772601795
492,9.0,1.0,0.0,0.5555555555555556,2,0.6617895329206528,0.3583098591549296,0.3173888576252111,0.6907262206077576,0.787409245967865,0.8953585425064088,0.5975008372750502,0.6102814053106,0.8900931014838808,0.7483084716439848
493,10.0,1.0,0.0,0.6666666666666666,1,0.5008726003490401,0.21048034934497817,0.20767888307155324,0.6628698110580444,0.6647017598152161,0.9128651398913246,0.6293986698393335,0.8148315495738526,0.8982728139694809,0.8138420433184979
494,2.0,2.0,0.0,0.5555555555555556,3,0.44028340080971656,0.20466058763931105,0.18724696356275303,0.6412350535392761,0.7424216866493225,0.12115850110798314,0.6430151556554409,0.7669926592900146,0.07791985705274279,0.40227154327654535
495,8.0,1.0,1.0,1.0,1,0.6381156316916488,0.354769560557342,0.27944325481798715,0.6236521005630493,0.6778958439826965,0.8840950700003675,0.5607271565123406,0.7492287378158253,0.8782365334730833,0.7680718744504041
496,10.0,1.0,0.0,1.0,1,0.5619100499722377,0.2468037798777098,0.2198778456413104,0.6487096548080444,0.6774728298187256,0.8900485428646888,0.5736629879124239,0.6689027721489091,0.8786953189754095,0.7528274054753579
497,8.0,1.0,1.0,0.7777777777777778,2,0.5514546244029526,0.29378531073446323,0.21971341728180632,0.6320962309837341,0.6837670207023621,0.8559120793341892,0.5769426344116726,0.6716205105134684,0.8223049578846782,0.7316950455360021
498,2.0,2.0,1.0,0.8888888888888888,1,0.5941463414634146,0.357421875,0.24487804878048783,0.6716631054878235,0.6050469875335693,0.9051136481279943,0.5110255507582183,0.5412800636104105,0.89633691867316,0.7134390452924457
499,1.0,2.0,1.0,0.7777777777777778,1,0.5193107546048722,0.2534205829863177,0.2329174093879976,0.6409593820571899,0.6639494895935059,0.6383553255808,0.6359665266771494,0.7152043265522093,0.5980620425226963,0.6468970553332138
500,3.0,2.0,0.0,0.6666666666666666,3,0.5783560023654643,0.25340438129070453,0.2507392075694855,0.660304069519043,0.5969937443733215,0.8774205142529443,0.5003438445665499,0.6003439158045477,0.8533193356750979,0.707856902574785
501,2.0,1.0,0.0,0.5555555555555556,1,0.32436587240584164,0.1832178598922248,0.20138355111452727,0.6439616680145264,0.6541593670845032,0.7908615491441613,0.7831351279694054,0.7558106631803934,0.7990429315829121,0.782212567969218
502,2.0,2.0,1.0,0.6666666666666666,1,0.3726169844020797,0.21682567215958368,0.1759098786828423,0.6162252426147461,0.7471250295639038,0.06610213668843368,0.5711054893648483,0.6661479733905666,0.08681849346560276,0.3475435232273628
503,2.0,2.0,0.0,1.0,1,0.45029239766081874,0.2518301610541728,0.2821637426900585,0.6629591584205627,0.7959345579147339,0.8026372518242627,0.6969113166788992,0.839385227852489,0.5743464071036,0.7283200508648127
504,8.0,2.0,0.0,0.7777777777777778,4,0.5750120598166908,0.2626750362143892,0.24023154848046313,0.613612711429596,0.7650907635688782,0.8836377723180637,0.6601159079150013,0.7240149300354414,0.8688866036648366,0.7841638034833358
505,2.0,1.0,1.0,1.0,3,0.5694444444444444,0.23893805309734512,0.22727272727272727,0.6483823657035828,0.6453006863594055,0.8973980935605561,0.5730143118174843,0.6716177471790895,0.8819895402557371,0.7560049232032168
506,8.0,2.0,1.0,0.6666666666666666,3,0.5127957508450024,0.24842919284678588,0.2385321100917431,0.6044518947601318,0.6358317732810974,0.35183751501803623,0.5137449917387904,0.6807029087027251,0.41615924753540945,0.4906111657487403
507,2.0,2.0,0.0,0.5555555555555556,1,0.45634782608695645,0.2171945701357466,0.2017391304347826,0.6217833757400513,0.6816543340682983,0.9121913392900636,0.595414753860101,0.7770086847899663,0.8902431752755622,0.7937144883039233
508,2.0,1.0,1.0,0.7777777777777778,2,0.5804749340369393,0.21341785525620707,0.17730870712401056,0.628013551235199,0.6765491962432861,0.8170136009678335,0.6197768980879059,0.6286030974864147,0.7713251864933777,0.709179695758883
509,3.0,2.0,1.0,0.5555555555555556,1,0.6006984866123399,0.2703962703962704,0.21653084982537837,0.6595650315284729,0.6765103936195374,0.8772799934100559,0.4586831111312898,0.7212677861462542,0.860610797767842,0.7294604221138604
510,10.0,2.0,1.0,1.0,2,0.5693430656934306,0.29315068493150687,0.23813868613138683,0.6365314722061157,0.6628941893577576,0.7603319459831686,0.6172320008613558,0.725627173443725,0.755360805385929,0.7146379814185446
511,8.0,1.0,1.0,1.0,3,0.5311152187307455,0.2714373843306601,0.2526186075169439,0.5911614298820496,0.5628973245620728,0.7682759304503645,0.6397376963551555,0.6849247107115322,0.5684476082846359,0.6653464864504219
512,8.0,2.0,0.0,0.5555555555555556,3,0.6132930513595166,0.30544354838709675,0.29003021148036257,0.6309833526611328,0.7555683255195618,0.862950702494604,0.5354301922980035,0.6244087844917082,0.8643844047897116,0.7217935210185069
513,2.0,2.0,1.0,0.7777777777777778,1,0.5692650334075724,0.3192153366027642,0.288641425389755,0.6733301281929016,0.676104724407196,0.11209537567097001,0.6141121979769292,0.6346697365852629,0.09873191907746938,0.3649023073276579
514,8.0,1.0,0.0,0.5555555555555556,2,0.5724713242961418,0.23799582463465555,0.20020855057351408,0.6253164410591125,0.6614199876785278,0.890725935269343,0.560373598229299,0.7300890079835963,0.8359990572839477,0.7542968996915465
515,1.0,2.0,1.0,1.0,1,0.6422018348623854,0.34911660777385156,0.31757233592095974,0.6949042081832886,0.5852541327476501,0.8549243109192326,0.5803059832863241,0.4954299095410846,0.8324179677220447,0.6907695428671714
516,8.0,2.0,0.0,1.0,2,0.5616905248807089,0.221160409556314,0.23176550783912747,0.6442188024520874,0.7345502376556396,0.8342427673652681,0.5988312931203501,0.7175204851866712,0.8299619886268674,0.7451391335747892
517,5.0,2.0,1.0,0.5555555555555556,1,0.4920340866987773,0.23581757508342605,0.22156354205261206,0.6324253678321838,0.6913491487503052,0.9073729956779106,0.5321597166188934,0.8289307749581323,0.894252881339253,0.7906790921485474
518,4.0,1.0,0.0,0.6666666666666666,1,0.5211442786069651,0.18306351183063516,0.2201492537313433,0.6280695199966431,0.8376467227935791,0.9203459519689572,0.6277875165618435,0.7810630662783825,0.8594426103780458,0.7971597862968073
519,10.0,1.0,1.0,0.5555555555555556,2,0.5942350332594235,0.322237017310253,0.2660753880266075,0.6262059807777405,0.7118984460830688,0.8103048327551903,0.6588115661111489,0.8015077804528562,0.8015009182924603,0.7680312744029139
520,1.0,1.0,1.0,0.8888888888888888,2,0.5784860557768925,0.23463687150837986,0.2342629482071713,0.622852623462677,0.6681313514709473,0.5270587653264278,0.7114479329043143,0.7063034207470787,0.6325371634318977,0.6443368206024296
521,1.0,2.0,1.0,1.0,1,0.6196078431372548,0.281413612565445,0.2235294117647059,0.6109358668327332,0.7172955274581909,0.9111663928849685,0.6230454465349454,0.7400588433328615,0.9009409074013444,0.7938028975385301
522,9.0,1.0,1.0,0.7777777777777778,1,0.593170731707317,0.271484375,0.21073170731707316,0.617378830909729,0.6670695543289185,0.8956007703462758,0.5787019753440389,0.8081094987799224,0.8727890441404832,0.78880032215268
523,8.0,1.0,1.0,0.8888888888888888,1,0.5340845070422536,0.2515510434292161,0.2501408450704225,0.6437309980392456,0.7153882384300232,0.5023934044291848,0.47215687447995686,0.697042860776805,0.0735699354992366,0.43629076879629575
524,2.0,1.0,0.0,1.0,1,0.6681922196796338,0.3773873185637892,0.3844393592677346,0.7251230478286743,0.6712096929550171,0.04436932184304334,0.6615750961590613,0.5885139895950819,0.06060313352286182,0.3387653852800121
525,8.0,2.0,1.0,1.0,3,0.5515151515151515,0.2503793626707132,0.2515151515151515,0.5690311789512634,0.724515438079834,0.8065574360680442,0.5863795938967115,0.7539943911574669,0.8277855325688759,0.7436792384227746
526,8.0,1.0,1.0,0.8888888888888888,1,0.5637823371989296,0.26607142857142857,0.23639607493309547,0.6564611792564392,0.7434937357902527,0.8851245777082088,0.5305625799498755,0.7582266054802209,0.8691083473579023,0.7607555276240519
527,2.0,2.0,1.0,0.5555555555555556,1,0.5350089766606821,0.2336728579988017,0.24536205864751645,0.6408286094665527,0.6702196598052979,0.7563245999643918,0.5994961076049228,0.7654507307908159,0.5102258491415413,0.6578743218754179
528,1.0,1.0,0.0,0.5555555555555556,1,0.6162332545311269,0.31412786108918705,0.27107959022852646,0.7058800458908081,0.701300323009491,0.9107747732959276,0.5385292482896906,0.6917203672339279,0.878497901048146,0.754880572466923
529,2.0,2.0,1.0,0.7777777777777778,1,0.6224719101123595,0.3228346456692913,0.22696629213483147,0.6688569188117981,0.5993382930755615,0.7933790766932308,0.5030408881860493,0.626125397734972,0.8386603572041438,0.6903014299545991
530,8.0,2.0,1.0,1.0,1,0.5008291873963516,0.22259136212624583,0.2703150912106136,0.6000305414199829,0.7226202487945557,0.5437309222672347,0.6650416384686745,0.8704770374053015,0.20095033054230313,0.5700499821708784
531,3.0,2.0,1.0,0.7777777777777778,2,0.5694444444444444,0.2591857000993048,0.20833333333333334,0.6172882318496704,0.694996178150177,0.07180483321559221,0.6536573594918443,0.6529612698780891,0.08903737833117761,0.3668652102291758
532,6.0,1.0,0.0,1.0,2,0.5563435776201733,0.27150749802683505,0.2884160756501182,0.673568844795227,0.6515459418296814,0.34076129360665247,0.7152430323668668,0.7782442169670681,0.2457424017968911,0.5199977361843696
533,1.0,2.0,1.0,0.6666666666666666,1,0.533467539003523,0.24483627204030223,0.21841972823351788,0.6350330710411072,0.5938774347305298,0.861522567167501,0.639274368158762,0.6927639591542922,0.8278143197673243,0.7553438035619698
534,8.0,2.0,0.0,1.0,2,0.6006269592476489,0.23728813559322035,0.2056426332288401,0.603295087814331,0.790875256061554,0.835122836343881,0.6423223319763257,0.808755111212519,0.8155565166261546,0.77543919903972
535,8.0,1.0,1.0,1.0,3,0.4467005076142132,0.1806615776081425,0.21319796954314718,0.630232572555542,0.7013691663742065,0.5590061375060399,0.9173368601101018,0.7731770841156304,0.5496867459710666,0.6998017069257096
536,8.0,1.0,0.0,0.8888888888888888,2,0.5712109672505713,0.2883295194508009,0.2726580350342726,0.6837313771247864,0.7050521373748779,0.8405746696252263,0.5357768929674577,0.658660581763541,0.8362070824323461,0.7178048066971429
537,13.0,2.0,1.0,0.5555555555555556,1,0.47213855421686746,0.21401657874905805,0.20406626506024095,0.6183755993843079,0.6973984241485596,0.8831111463244494,0.5831379373398453,0.7328744415119959,0.8732559719935974,0.768094874292472
538,1.0,1.0,0.0,1.0,1,0.6095808383233533,0.27218225419664266,0.251497005988024,0.6606075167655945,0.6248777508735657,0.8705486954125098,0.5030735710572636,0.5464086366212645,0.8445028534752698,0.691133439141577
539,8.0,1.0,0.0,0.5555555555555556,0,0.530289727831431,0.21811785400175898,0.1949078138718174,0.617150604724884,0.7084954380989075,0.10418493185514312,0.6922751241750805,0.7668483639515626,0.05606953641407133,0.4048444890989644
540,8.0,2.0,1.0,0.7777777777777778,3,0.5778863775198534,0.27522935779816515,0.2553451435552841,0.6793404817581177,0.6331014037132263,0.877196623063709,0.44866103072234853,0.7328167908317933,0.8701627310317401,0.7322092939123978
541,13.0,2.0,1.0,0.7777777777777778,3,0.32340425531914896,0.18267865593942265,0.20614657210401888,0.6301195025444031,0.7357506155967712,0.7202058239783934,0.621609573905722,0.8718968622023338,0.5596357250781263,0.693336996291144
542,1.0,1.0,0.0,0.7777777777777778,1,0.5273743016759777,0.3056280283265002,0.2554934823091248,0.6718451380729675,0.7262284755706787,0.911174536902888,0.6377284269811172,0.7175406385924352,0.8947461565685566,0.7902974397612492
543,8.0,1.0,0.0,0.8888888888888888,3,0.608636052090473,0.25531914893617025,0.23440712816997944,0.6597403287887573,0.6893815994262695,0.8341246609035184,0.6287521776537747,0.7697652814286133,0.8143377496030912,0.7617449673972494
544,3.0,1.0,1.0,0.625,2,0.5565836298932385,0.270848182466144,0.2092526690391459,0.6357429623603821,0.7108057141304016,0.7787403714964705,0.6565598304101857,0.766627312604923,0.8382330510330925,0.7600401413861679
545,8.0,1.0,1.0,0.7777777777777778,3,0.6722077922077921,0.3494539781591264,0.27636363636363637,0.6835819482803345,0.691834032535553,0.8349441254437759,0.4973460875790865,0.7617788220382291,0.7986061640719603,0.723168799783263
546,9.0,1.0,1.0,1.0,2,0.48438978240302744,0.261611374407583,0.2838221381267739,0.6133884787559509,0.6655139923095703,0.5790035449099312,0.6895038764939234,0.6782855877909207,0.45519268699990767,0.6004964240486708
