index,issueArea,decisionDirection,partyWinning,voteDistribution,respondentType,rouge1,rouge2,rougeL,bert_f1,align_score,unieval_coherence,unieval_consistency,unieval_fluency,unieval_relevance,unieval_overall
0,10.0,2.0,0.0,0.625,1,0.4409448818897638,0.26532399299474607,0.21872265966754156,0.6388975381851196,0.7266905903816223,0.7199575346935754,0.6211878157641842,0.7469214316576965,0.721364121619179,0.7023577259336589
1,8.0,1.0,0.0,0.6666666666666666,1,0.5995694294940797,0.26077586206896547,0.22282023681377824,0.5977029204368591,0.819961428642273,0.875127677013253,0.6006292136526283,0.6949723714358969,0.8629536520737063,0.7584207285438711
2,2.0,1.0,1.0,1.0,2,0.4259656652360515,0.2234156820622986,0.17811158798283264,0.6649356484413147,0.5630090832710266,0.033771360640136486,0.7309439381511587,0.7068637556208511,0.039357878144468075,0.3777342331391536
3,1.0,1.0,0.0,0.6666666666666666,1,0.5570145127850725,0.31557093425605537,0.28887353144436767,0.6601202487945557,0.7045648694038391,0.7012226503769006,0.6584987343004337,0.6603056960612076,0.730238059978768,0.6875662851793275
4,8.0,2.0,1.0,1.0,3,0.5459183673469388,0.30196936542669583,0.21938775510204084,0.6547865271568298,0.7401977777481079,0.8970050472378773,0.638958782999408,0.7568768013172507,0.8972075208986288,0.7975120381132912
5,7.0,1.0,0.0,0.5555555555555556,3,0.5166854143232096,0.3099437148217636,0.2504686914135733,0.6149592399597168,0.736388623714447,0.8928582011128784,0.6411211409609792,0.752456966225224,0.8715209525758896,0.7894893152187428
6,10.0,1.0,0.0,0.5555555555555556,1,0.40136986301369865,0.2085048010973937,0.19726027397260273,0.6290470361709595,0.7429156303405762,0.7877210282346165,0.7057645160782846,0.8066215348331075,0.5729789883001765,0.7182715168615462
7,8.0,1.0,1.0,0.8888888888888888,2,0.5183537263626251,0.2787068004459309,0.2669632925472747,0.6755360960960388,0.7398847341537476,0.9200109342124314,0.802452192812117,0.8757043694567186,0.7507599982184043,0.8372318736749178
8,8.0,1.0,1.0,1.0,2,0.5872659176029962,0.26406601650412603,0.23970037453183524,0.6664060354232788,0.554127037525177,0.7387152687749038,0.5001885021742732,0.660782239297276,0.7058255526080741,0.6513778907136318
9,1.0,2.0,1.0,0.5555555555555556,1,0.5921586300135195,0.3157419936851601,0.25146462370437134,0.6374216675758362,0.7362255454063416,0.6917091094517955,0.532029553112281,0.656782413100326,0.7069810851277287,0.6468755401980328
10,2.0,2.0,1.0,0.5555555555555556,2,0.6196213425129087,0.27800114876507753,0.261617900172117,0.6422521471977234,0.6572887301445007,0.0822526910717011,0.5153671092261145,0.6371186807507191,0.088362856596811,0.33077533441133644
11,9.0,1.0,0.0,0.6666666666666666,1,0.561522198731501,0.30554380025391453,0.23002114164904863,0.6533229351043701,0.6776593923568726,0.8878394078192878,0.5371770621101374,0.7836536437091899,0.8516848021285981,0.7650887289418034
12,5.0,1.0,1.0,0.625,2,0.5397350993377483,0.2751381215469614,0.27483443708609273,0.6977553963661194,0.7687174081802368,0.211367562967726,0.6667676068566094,0.7849923167402935,0.18186351973243445,0.46124775157426584
13,4.0,2.0,0.0,1.0,3,0.27805486284289277,0.11235955056179778,0.14214463840399003,0.5866127014160156,0.6149109601974487,0.7332499453865574,0.7151918135199636,0.8247624591778436,0.677661006147379,0.7377163060579359
14,2.0,1.0,1.0,1.0,1,0.5641661500309981,0.28305400372439476,0.2541847489150651,0.5383718013763428,0.8849461674690247,0.18537840565777466,0.543986757486192,0.8540000503130152,0.08761101498819596,0.4177440571112944
15,1.0,1.0,0.0,0.5555555555555556,1,0.6069284064665126,0.32547387887193713,0.2734411085450346,0.6285308003425598,0.7563722729682922,0.8687898760394432,0.6629915935270371,0.724409305497532,0.8075494303147563,0.7659350513446921
16,8.0,1.0,0.0,1.0,2,0.5857519788918205,0.2536327608982827,0.27176781002638517,0.6634882688522339,0.6468347907066345,0.8089687694899925,0.6111680580699306,0.6697720184351296,0.806348841905642,0.7240644219751736
17,8.0,1.0,0.0,0.75,1,0.5282093213409649,0.2945990180032733,0.26410466067048244,0.6407984495162964,0.7598622441291809,0.7061405408053837,0.5450503987670744,0.6558357431435232,0.6799794551159134,0.6467515344579736
18,9.0,1.0,0.0,0.8888888888888888,1,0.59048553212359,0.31909671084928815,0.24914173614516916,0.7188166975975037,0.5896187424659729,0.907785200398465,0.6350238971948362,0.7186189122437441,0.8784548994794028,0.784970727329112
19,1.0,1.0,0.0,1.0,1,0.5853658536585364,0.2857142857142857,0.2701688555347092,0.6770708560943604,0.6625203490257263,0.4486570949130109,0.6016523664097921,0.6269535205436501,0.43533136331491434,0.5281485862953419
20,12.0,2.0,0.0,0.5555555555555556,1,0.6291643910431458,0.29633679606342267,0.2752594210813763,0.6846875548362732,0.6601545214653015,0.8691066759209432,0.5515135703673267,0.7223437948508501,0.853317491109611,0.7490703830621827
21,2.0,1.0,1.0,1.0,2,0.6134215500945179,0.33774834437086093,0.27599243856332706,0.665831983089447,0.6134673357009888,0.9198276033882529,0.5184844179417792,0.6510120183471056,0.9133077468639915,0.7506579466352824
22,3.0,2.0,1.0,1.0,1,0.5357950263752825,0.3257918552036199,0.3519216277317257,0.6739696264266968,0.69349205493927,0.9240574023064322,0.6616071311657192,0.8294844280186399,0.886359178347273,0.8253770349595161
23,1.0,1.0,1.0,0.6666666666666666,2,0.6312092323130958,0.32747363134103463,0.2890115403913698,0.6582316756248474,0.7653480768203735,0.9184834197446592,0.6622571531572675,0.8311270889137712,0.8943005966867551,0.8265420646256133
24,2.0,2.0,1.0,1.0,1,0.4830148619957537,0.26992561105207225,0.2239915074309979,0.6366201639175415,0.6266796588897705,0.6823604886122103,0.5706380459724845,0.5258599463426742,0.5781671889637311,0.589256417472775
25,8.0,2.0,0.0,1.0,2,0.6507394766780432,0.32915717539863326,0.23549488054607506,0.6401224136352539,0.6500886678695679,0.46994045625971037,0.5693519800382709,0.6071942493275867,0.40051284909308144,0.5117498836796625
26,2.0,1.0,0.0,0.6666666666666666,1,0.3059210526315789,0.18121911037891267,0.1907894736842105,0.6640865206718445,0.613717794418335,0.5644829629337342,0.7880876832673117,0.6831702537620767,0.30309516478032766,0.5847090161858626
27,9.0,1.0,0.0,1.0,3,0.5081967213114754,0.27651515151515155,0.2610340479192938,0.6735862493515015,0.6394625306129456,0.006106550281465685,0.5400430564772597,0.5786903535674296,0.009622616536412911,0.28361564421564195
28,7.0,1.0,1.0,0.7777777777777778,3,0.4479122733024041,0.20514985225833685,0.2184732180514551,0.631422758102417,0.7571353316307068,0.6305523813066087,0.6473821536754535,0.7919181008860269,0.5669105237933778,0.6591907899153668
29,10.0,2.0,0.0,0.6666666666666666,3,0.25589225589225584,0.178752107925801,0.15824915824915825,0.6484234929084778,0.5052703619003296,0.23072020061798143,0.6546113067394824,0.7956655979174844,0.34421176696318856,0.5063022180595342
30,2.0,2.0,1.0,0.5555555555555556,1,0.5957983193277311,0.3212783851976451,0.2966386554621849,0.7025819420814514,0.75751131772995,0.8554986536764024,0.7371491672504046,0.7353538754483727,0.8621611196764514,0.7975407040129078
31,2.0,2.0,1.0,0.7777777777777778,1,0.5863082738345233,0.29760403530895335,0.2687946241075178,0.6423119902610779,0.7935550212860107,0.9071643005607113,0.5806955464700921,0.8212302298565255,0.8744399121952614,0.7958824972706475
32,2.0,1.0,1.0,1.0,2,0.5645741703318672,0.3017206882753101,0.2471011595361855,0.6829680800437927,0.7251623272895813,0.7538964923172254,0.5313465003118295,0.7131608114684891,0.7520823941147844,0.6876215495530821
33,2.0,2.0,1.0,0.7777777777777778,1,0.6600888011840158,0.3022222222222222,0.28219042920572274,0.6779837608337402,0.7096613645553589,0.8817418214645173,0.6138327886380525,0.8954067284674472,0.8550029614855481,0.8114960750138913
34,9.0,1.0,0.0,0.8888888888888888,2,0.5825825825825826,0.31509320505111243,0.3111111111111111,0.6476055383682251,0.6584352254867554,0.7954940067632754,0.5623620552588398,0.793055292057878,0.565328831453482,0.6790600463833688
35,8.0,2.0,1.0,1.0,2,0.40576725025746657,0.2268041237113402,0.22657054582904224,0.6259207725524902,0.7121350765228271,0.0550243653049954,0.6357652361530837,0.7624441292477014,0.07495629118909737,0.38204750547371946
36,2.0,1.0,1.0,0.6666666666666666,2,0.5877926421404681,0.3205020920502092,0.2792642140468228,0.5706455111503601,0.7888001203536987,0.8028038564559893,0.5905268593711501,0.8451484777252279,0.797072031674029,0.7588878063065991
37,1.0,2.0,1.0,0.5555555555555556,1,0.38627002288329515,0.21255153458543286,0.22242562929061788,0.6333872675895691,0.543977677822113,0.5772644845119775,0.5673917284854184,0.7851209289029606,0.5230016415310943,0.6131946958578627
38,8.0,2.0,1.0,1.0,2,0.5948144382308084,0.35012722646310435,0.2826639552618201,0.6787525415420532,0.7190068960189819,0.8582330946356364,0.6158729554537672,0.6699117118244429,0.8416932155665767,0.7464277443701058
39,1.0,1.0,1.0,0.8888888888888888,2,0.6223000583771162,0.27703097603740506,0.2031523642732049,0.6264844536781311,0.5345048904418945,0.8638699106646126,0.5949197924278283,0.7513202406680008,0.8258862087671276,0.7589990381318924
40,2.0,2.0,1.0,0.5555555555555556,2,0.30467397576457017,0.16522241478913924,0.189267166762839,0.6811764240264893,0.7568798065185547,0.9222074822979098,0.8811712344924559,0.8254556160750478,0.8893510589991711,0.8795463479661461
41,8.0,1.0,0.0,1.0,1,0.6682577565632458,0.3237753882915173,0.2720763723150358,0.651333212852478,0.7473204731941223,0.769678644808396,0.5748125963432978,0.5985684407485525,0.7541973320938639,0.6743142534985276
42,10.0,2.0,0.0,0.5555555555555556,1,0.4144918636782315,0.2046082949308756,0.17684986183604542,0.5930724143981934,0.6497655510902405,0.7845249756455558,0.4993554099101119,0.6658968596921057,0.7946167771342849,0.6860985055955146
43,10.0,2.0,1.0,1.0,1,0.5805061927840603,0.20485175202156333,0.2078621432417878,0.6181759834289551,0.6501820087432861,0.8754472040164657,0.5168544992849375,0.7170470969313248,0.8432942062553117,0.7381607516220099
44,8.0,2.0,0.0,1.0,2,0.44,0.21739130434782608,0.23085714285714287,0.6594155430793762,0.6173892021179199,0.7143535196712978,0.7035957142521513,0.7045926216238784,0.6375886896617413,0.6900326363022673
45,1.0,1.0,0.0,0.8888888888888888,1,0.5517241379310345,0.3044917257683215,0.22484648086915446,0.6470305919647217,0.6466273069381714,0.8815151822275527,0.6686365400733418,0.6541096804827475,0.8564655192581975,0.7651817305104598
46,8.0,1.0,1.0,1.0,1,0.4021304926764314,0.21768103065304306,0.1908566355969818,0.6217386722564697,0.6275270581245422,0.24444133437122093,0.5358542830874564,0.742319597589031,0.2651677323101884,0.4469457368394742
47,2.0,1.0,0.0,1.0,0,0.4261974584555229,0.20176297747306562,0.21114369501466274,0.670740008354187,0.6866329908370972,0.6032902443590749,0.8057224869791139,0.9031407978629981,0.5673191116357986,0.7198681602092464
48,2.0,1.0,0.0,1.0,1,0.5979778526721232,0.3421686746987952,0.31584015406836785,0.6571241021156311,0.7795354127883911,0.8682764527651888,0.7946015010544841,0.8021526739727306,0.8495675864229241,0.8286495535538319
49,2.0,1.0,1.0,1.0,2,0.6059351276742582,0.294402211472011,0.26915113871635615,0.6441078186035156,0.67579585313797,0.44504045649475793,0.6175905140390671,0.7303186090353535,0.3209084325134603,0.5284645030206597
50,1.0,2.0,1.0,0.7777777777777778,1,0.676010781671159,0.33890987587695626,0.30727762803234504,0.6567243337631226,0.6483926177024841,0.7843369318370286,0.5006754981373215,0.628895204123448,0.7696535200307361,0.6708902885321335
51,8.0,1.0,0.0,0.8888888888888888,3,0.4891774891774892,0.2524377031419285,0.2683982683982684,0.6491189002990723,0.5550096035003662,0.8418680096694412,0.5987789428938158,0.7261052216586084,0.7180295656585741,0.7211954349701098
52,8.0,2.0,1.0,1.0,1,0.6111111111111112,0.32078559738134205,0.3300653594771242,0.6558478474617004,0.6018900275230408,0.12443578509318465,0.5853843435258765,0.7411068252848291,0.13820942264965327,0.3972840941383859
53,2.0,2.0,0.0,0.5555555555555556,3,0.6273170731707316,0.3564453125,0.31121951219512195,0.6842718124389648,0.7049732208251953,0.8903917333856904,0.6570134913577615,0.691591935350246,0.8618276624640854,0.7752062056394458
54,9.0,2.0,0.0,0.6666666666666666,1,0.6415816326530612,0.32567049808429116,0.25892857142857145,0.6824601292610168,0.7246200442314148,0.8682143498536724,0.5613213033224645,0.760135641366161,0.8811015358417591,0.7676932075960142
55,1.0,2.0,1.0,0.8888888888888888,1,0.4970711297071129,0.2866722548197821,0.301255230125523,0.6931842565536499,0.6542202234268188,0.8248829953372481,0.6920116819097267,0.7444667206485749,0.8113749288890364,0.7681840816961465
56,1.0,2.0,1.0,0.6666666666666666,1,0.20149761742682099,0.13905930470347647,0.14159292035398233,0.6034132242202759,0.6054885387420654,0.8453973242199627,0.8424414393128665,0.8238158114436255,0.8458333224057448,0.8393719743455499
57,9.0,1.0,1.0,0.6666666666666666,4,0.3858520900321543,0.2061191626409018,0.23311897106109322,0.6386987566947937,0.7860299348831177,0.17767021112490514,0.798446020402812,0.7767398853068165,0.3279740439508897,0.5202075401963558
58,3.0,2.0,0.0,0.6666666666666666,2,0.4337349397590361,0.17996289424860853,0.2048192771084337,0.597109854221344,0.8536484837532043,0.16913533701426875,0.6084170209527179,0.8321975947528152,0.20028652278935033,0.45250911887728806
59,12.0,1.0,0.0,0.5555555555555556,2,0.6055646481178396,0.3245901639344262,0.2880523731587561,0.6790528893470764,0.6707183718681335,0.2731103619244646,0.6930793962717564,0.6084148003056918,0.13552538088773614,0.42753248484741224
60,1.0,2.0,0.0,1.0,2,0.6005509641873278,0.28965517241379307,0.2933884297520661,0.6970372200012207,0.7772282958030701,0.8515300704686841,0.6472183627795557,0.6763276074793653,0.8569872703718352,0.7580158277748601
61,2.0,2.0,1.0,0.6666666666666666,1,0.4198596869940637,0.2074554294975689,0.22665947112790072,0.6389375329017639,0.6946255564689636,0.5792149887938224,0.5519885286552103,0.8105622958286398,0.5144154539717758,0.6140453168123621
62,1.0,1.0,0.0,0.5555555555555556,1,0.4211845816358509,0.19379115710254002,0.15982450642431842,0.6255185604095459,0.7765862941741943,0.8803897198200169,0.5941489702768452,0.6620092843065409,0.8668486736366118,0.7508491620100037
63,1.0,2.0,1.0,1.0,1,0.6043878273177636,0.32034018426647765,0.3099787685774947,0.6958277225494385,0.7055636644363403,0.115757564802855,0.7226861568349623,0.7395210824983459,0.0797451569162647,0.41442749026310693
64,13.0,2.0,1.0,0.8888888888888888,1,0.545615589016829,0.2502218278615794,0.2462356067316209,0.6475031971931458,0.7332861423492432,0.6480062063448736,0.7184440008146157,0.7063321031999451,0.5970466451958326,0.6674572388888167
65,2.0,1.0,1.0,0.5555555555555556,2,0.6250634195839676,0.31995937023869986,0.25063419583967533,0.6520895957946777,0.6519393920898438,0.8204143038172361,0.5517550133240153,0.7933305717567282,0.8144166845706066,0.7449791433671465
66,3.0,2.0,0.0,0.75,2,0.5242847638057218,0.3131245836109261,0.3193612774451098,0.638240396976471,0.7960116863250732,0.6416739869770747,0.6768676843199197,0.7133217010170024,0.42211405377489,0.6134943565222217
67,1.0,2.0,1.0,0.5555555555555556,1,0.3989583333333333,0.23983315954118872,0.2114583333333333,0.5995463132858276,0.725723385810852,0.1265970792514245,0.6460060046570166,0.6370838124347833,0.16267550550283208,0.3930906004615141
68,8.0,1.0,0.0,1.0,3,0.41876832844574774,0.23840281855549034,0.2428152492668622,0.6301189064979553,0.6777035593986511,0.3714418787709201,0.752710585582672,0.8395646633414847,0.24793539241499252,0.5529131300275173
69,8.0,1.0,1.0,0.625,3,0.5880861850443598,0.29695431472081224,0.2864385297845374,0.6649612188339233,0.6841927766799927,0.8819979530873062,0.5195315854422312,0.6293648645083102,0.8709010486061625,0.7254488629110025
70,10.0,2.0,1.0,1.0,1,0.622554660529344,0.28110599078341014,0.2520138089758343,0.6629198789596558,0.852706789970398,0.8753461494330805,0.5604275529189906,0.7125210200425292,0.8810726051055714,0.7573418318750429
71,8.0,2.0,0.0,0.6666666666666666,3,0.6257157730348776,0.30953621677957266,0.2217595002602811,0.6419909596443176,0.7120547890663147,0.7486172850058566,0.5880004961531136,0.7588343644434798,0.7363664749424382,0.707954655136222
72,2.0,2.0,0.0,0.7777777777777778,3,0.6101499423298733,0.22055427251732104,0.23414071510957324,0.6539342999458313,0.7529661655426025,0.9146344662637724,0.6416854564309009,0.7039165228107161,0.8946896361599758,0.7887315204163413
73,4.0,1.0,1.0,1.0,1,0.4730195177956372,0.30344827586206896,0.25832376578645233,0.6231173276901245,0.802025318145752,0.2189775609539773,0.7174096622471624,0.8136497518847227,0.4230184926470402,0.5432638669332257
74,1.0,1.0,1.0,1.0,2,0.5802879291251384,0.23614190687361417,0.1915836101882614,0.5961568355560303,0.6524832248687744,0.7965526607587372,0.5073762515467692,0.5807724084903375,0.7902189926227594,0.6687300783546508
75,1.0,2.0,1.0,0.6666666666666666,1,0.5981735159817351,0.2586837294332724,0.22557077625570776,0.6408215761184692,0.7823853492736816,0.439139070368712,0.6778679357545814,0.7198563850083342,0.6067184621375894,0.6108954633173043
76,8.0,1.0,0.0,1.0,4,0.628686327077748,0.2684563758389262,0.2734584450402145,0.6704386472702026,0.7555233836174011,0.9286837315660256,0.6433430594039123,0.7826252885211031,0.9240699675201208,0.8196805117527904
77,8.0,2.0,1.0,1.0,2,0.5795918367346938,0.30653950953678466,0.31428571428571433,0.6776224374771118,0.5676138997077942,0.28202091978220883,0.6779723831669578,0.5987811619650549,0.2059170372017248,0.4411728755289866
78,2.0,2.0,1.0,1.0,2,0.6273726273726273,0.349,0.2677322677322677,0.5994722247123718,0.7466421723365784,0.8129797676541004,0.5314227249527389,0.6205413459882562,0.8129611829171111,0.6944762553780517
79,1.0,1.0,0.0,0.7777777777777778,1,0.6292993630573248,0.3022959183673469,0.2764331210191083,0.6718636155128479,0.628873884677887,0.7984091803239212,0.4667307544119511,0.6831448792124627,0.7527495279094182,0.6752585854644383
80,9.0,1.0,0.0,0.6666666666666666,1,0.6057906458797326,0.2898550724637681,0.2650334075723831,0.6811697483062744,0.7124723792076111,0.8438791013763011,0.653726704662823,0.7505459893621791,0.8195008969004582,0.7669131730754404
81,9.0,1.0,1.0,0.5555555555555556,3,0.6252063841496973,0.33608815426997246,0.27958172812328014,0.6691569089889526,0.7107476592063904,0.8567631848147179,0.6617738280866028,0.7472129439735121,0.8446165690857201,0.7775916314901382
82,9.0,1.0,1.0,0.5555555555555556,2,0.6048284625158831,0.25445292620865145,0.25158831003811943,0.6445249915122986,0.7932490706443787,0.7769460305786194,0.6019466038456268,0.817041477649351,0.7532581541212096,0.7372980665487017
83,10.0,2.0,0.0,1.0,2,0.5636274987810824,0.2772083943387018,0.2623110677718186,0.6408022046089172,0.6937427520751953,0.8704617106558704,0.604937455578776,0.6905151785796055,0.8560481724285335,0.7554906293106963
84,8.0,2.0,1.0,0.875,3,0.6214285714285714,0.30234933605720127,0.2571428571428572,0.6534878611564636,0.6946451663970947,0.8282827286397861,0.5992924368776784,0.7863377403188343,0.7940653113834105,0.7519945543049273
85,1.0,2.0,1.0,0.8888888888888888,1,0.6137359961032636,0.32471964895173083,0.23477837311251826,0.6855650544166565,0.7570250630378723,0.8704081583691702,0.6747098740297169,0.6961534444190602,0.8570807144413052,0.774588047814813
86,1.0,2.0,1.0,0.8888888888888888,1,0.6172300981461286,0.29366812227074235,0.2780806979280262,0.678843080997467,0.6796749830245972,0.9055261739983129,0.6096850451293718,0.7248149007460097,0.865140840154043,0.7762917400069343
87,2.0,1.0,1.0,0.875,1,0.46900958466453674,0.27255278310940495,0.26198083067092653,0.6855310797691345,0.7114312052726746,0.10707496798019249,0.6064085130046731,0.6809019520617746,0.08777630910427367,0.3705404355377284
88,1.0,1.0,1.0,1.0,2,0.6313912009512486,0.294047619047619,0.2294887039239001,0.6250491738319397,0.7688176035881042,0.8696182088626137,0.5231375648268678,0.6460686301330939,0.8366871864724404,0.718877897573754
89,1.0,2.0,0.0,0.5555555555555556,2,0.47781065088757396,0.20592592592592593,0.22633136094674558,0.624378502368927,0.6897822618484497,0.8566997092277671,0.5914640117564814,0.7274301486384224,0.8554939465972313,0.7577719540549755
90,1.0,2.0,1.0,0.625,3,0.514543630892678,0.2248995983935743,0.19358074222668004,0.5910953283309937,0.8030415177345276,0.8507030912614569,0.6122473228910773,0.84640452932898,0.7177689320443326,0.7567809688814617
91,8.0,2.0,1.0,1.0,4,0.4630541871921182,0.2345205479452055,0.2200328407224959,0.5993313193321228,0.7085984349250793,0.8311085534595299,0.6883539325712051,0.6946367495633039,0.6634934145392144,0.7193981625333133
92,8.0,2.0,1.0,1.0,1,0.6542872747132714,0.3378895571350464,0.26761332605133803,0.6352266073226929,0.7839797139167786,0.8945488720824165,0.5544929399455626,0.7350221503291703,0.8903414639089199,0.7686013565665174
93,7.0,1.0,1.0,0.5555555555555556,2,0.6218767351471405,0.3079488604780433,0.2554136590782899,0.6937767863273621,0.756457507610321,0.7236925278475443,0.6560060827105605,0.7249901215785527,0.6939178613644162,0.6996516483752684
94,10.0,1.0,1.0,1.0,2,0.6536248561565018,0.3076036866359447,0.2497123130034522,0.6628217697143555,0.6812052726745605,0.8810713701956451,0.5215431618521013,0.7601766523803913,0.8747703622700455,0.7593903866745457
95,1.0,2.0,1.0,0.6666666666666666,1,0.6188565697091274,0.2991967871485944,0.2748244734202608,0.7012242078781128,0.7649480700492859,0.7705367257964182,0.6422684129909263,0.7093759873844738,0.7589141225424435,0.7202738121785655
96,10.0,2.0,0.0,1.0,2,0.5879090404880754,0.23875624652970573,0.24847476428175264,0.6736416220664978,0.6331640481948853,0.8416239130571486,0.5008374385817365,0.7875970780334407,0.8323222401070987,0.7405951674448561
97,9.0,1.0,0.0,0.5555555555555556,2,0.5644118914261095,0.3165157395429064,0.23007324429125375,0.6536399722099304,0.6548793911933899,0.8642444761013525,0.5603598876037189,0.6489487550130542,0.8408287316939641,0.7285954626030224
98,4.0,2.0,1.0,1.0,1,0.6502793296089385,0.2941834451901566,0.24916201117318437,0.6321608424186707,0.65370774269104,0.8734221451327856,0.589381882128549,0.7730866395415812,0.8596669129062137,0.7738893949272824
99,1.0,1.0,1.0,1.0,2,0.639832723470988,0.33699633699633696,0.3324621014113957,0.6822205781936646,0.6351649761199951,0.8525401086451984,0.41098398117682666,0.7778923680993173,0.8290879043428496,0.7176260905660481
100,8.0,2.0,1.0,0.6666666666666666,3,0.5016196205460435,0.23807318202871702,0.27209625173530777,0.6302730441093445,0.6761135458946228,0.8177416008291807,0.6114731587022031,0.828043327271645,0.786556328362775,0.760953603791451
101,2.0,2.0,1.0,1.0,1,0.6072538860103627,0.3215767634854772,0.29430051813471503,0.6704095602035522,0.5729818940162659,0.7678323180748748,0.5552915421146079,0.7999267736358036,0.8333563905438058,0.739101756092273
102,4.0,2.0,1.0,0.5555555555555556,1,0.5644631973745898,0.2759267949319568,0.2578527894983591,0.6690558791160583,0.7569423913955688,0.8738940639063646,0.6985676996355248,0.6996250839872721,0.857079130683388,0.7822914945531374
103,8.0,1.0,1.0,1.0,1,0.5736354273944388,0.2907216494845361,0.2595262615859938,0.6816509366035461,0.64424729347229,0.8846072132791761,0.5574072225982191,0.7164508030430979,0.8602048535951214,0.7546675231289037
104,8.0,1.0,1.0,1.0,3,0.6237393328161366,0.39316239316239315,0.28859581070597357,0.7048407793045044,0.6882407069206238,0.8418852791156708,0.6613222003443157,0.6557991162846084,0.8269503563642686,0.7464892380272159
105,4.0,2.0,1.0,0.7777777777777778,1,0.5781990521327014,0.29062870699881377,0.27132701421800953,0.6239253282546997,0.633149266242981,0.46680647799230796,0.6937921391322015,0.6265820548746035,0.4860953739621938,0.5683190114903267
106,6.0,1.0,1.0,0.5555555555555556,2,0.572790294627383,0.25845620121422375,0.2668977469670711,0.6655789017677307,0.7881739735603333,0.9253631796502347,0.650974460108291,0.8286720533952077,0.8846706598952564,0.8224200882622474
107,8.0,1.0,0.0,0.7777777777777778,3,0.6286942504030091,0.328133405056482,0.24073078989790436,0.6837121844291687,0.6560308337211609,0.8105702470838931,0.6272428104415148,0.6200093764292461,0.8242652541299609,0.7205219220211536
108,1.0,1.0,1.0,0.5555555555555556,2,0.5525992632009824,0.2179434657927079,0.1694637740483013,0.613660454750061,0.7124209403991699,0.8976865349602144,0.6686240665067127,0.6910719431040558,0.8822327603115332,0.7849038262206289
109,5.0,1.0,0.0,1.0,1,0.5061808718282369,0.28925081433224753,0.269355888093689,0.6415005326271057,0.6087943315505981,0.6881528142602705,0.6576191445314499,0.7005132769916957,0.5180035844208111,0.6410722050510568
110,1.0,2.0,1.0,0.5555555555555556,1,0.5851011346817958,0.2992592592592592,0.21114948199309325,0.6472242474555969,0.702958881855011,0.8355482892943904,0.4459842989094988,0.6581436501888297,0.8380133934498679,0.6944224079606467
111,1.0,1.0,1.0,1.0,2,0.6132437619961613,0.32468780019212296,0.281190019193858,0.6609650254249573,0.6568323969841003,0.9114190069827284,0.389458979947719,0.8133407052557667,0.8899200628499473,0.7510346887590404
112,8.0,1.0,1.0,1.0,1,0.6501429933269781,0.349570200573066,0.3279313632030505,0.7017940878868103,0.766829252243042,0.43883857045737923,0.6436915603711852,0.8286072437467019,0.24928523616145323,0.5401056526841799
113,1.0,2.0,0.0,0.5555555555555556,2,0.5664467483506126,0.2613207547169811,0.23845428840716304,0.6517016887664795,0.6377139687538147,0.8392946021518018,0.6387688677155896,0.7128547507546629,0.8657167704394536,0.764158747765377
114,2.0,2.0,1.0,0.7777777777777778,1,0.555045871559633,0.2835820895522388,0.2442660550458716,0.6569022536277771,0.6526510715484619,0.4289109603971131,0.7065482298370072,0.7560429760681106,0.12338223114837102,0.5037210993626504
115,10.0,2.0,1.0,0.5555555555555556,2,0.6295294753921039,0.3053600433134814,0.2390481341265549,0.6024253368377686,0.6809834837913513,0.9335477220700021,0.6878998578245502,0.7812733120917524,0.894043381270496,0.8241910683142002
116,8.0,1.0,0.0,1.0,2,0.5867595818815331,0.2777390090718772,0.25923344947735194,0.6822401285171509,0.6663078665733337,0.8745288296163134,0.6773897355546784,0.8188374785939379,0.8597659649234384,0.807630502172092
117,1.0,2.0,1.0,0.5555555555555556,1,0.5684729064039409,0.27120315581854043,0.2610837438423645,0.7114862203598022,0.6484804153442383,0.8766347368550066,0.5494165348261921,0.7469636630481384,0.8563688292434308,0.757345940993192
118,12.0,2.0,1.0,1.0,1,0.6225490196078431,0.2809815950920245,0.25245098039215685,0.6491696238517761,0.6832109689712524,0.8925332279734535,0.6139252818673097,0.5896045939635176,0.8839686841629638,0.7450079469918112
119,1.0,1.0,1.0,1.0,2,0.5962373371924747,0.2588121680347658,0.25084418716835505,0.6657243371009827,0.6258949041366577,0.89145757404138,0.5510046223392204,0.6952254613934535,0.8587733895751459,0.7491152618373
120,1.0,1.0,0.0,0.5555555555555556,1,0.6249319542732716,0.2953678474114441,0.25911812738160045,0.6993189454078674,0.7763243913650513,0.8074040464378788,0.5413498953948999,0.7149842881337013,0.7675661196403746,0.7078260874017136
121,9.0,2.0,1.0,1.0,2,0.5868433506862281,0.3031738512553292,0.2669190724088973,0.6536184549331665,0.7506316900253296,0.8954295563083541,0.6023605531841857,0.7067286444748121,0.8868465151742689,0.7728413172854052
122,6.0,2.0,0.0,1.0,2,0.6473740621650589,0.33798283261802575,0.31511254019292606,0.6420678496360779,0.6681551933288574,0.9143952578243801,0.609149756077665,0.7149939329405963,0.8836570759019439,0.7805490056861464
123,1.0,2.0,1.0,1.0,1,0.5666666666666667,0.2530755711775044,0.24912280701754388,0.6541560292243958,0.7277697324752808,0.5382083866666718,0.6652409124937162,0.7264538249858369,0.23396579640110943,0.5409672301368336
124,2.0,1.0,1.0,0.5555555555555556,1,0.43906891830214523,0.22384650525354044,0.23733455043359197,0.6160567998886108,0.7842826247215271,0.557765599686236,0.596927262643,0.708251130136787,0.7245536507514162,0.6468744108043597
125,1.0,1.0,0.0,1.0,1,0.6176744186046512,0.3000931966449208,0.29767441860465116,0.6850396990776062,0.8229687809944153,0.15553851039883954,0.741181519218419,0.8502228660116821,0.2628751515394272,0.502454511792092
126,9.0,2.0,1.0,1.0,2,0.6069868995633187,0.29300291545189505,0.2663755458515284,0.6711016297340393,0.6895205974578857,0.9253846236089391,0.6471611588318955,0.7945062134440488,0.9095073058633156,0.8191398254370498
127,10.0,2.0,0.0,1.0,1,0.5578583765112263,0.30855661192739847,0.21934369602763387,0.637333869934082,0.7102608680725098,0.8224524412278402,0.6471895604661109,0.7518389122619863,0.8021375885784829,0.755904625633605
128,2.0,2.0,1.0,0.5555555555555556,2,0.5314164004259851,0.31130063965884863,0.28434504792332266,0.6649984121322632,0.7763329744338989,0.38804071083775654,0.6526879765778242,0.7580376061581594,0.2217128013940362,0.5051197737419441
129,5.0,1.0,1.0,1.0,2,0.6304909560723515,0.3106125970664366,0.2704565030146425,0.6889981031417847,0.7071262001991272,0.4949987619989836,0.5713158076493879,0.6081869546014715,0.35864454880059254,0.508286518262609
130,1.0,1.0,1.0,1.0,2,0.4491114701130857,0.26846361185983825,0.24340333871836295,0.6195628046989441,0.49144014716148376,0.09232227506795945,0.5983054279278495,0.7720400065843942,0.1465708141555071,0.4023096309339276
131,1.0,1.0,1.0,0.7777777777777778,2,0.6052227342549923,0.29692307692307696,0.29493087557603687,0.6468218564987183,0.7133488655090332,0.07653848440903974,0.5439257241342209,0.7225525437662088,0.08341612413832226,0.3566082191119479
132,4.0,2.0,0.0,0.5555555555555556,2,0.530716723549488,0.23996584116140052,0.2107508532423208,0.6523693799972534,0.7103773355484009,0.8822400917321654,0.5861281146478938,0.6701481108696016,0.8693455546716293,0.7519654679803225
133,2.0,1.0,1.0,0.5555555555555556,2,0.24969097651421507,0.12995049504950495,0.12855377008652658,0.5572227239608765,0.799092710018158,0.15244050798720482,0.8247718996414449,0.8126966588417308,0.0776411841179576,0.46688756264708453
134,8.0,1.0,0.0,0.5555555555555556,2,0.6107660455486542,0.23937823834196892,0.20910973084886128,0.6697549223899841,0.762191653251648,0.8620340286887843,0.6720447820637333,0.7377990597889019,0.847876521381862,0.7799385979808203
135,2.0,1.0,0.0,0.5555555555555556,1,0.6448542534205829,0.33948779035139964,0.2891136228435455,0.6645172238349915,0.7644150853157043,0.8561682988292802,0.5590997031615501,0.7707168860629219,0.837572542645813,0.7558893576748913
136,10.0,2.0,0.0,0.6666666666666666,2,0.5844421699078812,0.257172131147541,0.24360286591606958,0.645050585269928,0.718088686466217,0.8970848961209043,0.5298977405018216,0.7616292883012601,0.8839940558266277,0.7681514951876535
137,8.0,1.0,1.0,0.6666666666666666,4,0.5235457063711911,0.2809611829944547,0.22437673130193908,0.6143337488174438,0.7882044911384583,0.8767405268513565,0.5664396099770947,0.7989205159076198,0.7984387240495899,0.7601348441964153
138,1.0,2.0,0.0,0.5555555555555556,1,0.5562218890554722,0.17867867867867865,0.2098950524737631,0.6143352389335632,0.7628594636917114,0.6586543517966479,0.6892213897816455,0.748842459824862,0.7558864390948173,0.7131511601244932
139,3.0,2.0,1.0,0.6666666666666666,2,0.5684117905851298,0.30823425803610743,0.2586889573251209,0.6289235353469849,0.6994767189025879,0.891587799000918,0.6835345067011166,0.6466465715206566,0.8758449326926814,0.7744034524788432
140,8.0,2.0,0.0,1.0,0,0.6463603510583377,0.3524547803617571,0.2684563758389262,0.6787974238395691,0.7154508829116821,0.8866273948543744,0.6947531799839951,0.8074056344053172,0.8854298489286927,0.818554014543095
141,5.0,2.0,0.0,0.875,2,0.5482456140350878,0.21961932650073207,0.20467836257309943,0.6370019316673279,0.715391218662262,0.8939314813919086,0.6120136120864372,0.8415282875711194,0.8835386624529941,0.8077530108756148
142,9.0,2.0,1.0,1.0,4,0.6358595194085028,0.3570767807585568,0.27634011090573013,0.6777832508087158,0.6727298498153687,0.8957734093595014,0.6062248962237864,0.6867666972581757,0.8764073597866848,0.7662930906570371
143,8.0,1.0,1.0,0.7777777777777778,1,0.5598845598845599,0.32643235435724605,0.33381433381433384,0.6460897922515869,0.7170451879501343,0.8826650161036069,0.6122179728278871,0.7313457355211622,0.870458201986794,0.7741717316098626
144,1.0,2.0,1.0,1.0,1,0.52423900789177,0.2516930022573364,0.23562570462232243,0.5708552002906799,0.8679885268211365,0.5891505595740026,0.7121235917784428,0.8455349255150454,0.57791162239708,0.6811801748161427
145,1.0,2.0,1.0,1.0,1,0.6147704590818364,0.3264490339773485,0.25681969394544246,0.6830889582633972,0.597240149974823,0.7886708447596691,0.568730297618547,0.8547774141193939,0.7828418831409719,0.7487551099096454
146,1.0,1.0,1.0,1.0,2,0.6345707656612528,0.2950058072009291,0.26682134570765664,0.6766533255577087,0.6924176216125488,0.8225555643473237,0.654228338539295,0.780284939943255,0.7932864090075632,0.7625888129593592
147,3.0,2.0,0.0,0.5555555555555556,3,0.3159722222222222,0.14801945795691454,0.15694444444444441,0.6214678883552551,0.6611135601997375,0.5317578260276103,0.5579341371262889,0.6898432688275445,0.41321313246860136,0.5481870911125113
148,8.0,2.0,0.0,0.7777777777777778,2,0.5891548607718612,0.34621026894865525,0.29213483146067415,0.6781337857246399,0.7419255375862122,0.8490828134826712,0.4772408243572056,0.6666876454644165,0.8348504250238462,0.7069654270820349
149,10.0,2.0,1.0,0.7777777777777778,2,0.6351351351351352,0.27675276752767525,0.26781326781326775,0.6611570715904236,0.6337583661079407,0.9003910345366343,0.5866961377393863,0.7938157651038138,0.8783950819784624,0.7898245048395742
150,4.0,2.0,1.0,1.0,3,0.5849148418491484,0.2532878714076961,0.2248175182481752,0.6420739889144897,0.6034872531890869,0.8570424012012462,0.4906283490979475,0.7274658430003023,0.8340293834767595,0.7272914941940639
151,8.0,2.0,1.0,0.75,3,0.5121234386480529,0.2772058823529412,0.22116091109478328,0.6482928991317749,0.7360561490058899,0.8474096949233414,0.6218931874357997,0.7438195501251587,0.8405093810569244,0.763407953385306
152,8.0,2.0,0.0,1.0,2,0.5324137931034483,0.2430939226519337,0.2620689655172414,0.6647142171859741,0.646967351436615,0.9145525384320844,0.7775501920627782,0.7690604934658525,0.6939765918758546,0.7887849539591424
153,1.0,1.0,0.0,0.6666666666666666,1,0.6233157586408905,0.26158357771261,0.2612770943175161,0.6059215068817139,0.7553672194480896,0.8625548803579363,0.6899466661603406,0.7860356194140449,0.8618325386378413,0.8000924261425407
154,8.0,1.0,1.0,1.0,2,0.5872576177285318,0.2384914032168608,0.2404432132963989,0.6557764410972595,0.6753414869308472,0.6331945736807914,0.6664390721253027,0.6614129597283901,0.6361256613938348,0.6492930667320796
155,1.0,2.0,1.0,0.5555555555555556,1,0.5813424345847554,0.25854214123006836,0.24687144482366327,0.6486503481864929,0.7757056951522827,0.8044133830526076,0.5315399617566161,0.7518538128424606,0.711645279047572,0.6998631091748141
156,8.0,1.0,1.0,1.0,2,0.3726235741444867,0.20972515856236784,0.1884241656104774,0.677458643913269,0.6930649876594543,0.8438075259308745,0.66255895362091,0.7344332053661674,0.756275188246036,0.749268718290997
157,7.0,1.0,1.0,0.5555555555555556,1,0.5374722838137472,0.2041722148246782,0.19689578713968958,0.6360156536102295,0.7289584279060364,0.7648080610967196,0.5897937463089817,0.7629614357484151,0.7580653748810591,0.7189071545087939
158,8.0,1.0,0.0,1.0,3,0.6089211618257262,0.2679127725856698,0.21991701244813278,0.6695869565010071,0.5561195611953735,0.8593294678078129,0.5164370440563353,0.7377272839742944,0.8504800745813935,0.7409934676049591
159,6.0,2.0,1.0,1.0,2,0.5612903225806452,0.3060344827586206,0.22795698924731186,0.6430584788322449,0.6260613799095154,0.10423353910407851,0.686306339179871,0.6567184138305765,0.14440928259982222,0.39791689367858707
160,1.0,1.0,0.0,0.6666666666666666,1,0.6076246334310851,0.27246036406341745,0.2146627565982405,0.6721388697624207,0.7114372253417969,0.8953410027842859,0.6838789550062107,0.6919181416474367,0.8815079100510781,0.7881615023722528
161,1.0,1.0,1.0,1.0,2,0.47944006999125105,0.25942156003505695,0.2589676290463692,0.6738938689231873,0.5807136297225952,0.27021501011345445,0.7171234622196613,0.8248971765400311,0.5315687635856187,0.5859511031146915
162,3.0,1.0,0.0,1.0,1,0.5935002663825254,0.2677333333333334,0.26212040490143845,0.6659687161445618,0.6410083174705505,0.8805476469394075,0.5422971549305703,0.7965396632439073,0.8519078878459796,0.7678230882399661
163,8.0,2.0,1.0,1.0,2,0.6370820668693009,0.288496652465003,0.2699088145896657,0.6265785098075867,0.6945191621780396,0.7792773169956181,0.5369502058599739,0.8162824573395937,0.7848294364832596,0.7293348541696113
164,5.0,2.0,1.0,0.6666666666666666,3,0.550185873605948,0.24561403508771928,0.2453531598513011,0.6515885591506958,0.7286951541900635,0.7851397908199317,0.5141728856146558,0.7693689426596177,0.8156706375863754,0.7210880641701451
165,9.0,2.0,0.0,1.0,3,0.5845812534664449,0.27651304830649637,0.2296173044925125,0.6340644955635071,0.6574287414550781,0.8852437490178207,0.6356052005470301,0.815756716577398,0.8784478536939391,0.8037633799590469
166,8.0,2.0,1.0,1.0,2,0.5727513227513228,0.22119205298013245,0.2076719576719577,0.6678999662399292,0.6986081600189209,0.9049103963172244,0.6416691870314889,0.7866882039341605,0.8930810989786836,0.8065872215653893
167,1.0,1.0,0.0,1.0,1,0.5291479820627802,0.21423989737010904,0.23574631646380526,0.6677557826042175,0.6458694338798523,0.9195418303116925,0.7029525180310136,0.8679295951540271,0.8965684304807231,0.8467480934943641
168,2.0,2.0,0.0,1.0,2,0.5180327868852458,0.2603938730853392,0.20546448087431696,0.6064990758895874,0.6181550025939941,0.06037671678077152,0.5660529974850702,0.6710262649885613,0.09440955954456359,0.34796638469974167
169,5.0,1.0,1.0,1.0,1,0.5261437908496732,0.276369582992641,0.22712418300653595,0.6381339430809021,0.7777001261711121,0.895729616682496,0.5879621382215675,0.7067352347908269,0.8788839314053288,0.7673277302750549
170,3.0,1.0,1.0,0.5555555555555556,1,0.3198792908336477,0.17591543978859947,0.17276499434175782,0.6514196991920471,0.6995574235916138,0.8423136674249667,0.6387218798364619,0.6897778125152887,0.7397345754245412,0.7276369838003146
171,8.0,2.0,1.0,1.0,2,0.5984598459845983,0.2742290748898678,0.2717271727172717,0.6536552906036377,0.6320610046386719,0.8902099552751297,0.54108405794666,0.6595368685128421,0.8851306813151367,0.7439903907624421
172,2.0,2.0,0.0,0.5555555555555556,3,0.5769470404984424,0.24329382407985023,0.22429906542056074,0.6816518902778625,0.6965148448944092,0.879729813750556,0.7225720574028767,0.7695653552792491,0.8966882732610663,0.8171388749234371
173,9.0,1.0,1.0,1.0,3,0.6684491978609626,0.3404710920770878,0.23636363636363636,0.655957043170929,0.6870899200439453,0.8870721498988183,0.5952780709925992,0.6526508135554758,0.8683471521898227,0.7508370466591789
174,13.0,1.0,0.0,1.0,3,0.48648648648648646,0.2950474183350896,0.20498420498420497,0.6438607573509216,0.7567328214645386,0.831515121423598,0.5846244837378121,0.6350561571337834,0.8226817388622635,0.7184693752893643
175,8.0,2.0,1.0,1.0,2,0.600229095074456,0.28784403669724773,0.24971363115693015,0.6090204119682312,0.6653909087181091,0.8702237234876976,0.6018994923705606,0.7014476658888407,0.824193739796707,0.7494411553859515
176,10.0,2.0,1.0,1.0,3,0.6112702960840497,0.29636711281070743,0.26743075453677173,0.6796395182609558,0.6181319355964661,0.7605460807712623,0.6411856481814671,0.6591546460061294,0.7679908169233165,0.7072192979705438
177,6.0,2.0,1.0,1.0,3,0.5695958948043618,0.2658959537572254,0.26298909557408595,0.6283482909202576,0.6822856068611145,0.8861323382479704,0.5198366552651655,0.6287544034026412,0.8588575976621395,0.7233952486444792
178,8.0,1.0,1.0,0.5555555555555556,1,0.5144981412639406,0.2916666666666667,0.2394052044609665,0.6547402739524841,0.7165721654891968,0.9147096025786057,0.5929676919028717,0.8083749022708588,0.8800678657060529,0.7990300156145973
179,8.0,2.0,1.0,0.6666666666666666,4,0.44503546099290786,0.20319432120674355,0.1799645390070922,0.6142632365226746,0.6353906393051147,0.3272578426922881,0.7094047241389887,0.7900793864484041,0.32109152873921093,0.536958370504723
180,2.0,1.0,1.0,1.0,2,0.6054950751684811,0.2947586922677737,0.2301710730948678,0.6139987111091614,0.6968414187431335,0.8866195392900864,0.5891394818079353,0.7742105730677022,0.8730343678574952,0.7807509905058048
181,8.0,2.0,1.0,1.0,3,0.5049146404552509,0.2299326773692387,0.2296947749612002,0.660770058631897,0.6719794869422913,0.6293662836044465,0.5613033430090228,0.7299587957942962,0.40308756106601357,0.5809289958684447
182,1.0,1.0,0.0,0.5555555555555556,1,0.6070726915520628,0.3228346456692913,0.32220039292730845,0.6804680824279785,0.797778308391571,0.8130139995040544,0.8494763570756668,0.7319319367310786,0.7791504878789627,0.7933931952974407
183,1.0,2.0,1.0,1.0,1,0.5097738597163664,0.26083621020329883,0.20697585281717132,0.6047572493553162,0.7399992942810059,0.9014476145840519,0.5743701613692989,0.772090812408644,0.8632167840004034,0.7777813430905994
184,1.0,1.0,0.0,1.0,1,0.5919589392643285,0.28277634961439585,0.27715996578272023,0.6536064147949219,0.669339120388031,0.30453073236722383,0.7770926081407517,0.8169464566901966,0.40681498241707775,0.5763461949038124
185,1.0,2.0,1.0,0.7777777777777778,1,0.5944767441860466,0.2678311499272198,0.29360465116279066,0.6800099611282349,0.7556261420249939,0.710544903271122,0.7476214191640259,0.7302348939982545,0.608950035881076,0.6993378130786195
186,7.0,1.0,0.0,1.0,3,0.5951982132886656,0.2839575181665735,0.2747068676716918,0.6330632567405701,0.7119303345680237,0.8599725393517836,0.6896752782142294,0.7888456335329613,0.839949741491503,0.7946107981476194
187,2.0,1.0,1.0,0.75,2,0.4091185410334347,0.208029197080292,0.2024316109422492,0.6347619891166687,0.758187472820282,0.9259082433977097,0.48227788725774956,0.7518520630722634,0.8562242186397189,0.7540656030918604
188,2.0,1.0,1.0,0.5555555555555556,2,0.46905263157894733,0.2225031605562579,0.18694736842105264,0.6398319005966187,0.6378836035728455,0.8523525197864125,0.5801282540018894,0.6804177834804407,0.8186038283339581,0.7328755964006752
189,9.0,2.0,1.0,1.0,3,0.6067665002773156,0.277623542476402,0.23405435385468665,0.6312581896781921,0.7142077684402466,0.8586702829437501,0.5697716121830588,0.6891777072503292,0.8184846736293405,0.7340260690016197
190,9.0,2.0,1.0,1.0,2,0.6243781094527363,0.3051058530510586,0.2611940298507463,0.6708205938339233,0.6319349408149719,0.8669789945987465,0.5310975907747839,0.7514429668689759,0.8400327834657629,0.7473880839270673
191,3.0,1.0,1.0,0.5555555555555556,2,0.5469728601252609,0.2231508566652737,0.20292275574112734,0.6536290049552917,0.8426867723464966,0.9049005660942692,0.6180894288044614,0.8512175703483279,0.8916798147904926,0.8164718450093877
192,1.0,1.0,1.0,1.0,2,0.626453488372093,0.31732168850072784,0.2979651162790698,0.6602510809898376,0.6715499758720398,0.8473865102376404,0.5949179861701991,0.7880020965164686,0.7759204174008577,0.7515567525812914
193,1.0,1.0,1.0,1.0,2,0.5833333333333333,0.25288831835686776,0.23205128205128206,0.6646022796630859,0.722216010093689,0.8865500701468297,0.5280069827612008,0.7856813135957847,0.8625893313746721,0.7657069244696219
194,12.0,2.0,1.0,1.0,3,0.616677440206852,0.2472491909385113,0.24434389140271492,0.6444809436798096,0.6048274636268616,0.8731579780661249,0.572225246713121,0.6899233939127721,0.7501486138717536,0.7213638081409429
195,12.0,2.0,1.0,1.0,2,0.6187464059804485,0.27288428324697755,0.2875215641173088,0.6390612125396729,0.669269859790802,0.8652050906310061,0.5686328395734762,0.7980198647023096,0.8616610893930841,0.7733797210749689
196,8.0,2.0,0.0,0.7777777777777778,1,0.5554502369668246,0.25616698292220114,0.21895734597156397,0.6558545827865601,0.6404234170913696,0.9141351164115279,0.48197199716550365,0.8038373677971223,0.8901872914830211,0.7725329432142938
197,4.0,2.0,1.0,1.0,2,0.5927903871829105,0.26336898395721925,0.2389853137516689,0.6612029671669006,0.7382200360298157,0.9271026143397136,0.7563765939360112,0.8418943988565183,0.9065524643800082,0.8579815178780629
198,1.0,1.0,1.0,0.6666666666666666,2,0.630012936610608,0.2772020725388601,0.2574385510996119,0.659186065196991,0.7502355575561523,0.7084550548252614,0.610189886583314,0.6724613001977121,0.7902281272597369,0.6953335922165061
199,3.0,1.0,1.0,1.0,2,0.5794894760412003,0.2904527117884357,0.2427227944469324,0.6883091330528259,0.7562708854675293,0.8383133803228261,0.5780792057499659,0.6671548442298357,0.8287373768666421,0.7280712017923174
200,8.0,2.0,1.0,0.7777777777777778,3,0.5822613405551794,0.26440677966101694,0.2572782667569397,0.6551143527030945,0.7702540159225464,0.263631692999456,0.6829774330181461,0.7924869703774453,0.5094173947834872,0.5621283727946337
201,2.0,2.0,1.0,0.5555555555555556,1,0.541095890410959,0.2759211653813196,0.24571917808219176,0.6583001613616943,0.6618388295173645,0.8796494014578927,0.6974858396666653,0.6921225217395658,0.8517880346281951,0.7802614493730797
202,2.0,2.0,0.0,0.5555555555555556,1,0.38807478524507333,0.18512898330804248,0.1960586154623547,0.6093420386314392,0.6795728206634521,0.1466002448320174,0.5834151066403009,0.5046937330754888,0.14735082339403777,0.3455149769854612
203,9.0,1.0,1.0,0.5555555555555556,2,0.5355263157894737,0.21080368906455865,0.22631578947368422,0.6588980555534363,0.6675702333450317,0.9015267539344705,0.6149278725782811,0.7201041086616512,0.8826411935219095,0.7797999821740781
204,8.0,1.0,1.0,0.7777777777777778,3,0.6129032258064516,0.2631578947368421,0.21744324970131423,0.6413812041282654,0.6963018178939819,0.9226842141778976,0.5905485438542301,0.6530058613402441,0.9048369935116292,0.7677689032210002
205,6.0,1.0,0.0,0.6666666666666666,3,0.6206896551724138,0.25806451612903225,0.22611644997173544,0.665927529335022,0.719984769821167,0.8756372164887681,0.6760729322293064,0.7105280091881317,0.856944609931923,0.7797956919595324
206,1.0,2.0,0.0,0.5555555555555556,2,0.6351883080382236,0.2960045019696117,0.25969645868465435,0.6795763373374939,0.6642418503761292,0.926658438961518,0.5666965914839377,0.8193476751308845,0.9122685684859599,0.806242818515575
207,2.0,1.0,0.0,1.0,1,0.5788643533123028,0.3033175355450237,0.33280757097791797,0.6977205872535706,0.6849492788314819,0.6000338856212759,0.6075706178058291,0.6545936051439634,0.3684510655859945,0.5576622935392657
208,8.0,1.0,0.0,0.5555555555555556,2,0.5844155844155844,0.22426868905742145,0.22835497835497837,0.6202220320701599,0.7341992259025574,0.8282100359979081,0.5788439847854362,0.7420549290090515,0.8183353311476734,0.7418610702350174
209,9.0,2.0,1.0,0.5555555555555556,2,0.6670305676855894,0.36830601092896176,0.31986899563318777,0.7279937863349915,0.7117279171943665,0.8887859377269416,0.5923977301192509,0.6849740827159504,0.8593108450791346,0.7563671489103193
210,1.0,1.0,1.0,0.5555555555555556,2,0.585291113381001,0.270961145194274,0.21654749744637386,0.657732367515564,0.6320995688438416,0.2975059077491973,0.4913454540202475,0.7895589459074515,0.34175992745273426,0.48004255878240765
211,3.0,2.0,0.0,0.7777777777777778,2,0.6416122004357299,0.3282442748091603,0.2995642701525054,0.6649281978607178,0.7399092316627502,0.9143036502377634,0.5642007944370986,0.8534013817814202,0.885810299919882,0.804429031594041
212,8.0,1.0,1.0,1.0,1,0.5993993993993995,0.25015033072760073,0.2714714714714715,0.6650267839431763,0.7406965494155884,0.9073899937937091,0.6275533149297673,0.7044152143211442,0.8977385352689833,0.7842742645784009
213,1.0,2.0,1.0,0.8888888888888888,1,0.6193001060445388,0.3248407643312102,0.2502651113467656,0.5969591736793518,0.6762524843215942,0.880947841559609,0.6091555047803697,0.7589161840194104,0.8427893469351043,0.7729522193236235
214,2.0,2.0,1.0,0.8888888888888888,3,0.5352112676056338,0.2645502645502646,0.23767605633802819,0.6607040762901306,0.6530090570449829,0.14863825742011255,0.6771328755425976,0.7209051348675048,0.19166850511438646,0.4345861932361504
215,9.0,2.0,1.0,1.0,2,0.5932953826691968,0.2900569981000633,0.24035420619860845,0.6595238447189331,0.5501312017440796,0.17009270279480498,0.5535903307829452,0.6593338497860994,0.13526187819611094,0.37956969038999017
216,1.0,1.0,0.0,0.5555555555555556,1,0.5142276422764228,0.22380467955239067,0.19207317073170732,0.634179413318634,0.7095239758491516,0.7230894924573676,0.5449180518068444,0.8229575880826788,0.6590622192868586,0.6875068379084374
217,8.0,2.0,0.0,1.0,2,0.5455850681981335,0.24874191229331416,0.21536252692031588,0.6141834855079651,0.7911585569381714,0.8743122174124927,0.6420869161499407,0.7460887037845921,0.8666429637294396,0.7822827002691163
218,1.0,1.0,0.0,0.8888888888888888,1,0.3267871170463472,0.14948859166011016,0.16967792615868033,0.6250001788139343,0.7018394470214844,0.3415303972981769,0.7468460807052587,0.8665383163557506,0.6699245162199213,0.656209827644777
219,1.0,2.0,1.0,1.0,1,0.3979999999999999,0.18637274549098196,0.218,0.6628671288490295,0.7035560011863708,0.8631509610910791,0.7947880351437582,0.6451823872486304,0.8046966279785168,0.7769545028654963
220,3.0,2.0,1.0,1.0,1,0.6112988894253983,0.2851619139681006,0.2221149203283438,0.6620745658874512,0.584248423576355,0.9230692386314593,0.5384535356840191,0.791152570306558,0.8880084760162003,0.7851709551595591
221,7.0,1.0,1.0,1.0,2,0.6221877424359968,0.36363636363636365,0.3537626066718386,0.6831055879592896,0.7525098919868469,0.4445377175779126,0.674078179091023,0.735951288761511,0.5725400369280493,0.606776805589624
222,8.0,2.0,1.0,1.0,0,0.6215895610913404,0.30677764565992865,0.3250296559905101,0.6873327493667603,0.7537920475006104,0.3570183606884718,0.8352128622780858,0.7798746155314495,0.3567218529082488,0.5822069228515641
223,4.0,2.0,1.0,0.8888888888888888,1,0.6160657811511702,0.3065231158961368,0.2707147375079064,0.6633679270744324,0.7644060254096985,0.8130422533725333,0.6049782046878417,0.8234573571063468,0.8112036708269762,0.7631703714984245
224,8.0,1.0,1.0,1.0,2,0.6094276094276094,0.24943820224719102,0.23232323232323232,0.6383245587348938,0.7540205717086792,0.8811807979405981,0.6576492789590299,0.6990504337444793,0.8692852235651524,0.7767914335523148
225,2.0,1.0,1.0,0.5555555555555556,2,0.5575833857772184,0.19029615626969126,0.2013845185651353,0.6418170928955078,0.6846529841423035,0.8203130834790532,0.5284791271677856,0.6725180494692454,0.7743317537787989,0.6989105034737207
226,12.0,2.0,0.0,0.6666666666666666,1,0.5201550387596899,0.29868114817688135,0.23178294573643415,0.6103132367134094,0.7570797204971313,0.9234533661971208,0.598078386390674,0.7786681330069088,0.8954168514510051,0.7989041842614272
227,2.0,2.0,1.0,0.5555555555555556,1,0.6455927051671733,0.28484479610468655,0.23951367781155017,0.6657571792602539,0.7594833970069885,0.8397514567604379,0.5758084084379115,0.6956514611871055,0.8215028645293898,0.7331785477287112
228,8.0,1.0,1.0,1.0,2,0.5961995249406176,0.32580261593341264,0.2695961995249406,0.6424806714057922,0.6158763766288757,0.7549769027200404,0.5789518508657002,0.5674357259520993,0.6232686266498703,0.6311582765469276
229,9.0,2.0,1.0,1.0,1,0.6135986733001658,0.23353624792473712,0.2653399668325041,0.6556923389434814,0.7746305465698242,0.8496308503347589,0.6147860266226134,0.6483485178760657,0.8428294955850739,0.7388987226046281
230,2.0,2.0,1.0,0.7777777777777778,1,0.5239057239057239,0.21847606203641268,0.22087542087542086,0.6185228824615479,0.6835752725601196,0.8501225770672232,0.6257001964465938,0.7091647353615671,0.8402154295833191,0.7563007346146757
231,4.0,2.0,1.0,0.5555555555555556,1,0.4809364548494983,0.28848728246318606,0.21337792642140466,0.6432030200958252,0.7074965834617615,0.8886688601573506,0.5449788184656795,0.6724693751472192,0.855896105159423,0.7405032897324181
232,1.0,1.0,1.0,1.0,2,0.641395908543923,0.30361445783132535,0.2286401925391095,0.6482974886894226,0.7596853375434875,0.8285943492921655,0.5927664649844314,0.7318057548580321,0.8065226848111837,0.7399223134864532
233,8.0,1.0,1.0,1.0,3,0.6170100369783412,0.24219989423585406,0.21130480718436342,0.6296958327293396,0.7795640230178833,0.8616146974072934,0.750732544332606,0.7909514152085347,0.8518170965443004,0.8137789383731837
234,10.0,1.0,0.0,0.7777777777777778,4,0.5826296743063932,0.29347826086956524,0.24004825090470447,0.6497542262077332,0.7114750146865845,0.8906435061715333,0.7125812755000754,0.7200740834045929,0.8531205710642141,0.794104859035104
235,7.0,2.0,1.0,1.0,0,0.5500285877644367,0.2701774470520893,0.22755860491709548,0.6661677956581116,0.6701854467391968,0.5668144627155699,0.5506321108947609,0.7849301279403822,0.6069137374585338,0.6273226097523117
236,3.0,2.0,1.0,1.0,1,0.5579399141630902,0.2930787589498807,0.2765855984740105,0.6323770880699158,0.6669890284538269,0.827361488768604,0.6329002791632233,0.6790043586463054,0.8253259471237789,0.741148018425478
237,9.0,2.0,1.0,0.8888888888888888,1,0.5880740233036327,0.23884694577899793,0.20287868403015763,0.6563811302185059,0.614332914352417,0.8901738347030053,0.5563731151297273,0.7276562524466947,0.8706513651784903,0.7612136418644794
238,1.0,2.0,1.0,0.6666666666666666,1,0.6731875719217492,0.35483870967741943,0.2612197928653625,0.5938169360160828,0.8190526366233826,0.8768409278753034,0.6240320523706645,0.7648458738576674,0.8794181897575742,0.7862842609653025
239,8.0,1.0,1.0,0.6666666666666666,1,0.5086792452830189,0.25699168556311414,0.24754716981132074,0.6396231055259705,0.7866200804710388,0.6186744657420474,0.7759663412621768,0.7753377549369022,0.48209386900020795,0.6630181077353337
240,8.0,1.0,1.0,0.7777777777777778,3,0.4350220264317181,0.2635060639470783,0.2511013215859031,0.6462846994400024,0.749563992023468,0.060781161119116515,0.6826084930185348,0.6770164386831837,0.15281307615093542,0.39330479224294257
241,2.0,2.0,0.0,0.5555555555555556,3,0.5179249261914803,0.22963275643731537,0.21425558835934205,0.6946370601654053,0.6582730412483215,0.9234625992521277,0.6387270682459176,0.7354294870266792,0.9154916416085866,0.8032776990333278
242,8.0,2.0,1.0,1.0,3,0.6875455207574653,0.46243617797228304,0.316096139839767,0.7158175110816956,0.7589204907417297,0.8201869453339149,0.6336714152414308,0.5881785676181113,0.8051824212482025,0.7118048373604148
243,8.0,2.0,1.0,1.0,3,0.6588380716934487,0.33787128712871284,0.2657601977750309,0.6662286520004272,0.6752820014953613,0.8207776450336131,0.43222814306685126,0.6888378173250854,0.8123423943197596,0.6885464999363273
244,8.0,1.0,0.0,0.5555555555555556,2,0.5623154164205552,0.21289178001182732,0.23862965150620202,0.6622069478034973,0.7470353245735168,0.8821668042673932,0.6488813569707942,0.7761401374159805,0.7727494356990132,0.7699844335882953
245,3.0,1.0,1.0,0.5555555555555556,3,0.6752094627895515,0.3640848544647262,0.28782651552488914,0.6773902773857117,0.7835263013839722,0.9085514779073857,0.5949698919628806,0.7634110382249318,0.8877746898585827,0.7886767744884452
246,1.0,1.0,0.0,1.0,2,0.6150091519219036,0.306658521686011,0.28309945088468574,0.6842579245567322,0.7731016874313354,0.9049900026466836,0.6379819927735263,0.6386569524858927,0.8972876389496187,0.7697291467139304
247,9.0,2.0,1.0,0.6666666666666666,3,0.46940063091482653,0.22488945041061278,0.20694006309148263,0.6180910468101501,0.6123872995376587,0.6038487892174129,0.6880172333492773,0.8383398567467256,0.46683621732473896,0.6492605241595387
248,1.0,1.0,0.0,1.0,1,0.5699481865284974,0.2883116883116883,0.3523316062176166,0.6629700660705566,0.7492355108261108,0.5705079305700943,0.7231279125775815,0.679099689607412,0.8132973102058254,0.6965082107402283
249,3.0,2.0,0.0,0.5555555555555556,2,0.3638104356151269,0.2050790608528989,0.18956438487314503,0.6805037260055542,0.7278534770011902,0.5218534050231554,0.5900070150275009,0.7274074117876091,0.28852895252023675,0.5319491960896255
250,1.0,2.0,1.0,0.5555555555555556,1,0.5582329317269077,0.271356783919598,0.27008032128514053,0.6150434613227844,0.7339808940887451,0.7948417484691803,0.6956991480557352,0.6978737198661731,0.7899151855068001,0.744582450474472
251,2.0,2.0,1.0,0.6666666666666666,3,0.576214405360134,0.29924559932942163,0.20435510887772193,0.6495876908302307,0.7822995781898499,0.8003038553789541,0.5891444743835014,0.7090561577649147,0.7235835750258218,0.705522015638298
252,13.0,2.0,0.0,0.6666666666666666,1,0.5609302325581396,0.2662942271880819,0.22511627906976742,0.6173411011695862,0.758297860622406,0.885065019426259,0.5569373732751179,0.7564040896073857,0.870738269060726,0.7672861878423721
253,9.0,1.0,0.0,1.0,3,0.5412221144519883,0.21574344023323613,0.22890397672162946,0.6398124098777771,0.6879233121871948,0.13749908356951906,0.6889230123893234,0.594638445313591,0.4211469713507505,0.46055187815579596
254,8.0,2.0,0.0,0.75,2,0.6176142697881828,0.3024553571428571,0.23634336677814935,0.6626279354095459,0.7251338362693787,0.9111431197984667,0.5999066680364269,0.7440329706459683,0.8996316177584841,0.7886785940598365
255,1.0,1.0,0.0,1.0,1,0.5469953775038521,0.2638888888888889,0.23882896764252695,0.6442114114761353,0.5625241994857788,0.7021622116184415,0.5810191139708349,0.6872869360746048,0.5224079647782387,0.62321905661053
256,1.0,2.0,1.0,0.875,1,0.471264367816092,0.21063982746225735,0.1882183908045977,0.615973174571991,0.7179672718048096,0.9128851623741925,0.6168536761148,0.6181965695947864,0.9046356899942597,0.7631427745195096
257,2.0,1.0,0.0,1.0,1,0.6120141342756185,0.32837933474876146,0.30530035335689043,0.6733196973800659,0.6339564919471741,0.9080542086793111,0.6228953889601162,0.7296853362243532,0.8760633994531899,0.7841745833292426
258,9.0,2.0,0.0,0.6666666666666666,2,0.5849387040280211,0.23495032144944475,0.19147694103911267,0.6228261590003967,0.7078169584274292,0.8527933664832739,0.5192013907222731,0.7730277071318226,0.8250268730007674,0.7425123343345342
259,2.0,1.0,1.0,1.0,1,0.5710691823899371,0.2418136020151134,0.2037735849056604,0.6505478024482727,0.6225607991218567,0.6137680810425533,0.6649897211870236,0.8685748628181512,0.6006958049195109,0.6870071174918098
260,8.0,2.0,0.0,0.75,1,0.5571233500227583,0.26970387243735766,0.2503413746017296,0.6794739961624146,0.7001627683639526,0.9181885260513423,0.6497300946189586,0.7499923636541597,0.8975314359277138,0.8038606050630436
261,9.0,1.0,0.0,0.75,2,0.6304909560723514,0.31246766683911015,0.25116279069767444,0.6575481295585632,0.6527495980262756,0.1589512380844523,0.6606763518316784,0.8374447256830877,0.19039360970341634,0.46186648132565866
262,8.0,1.0,1.0,0.6666666666666666,2,0.45719329214474846,0.2493368700265252,0.22947925860547222,0.6401102542877197,0.6703877449035645,0.6973823996128056,0.6455133409650895,0.6118546017614571,0.17631642219359006,0.5327666911332356
263,7.0,1.0,1.0,0.75,2,0.6510615133369625,0.3509536784741144,0.27653783342406096,0.6463178992271423,0.7537700533866882,0.8973106465751127,0.5224339115747259,0.7087440303244236,0.8889885486026737,0.754369284269234
264,2.0,2.0,0.0,1.0,1,0.6400506970849176,0.3362944162436548,0.26362484157160965,0.6960556507110596,0.6820886135101318,0.8813640465752245,0.5540882478016607,0.7184201252474088,0.8557683713664228,0.7524101977476793
265,8.0,2.0,1.0,0.75,3,0.35074216602528857,0.18932305998899282,0.21770203408466196,0.6266550421714783,0.8295975923538208,0.08018639457193372,0.706828049932069,0.6450101178148236,0.07036043743414339,0.3755962499382424
266,2.0,2.0,0.0,0.5714285714285714,1,0.4665948275862069,0.22114347357065803,0.25431034482758624,0.6144516468048096,0.6835558414459229,0.5580330088910439,0.5437146029527457,0.724084040337104,0.37606731132022053,0.5504747408752785
267,1.0,2.0,1.0,0.875,1,0.436558094312105,0.2394160583941606,0.25862907146329606,0.6270841956138611,0.6798059940338135,0.9410655354481168,0.6755481014579074,0.7945195459289229,0.8714454347326345,0.8206446543918954
268,8.0,1.0,1.0,0.75,2,0.6319895968790638,0.33072916666666663,0.29258777633289984,0.6850663423538208,0.7388960123062134,0.9085264437620129,0.634477443489503,0.6472501575560005,0.9035532693117073,0.7734518285298059
269,10.0,2.0,0.0,0.75,3,0.6510480887792849,0.32222222222222224,0.2762022194821208,0.6748113036155701,0.8638988137245178,0.8406655399293858,0.6014272455560654,0.820332057619659,0.8360844364091184,0.7746273198785572
270,2.0,2.0,1.0,0.875,1,0.6617480136208853,0.3034090909090909,0.22360953461975028,0.630972683429718,0.6394506692886353,0.8879677856182918,0.566711472836873,0.7146935098070889,0.8601277162190025,0.7573751211203141
271,8.0,1.0,1.0,1.0,3,0.6026831785345718,0.3316115702479339,0.29927760577915374,0.6658781170845032,0.6672677397727966,0.891302286758126,0.5167576149442662,0.6504692060245449,0.8986681210692065,0.7392993071990358
272,2.0,2.0,0.0,1.0,1,0.6395631067961165,0.3438639125151884,0.2512135922330097,0.6471375823020935,0.7208713889122009,0.885146876807101,0.6178264973769766,0.7070930541586596,0.8702518493321039,0.7700795694187103
273,3.0,2.0,1.0,0.75,1,0.60610806577917,0.3168627450980392,0.32732967893500386,0.6677796840667725,0.7573127150535583,0.08221836186150105,0.567512920226448,0.6833611940119466,0.24254049437607933,0.39390824261899376
274,10.0,2.0,0.0,1.0,3,0.5649851632047478,0.25787284610814026,0.23857566765578636,0.600799560546875,0.7020894289016724,0.8301979360375643,0.6164837897372849,0.614296584730191,0.7897169325804809,0.7126738107713804
275,1.0,2.0,1.0,0.8888888888888888,1,0.6493341788205453,0.29587301587301584,0.280279010779962,0.6769936084747314,0.7270777821540833,0.7906538279507983,0.5107854241359331,0.6910130667054917,0.8787494453387339,0.7178004410327392
276,8.0,1.0,1.0,0.875,2,0.6289798570500325,0.27065712426805466,0.1988304093567251,0.6121679544448853,0.4719735383987427,0.8081136149762378,0.46115992704533676,0.6889952761536335,0.7985216261307893,0.6891976110764994
277,1.0,1.0,1.0,0.8888888888888888,2,0.6322505800464038,0.305458768873403,0.24245939675174014,0.6610568165779114,0.6381772756576538,0.7179693429816366,0.6223620099601723,0.6503989648660864,0.6687330546790135,0.6648658431217273
278,8.0,1.0,1.0,1.0,1,0.5862815884476535,0.2950108459869848,0.2613718411552347,0.6488170027732849,0.632692277431488,0.18189905421507133,0.6430604805895664,0.6068331918255695,0.1882225590883651,0.4050038214296431
279,6.0,2.0,1.0,1.0,3,0.5958168456755228,0.2388228636106395,0.2091577162238553,0.6424884796142578,0.7651143670082092,0.8787805119176718,0.7348274097713678,0.8015647278712607,0.8523783392596322,0.8168877472049831
280,3.0,1.0,0.0,0.75,1,0.5494672754946728,0.24237804878048785,0.21765601217656014,0.6389394402503967,0.5943638682365417,0.4048467361320848,0.6365117261562501,0.6202398717885991,0.30035298683078765,0.49048783022693043
281,1.0,2.0,1.0,0.625,1,0.4513742071881606,0.2687830687830688,0.24947145877378432,0.6828113198280334,0.6625709533691406,0.19681846052031154,0.6805638997412213,0.6454888283697168,0.1326628053108318,0.41388349848552036
282,1.0,1.0,0.0,0.625,1,0.6228710462287105,0.24969549330085258,0.23844282238442824,0.6391479969024658,0.7751884460449219,0.9013035997224287,0.6822260783499943,0.7680316834318485,0.892196778932864,0.8109395351092838
283,1.0,2.0,1.0,0.625,1,0.5090909090909091,0.24573378839590443,0.22954545454545455,0.6377674341201782,0.7458876967430115,0.023527400469335904,0.6674628059667771,0.8370408400104392,0.03563680418283327,0.3909169626573464
284,1.0,2.0,1.0,1.0,1,0.13543599257884972,0.07056638811513463,0.08534322820037106,0.5608608722686768,0.5903459191322327,0.8967606692819032,0.8003535501195277,0.8576644556958493,0.7382022974538867,0.8232452431377917
285,2.0,1.0,0.0,1.0,1,0.5906735751295337,0.25500370644922166,0.24870466321243526,0.6768167018890381,0.754772961139679,0.8943543668029333,0.6170842417911693,0.8130481693074643,0.8778325537526585,0.8005798329135564
286,9.0,1.0,0.0,1.0,2,0.4264264264264264,0.2661654135338346,0.26876876876876876,0.6558747887611389,0.7658548951148987,0.9257935953724659,0.6359388385151048,0.7180204055241612,0.8666145739471095,0.7865918533397104
287,1.0,2.0,1.0,1.0,1,0.6696083838940982,0.34566537824406407,0.2846111417539989,0.6330543756484985,0.69972163438797,0.23581871499709495,0.5579603174381061,0.7227598953429537,0.32112546047379165,0.45941609706298664
288,8.0,2.0,1.0,0.8888888888888888,3,0.6444053895723492,0.29325513196480935,0.2917398945518454,0.6757789850234985,0.6998759508132935,0.8452621019415798,0.5297992465086112,0.6368312647454529,0.8261521322289164,0.7095111863561401
289,1.0,2.0,1.0,0.6666666666666666,1,0.5865724381625441,0.269833249115715,0.21807168096920745,0.6584498286247253,0.6647685766220093,0.814940723074863,0.43369077292154273,0.7947083993210978,0.8049952256979952,0.7120837802538748
290,1.0,1.0,0.0,1.0,1,0.6752789195537288,0.38095238095238104,0.3464474456840869,0.6634835600852966,0.7468599081039429,0.8968027581180144,0.7042622819440494,0.8089261523474365,0.8664813198165983,0.8191181280565246
291,2.0,2.0,0.0,1.0,4,0.6328079392877992,0.32261835184102866,0.29188558085230587,0.6599599719047546,0.6567323803901672,0.9012853763367523,0.43743888172565865,0.7316635384344433,0.8946482270391598,0.7412590058840036
292,1.0,2.0,1.0,1.0,1,0.637987012987013,0.28943089430894314,0.24512987012987014,0.6666625738143921,0.6432955861091614,0.43375511760267565,0.6448225905011553,0.6765760061502534,0.37132271761898017,0.5316191079682662
293,8.0,1.0,1.0,1.0,2,0.5909677419354838,0.272609819121447,0.2619354838709677,0.6507726311683655,0.6581392884254456,0.6402079486245136,0.543329890399243,0.6508124151488498,0.7227733979230934,0.6392809130239249
294,1.0,1.0,0.0,0.625,1,0.6085164835164836,0.29023383768913347,0.2582417582417582,0.6896309852600098,0.7358621954917908,0.7971116906011538,0.6279777237517413,0.7299240263891507,0.7712927237769214,0.7315765411297418
295,8.0,1.0,0.0,0.7142857142857143,2,0.5955124317768344,0.25986642380085007,0.22437841115827775,0.6495764851570129,0.5643513202667236,0.8953696436727463,0.5951874568081906,0.8065007671938116,0.8884021209710482,0.7963649971614493
296,1.0,2.0,0.0,0.75,2,0.513911620294599,0.2566903331512835,0.23677032187670485,0.6109912395477295,0.7367668151855469,0.5630549672006416,0.7399329623591356,0.7428336510851279,0.6295783934543017,0.6688499935248017
297,8.0,1.0,1.0,0.5714285714285714,1,0.4876001526135063,0.2504772814051165,0.20831743609309425,0.6705015301704407,0.7268627285957336,0.8850566284866264,0.7005059251070511,0.7984544945250656,0.8312163249151893,0.803808343258483
298,2.0,1.0,1.0,1.0,1,0.2923728813559322,0.14285714285714285,0.15112994350282488,0.6362535357475281,0.7378324270248413,0.2369948453410842,0.8495703971353634,0.8268514640336253,0.2236065473711256,0.5342558134702996
299,9.0,2.0,1.0,1.0,1,0.5914260717410323,0.2962313759859772,0.2887139107611549,0.6448854804039001,0.508475124835968,0.606198900109579,0.6021683428947615,0.6716654485354395,0.6362810231097167,0.6290784286623742
300,2.0,1.0,1.0,1.0,2,0.6290224650880389,0.288145896656535,0.26229508196721313,0.6193991303443909,0.6928969025611877,0.8708645040480478,0.6408377494774309,0.6912201865959774,0.8417848066898511,0.7611768117028268
301,8.0,2.0,0.0,1.0,2,0.49035812672176315,0.28551724137931034,0.22727272727272727,0.6638485193252563,0.6509175896644592,0.8235638774886845,0.7696014273034851,0.6605033947930975,0.3793465253904103,0.6582538062439194
302,9.0,1.0,1.0,0.75,2,0.45155555555555554,0.24933214603739984,0.21866666666666668,0.6408379077911377,0.7367594838142395,0.49337481393053545,0.7865639963021852,0.6870836002368595,0.2926953509128621,0.5649294403456105
303,8.0,1.0,1.0,1.0,1,0.4972497249724973,0.2610132158590308,0.21232123212321233,0.6318569779396057,0.6987650990486145,0.8193018919575743,0.6275561611707378,0.8217281171707072,0.6566093576045184,0.7312988819758844
304,1.0,1.0,0.0,0.875,1,0.5140096618357487,0.2207163601161665,0.25507246376811593,0.6397330164909363,0.7684979438781738,0.4029034629215878,0.6751029844360045,0.7184314197938437,0.3863659304995251,0.5457009494127403
305,7.0,2.0,0.0,0.75,2,0.570591108939912,0.23569682151589244,0.19052271617000488,0.6045860052108765,0.6956748962402344,0.9109027005671135,0.6394851696568989,0.7379131717573605,0.8855091318283448,0.7934525434524295
306,8.0,1.0,0.0,1.0,3,0.6048434731246308,0.3477232406859846,0.28470171293561725,0.6059550046920776,0.7310594916343689,0.7180018278581533,0.6184556072330402,0.7994957532314337,0.5563387218172279,0.6730729775349639
307,1.0,1.0,1.0,1.0,3,0.5436532507739937,0.2889026658400496,0.23900928792569662,0.6621456742286682,0.6939828395843506,0.8990333045720026,0.6472576498568848,0.8698487648707903,0.84676242732209,0.8157255366554419
308,8.0,1.0,1.0,1.0,1,0.5814067879980325,0.30428360413589367,0.23020167240531236,0.6520559787750244,0.7271759510040283,0.9215709857871851,0.619474086666754,0.7829599261181817,0.8838113949507888,0.8019540983807273
309,1.0,1.0,1.0,0.625,2,0.6134751773049646,0.2579881656804734,0.23286052009456265,0.6473139524459839,0.7059527039527893,0.7203402620362197,0.6208971426142634,0.8319356320279615,0.6161018439533439,0.6973187201579472
310,1.0,1.0,0.0,0.75,1,0.5847568988173456,0.2776315789473684,0.29172141918528255,0.6883494257926941,0.6892943382263184,0.7220290826985091,0.7416606895520494,0.8388515879980819,0.6223920883597703,0.7312333621521027
311,1.0,2.0,1.0,0.875,1,0.6515437933207309,0.30283911671924296,0.25204788909892883,0.654413104057312,0.6921930909156799,0.5191413233766327,0.49640065386926485,0.8346859348488548,0.6288928848466772,0.6197801992353574
312,5.0,2.0,1.0,0.625,1,0.45632065775950664,0.20706205005142267,0.17951353203151765,0.6428946852684021,0.5981619358062744,0.9056298416267993,0.5013746976593532,0.6732094038283718,0.8874193860352227,0.7419083322874367
313,4.0,2.0,1.0,0.625,1,0.5481393975191968,0.2791247782377292,0.2669816893089191,0.6741794943809509,0.7532613277435303,0.6098517072815424,0.6891168323311775,0.7099824220142781,0.7224923472629559,0.6828608272224885
314,9.0,1.0,0.0,1.0,2,0.5925361766945925,0.2974828375286041,0.3137852246763138,0.6293433308601379,0.7115670442581177,0.7704618923888997,0.6464677395733945,0.7465075867901322,0.6703737491353435,0.7084527419719425
315,8.0,1.0,1.0,1.0,2,0.5819618169848584,0.2702702702702703,0.27254772876892697,0.6745328307151794,0.7803766131401062,0.2955003676204333,0.6856426205045469,0.8258502964315602,0.15767703240352504,0.49116757924001636
316,9.0,2.0,1.0,0.625,1,0.5900990099009901,0.32309217046580774,0.2485148514851485,0.6413291096687317,0.7238665223121643,0.8181429691537552,0.532486768586535,0.7606383340234112,0.7792837665956945,0.722637959589849
317,1.0,1.0,0.0,1.0,1,0.5841760856632956,0.296605122096486,0.264128494943486,0.6818745136260986,0.6411066055297852,0.8518144618115078,0.6079853461118612,0.8132755753918642,0.790054934291611,0.765782579401711
318,2.0,2.0,1.0,1.0,1,0.6254962505513895,0.39558498896247235,0.3202470224966917,0.6972999572753906,0.7538588643074036,0.8888111639062823,0.7073439897186333,0.7459541889329011,0.8803179285387374,0.8056068177741385
319,4.0,1.0,1.0,0.8888888888888888,2,0.6463620981387479,0.3365330321852061,0.28313592780597857,0.6290313005447388,0.7614802718162537,0.7334274067030911,0.712674644059182,0.6507472189587973,0.7535169109305138,0.7125915451628961
320,1.0,1.0,0.0,1.0,1,0.6177730192719487,0.3076098606645231,0.21306209850107063,0.6400874853134155,0.7286727428436279,0.8133484142667887,0.6330343305534412,0.7846987862303126,0.8363044050341374,0.76684648402117
321,4.0,1.0,1.0,0.8888888888888888,2,0.5743243243243243,0.3269447576099211,0.3029279279279279,0.6514272689819336,0.7805411219596863,0.7362972970032982,0.693985752871594,0.693575031446467,0.5295103834547086,0.663342116194017
322,1.0,2.0,1.0,0.75,1,0.5103668261562999,0.257781324820431,0.21610845295055822,0.6134722232818604,0.7076361775398254,0.36112581714871145,0.6159859814785548,0.653010622800547,0.6727236617275498,0.5757115207888408
323,9.0,1.0,0.0,0.5555555555555556,3,0.48596491228070177,0.2607550482879719,0.3035087719298245,0.646901547908783,0.6200302839279175,0.6186752002525362,0.5839666018745305,0.6994165595726299,0.6321569243138707,0.6335538215033918
324,2.0,2.0,0.0,1.0,2,0.3996311097448509,0.21777914487849895,0.16784506609283736,0.636647641658783,0.7055822014808655,0.8420818352082918,0.649418203361809,0.6318617983889637,0.8257815881778969,0.7372858562842404
325,2.0,1.0,1.0,1.0,2,0.6756598240469208,0.352319436288902,0.26158357771261,0.630852222442627,0.6780581474304199,0.8444976507195662,0.5699954889287545,0.7289025393452641,0.8057785963182784,0.7372935688279658
326,10.0,2.0,1.0,1.0,2,0.610441767068273,0.3228029867892016,0.28112449799196787,0.6921173930168152,0.6118863224983215,0.8689375322640219,0.567280583761491,0.6766930321797169,0.8575759345394879,0.7426217706861794
327,8.0,1.0,1.0,0.75,3,0.5735064935064935,0.23816952678107126,0.21922077922077923,0.6188867092132568,0.6465609669685364,0.8908899130177574,0.5849967830358831,0.8082266053769546,0.8788124470898975,0.7907314371301232
328,1.0,1.0,0.0,0.5555555555555556,1,0.6316861946001019,0.31310555838857723,0.23942944472745797,0.6666603088378906,0.7094221711158752,0.7911668117420554,0.5978402738401394,0.7238841308517544,0.7856651622224765,0.7246390946641065
329,1.0,2.0,1.0,1.0,1,0.42897727272727276,0.20199146514935987,0.20738636363636362,0.6434429287910461,0.524553656578064,0.3630698739253356,0.6677013400968576,0.7940708893906107,0.17689944331375987,0.500435386681641
330,2.0,2.0,1.0,1.0,1,0.6360294117647058,0.3560257589696412,0.2922794117647059,0.633317768573761,0.749980092048645,0.8372240816296059,0.6646055147796783,0.7099926196562735,0.8230168676554459,0.7587097709302508
331,2.0,2.0,1.0,1.0,1,0.6558066211245402,0.3598106259863229,0.28901734104046245,0.6758586764335632,0.7090636491775513,0.9250871288860204,0.6583655294430517,0.7555922419001174,0.8870063164437488,0.8065128041682346
332,3.0,2.0,1.0,1.0,1,0.5789830508474577,0.2959945689069925,0.27796610169491526,0.6752647161483765,0.751227080821991,0.8370135411469226,0.5569515942552965,0.736018684963757,0.8288074585094262,0.7396978197188506
333,2.0,2.0,1.0,1.0,1,0.49850149850149855,0.21699999999999997,0.22277722277722278,0.6074744462966919,0.819926917552948,0.7575817664326772,0.6992697750339575,0.7360965965932891,0.7939597202426233,0.7467269645756368
334,9.0,1.0,1.0,1.0,2,0.6147783251231527,0.30374753451676534,0.27192118226600986,0.6348385810852051,0.7447139620780945,0.8563903365638934,0.7431214633201539,0.7704795056487925,0.875920161777883,0.8114778668276806
335,8.0,1.0,0.0,1.0,2,0.6217303822937627,0.3185483870967742,0.35010060362173034,0.6551045179367065,0.7709284424781799,0.27185268959847714,0.6101682125735587,0.7416839790222773,0.28054449962566186,0.47606234520499374
336,8.0,1.0,1.0,1.0,1,0.3663833805476866,0.2346263008514664,0.21529745042492918,0.6896990537643433,0.6855276226997375,0.7239745012936752,0.8306253425396207,0.7811343317568273,0.57706885601776,0.7282007579019708
337,10.0,2.0,1.0,1.0,2,0.6623876765083441,0.3521850899742931,0.2772785622593068,0.6581581830978394,0.6382946372032166,0.8208657598130303,0.6036263669159816,0.6371889658113813,0.8371721516514857,0.7247133110479698
338,8.0,2.0,1.0,1.0,2,0.4555932203389831,0.2659430122116689,0.2216949152542373,0.6296332478523254,0.6984719038009644,0.8622454223930929,0.5691699065298818,0.7503666768382974,0.8631046303380753,0.7612216590248368
339,8.0,1.0,1.0,0.875,2,0.6180555555555555,0.33657858136300417,0.34305555555555556,0.6410161852836609,0.8396838903427124,0.736423362243401,0.7213813801320591,0.7714373001911058,0.515443498671842,0.686171385309602
340,8.0,1.0,1.0,1.0,1,0.488785769528229,0.2354763749031758,0.22273781902552203,0.6550763845443726,0.5921721458435059,0.6810756995027643,0.610752400666048,0.6289828013513417,0.44333732432232514,0.5910370564606198
341,1.0,2.0,1.0,0.75,1,0.6512562814070353,0.3360160965794769,0.27437185929648245,0.6548249125480652,0.7379963994026184,0.9071893051546543,0.5580440730227555,0.8116687967926385,0.8847641797376256,0.7904165886769186
342,2.0,1.0,1.0,1.0,3,0.5250560957367241,0.2816479400749064,0.27973074046372476,0.6759088635444641,0.7006803154945374,0.5846133818697157,0.6049742421953682,0.6023422746982257,0.7409461693410129,0.6332190170260806
343,8.0,2.0,1.0,1.0,2,0.6151724137931034,0.3162983425414365,0.32,0.6678335070610046,0.7638388276100159,0.26784440540027127,0.6852925076168287,0.7562136771915263,0.26701334224634393,0.4940909831137425
344,9.0,2.0,1.0,1.0,0,0.5549613784907902,0.2331945270672219,0.22103386809269163,0.6520947217941284,0.5787100791931152,0.8703112291781446,0.6148701637143146,0.7420212778042351,0.830641141670405,0.7644609530917749
345,9.0,1.0,0.0,0.75,1,0.6900114810562571,0.3689655172413793,0.3008036739380023,0.7310777902603149,0.7067925333976746,0.9146856959069514,0.6802073595060006,0.6557455438354014,0.9013213233721434,0.7879899806551243
346,1.0,2.0,1.0,0.75,1,0.5558698727015557,0.23229461756373937,0.24893917963224893,0.6337059140205383,0.6774104833602905,0.013981238668907594,0.568674375440308,0.6593375261380046,0.02067854445921229,0.3156679211766081
347,2.0,2.0,1.0,1.0,1,0.4951406649616368,0.29902713773681516,0.2526854219948849,0.6148435473442078,0.7356989979743958,0.772356721436392,0.6047577222314642,0.7650996591342334,0.661009991505063,0.7008060235767881
348,3.0,2.0,0.0,1.0,2,0.49643140364789856,0.23253968253968257,0.1776367961934972,0.6198508143424988,0.6961328983306885,0.869095684383753,0.5325258586560523,0.6839890854503672,0.866791583135037,0.7381005529063023
349,9.0,1.0,1.0,0.875,1,0.4988290398126463,0.2520515826494724,0.2798594847775176,0.6253668665885925,0.7091658115386963,0.10941375912357883,0.629469310541094,0.7199309092265198,0.18115639510535653,0.4099925934991373
350,1.0,2.0,1.0,0.5555555555555556,1,0.6670397313933969,0.3843137254901961,0.3212087297146055,0.658141016960144,0.7672960758209229,0.7269304909961865,0.4996782324562803,0.6465335003426017,0.7011025468399866,0.6435611926587638
351,9.0,1.0,1.0,1.0,2,0.5219251336898395,0.2687366167023555,0.2374331550802139,0.6368621587753296,0.7595853209495544,0.8431323298906862,0.6288673802020232,0.7683344548875768,0.805109746908031,0.7613609779720794
352,2.0,1.0,1.0,0.625,3,0.43580846634281756,0.2334954829742877,0.24843858431644691,0.6210795640945435,0.7001097202301025,0.5699958812733839,0.658555168227023,0.6457572613583834,0.3407242201196429,0.5537581327446083
353,1.0,2.0,1.0,0.625,1,0.2868796736913664,0.18107556160653504,0.16859279401767507,0.663426399230957,0.6069278717041016,0.9236326175746977,0.7917723282900898,0.8698445668443663,0.5289426729807797,0.7785480464224834
354,4.0,2.0,0.0,0.625,1,0.545536927956502,0.2893424036281179,0.2646125962845492,0.6223297119140625,0.7871198058128357,0.3159114647083553,0.7261208132479692,0.7465341434866749,0.061389962441392526,0.462489095971098
355,13.0,1.0,0.0,0.75,3,0.2669264490988797,0.15407118478790835,0.16074037993180712,0.6490643620491028,0.6058032512664795,0.9102541357199514,0.7097512499767024,0.8177556366591224,0.8780528823255733,0.8289534761703373
356,4.0,2.0,1.0,0.875,1,0.6576728499156829,0.3477771525042206,0.28780213603147836,0.6465654373168945,0.7099990844726562,0.9064932269688375,0.6152926336445185,0.7239217990846978,0.8892180815398228,0.7837314353094692
357,3.0,2.0,1.0,1.0,1,0.5954198473282443,0.31393298059964725,0.3182618907809747,0.6472749710083008,0.7427387237548828,0.07082347949585834,0.570878546380366,0.7717461586714148,0.09944693657104162,0.3782237802796702
358,1.0,2.0,1.0,0.625,1,0.5077186963979416,0.30300429184549355,0.2684391080617496,0.6897867918014526,0.7478432059288025,0.8524015854006572,0.7490020760115547,0.7698961330056121,0.8352846579541773,0.8016461130930004
359,9.0,2.0,1.0,0.7777777777777778,1,0.630359212050985,0.2981438515081207,0.27809965237543455,0.673946738243103,0.6380563378334045,0.8415334044254699,0.5212972721265448,0.7310152522861644,0.8310873593622529,0.7312333220501079
360,1.0,1.0,0.0,1.0,1,0.6494252873563218,0.31415420023014956,0.29885057471264365,0.6780483722686768,0.6881028413772583,0.8671125267420752,0.5849497376140894,0.7325731698324753,0.8319931005665648,0.7541571336888011
361,8.0,2.0,1.0,1.0,3,0.3963494132985659,0.1934640522875817,0.2294654498044329,0.6230401396751404,0.5842384099960327,0.3524708499417423,0.7393510131165637,0.8157851686937465,0.7639768691192681,0.6678959752178302
362,8.0,2.0,1.0,1.0,2,0.5622657226155768,0.27177990829512294,0.2490628904623074,0.6688496470451355,0.7308015823364258,0.9028424158347839,0.6191205390127432,0.7125381648104465,0.8809560651125642,0.7788642961926344
363,8.0,2.0,1.0,0.875,2,0.5932781295664881,0.2740126767430522,0.2201656113005358,0.6499623656272888,0.6089261174201965,0.8872435076282259,0.5374258115448098,0.7405483775499528,0.8581231683466519,0.7558352162674102
364,2.0,2.0,1.0,1.0,2,0.36684782608695654,0.20217588395285582,0.21014492753623187,0.6487464308738708,0.6167709827423096,0.5254466841045315,0.5692234848721084,0.8005528742114139,0.3154281896100312,0.5526628081995213
365,1.0,1.0,1.0,1.0,1,0.22351797862001943,0.11295034079844206,0.13799805636540333,0.5887909531593323,0.5525547862052917,0.9232223428665804,0.6993347637156327,0.5896622374835686,0.935322109883381,0.7868853634872908
366,8.0,1.0,0.0,0.75,3,0.5925925925925926,0.3010849909584086,0.23035230352303523,0.6934977173805237,0.7164626121520996,0.9254681369058556,0.6308296927502076,0.7146170348013319,0.8720933536831228,0.7857520545351294
367,8.0,2.0,0.0,1.0,2,0.6243683323975295,0.32040472175379425,0.2638966872543515,0.6061109900474548,0.6528010368347168,0.9010031513137229,0.5828720529569664,0.6774324517799195,0.8496563650950134,0.7527410052864055
368,9.0,1.0,1.0,1.0,2,0.43771043771043766,0.2643290627107215,0.2276094276094276,0.6849103569984436,0.6458076238632202,0.6340930514920526,0.5765078304165911,0.6665492865833774,0.5468264631679957,0.6059941579150042
369,9.0,1.0,1.0,1.0,3,0.662007623888183,0.37150127226463103,0.36721728081321475,0.6958809494972229,0.6577785015106201,0.895833096620992,0.6173285291217703,0.6965555844171293,0.8902367951849931,0.7749885013362212
370,3.0,2.0,1.0,0.7777777777777778,1,0.5219399538106236,0.29218677762367085,0.22170900692840645,0.6078302264213562,0.6515210270881653,0.7897633798076173,0.6014475140603123,0.7296992791980084,0.7944169195101833,0.7288317731440304
371,1.0,1.0,0.0,0.75,1,0.6030267753201397,0.28205128205128205,0.23748544819557627,0.6256683468818665,0.6978088021278381,0.6554093969588449,0.59308517885796,0.6436607581852067,0.6825940834818605,0.643687354370968
372,9.0,1.0,1.0,1.0,3,0.6277724204435873,0.29633204633204635,0.24493731918997108,0.67670738697052,0.7098816633224487,0.9212973208944153,0.6771831453785282,0.8217606128139948,0.9096166247996491,0.8324644259716468
373,9.0,2.0,1.0,1.0,2,0.2053354890864996,0.10850202429149798,0.11802748585286985,0.576249361038208,0.5446926355361938,0.298781848917651,0.6905476312311073,0.7220971837722977,0.11477156715109149,0.45654955776803685
374,2.0,1.0,0.0,0.7777777777777778,1,0.549266247379455,0.3029794376835921,0.2524109014675052,0.6641888618469238,0.798933744430542,0.8817298195045951,0.7251992990780955,0.7490350029952941,0.8669393886638939,0.8057258775604696
375,2.0,1.0,1.0,0.6666666666666666,2,0.41549295774647893,0.20718816067653278,0.18661971830985913,0.6154393553733826,0.7167472839355469,0.5957895981659572,0.6166853537982162,0.7409776147833603,0.5696314458120053,0.6307710031398848
376,2.0,1.0,1.0,0.5555555555555556,2,0.45666423889293517,0.25583090379008744,0.22359796067006554,0.6029279828071594,0.7538952231407166,0.7290364829321936,0.5394361004730304,0.6097624989457873,0.7301791511548604,0.6521035583764679
377,9.0,2.0,1.0,1.0,3,0.6494736842105263,0.3361433087460485,0.25684210526315787,0.6106410026550293,0.6941472887992859,0.8799069590539907,0.5393689980978209,0.47796594624456135,0.8562294823638016,0.6883678464400437
378,9.0,2.0,1.0,0.5555555555555556,1,0.5876180482686254,0.28886554621848737,0.24029380902413433,0.6973713040351868,0.6270768642425537,0.9046975956447864,0.5031393967425293,0.7456850581887389,0.8926778296250576,0.7615499700502779
379,2.0,2.0,1.0,1.0,1,0.6139438085327784,0.2635416666666667,0.2434963579604579,0.6428219676017761,0.67833411693573,0.9008267399954548,0.4708532647701621,0.7496747227466133,0.8725636384739256,0.748479591496539
380,1.0,2.0,1.0,1.0,1,0.5060975609756098,0.25274725274725274,0.2536585365853658,0.6643646955490112,0.7555772662162781,0.017644264034939267,0.7301943185682657,0.6501223215151681,0.024961971956048573,0.35573071901860537
381,1.0,2.0,1.0,0.5555555555555556,1,0.577028258887876,0.3010948905109489,0.23792160437556975,0.6570436358451843,0.7484875917434692,0.8460540935319807,0.6515701915927858,0.8016514261852105,0.8260063047207382,0.7813205040076787
382,1.0,1.0,0.0,0.625,1,0.5499296765119549,0.29014084507042254,0.26582278481012656,0.6640983819961548,0.8166805505752563,0.3311400050730352,0.728673773617075,0.6761221592367848,0.39273733782894293,0.5321683189389594
383,9.0,1.0,1.0,1.0,2,0.6180520142784294,0.32057172026544156,0.3090260071392147,0.6752241253852844,0.6766074895858765,0.8733492112954705,0.5588844645228335,0.6103206791177511,0.8601860748447886,0.725685107445211
384,1.0,2.0,1.0,0.6666666666666666,1,0.5981087470449171,0.3053254437869823,0.2446808510638298,0.6576225757598877,0.7414237260818481,0.8235593318763511,0.5599142717466475,0.6090081307978165,0.7220301713389655,0.6786279764399451
385,1.0,2.0,1.0,0.8888888888888888,1,0.6069755335762623,0.2928608650338718,0.24362311296199896,0.68997722864151,0.7277470827102661,0.8561393919665544,0.6169542442279626,0.7960157827586549,0.845625766858367,0.7786837964528848
386,1.0,1.0,0.0,0.5555555555555556,1,0.6068204613841525,0.3112449799196787,0.2497492477432297,0.6877683401107788,0.5857058763504028,0.8391506812813057,0.4660731076960702,0.7250057260613133,0.854910980778748,0.7212851239543594
387,8.0,2.0,0.0,1.0,2,0.5016822429906542,0.248410026187804,0.2138317757009346,0.6208083033561707,0.6227740049362183,0.7899898098733125,0.5798553703251468,0.7629511745521925,0.7667493467069807,0.7248864253644082
388,1.0,1.0,0.0,1.0,1,0.3243801652892562,0.14906832298136646,0.16528925619834708,0.6251044273376465,0.9198195934295654,0.4014352067909148,0.6802852489986297,0.9036053240591618,0.4743023218005909,0.6149070254123243
389,8.0,1.0,1.0,1.0,2,0.5624116815826661,0.3168316831683169,0.2666038624587847,0.6905308365821838,0.6933799386024475,0.48418597251734513,0.6643499535378822,0.6666099091262597,0.6624382379766247,0.619396018289528
390,8.0,1.0,1.0,1.0,2,0.5938316779926817,0.2857142857142857,0.2216414009409305,0.6109611988067627,0.786304771900177,0.8015729831940693,0.6787809421047002,0.801184397700699,0.815560843472094,0.7742747916178907
391,7.0,1.0,1.0,0.5555555555555556,2,0.604135893648449,0.3047337278106509,0.2968980797636633,0.6055605411529541,0.6908493041992188,0.7678052174348421,0.623077636538579,0.7923721503123643,0.6851161462053234,0.7170927876227772
392,7.0,1.0,1.0,0.5555555555555556,2,0.5043478260869565,0.20278503046127067,0.19913043478260867,0.6285831928253174,0.6441594958305359,0.8642147747622952,0.60776246011914,0.7331025616129576,0.850846903905599,0.7639816750999979
393,9.0,1.0,1.0,1.0,2,0.5586497890295359,0.2795608108108108,0.24556962025316456,0.6459119915962219,0.7997332811355591,0.8877398293875524,0.6946627654778333,0.8570904132206439,0.8466344390550956,0.8215318617852814
394,9.0,2.0,1.0,1.0,2,0.6129353233830847,0.3247011952191235,0.2955223880597015,0.6340624094009399,0.650356650352478,0.8339580247650917,0.6045234370891487,0.7723929649741595,0.8356606102401892,0.7616337592671474
395,9.0,2.0,1.0,1.0,3,0.5959805959805959,0.28452463566967384,0.2591822591822592,0.6591240763664246,0.5771501064300537,0.4907798570046485,0.5553379253957664,0.6384284200065016,0.5252196012735457,0.5524414509201155
396,1.0,2.0,1.0,0.6666666666666666,1,0.6282527881040892,0.3516279069767442,0.26022304832713755,0.6890329718589783,0.7448166012763977,0.8491756231190578,0.6327970465518578,0.730448631357271,0.8353892612443227,0.7619526405681273
397,2.0,1.0,1.0,0.5555555555555556,2,0.6384395813510942,0.33714285714285713,0.29971455756422455,0.6866630911827087,0.6482595205307007,0.9016546998737149,0.5679741771320675,0.8066562062139945,0.8781009807810001,0.7885965160001942
398,7.0,1.0,1.0,0.5555555555555556,3,0.4687724335965542,0.21408045977011494,0.16367552045944003,0.6039469242095947,0.7233352065086365,0.7285859761320125,0.5886195453354645,0.7073563913536571,0.7417584279432515,0.6915800851910964
399,2.0,1.0,1.0,0.625,2,0.5168918918918919,0.21555367709213863,0.1900337837837838,0.6365493535995483,0.6714878082275391,0.9015640666322527,0.667497332824961,0.7709591212335867,0.8905496022866489,0.8076425307443624
400,9.0,1.0,0.0,0.5555555555555556,3,0.4066153407470772,0.20713266761768898,0.16823495865412033,0.6187157034873962,0.6878862977027893,0.8828662489122544,0.5303553679939588,0.7717796323086787,0.820696134053555,0.7514243458171117
401,1.0,1.0,0.0,1.0,1,0.6410432395332876,0.33539518900343646,0.2704186684969115,0.6630630493164062,0.6164551377296448,0.7836021813816987,0.5536613529150827,0.5278823886084113,0.7317703590526619,0.6492290704894637
402,1.0,2.0,1.0,1.0,1,0.663973063973064,0.3614295347269049,0.35016835016835013,0.6597556471824646,0.6513733267784119,0.7151022416260668,0.6782063559772992,0.7174285313441057,0.7325408414423739,0.7108194925974614
403,8.0,2.0,0.0,1.0,2,0.5917862444334487,0.29618623080733036,0.22068283028203858,0.6256526112556458,0.6007706522941589,0.7983169973651786,0.5475377784793823,0.6581836164088894,0.8052239030268415,0.702315573820073
404,3.0,2.0,1.0,0.8888888888888888,1,0.6134852801519467,0.34125475285171103,0.2924976258309592,0.6377240419387817,0.7536507844924927,0.8514323663225921,0.5394842066284943,0.7691013595879324,0.8124272033082369,0.7431112839618139
405,1.0,2.0,1.0,0.7777777777777778,1,0.29235382308845576,0.15465465465465467,0.17091454272863568,0.6437253355979919,0.6253083944320679,0.953356852474498,0.7071442305804377,0.7283611068621169,0.9114152125969198,0.8250693506284932
406,2.0,1.0,1.0,0.7777777777777778,1,0.502881089575694,0.2684845306764552,0.2231534834992142,0.6259413361549377,0.7474822998046875,0.6314811501180014,0.5689643968797353,0.6848050804988283,0.4331417501769549,0.57959809441838
407,1.0,2.0,1.0,0.6666666666666666,1,0.6159574468085106,0.33865814696485624,0.22553191489361704,0.635465681552887,0.7810598015785217,0.23849512819358157,0.6446294019661828,0.7288524127624982,0.21078285266308666,0.4556899488963373
408,8.0,2.0,0.0,1.0,3,0.5665924276169265,0.3183236736513598,0.25033407572383076,0.6249809861183167,0.6624642014503479,0.8480722852822933,0.6571281567402659,0.7016330608610634,0.8031744574728319,0.7525019900891137
409,3.0,2.0,1.0,0.7777777777777778,1,0.5384932070811034,0.27276473011948915,0.268423219431865,0.6293123960494995,0.7795110940933228,0.90689755121181,0.5170864011432689,0.7140369525423828,0.8606606328986302,0.749670384449023
410,10.0,1.0,1.0,0.7777777777777778,3,0.5411290322580645,0.26957223567393057,0.21370967741935484,0.6449005603790283,0.632108211517334,0.7681194444953574,0.5140700080437379,0.7567046196167347,0.759006897142846,0.6994752423246691
411,6.0,1.0,0.0,0.5555555555555556,1,0.5463336019339242,0.23083131557707828,0.2594681708299758,0.6732916831970215,0.7883316278457642,0.0797382956985852,0.7049154359079245,0.7791188037455635,0.11516717468624525,0.4197349275095796
412,9.0,1.0,1.0,1.0,1,0.496513249651325,0.28106095858538854,0.25848442584844256,0.6377024054527283,0.6127219796180725,0.5982819121848942,0.7076548758937892,0.796861301016683,0.591841998224233,0.6736600218298999
413,5.0,1.0,1.0,0.5555555555555556,1,0.5097529258777632,0.22819956616052062,0.2306025140875596,0.6657610535621643,0.6873618960380554,0.8911824563990314,0.5622964130496184,0.730008779080928,0.8758627825307568,0.7648376077650837
414,8.0,1.0,0.0,0.5555555555555556,2,0.5765678172095284,0.23844282238442824,0.20709771511910546,0.5657539367675781,0.7454842925071716,0.8694461577970451,0.5160383184083789,0.8179469529558013,0.8631794890134883,0.7666527295436785
415,8.0,2.0,0.0,0.7777777777777778,3,0.6056338028169015,0.2950654582074521,0.2565392354124749,0.6499733924865723,0.7188987135887146,0.9008040044631889,0.55090900385996,0.7293438074738711,0.881226210702823,0.7655707566249608
416,9.0,1.0,0.0,0.6666666666666666,1,0.557848655409631,0.2417031934877896,0.19262038774233897,0.6578848361968994,0.6549780964851379,0.8282965332015985,0.7042534423142022,0.8412420607233588,0.8693375342896053,0.8107823926321911
417,2.0,2.0,1.0,0.8888888888888888,1,0.5636126791141988,0.3033463711429813,0.2891880156317846,0.6533096432685852,0.6454547643661499,0.423364033366206,0.6394466893305265,0.7463219885586473,0.48580873896131854,0.5737353625541746
418,1.0,2.0,1.0,0.7777777777777778,1,0.5797364834166288,0.2837653478854025,0.22080872330758744,0.6239199638366699,0.6277989149093628,0.7687765942624716,0.6063855723292725,0.7160459915876835,0.7656580376681441,0.7142165489618928
419,8.0,1.0,0.0,1.0,1,0.5514223194748358,0.33953997809419495,0.31619256017505476,0.6938672661781311,0.5555317997932434,0.6047085573058236,0.4927009779472518,0.75132382590446,0.3241252305318907,0.5432146479223565
420,8.0,2.0,1.0,0.5555555555555556,1,0.624785836664763,0.2881646655231561,0.2615648201027984,0.6759610176086426,0.6745660305023193,0.8065794941293111,0.6571155624256497,0.7037373887475388,0.7968065892409398,0.7410597586358598
421,4.0,2.0,0.0,0.5555555555555556,2,0.4592917123037605,0.2382170259408111,0.2117561153705732,0.6553938984870911,0.6941118836402893,0.9059340614637021,0.6474144126138337,0.7231392965011549,0.8858554936712135,0.7905858160624761
422,8.0,2.0,1.0,0.5555555555555556,3,0.43166054671562626,0.2515312372396897,0.23255813953488372,0.6511592268943787,0.6201834678649902,0.4837427258356419,0.43696332410030314,0.7187388736752468,0.41006802007446785,0.5123782359214148
423,8.0,2.0,1.0,0.8888888888888888,2,0.6470273165506158,0.3656836461126005,0.3202999464381361,0.6539214849472046,0.755820631980896,0.9253899662583457,0.6875098153670157,0.8417425342249684,0.8949149099429131,0.8373893064483107
424,2.0,1.0,1.0,0.5555555555555556,1,0.4786445464172256,0.24938184387142354,0.18778679844687612,0.5888963341712952,0.693179190158844,0.8930602818557251,0.5807379582985226,0.7640794812659757,0.8646101579392563,0.7756219698398699
425,8.0,2.0,0.0,1.0,3,0.5942454492072813,0.24103468547912993,0.24310041103934235,0.5970037579536438,0.6950871348381042,0.8436882052210058,0.693353231837612,0.7596012793314894,0.8133130925678845,0.7774889522394979
426,9.0,1.0,1.0,1.0,2,0.6123427201917315,0.2759448110377924,0.2660275614140204,0.665006160736084,0.7698983550071716,0.8110997699153545,0.5786873515504029,0.7631005871636919,0.8254308722065978,0.7445796452090118
427,2.0,2.0,1.0,0.7777777777777778,2,0.5398773006134968,0.2418032786885246,0.2658486707566462,0.6393724083900452,0.7006556391716003,0.48475732837543845,0.7304528306525242,0.8337768224284438,0.3309497852708627,0.5949841916818173
428,8.0,1.0,1.0,0.7777777777777778,3,0.57492795389049,0.33189033189033185,0.29394812680115273,0.6728722453117371,0.6962892413139343,0.6118826263194018,0.6406257211478803,0.8835146627878098,0.4820130295652564,0.6545090099550871
429,1.0,2.0,1.0,0.6666666666666666,1,0.667785234899329,0.3628219484882419,0.2639821029082774,0.6576169729232788,0.7592868804931641,0.7167974787378478,0.5633431119604787,0.7179904676199375,0.7283252805120951,0.6816140847075898
430,12.0,1.0,1.0,0.5555555555555556,1,0.6267806267806268,0.3281027104136947,0.35185185185185186,0.6290625333786011,0.6715314388275146,0.6709681645564791,0.7115394758831699,0.7114096146215428,0.42034835736827847,0.6285664031073677
431,14.0,2.0,0.0,0.6666666666666666,2,0.6403033586132177,0.3481561822125813,0.3228602383531961,0.6851389408111572,0.7635330557823181,0.9316363204553537,0.66795274134041,0.7476483114317538,0.9113852962291088,0.8146556673641566
432,8.0,2.0,0.0,0.5555555555555556,2,0.5125475285171103,0.2757044935262757,0.26463878326996193,0.6443173289299011,0.7662932872772217,0.1464417369538491,0.5980909193459703,0.8160771590865771,0.14699958942362532,0.42690235120250547
433,9.0,2.0,0.0,0.875,4,0.5591517857142857,0.24022346368715083,0.21875,0.6012020707130432,0.7685576677322388,0.8835743793409492,0.6362013121003038,0.7986380576044461,0.8704461114530366,0.7972149651246838
434,2.0,1.0,0.0,0.6666666666666666,1,0.58249832999332,0.24347826086956526,0.259185036740147,0.6415578722953796,0.7260760068893433,0.9133028712300614,0.69281078265171,0.8730787764868726,0.8951012612869612,0.8435734229139014
435,12.0,2.0,1.0,0.7777777777777778,2,0.6208530805687204,0.3107947805456702,0.2334123222748815,0.6265446543693542,0.5073667764663696,0.8735938527445353,0.416607002016949,0.6273663050272668,0.8479914194577338,0.6913896448116212
436,1.0,1.0,0.0,0.5555555555555556,1,0.596579476861167,0.3121852970795569,0.2484909456740443,0.6365487575531006,0.7205104231834412,0.8098152279783583,0.6166474540935059,0.7178859817811075,0.7965695015156729,0.7352295413421611
437,9.0,2.0,0.0,1.0,1,0.6720554272517322,0.4034682080924855,0.277136258660508,0.674893319606781,0.6548964381217957,0.8864302973856242,0.6380546502970812,0.707975617718036,0.8615094916610555,0.7734925142654492
438,6.0,2.0,1.0,1.0,1,0.5835294117647059,0.24666142969363702,0.24,0.6634635925292969,0.5938417911529541,0.4704601347383773,0.6133415383410794,0.6883765002086537,0.4284674257073392,0.5501613997488624
439,10.0,1.0,1.0,1.0,1,0.5218093699515348,0.2766990291262136,0.2859450726978998,0.6847736835479736,0.7469736933708191,0.8940207760366748,0.6780858787384062,0.6593888081940383,0.862121776608009,0.7734043098942821
440,9.0,2.0,0.0,0.5555555555555556,1,0.47554347826086957,0.2372535690006798,0.19089673913043478,0.5946771502494812,0.7573109269142151,0.8843018672077131,0.5334281369392992,0.7150430435614804,0.8674384676554301,0.7500528788409806
441,1.0,2.0,1.0,0.7777777777777778,1,0.473208910295003,0.25557564798071125,0.25406381697772423,0.666915237903595,0.6457599997520447,0.6065893979537401,0.5017897232990947,0.7689862033693743,0.5706473218942395,0.6120031616291121
442,5.0,1.0,1.0,0.6666666666666666,3,0.603358425014476,0.3327536231884058,0.3103647944412276,0.6806995868682861,0.6690253019332886,0.7981746710454113,0.6129705385868726,0.7804663457742754,0.8249504621427296,0.7541405043873223
443,2.0,2.0,0.0,1.0,2,0.6163765312701482,0.2711426726920594,0.26821405544809807,0.6763798594474792,0.6668358445167542,0.9192759774940634,0.6586323528490107,0.8172719939482143,0.9051759555348243,0.8250890699565282
444,8.0,2.0,0.0,1.0,3,0.6590317542946382,0.3439291297550808,0.2925559604372722,0.682887077331543,0.6367478966712952,0.557816826061948,0.610028207321848,0.7167190594113765,0.45141910026105486,0.5839957982640569
445,8.0,2.0,1.0,0.5555555555555556,2,0.44430844553243576,0.24387254901960784,0.28396572827417377,0.6427205204963684,0.7718570828437805,0.7869962030570185,0.7499163402177945,0.7639915607893546,0.7066772851639324,0.751895347307025
446,1.0,1.0,0.0,0.7777777777777778,1,0.46774193548387105,0.21879588839941264,0.20087976539589444,0.6328387260437012,0.612295925617218,0.42484118043261865,0.5830544280077061,0.5718139687899406,0.4502642195640258,0.5074934491985728
447,1.0,2.0,1.0,0.6666666666666666,1,0.6529100529100528,0.3093220338983051,0.26666666666666666,0.6551400423049927,0.7773517370223999,0.9058342810149456,0.6643750053748569,0.7875763268328019,0.8879161146587414,0.8114254319703365
448,8.0,2.0,0.0,1.0,3,0.6494117647058822,0.38177533385703066,0.327843137254902,0.7151171565055847,0.6434615254402161,0.6706865411086974,0.6678924811619406,0.6957147947301413,0.4642006585257888,0.6246236188816421
449,8.0,1.0,1.0,1.0,3,0.6026750590086547,0.31205673758865254,0.2863886703383163,0.6438784003257751,0.6514651775360107,0.7504239395476264,0.6949745634748417,0.7697191309939629,0.5571172612871182,0.6930587238258874
450,2.0,2.0,1.0,0.5555555555555556,1,0.6106719367588933,0.3184965380811078,0.28853754940711457,0.6834956407546997,0.7539936900138855,0.8873090663507683,0.45625344605945706,0.6997770508724586,0.865744139332781,0.7272709256538663
451,9.0,2.0,0.0,0.5555555555555556,2,0.6586985391766269,0.3191489361702128,0.28685258964143423,0.6700787544250488,0.6270669102668762,0.7115821971947309,0.7029130324499699,0.7253414202835302,0.726699813592131,0.7166341158800905
452,3.0,2.0,0.0,0.6666666666666666,2,0.3744394618834081,0.20898876404494382,0.20179372197309417,0.6322605013847351,0.6490564346313477,0.6331289194851355,0.6447119477109781,0.732756909897454,0.7247270058266334,0.6838311957300502
453,9.0,2.0,1.0,0.875,1,0.6353992183137912,0.3230855226383455,0.2702400893355667,0.6261998414993286,0.6426059007644653,0.9153486952109224,0.6017550957847562,0.8721614180982729,0.8734297756975482,0.8156737461978749
454,9.0,2.0,1.0,1.0,1,0.49447619047619046,0.26991993900114375,0.22780952380952382,0.6586408615112305,0.7702716588973999,0.8944015850505662,0.5949359870553973,0.8444716118799218,0.8732554796107839,0.8017661658991673
455,4.0,1.0,1.0,0.5555555555555556,1,0.6139359698681732,0.31008482563619233,0.2193973634651601,0.6477258801460266,0.7660300731658936,0.8524939254552353,0.6291861172851216,0.7782011114798195,0.8385074734510913,0.7745971569178169
456,7.0,1.0,1.0,0.5555555555555556,2,0.573052870949403,0.27205463858850315,0.22399090392268337,0.6485065221786499,0.6857099533081055,0.8535337381786823,0.4773684185756469,0.7113021946612469,0.8517433094279891,0.7234869152108914
457,8.0,2.0,0.0,0.75,1,0.5853909465020576,0.3244078269824923,0.23045267489711935,0.6447732448577881,0.6356609463691711,0.8238201675182333,0.6472608531779898,0.8474950763268047,0.789317435432286,0.7769733831138284
458,1.0,2.0,1.0,0.625,1,0.6198198198198199,0.25736620565243534,0.1981981981981982,0.636719286441803,0.709499716758728,0.7767769850664503,0.5563390411695486,0.6667619563929597,0.7561693389490267,0.6890118303944963
459,3.0,1.0,1.0,0.5555555555555556,3,0.6595492289442466,0.35985748218527314,0.2823250296559905,0.689900815486908,0.8312373161315918,0.897437286118922,0.666188468960834,0.7743025189634841,0.8519886022303349,0.7974792190683938
460,2.0,2.0,1.0,0.6666666666666666,1,0.5884816753926702,0.29979035639412993,0.27015706806282724,0.6721833348274231,0.6780443787574768,0.8698967354556544,0.4871399143729784,0.6938643729866655,0.8464313561587786,0.7243330947435191
461,10.0,1.0,1.0,1.0,2,0.5910931174089069,0.31610942249240126,0.21558704453441294,0.6031482219696045,0.8174259662628174,0.8892473000431622,0.6008872231234327,0.7268192942118219,0.8586776399535527,0.7689078643329923
462,8.0,2.0,1.0,0.8888888888888888,2,0.5860182370820669,0.2410225197808886,0.23465045592705167,0.6183704733848572,0.7489619851112366,0.7011675711084676,0.6952203155256138,0.7595553022156111,0.6760478295238732,0.7079977545933914
463,1.0,1.0,1.0,0.5555555555555556,1,0.37906647807637905,0.21671388101983005,0.19519094766619516,0.6326934099197388,0.7372262477874756,0.5204373011972645,0.8233313232058636,0.7679194716375186,0.5117435734651838,0.6558579173764576
464,1.0,1.0,0.0,0.5555555555555556,1,0.6670347874102704,0.3427307904919845,0.2661512976256212,0.6676561236381531,0.7143008708953857,0.9146353580645398,0.6407031042541129,0.7945598060529955,0.8914798364511787,0.8103445262057067
465,2.0,2.0,0.0,1.0,2,0.6025641025641025,0.30385164051355207,0.24074074074074073,0.6389143466949463,0.5407351851463318,0.8617228452900318,0.5352106595772147,0.6152851043332505,0.8548187845320827,0.7167593484331449
466,7.0,2.0,0.0,1.0,2,0.4980793854033291,0.2307692307692308,0.20102432778489115,0.6489733457565308,0.7098706364631653,0.1497562455352685,0.6530869813156218,0.692971312726771,0.18808746687902042,0.42097550161417047
467,2.0,1.0,1.0,0.5555555555555556,2,0.5491433724075744,0.21931407942238265,0.19747520288548243,0.6521691679954529,0.7799496650695801,0.8767985682868001,0.6551178783331427,0.734859432332185,0.8575846716585069,0.7810901376526587
468,3.0,1.0,1.0,0.8888888888888888,2,0.5836829836829838,0.3173121791880541,0.23682983682983685,0.6245059967041016,0.754119336605072,0.8925146459550344,0.5780697253120032,0.7906115207157736,0.8849955404921436,0.7865478581187386
469,8.0,1.0,0.0,1.0,2,0.6357541899441341,0.36017897091722595,0.2569832402234637,0.6282073855400085,0.7637823820114136,0.9009210741991339,0.6193925191627171,0.6658336086813541,0.8896896349653097,0.7689592092521288
470,9.0,1.0,1.0,1.0,2,0.6524547803617571,0.34023285899094435,0.30749354005167967,0.6756495833396912,0.7208881974220276,0.8038506265419166,0.5661263471701599,0.6520361907160249,0.8027624229369582,0.706193896841265
471,8.0,1.0,0.0,1.0,2,0.6516724336793541,0.29445727482678985,0.2641291810841984,0.6624367237091064,0.6474534273147583,0.8830343158090006,0.6708534256796733,0.8022054145698299,0.8513998003284665,0.8018732390967426
472,10.0,1.0,1.0,1.0,2,0.38987043580683156,0.2346698113207547,0.21908127208480568,0.6873722672462463,0.6666527986526489,0.7206110277283327,0.7739633577461349,0.562157878521815,0.7652818865962622,0.7055035376481361
473,9.0,2.0,1.0,1.0,2,0.6272600834492351,0.39136490250696376,0.28789986091794156,0.643298864364624,0.626788318157196,0.8168716252158487,0.544234979961474,0.6265318089861083,0.7716938706684471,0.6898330712079694
474,1.0,1.0,0.0,1.0,1,0.6971504307488403,0.37159920371599203,0.292909211398277,0.6791818141937256,0.732057511806488,0.8412895137968859,0.5983392778114001,0.6478449721269679,0.7804957745380793,0.7169923845683333
475,1.0,2.0,1.0,0.7777777777777778,1,0.6372155287817938,0.3109919571045576,0.2864792503346721,0.6725258827209473,0.6634293794631958,0.7302829145052168,0.6442464689483545,0.7023238291866016,0.5409664919910611,0.6544549261578085
476,8.0,1.0,1.0,0.8888888888888888,2,0.4388888888888889,0.2336578581363004,0.22638888888888886,0.6400187015533447,0.6480915546417236,0.6729492718622307,0.7831597271480376,0.6314288900055294,0.5168603144041575,0.6510995508549888
477,8.0,1.0,1.0,0.6666666666666666,1,0.5976019184652279,0.3053288526164186,0.2561151079136691,0.6168015003204346,0.7271103858947754,0.9001903293293299,0.6880245014014513,0.8166311876032377,0.8793517862228972,0.821049451139229
478,8.0,2.0,1.0,1.0,3,0.6708074534161491,0.3271144278606965,0.2919254658385093,0.6883193254470825,0.6675060391426086,0.7893038139522242,0.47456548263418813,0.6174240058279498,0.8067810320373273,0.6720185836129223
479,2.0,1.0,1.0,0.5555555555555556,2,0.3821708625670657,0.18504750103263115,0.18984729673957904,0.617276668548584,0.698098361492157,0.5934776201115753,0.6208496206592132,0.6675106658561786,0.5549866755232261,0.6092061455375484
480,9.0,2.0,1.0,1.0,1,0.5997088791848617,0.2836328314715882,0.24939349830179525,0.6829261183738708,0.7065605521202087,0.8828444671632383,0.5534829084056546,0.7243717685092337,0.8661867421283391,0.7567214715516164
481,1.0,1.0,0.0,0.5555555555555556,1,0.6574440052700923,0.32189973614775724,0.2714097496706192,0.6473257541656494,0.7358639240264893,0.8274323861678448,0.5616308231863752,0.6863725285831902,0.8392410904044778,0.7286692070854719
482,8.0,1.0,1.0,1.0,1,0.5416293643688451,0.242831541218638,0.21844225604297224,0.61891770362854,0.656708836555481,0.939608967986126,0.5819938079551346,0.6990902540358505,0.9081957538058618,0.7822221959457433
483,8.0,2.0,1.0,1.0,2,0.6109324758842443,0.2884739214423696,0.27009646302250806,0.6476808786392212,0.6218560338020325,0.9056513770110608,0.6540056370997686,0.6773253601928124,0.8982602306325583,0.78381065123405
484,8.0,2.0,0.0,0.7777777777777778,1,0.49712313003452246,0.25873320537428024,0.21173762945914845,0.6239483952522278,0.7025328874588013,0.9066391987156622,0.5600072989862559,0.7920904009793618,0.8917147642150961,0.787612915724094
485,8.0,2.0,1.0,1.0,1,0.6148409893992932,0.28025477707006374,0.2628975265017668,0.6694810390472412,0.5798733830451965,0.7747029311036198,0.4981715582656255,0.7447739401521418,0.7645374928840537,0.6955464806013602
486,3.0,1.0,1.0,0.7777777777777778,2,0.33481894150417824,0.20066889632107024,0.14874651810584957,0.5869611501693726,0.7086842656135559,0.16576833768111837,0.6089304091225137,0.6392808683323064,0.20795282732874443,0.4054831106161707
487,8.0,1.0,1.0,0.6666666666666666,2,0.5508021390374331,0.21151271753681392,0.1978609625668449,0.6161003112792969,0.6357380151748657,0.7312011509054839,0.6176548417777677,0.6063074963950446,0.6362261185292541,0.6478474019018876
488,4.0,2.0,1.0,1.0,1,0.6812918951858623,0.38316046369737644,0.29981718464351004,0.6472730040550232,0.7173318266868591,0.791981326024574,0.5551108339546421,0.6768007267676807,0.7759819318504483,0.6999687046493362
489,4.0,2.0,0.0,0.5555555555555556,2,0.5592039800995025,0.2858565737051793,0.23681592039800994,0.6499003171920776,0.6176772713661194,0.8699847850675657,0.6247984471299626,0.7970307277838133,0.8606711340190055,0.7881212735000869
490,1.0,2.0,1.0,0.5555555555555556,2,0.591044776119403,0.24900398406374505,0.20796019900497514,0.651010274887085,0.712734580039978,0.6452168891121857,0.5943971722960187,0.7913652489948576,0.6080685458749949,0.6597619640695142
491,1.0,1.0,1.0,1.0,2,0.5636363636363637,0.2746585735963581,0.2893939393939394,0.6743168830871582,0.6011369228363037,0.44350265302966396,0.6241463205487956,0.6636584677694498,0.600987838729501,0.5830738200193526
492,9.0,1.0,0.0,0.5555555555555556,2,0.577889447236181,0.32452830188679244,0.3203517587939699,0.6421276330947876,0.6942130923271179,0.8994153551460088,0.7292930741252227,0.7511937847573891,0.8721259448047113,0.813007039708333
493,10.0,1.0,0.0,0.6666666666666666,1,0.5069042316258351,0.2425323227819884,0.24231625835189308,0.672792375087738,0.6909210085868835,0.26902300032929266,0.6187273315509257,0.6923418265366094,0.28456446573719885,0.46616415603850664
494,2.0,2.0,0.0,0.5555555555555556,3,0.4549019607843137,0.20215897939156036,0.1892156862745098,0.6226586103439331,0.7913842797279358,0.3426136495208142,0.6477687125470035,0.7003795034895026,0.31974389901063377,0.5026264411419885
495,8.0,1.0,1.0,1.0,1,0.6091954022988506,0.34177215189873417,0.3195402298850574,0.6465099453926086,0.6938959360122681,0.6358434110705271,0.5751591728472321,0.7612118354755906,0.6353562215389923,0.6518926602330855
496,10.0,1.0,0.0,1.0,1,0.24165341812400634,0.10668789808917199,0.1494435612082671,0.6104038953781128,0.6732183694839478,0.9661408669203925,0.877446164517223,0.8915447568219367,0.9129018104795705,0.9120083996847808
497,8.0,1.0,1.0,0.7777777777777778,2,0.5559878945092952,0.2890523582864561,0.2524859489840035,0.6316149830818176,0.7563265562057495,0.7901533955744765,0.5446899856949957,0.747273402895064,0.7891414419685052,0.7178145565332603
498,2.0,2.0,1.0,0.8888888888888888,1,0.5729624206930211,0.306790425012213,0.24206930209858465,0.6586799621582031,0.5928588509559631,0.8459692594026151,0.47269604223799117,0.5609386660295421,0.8012930750908477,0.670224260690249
499,1.0,2.0,1.0,0.7777777777777778,1,0.5124167171411267,0.2668283808368708,0.2689279224712296,0.6579723954200745,0.7076270580291748,0.1369528731426748,0.6611353031914661,0.6343099482933464,0.1663358195187047,0.399683486036548
500,3.0,2.0,0.0,0.6666666666666666,3,0.5912101143889223,0.28571428571428575,0.28296207104154125,0.6871351599693298,0.7163548469543457,0.856529240295033,0.5439899147733003,0.7317723811756118,0.8367244673418178,0.7422540008964408
501,2.0,1.0,0.0,0.5555555555555556,1,0.34961832061068704,0.20489296636085624,0.20610687022900767,0.6495928764343262,0.6507553458213806,0.7728018865357559,0.8255721860305171,0.859361603186878,0.7535738404039296,0.8028273790392702
502,2.0,2.0,1.0,0.6666666666666666,1,0.3407671721677074,0.19821428571428573,0.18911685994647637,0.6119105219841003,0.8077658414840698,0.1674943606687082,0.6725723310231786,0.6615466849604926,0.153503720183579,0.4137792742089896
503,2.0,2.0,0.0,1.0,1,0.5438713998660415,0.2977867203219316,0.31882116543871397,0.6684832572937012,0.7801793813705444,0.7025655488380489,0.6798262609695448,0.708632697609146,0.6485564985935494,0.6848952515025722
504,8.0,2.0,0.0,0.7777777777777778,4,0.4293015332197615,0.2183058555997726,0.2180579216354344,0.6026667356491089,0.7134168744087219,0.39558688977595885,0.7708007884649465,0.7221327649854606,0.25434950327218403,0.5357174866246375
505,2.0,1.0,1.0,1.0,3,0.48335745296671484,0.21304347826086958,0.22141823444283645,0.64811110496521,0.6818782687187195,0.8983907320029867,0.5867605478196485,0.625191402104077,0.8103741163093796,0.730179199559023
506,8.0,2.0,1.0,0.6666666666666666,3,0.5079207920792079,0.25768087215064417,0.24158415841584155,0.6018451452255249,0.6135824918746948,0.17040673048765304,0.5931951099334658,0.6972850054084787,0.21380274552619208,0.41867239783894744
507,2.0,2.0,0.0,0.5555555555555556,1,0.45938375350140054,0.22214435879467412,0.20588235294117646,0.6340379118919373,0.7185156345367432,0.8835160170906148,0.5716386705342982,0.7673581512181626,0.8708922432085755,0.7733512705129127
508,2.0,1.0,1.0,0.7777777777777778,2,0.5708267509215377,0.2045334739061676,0.1885202738283307,0.6212130188941956,0.6435455679893494,0.8520852938420614,0.550805036918191,0.747162685269228,0.8344083404003988,0.7461153391074699
509,3.0,2.0,1.0,0.5555555555555556,1,0.6021505376344085,0.25382436260623226,0.21618562535370683,0.661685585975647,0.6240759491920471,0.8720800473503418,0.48183343404416173,0.793090729551864,0.8608250223970184,0.7519573083358464
510,10.0,2.0,1.0,1.0,2,0.564610535794687,0.27219468228931953,0.2404322377307519,0.6298061013221741,0.774949312210083,0.8767203680899145,0.6359461315853783,0.7079189929630059,0.8476304262247476,0.7670539797157616
511,8.0,1.0,1.0,1.0,3,0.5948885263730288,0.3037561241154056,0.2577487765089722,0.5767232775688171,0.6874439120292664,0.8185208330731819,0.6251622789175698,0.7674455761904485,0.8129365244852023,0.7560163031666007
512,8.0,2.0,0.0,0.5555555555555556,3,0.6126126126126126,0.29158316633266534,0.2932932932932933,0.6301704049110413,0.7813229560852051,0.8293312966687009,0.49233442584272175,0.7343328155484462,0.8168671132904114,0.7182164128375701
513,2.0,2.0,1.0,0.7777777777777778,1,0.48376151236063986,0.2765647743813683,0.2801745031507513,0.659496545791626,0.6559101939201355,0.05798458452666877,0.6312868349798867,0.6827998938202927,0.07054795769804766,0.36065481775622393
514,8.0,1.0,0.0,0.5555555555555556,2,0.5798755186721991,0.22118380062305298,0.18360995850622408,0.6118884682655334,0.7064800262451172,0.8042733701363582,0.4951560775897809,0.7560787886328847,0.7659798178060747,0.7053720135412747
515,1.0,2.0,1.0,1.0,1,0.6812720848056537,0.42179759377211606,0.36042402826855124,0.7004232406616211,0.7027822732925415,0.7732548988227447,0.6254572660293972,0.5114537315602976,0.7580356034971175,0.6670503749773893
516,8.0,2.0,0.0,1.0,2,0.5887850467289719,0.30481283422459887,0.2817089452603471,0.6647281646728516,0.7390693426132202,0.8731726806469507,0.6315992337507021,0.767638381774762,0.8212441511401779,0.7734136118281482
517,5.0,2.0,1.0,0.5555555555555556,1,0.5224157095220452,0.2840192806822395,0.2400889218228974,0.6441029906272888,0.7207285761833191,0.8020754679193631,0.48339627307347194,0.8665227717651964,0.7936334797121823,0.7364069981175535
518,4.0,1.0,0.0,0.6666666666666666,1,0.5764241398759166,0.2111801242236025,0.22109419063733782,0.6350092887878418,0.6874856352806091,0.871895715245974,0.5682361008348431,0.6522562908027837,0.842246630976968,0.7336586844651422
519,10.0,1.0,1.0,0.5555555555555556,2,0.5728198317839752,0.2924235711120957,0.20717131474103587,0.6292160749435425,0.6827192902565002,0.8267480356015415,0.5852245169035768,0.7571931117823338,0.8177958259574423,0.7467403725612236
520,1.0,1.0,1.0,0.8888888888888888,2,0.5669160432252701,0.26144879267277266,0.26101413133832085,0.6332240104675293,0.7552422285079956,0.8974115436521274,0.68385377882529,0.8080189421523901,0.8236151398659863,0.8032248511239484
521,1.0,2.0,1.0,1.0,1,0.6292134831460675,0.30443414956982134,0.25380039656311965,0.6332005262374878,0.7678402662277222,0.8486564676202906,0.7176127194890226,0.6978879828602137,0.8350190406036774,0.774794052643301
522,9.0,1.0,1.0,0.7777777777777778,1,0.5796959293771456,0.2768777614138439,0.1922511034820991,0.6426196098327637,0.7008081674575806,0.8112369564250749,0.5217568610368862,0.7507352953147248,0.8207498931800932,0.7261197514891947
523,8.0,1.0,1.0,0.8888888888888888,1,0.5756148613291471,0.2828706128863279,0.2532705389848247,0.6584666967391968,0.685066819190979,0.8656468198104404,0.42610828419874913,0.787213866390975,0.8496024518011692,0.7321428555503334
524,2.0,1.0,0.0,1.0,1,0.6575931232091691,0.3328550932568149,0.31948424068767906,0.6977378129959106,0.705635666847229,0.891672216325013,0.6256218330060308,0.5773839380853153,0.8732764735987283,0.7419886152537719
525,8.0,2.0,1.0,1.0,3,0.5625942684766215,0.256797583081571,0.21116138763197584,0.6038440465927124,0.6570913195610046,0.7413635956288736,0.6899747798866457,0.7002149673449101,0.7974347154590089,0.7322470145798595
526,8.0,1.0,1.0,0.8888888888888888,1,0.5745159837910851,0.288418206399279,0.23052678973435392,0.638483464717865,0.7096763253211975,0.8440778035169638,0.5252714477470307,0.7232828825081205,0.8407752511141817,0.7333518462215742
527,2.0,2.0,1.0,0.5555555555555556,1,0.567496029645315,0.2257551669316375,0.23292747485442034,0.6164100766181946,0.6655294299125671,0.7991455710622846,0.5487599130377463,0.6672528975773012,0.8001886864935107,0.7038367670427107
528,1.0,1.0,0.0,0.5555555555555556,1,0.472289156626506,0.24154589371980678,0.24578313253012052,0.6835872530937195,0.8712648153305054,0.6290127166125107,0.7400529046730654,0.7496104869506918,0.38939163369708923,0.6270169354833393
529,2.0,2.0,1.0,0.7777777777777778,1,0.6278679350867375,0.29915966386554627,0.23167319529938446,0.6805669069290161,0.6787083745002747,0.8829138903427529,0.5380535936518852,0.6616359510431965,0.8648328360666547,0.7368590677761224
530,8.0,2.0,1.0,1.0,1,0.4595959595959596,0.15851602023608768,0.20875420875420878,0.6001964807510376,0.7152668833732605,0.5147712726613057,0.7360303061686899,0.8228097887824933,0.25887074852354985,0.5831205290340097
531,3.0,2.0,1.0,0.7777777777777778,2,0.3818073010173548,0.16656680647094066,0.18671454219030523,0.6121367812156677,0.711530864238739,0.2653632857480354,0.6745057828940079,0.6883984264036588,0.19312302297401096,0.45534762950492824
532,6.0,1.0,0.0,1.0,2,0.5953678474114441,0.2987721691678035,0.29291553133514986,0.6941172480583191,0.5612663626670837,0.8982819707696752,0.6413217892944687,0.7243407744274364,0.8783765576039541,0.7855802730238836
533,1.0,2.0,1.0,0.6666666666666666,1,0.5184484389782403,0.1960227272727273,0.21381267738883633,0.6055940389633179,0.6784989237785339,0.8876091176616884,0.5093589986207755,0.7290259755745284,0.873374462454402,0.7498421385778485
534,8.0,2.0,0.0,1.0,2,0.5929203539823009,0.22784810126582278,0.21491782553729458,0.6367072463035583,0.7615157961845398,0.8460041531489895,0.6860993245689501,0.7862682006399814,0.8303504722729441,0.7871805376577162
535,8.0,1.0,1.0,1.0,3,0.5626794258373207,0.20517737296260785,0.21435406698564594,0.6405575275421143,0.5750093460083008,0.10374875622461394,0.6681919933521147,0.6207349976969977,0.20375642491722643,0.3991080430477381
536,8.0,1.0,0.0,0.8888888888888888,2,0.5842696629213483,0.3285821455363841,0.3310861423220974,0.7195621132850647,0.7002653479576111,0.9019689145360071,0.5554713704769172,0.6842165935516039,0.888347649448982,0.7575011320033777
537,13.0,2.0,1.0,0.5555555555555556,1,0.3496143958868894,0.17753001715265865,0.18251928020565553,0.5990802049636841,0.6893893480300903,0.6857567433971223,0.605491169839734,0.7669282402123256,0.5561940812359003,0.6535925586712705
538,1.0,1.0,0.0,1.0,1,0.6503368034292712,0.3077866339668915,0.27556644213104714,0.6830602884292603,0.6760916709899902,0.8146960689095715,0.5431752035664663,0.6408361785294393,0.7992948566938926,0.6995005769248424
539,8.0,1.0,0.0,0.5555555555555556,0,0.41182913472070093,0.22392974753018663,0.24096385542168675,0.6471343636512756,0.8777093291282654,0.1502411195324308,0.901998911906729,0.8960373101693587,0.07582293129472555,0.506025068225811
540,8.0,2.0,1.0,0.7777777777777778,3,0.6083832335329342,0.29256594724220625,0.2826347305389222,0.6730491518974304,0.6963860988616943,0.8198837905332782,0.60380060818417,0.7670810078081084,0.8240864425879877,0.753712962278386
541,13.0,2.0,1.0,0.7777777777777778,3,0.39404869251577995,0.2472924187725632,0.24346257889990985,0.6225348711013794,0.7771080732345581,0.2177225117595826,0.6396219896172106,0.8026788199699777,0.1050398522969861,0.44126579341093924
542,1.0,1.0,0.0,0.7777777777777778,1,0.5059701492537314,0.28080657206870796,0.22014925373134325,0.6655860543251038,0.7220449447631836,0.7689691861112199,0.5763636233179732,0.745299320795029,0.7613899667291362,0.7130055242383395
543,8.0,1.0,0.0,0.8888888888888888,3,0.581989247311828,0.23956931359353967,0.23655913978494622,0.6389279961585999,0.7071273326873779,0.8759124013628782,0.6621321673479833,0.6660505301312235,0.8533371933612467,0.7643580730508329
544,3.0,1.0,1.0,0.625,2,0.5336700336700337,0.2512647554806071,0.2441077441077441,0.6094749569892883,0.6747643947601318,0.9129194927159107,0.6787059282607294,0.7710371332779582,0.6421398446628712,0.7512005997293674
545,8.0,1.0,1.0,0.7777777777777778,3,0.6568730325288562,0.3224789915966386,0.3001049317943337,0.6959959268569946,0.7302550673484802,0.8078361024089633,0.5530860049483002,0.7682850272214881,0.8010475779141736,0.7325636781232313
546,9.0,1.0,1.0,1.0,2,0.6016042780748663,0.3065595716198126,0.2286096256684492,0.5926567912101746,0.6287482976913452,0.7613042523474108,0.5466486887048426,0.6225894554410127,0.768590286190005,0.6747831706708178
