respondentType,rouge1,rouge2,rougeL,bert_f1,align_score,unieval_coherence,unieval_consistency,unieval_fluency,unieval_relevance,unieval_overall
0,0.6175016021639745,0.324576601096292,0.2801990843016025,0.6800365746021271,0.6389938592910767,0.5326940528485299,0.5908986324066666,0.6654104694653915,0.5311761776786279,0.5800448330998039
1,0.5656599178558132,0.27835507782430546,0.239164272280778,0.6446553048106932,0.6945746992864916,0.734644965586626,0.6067110049329104,0.7159329498705952,0.7106501064390767,0.6919847567073021
2,0.5717960182325138,0.2785323884003314,0.24150882641736546,0.6442833309993148,0.684387068108966,0.7534035905978569,0.6084548417034389,0.7133581593612978,0.7338942385585391,0.7022777075552832
3,0.5620326352946731,0.27599727507689314,0.23913144567551065,0.6441249140016325,0.6936005877924489,0.6912321356843384,0.608551502641956,0.720472180970342,0.6851695442827984,0.6763563408948587
4,0.5815071700744265,0.2847321622026911,0.24799764352820328,0.6450446724891663,0.713031005859375,0.8017744214808185,0.6504619843546331,0.714260442090986,0.8019342490711837,0.7421077742494053
