respondentType,rouge1,rouge2,rougeL,bert_f1,align_score,unieval_coherence,unieval_consistency,unieval_fluency,unieval_relevance,unieval_overall
0,0.5864728133665271,0.2917864729984226,0.26089113395215335,0.6563488443692526,0.663996289173762,0.6402795514958445,0.6188409103224152,0.7264739114744238,0.6364439144116818,0.6555095719260913
1,0.5649005801981108,0.2762553656757713,0.2375002069959335,0.64160553582253,0.6829093480783124,0.6821664584759675,0.5954290711912447,0.7037013383750693,0.6686840700024641,0.6624952345111864
2,0.5711201865608341,0.27710781954957947,0.23909224258826123,0.6426703780889511,0.6738439789041877,0.6927358420981018,0.5985388297804076,0.7061849698561439,0.6776896987881766,0.6687873351307075
3,0.5609849332241649,0.27369559060322357,0.23368701782904425,0.6435236236551306,0.6787421028692644,0.6557455006797992,0.5864090927331926,0.7089255269749222,0.6443212296846773,0.6488503375181478
4,0.555337093733423,0.27058345837571446,0.23653709562188308,0.6344224333763122,0.6900517523288727,0.8457675985031363,0.5960732676321383,0.7277843033806033,0.8120838048009436,0.7454272435792053
