decisionDirection,rouge1,rouge2,rougeL,bert_f1,align_score,unieval_coherence,unieval_consistency,unieval_fluency,unieval_relevance,unieval_overall
1.0,0.5617425395088856,0.2742191410340342,0.23688624890108254,0.6439963763451758,0.6777744518436548,0.6624550242378396,0.6020861449875473,0.7072011430750909,0.6439224120496138,0.6539161810875228
2.0,0.5708621442049685,0.2780121728309986,0.23837824941132918,0.6407957965867561,0.6800445000330607,0.7038299680365953,0.5890396511000209,0.7051496705301528,0.6940881859885171,0.6730268689138215
