index,issueArea,decisionDirection,partyWinning,voteDistribution,respondentType,rouge1,rouge2,rougeL,bert_f1,align_score,unieval_coherence,unieval_consistency,unieval_fluency,unieval_relevance,unieval_overall
0,10.0,2.0,0.0,0.625,1,0.23373983739837398,0.11393692777212615,0.12296747967479674,0.6424306631088257,0.5522583723068237,0.03886895992567856,0.5555343838202303,0.6984322026914744,0.26895094189912155,0.3904466220841262
1,8.0,1.0,0.0,0.6666666666666666,1,0.2887864823348694,0.12,0.1566820276497696,0.5959914922714233,0.6175259947776794,0.15725943357237043,0.5527698829881491,0.36965365545512757,0.19864628274558124,0.3195823136903071
2,2.0,1.0,1.0,1.0,2,0.19023136246786634,0.0797940797940798,0.10025706940874035,0.6234883666038513,0.5850590467453003,0.13959273013552376,0.6067192302983143,0.6801983184591728,0.0730159914694202,0.37488156759060776
3,1.0,1.0,0.0,0.6666666666666666,1,0.33035714285714285,0.2110912343470483,0.19464285714285717,0.6640848517417908,0.6719706654548645,0.5926592380999895,0.509802316353253,0.8956257726860714,0.696047924293221,0.6735338128581337
4,8.0,2.0,1.0,1.0,3,0.19786344635392478,0.09669920966992096,0.112401300510915,0.6173319220542908,0.6277375221252441,0.30883742052706453,0.6617044451108649,0.720793068885026,0.22233740774576113,0.47841808556717913
5,7.0,1.0,0.0,0.5555555555555556,3,0.14746987951807228,0.07428847081524362,0.08771084337349398,0.6275744438171387,0.6489842534065247,0.47468609280444224,0.5329024114467814,0.5907586631704226,0.5192456636370171,0.5293982077646658
6,10.0,1.0,0.0,0.5555555555555556,1,0.30510948905109486,0.14473684210526316,0.145985401459854,0.611972987651825,0.5745782852172852,0.08341854854464847,0.491886517290592,0.6876608722824827,0.052318192527459215,0.32882103266129564
7,8.0,1.0,1.0,0.8888888888888888,2,0.381562099871959,0.18228498074454427,0.17157490396927016,0.6514583230018616,0.5629536509513855,0.2856898942372528,0.5923576174560814,0.7373630337848354,0.3005345384038748,0.47898627097051105
8,8.0,1.0,1.0,1.0,2,0.35348837209302325,0.1282051282051282,0.1441860465116279,0.605659544467926,0.515448272228241,0.15540882867860217,0.4153273365229979,0.562621627445918,0.0855141948295072,0.3047179968692563
9,1.0,2.0,1.0,0.5555555555555556,1,0.2296650717703349,0.09101796407185629,0.12320574162679426,0.5643096566200256,0.6998591423034668,0.44633971844139314,0.5651530481539598,0.39688287635577635,0.5615057094786519,0.49247033810744534
10,2.0,2.0,1.0,0.5555555555555556,2,0.36349574632637277,0.17350890782339273,0.1763341067285383,0.6083323359489441,0.5840756893157959,0.05804200244873803,0.5477438943726802,0.3837081210636539,0.08645167769976088,0.26898642389620825
11,9.0,1.0,0.0,0.6666666666666666,1,0.19122609673790775,0.0945945945945946,0.11023622047244096,0.6344054937362671,0.594211995601654,0.18826033824423072,0.6879561076463847,0.46672843028736505,0.39546650453295007,0.4346028451777326
12,5.0,1.0,1.0,0.625,2,0.21567217828900068,0.1007919366450684,0.11358734723220705,0.5613840222358704,0.6152448654174805,0.4745387178502623,0.6897296857274714,0.7586289012606119,0.6021462992571287,0.6312609010238686
13,4.0,2.0,0.0,1.0,3,0.2657161373946857,0.1518494484101233,0.1438755670771225,0.6263269186019897,0.603193998336792,0.2861653540359669,0.48446164049505813,0.804554893891365,0.19341147381717308,0.4421483405598908
14,2.0,1.0,1.0,1.0,1,0.2920830130668716,0.0939183987682833,0.11837048424289007,0.5810277462005615,0.5944138169288635,0.7662957777379054,0.5108906404520058,0.7680814245809255,0.49696430468152736,0.635558036863091
15,1.0,1.0,0.0,0.5555555555555556,1,0.2708074534161491,0.10696517412935323,0.11677018633540372,0.5824892520904541,0.6834537386894226,0.33092780629357066,0.6995921604730588,0.6697009069541255,0.4096529431011891,0.527468454205486
16,8.0,1.0,0.0,1.0,2,0.3309203722854188,0.13678756476683937,0.17993795243019647,0.6036001443862915,0.5583226680755615,0.6454096343118367,0.6583126094410328,0.2519667863190127,0.720732303440722,0.5691053333781511
17,8.0,1.0,0.0,0.75,1,0.15901814300960515,0.0811965811965812,0.10992529348986126,0.5948787927627563,0.6876955032348633,0.4133609981260103,0.633279287858729,0.4733271787122569,0.5023034703840246,0.5055677337702551
18,9.0,1.0,0.0,0.8888888888888888,1,0.26459143968871596,0.13116883116883116,0.13748378728923477,0.6383305191993713,0.5961818099021912,0.778063193434428,0.5785185851291668,0.7172350352155149,0.737037020148931,0.7027134584820102
19,1.0,1.0,0.0,1.0,1,0.4218958611481976,0.27309236947791166,0.28838451268357806,0.6809656620025635,0.5888496041297913,0.11883094698055546,0.41326780992167017,0.48342823240993016,0.16198724984808122,0.2943785597900592
20,12.0,2.0,0.0,0.5555555555555556,1,0.2819314641744548,0.13260530421216848,0.15420560747663553,0.6800206303596497,0.6123457551002502,0.06885497660254403,0.5438109659945435,0.7677939067856321,0.11505323895442766,0.3738782720842868
21,2.0,1.0,1.0,1.0,2,0.26114249843063403,0.12319296040226273,0.13308223477715003,0.6332647204399109,0.42739447951316833,0.0410017673593077,0.43868026566061713,0.45390651104778046,0.062118432503304954,0.24892674414275257
22,3.0,2.0,1.0,1.0,1,0.22211675367821546,0.09596199524940617,0.11865211200759372,0.5243244767189026,0.5394448041915894,0.2871861025855069,0.4300006311204356,0.6020195523613704,0.08194221219174212,0.35028712456476374
23,1.0,1.0,1.0,0.6666666666666666,2,0.3084648493543759,0.15804597701149425,0.1477761836441894,0.5926785469055176,0.6598227620124817,0.5722562567502807,0.5579189105641438,0.7482995861047892,0.2867385059286822,0.5413033148369739
24,2.0,2.0,1.0,1.0,1,0.23611997447351626,0.09968051118210863,0.12252712188895981,0.6067298054695129,0.5978071093559265,0.20044524994086058,0.666888914387442,0.5394363104806464,0.21129636634330118,0.4045167102880625
25,8.0,2.0,0.0,1.0,2,0.3283582089552239,0.14451827242524917,0.17081260364842454,0.6369134783744812,0.6175966858863831,0.7889720186983584,0.5005486071509383,0.6586244398533746,0.7118601243069681,0.6650012975024099
26,2.0,1.0,0.0,0.6666666666666666,1,0.24936386768447835,0.09855564995751913,0.13570822731128074,0.6263588070869446,0.4639730453491211,0.16082815678963164,0.6104318435636727,0.6503624656890422,0.25396187430984524,0.418896085088048
27,9.0,1.0,0.0,1.0,3,0.26590538336052205,0.1486928104575163,0.15823817292006526,0.6448251605033875,0.6325677633285522,0.009944058911869079,0.5994886133219631,0.6872026251593671,0.017580046078288388,0.32855383586787196
28,7.0,1.0,1.0,0.7777777777777778,3,0.24148296593186375,0.11735205616850553,0.11923847695390781,0.6003689765930176,0.585166871547699,0.5937396706031239,0.5672785955153116,0.6643053453652561,0.6875720253894154,0.6282239092182768
29,10.0,2.0,0.0,0.6666666666666666,3,0.28287841191067,0.1507870753935377,0.17038875103391232,0.6096628308296204,0.568524956703186,0.09272969271227756,0.6578415915724578,0.7599961414351848,0.05838195113344841,0.39223734421334217
30,2.0,2.0,1.0,0.5555555555555556,1,0.2176795580110497,0.08628318584070796,0.1160220994475138,0.587902307510376,0.49255338311195374,0.06199045906090109,0.4925739466975316,0.470548066075816,0.11104387657637844,0.28403908710265674
31,2.0,2.0,1.0,0.7777777777777778,1,0.21122112211221122,0.08590308370044053,0.11111111111111112,0.5825347304344177,0.5999458432197571,0.2727113960664077,0.5348660020224353,0.5580536990270412,0.2622923137436149,0.4069808527148748
32,2.0,1.0,1.0,1.0,2,0.23799795709908067,0.09815950920245396,0.13176710929519916,0.6117445826530457,0.6514812707901001,0.16389868211842037,0.5070652079068628,0.33605416928795107,0.16665343432352983,0.293417873409191
33,2.0,2.0,1.0,0.7777777777777778,1,0.3290278721957852,0.16746085772634445,0.1672331747110809,0.6547492146492004,0.5418274998664856,0.3994972480429453,0.5028833220655918,0.7438659579718525,0.5924602646434914,0.5596766981809703
34,9.0,1.0,0.0,0.8888888888888888,2,0.24107850911974624,0.10325655281969819,0.12846946867565426,0.5877268314361572,0.48570501804351807,0.15786811841110993,0.48139009401802757,0.6175841492591422,0.03229872407534197,0.3222852714409054
35,8.0,2.0,1.0,1.0,2,0.2368112543962485,0.0892018779342723,0.12075029308323562,0.5731688737869263,0.6579550504684448,0.42835742915119057,0.6420123447774606,0.6651166478032873,0.20644706753288786,0.4854833723162066
36,2.0,1.0,1.0,0.6666666666666666,2,0.25288620120945576,0.11887727022564666,0.12424409015942826,0.5404455065727234,0.47280260920524597,0.4314258812654577,0.6262141450505695,0.6563469592218056,0.24940900328483337,0.49084899720566655
37,1.0,2.0,1.0,0.5555555555555556,1,0.18795430944963654,0.07484407484407483,0.09345794392523366,0.5811067223548889,0.4970598518848419,0.5189733352923593,0.4898143562885715,0.6679400247026411,0.46836365558898974,0.5362728429681405
38,8.0,2.0,1.0,1.0,2,0.24118476727785612,0.1172316384180791,0.12693935119887165,0.6336297392845154,0.621730387210846,0.6986894716836798,0.6488603229803815,0.5944022495135254,0.7476255769163829,0.6723944052734924
39,1.0,1.0,1.0,0.8888888888888888,2,0.21944692239072255,0.10187667560321716,0.1231043710972346,0.5998225212097168,0.5230287313461304,0.1453526166749282,0.4548793045916862,0.47925446072368916,0.24357987874311712,0.3307665651833552
40,2.0,2.0,1.0,0.5555555555555556,2,0.2577565632458234,0.12903225806451615,0.13842482100238662,0.6112173199653625,0.6309887766838074,0.3118035571540979,0.5005748177698649,0.44825758046591996,0.26691879345120456,0.3818886872102718
41,8.0,1.0,0.0,1.0,1,0.32195975503062113,0.15074496056091147,0.18022747156605423,0.6409736275672913,0.617303729057312,0.5107109136492537,0.5923445985917711,0.2997599081624514,0.5287748264101129,0.48289756170339726
42,10.0,2.0,0.0,0.5555555555555556,1,0.163946587537092,0.0846325167037862,0.08382789317507418,0.6021844148635864,0.6950103044509888,0.39657180704872064,0.5320713260651354,0.765297700415704,0.052310488339581705,0.43656283046728545
43,10.0,2.0,1.0,1.0,1,0.24801271860095392,0.12898089171974522,0.14626391096979333,0.6410248875617981,0.6307018995285034,0.32376858245805945,0.6091795173765753,0.8449926477376939,0.37324460426723266,0.5377963379598903
44,8.0,2.0,0.0,1.0,2,0.264945652173913,0.14285714285714285,0.15217391304347824,0.652070939540863,0.47256946563720703,0.1603712806005557,0.47415718477557633,0.3980943885950005,0.27141036759294745,0.32600830539102
45,1.0,1.0,0.0,0.8888888888888888,1,0.17345597897503287,0.075,0.08672798948751644,0.5400738716125488,0.5438488125801086,0.24422229194394027,0.6375413994450863,0.4418377522762308,0.19899720116066336,0.3806496612064802
46,8.0,1.0,1.0,1.0,1,0.21665815022994378,0.10127877237851662,0.1257026060296372,0.5710806250572205,0.7057314515113831,0.0749528303875972,0.5753823658431576,0.59163300271742,0.06446106166707546,0.3266073151538126
47,2.0,1.0,0.0,1.0,0,0.33515881708652795,0.1778265642151482,0.19934282584884994,0.6397562026977539,0.5960927605628967,0.2887458459334703,0.5482842005808026,0.8182652730184025,0.3116970408027602,0.4917480900838589
48,2.0,1.0,0.0,1.0,1,0.2376887721602101,0.11439842209072978,0.13525935653315826,0.6127661466598511,0.6478011012077332,0.06280046772616589,0.5608485310364023,0.522742625268532,0.025167572980013073,0.2928897992527783
49,2.0,1.0,1.0,1.0,2,0.3298774740810556,0.12653446647780925,0.1413760603204524,0.606319010257721,0.5477038621902466,0.18730649764964807,0.5666638899721462,0.5793799003093262,0.24224789501076793,0.39389954573547215
50,1.0,2.0,1.0,0.7777777777777778,1,0.2544,0.14903846153846154,0.1584,0.634681224822998,0.6505781412124634,0.12553463748453378,0.5858226657766453,0.2704158771255718,0.0696502123917766,0.26285584819463187
51,8.0,1.0,0.0,0.8888888888888888,3,0.19680851063829785,0.09587217043941412,0.11702127659574468,0.5791178345680237,0.6442628502845764,0.573187153289875,0.7521185795480744,0.4963576758032931,0.581182840418835,0.6007115622650193
52,8.0,2.0,1.0,1.0,1,0.42566844919786095,0.21650589496248662,0.19037433155080213,0.6556630730628967,0.5083574056625366,0.024794328162443882,0.4915515236734874,0.4657670068640361,0.037961327875075196,0.25501854664376067
53,2.0,2.0,0.0,0.5555555555555556,3,0.2718052738336714,0.16384563303994584,0.16362407031778228,0.6640311479568481,0.599436342716217,0.169939877890138,0.5335064579742491,0.4990459889054971,0.15126681144642332,0.3384397840540769
54,9.0,2.0,0.0,0.6666666666666666,1,0.40980392156862744,0.15913555992141454,0.19215686274509802,0.606854259967804,0.408136785030365,0.1154889201962781,0.29725603249299304,0.6478028090476557,0.2214509032847871,0.32049966625542853
55,1.0,2.0,1.0,0.8888888888888888,1,0.36807817589576547,0.1241830065359477,0.15635179153094464,0.6058593392372131,0.5606546998023987,0.15217900672105508,0.6572201993264549,0.6537360281857953,0.12155815046363178,0.39617334617423433
56,1.0,2.0,1.0,0.6666666666666666,1,0.19999999999999998,0.129973474801061,0.12450331125827814,0.5797894597053528,0.5575296878814697,0.26546427846053183,0.6759514119323288,0.46487188575213645,0.4409109270246401,0.46179962579240924
57,9.0,1.0,1.0,0.6666666666666666,4,0.31726555652936017,0.15803336259877085,0.16827344434706398,0.6378153562545776,0.5091629028320312,0.5598703100030816,0.5639980903968767,0.6394271586396413,0.7155157124569871,0.6197028178741467
58,3.0,2.0,0.0,0.6666666666666666,2,0.2490442381212452,0.09841443411700382,0.11687602403058436,0.6063199043273926,0.6590989232063293,0.4098554157901339,0.4128873162998499,0.6705442443755119,0.0351454868710391,0.3821081158341337
59,12.0,1.0,0.0,0.5555555555555556,2,0.3853820598006644,0.21975582685904554,0.23255813953488375,0.6433324813842773,0.5328344702720642,0.23465736205412965,0.6146706387919684,0.8127037825950846,0.32988288916643205,0.49797866815190367
60,1.0,2.0,0.0,1.0,2,0.4214876033057851,0.17184265010351968,0.1859504132231405,0.6163519024848938,0.68463134765625,0.1926041246388451,0.4000676974606682,0.5485394594279657,0.1950058860702784,0.3340542918994393
61,2.0,2.0,1.0,0.6666666666666666,1,0.2382133995037221,0.09689440993788821,0.11414392059553351,0.6205853819847107,0.5719529986381531,0.08606162124260613,0.6159725070447674,0.535825794805798,0.28845497732027586,0.3815787251033618
62,1.0,1.0,0.0,0.5555555555555556,1,0.17427385892116182,0.08305020762551907,0.0965673330818559,0.6127411723136902,0.6195635199546814,0.09764147014598162,0.4585138266486286,0.795869237835836,0.0561368691131944,0.3520403509359102
63,1.0,2.0,1.0,1.0,1,0.31768953068592054,0.15551537070524413,0.16064981949458482,0.6318957209587097,0.40948569774627686,0.3954261395386264,0.4699064834853657,0.503695442268304,0.2961376184072321,0.416291420924882
64,13.0,2.0,1.0,0.8888888888888888,1,0.38164754953076113,0.1588296760710554,0.17935349322210636,0.6377689838409424,0.46742504835128784,0.11737274887631247,0.6140872670128775,0.7341480449584946,0.15189570600215432,0.4043759417124598
65,2.0,1.0,1.0,0.5555555555555556,2,0.2653352353780314,0.12285714285714287,0.12838801711840228,0.5947220325469971,0.5671210885047913,0.5733965598618039,0.6876577297161877,0.6014173377529813,0.7331369029751731,0.6489021325765365
66,3.0,2.0,0.0,0.75,2,0.3124504361617763,0.14297061159650518,0.17129262490087233,0.6165708303451538,0.480755090713501,0.022581632585853516,0.47763844280552487,0.2504398778303484,0.08495468608205761,0.20890365982594608
67,1.0,2.0,1.0,0.5555555555555556,1,0.22209096278795035,0.14665878178592548,0.119314825753101,0.5984664559364319,0.7390357851982117,0.22344642488760055,0.6497571215510598,0.6629324984861189,0.11259466619340089,0.4121826777795451
68,8.0,1.0,0.0,1.0,3,0.23705722070844687,0.09004092769440654,0.12397820163487738,0.5982967615127563,0.5850134491920471,0.057306784572458115,0.6473881326735409,0.5770140048599677,0.1050548292244291,0.34669093783259897
69,8.0,1.0,1.0,0.625,3,0.32530120481927716,0.14688128772635817,0.13855421686746988,0.6338480114936829,0.8048781156539917,0.6640614776292788,0.653329975942876,0.8650947354843203,0.6988953656618314,0.7203453886795765
70,10.0,2.0,1.0,1.0,1,0.2913256955810148,0.1016393442622951,0.13584288052373159,0.5723063349723816,0.5692794322967529,0.12653394772852547,0.6432722493840939,0.5823904770451798,0.3777146474185631,0.43247783039409055
71,8.0,2.0,0.0,0.6666666666666666,3,0.2308265078183172,0.09097688292319166,0.10871183916604617,0.6117419600486755,0.5500879883766174,0.1058787934717223,0.6004083733538169,0.5064287007205129,0.16734230685789483,0.3450145436009867
72,2.0,2.0,0.0,0.7777777777777778,3,0.3183391003460207,0.15077989601386482,0.16089965397923875,0.6428822875022888,0.44040122628211975,0.5435941904453774,0.6399034626653253,0.6356759630666754,0.5470163445742832,0.5915474901879153
73,4.0,1.0,1.0,1.0,1,0.27718832891246686,0.12749003984063745,0.143236074270557,0.6128747463226318,0.5624386072158813,0.013160730306018928,0.4150703246730194,0.5742713114841306,0.016690634219930583,0.2547982501707749
74,1.0,1.0,1.0,1.0,2,0.2985074626865672,0.14162077104642015,0.1539670070699136,0.6039403080940247,0.7450393438339233,0.15575441864784406,0.6357657602010172,0.6064502314749478,0.2626132328947939,0.41514591080465074
75,1.0,2.0,1.0,0.6666666666666666,1,0.31873479318734793,0.17417783191230204,0.14841849148418493,0.592781126499176,0.6589546203613281,0.2127787687821522,0.5930452739246345,0.7670176899364395,0.16940894878260848,0.4355626703564586
76,8.0,1.0,0.0,1.0,4,0.31358885017421606,0.13736903376018628,0.15563298490127758,0.6320244669914246,0.7284449934959412,0.41919500846164887,0.7080082328479483,0.6218509368079161,0.4212800518762662,0.5425835574984449
77,8.0,2.0,1.0,1.0,2,0.30177514792899407,0.14031620553359683,0.16765285996055226,0.5935733914375305,0.5622978210449219,0.26344881880470983,0.5359522082588568,0.16190698820183272,0.2890335323095971,0.3125853868937491
78,2.0,2.0,1.0,1.0,2,0.26628075253256145,0.1579710144927536,0.1678726483357453,0.6043983697891235,0.685626208782196,0.16985347531374864,0.6270122612266956,0.7379556705648689,0.3536194405209179,0.4721102119065577
79,1.0,1.0,0.0,0.7777777777777778,1,0.30954587581093607,0.13927576601671307,0.15199258572752547,0.6222544312477112,0.616306722164154,0.3366366684081293,0.592914707450714,0.5065381069540165,0.5212967032384083,0.48934654651281695
80,9.0,1.0,0.0,0.6666666666666666,1,0.31378763866877973,0.12698412698412698,0.1584786053882726,0.6220847964286804,0.6442282199859619,0.05339743681157154,0.5034897940018411,0.5049905119771617,0.05749143298028871,0.27984229394271576
81,9.0,1.0,1.0,0.5555555555555556,3,0.30383711824588877,0.16470588235294117,0.1879404855129209,0.6388074159622192,0.616870105266571,0.20526733438346945,0.5993550838760511,0.6458531841454613,0.30184557509288884,0.43808029437446766
82,9.0,1.0,1.0,0.5555555555555556,2,0.3811357074109721,0.13886210221793635,0.17324350336862368,0.6168811917304993,0.6455196738243103,0.22180723985831455,0.5243222241008658,0.5844346983171027,0.2758072444589908,0.4015928516838184
83,10.0,2.0,0.0,1.0,2,0.25891677675033026,0.12037037037037038,0.14266842800528404,0.6022483706474304,0.6400009989738464,0.18641642166931355,0.664533950448561,0.4897506538412433,0.47457033542121285,0.45381784034508266
84,8.0,2.0,1.0,0.875,3,0.2799160251924423,0.1401541695865452,0.1385584324702589,0.656732439994812,0.5095131993293762,0.4960766609787331,0.5674673937749725,0.6970284577672651,0.4543864492837589,0.5537397404511825
85,1.0,2.0,1.0,0.8888888888888888,1,0.27339084273390846,0.14485049833887043,0.15262110152621103,0.643197774887085,0.5286171436309814,0.20176083050669727,0.506455202641105,0.6001529155623906,0.3100087634478542,0.40459442803951173
86,1.0,2.0,1.0,0.8888888888888888,1,0.30444611906556135,0.14339622641509434,0.16428033157498115,0.6560091972351074,0.6546434164047241,0.2729566880067454,0.6189899971121189,0.6691679624568877,0.4741901325328842,0.5088261950271591
87,2.0,1.0,1.0,0.875,1,0.2893175074183976,0.14710252600297175,0.14985163204747773,0.636265754699707,0.5901121497154236,0.020548782277316133,0.540116018631023,0.5936360738291859,0.07098097847118769,0.3063204633021782
88,1.0,1.0,1.0,1.0,2,0.2836624775583483,0.12769784172661872,0.14721723518850988,0.6014008522033691,0.708358883857727,0.589716198870303,0.5338754789542934,0.6320926896034436,0.5561556010223959,0.577959992112609
89,1.0,2.0,0.0,0.5555555555555556,2,0.3994910941475827,0.12755102040816327,0.16284987277353688,0.604824423789978,0.7873445153236389,0.09089281318378706,0.5592750714676531,0.526589387404155,0.22970189161733678,0.351614790918233
90,1.0,2.0,1.0,0.625,3,0.24445851804939836,0.08497146480659482,0.11779607346421787,0.5765545964241028,0.5379137396812439,0.24374536048198178,0.4861838277065166,0.6630474787645708,0.5491191893508722,0.48552396407598536
91,8.0,2.0,1.0,1.0,4,0.26521460602178093,0.12187299550994227,0.11915438821268419,0.5984911918640137,0.5520792603492737,0.6539634984087164,0.6618529514230593,0.6745627488072967,0.586174715879627,0.6441384786296749
92,8.0,2.0,1.0,1.0,1,0.2726530612244898,0.1618969746524939,0.15999999999999998,0.6333579421043396,0.6016933917999268,0.4215246945489317,0.49404316811115806,0.5987894261027144,0.527153904411266,0.5103777982935176
93,7.0,1.0,1.0,0.5555555555555556,2,0.2771179730799683,0.15384615384615383,0.14251781472684086,0.6308387517929077,0.5936437249183655,0.01637201035842874,0.5300315481692314,0.6891696312036028,0.06507731365880363,0.3251626258475166
94,10.0,1.0,1.0,1.0,2,0.3551724137931035,0.16062176165803108,0.18275862068965518,0.6204938888549805,0.5772765874862671,0.6839868836832738,0.5133282623347035,0.6558287607734349,0.6701777017058487,0.6308304021243153
95,1.0,2.0,1.0,0.6666666666666666,1,0.30089717046238784,0.16586040082930198,0.1739130434782609,0.6322148442268372,0.5833048224449158,0.4558192490591849,0.5244114138478198,0.6576490092657756,0.6945484105215518,0.5831070206735831
96,10.0,2.0,0.0,1.0,2,0.28801287208366855,0.13215149073327961,0.16572807723250202,0.6380720734596252,0.527830958366394,0.10253282788068246,0.4610790669446027,0.5420790563599407,0.27857768752777967,0.34606715967825136
97,9.0,1.0,0.0,0.5555555555555556,2,0.22683885457608086,0.1045531197301855,0.11454239191465469,0.6117497086524963,0.5538177490234375,0.32159557357262686,0.5476663912151962,0.5610670980742363,0.3075160529366554,0.4344612789496787
98,4.0,2.0,1.0,1.0,1,0.30494728304947283,0.14297319252640128,0.1654501216545012,0.6531623005867004,0.4530365765094757,0.6463869628721511,0.6340985423604022,0.8750605062188741,0.7491860110154315,0.7261830056167148
99,1.0,1.0,1.0,1.0,2,0.2996363636363636,0.15586307356154408,0.1818181818181818,0.6482464671134949,0.5841270089149475,0.07106940337895812,0.4589217299047694,0.5061191033434709,0.31734521310528074,0.3383638624331198
100,8.0,2.0,1.0,0.6666666666666666,3,0.2411594202898551,0.11027278003482298,0.12753623188405797,0.6199687719345093,0.647398054599762,0.16272606919344684,0.5770622953498658,0.5384180047087181,0.07582970804072431,0.3385090193231888
101,2.0,2.0,1.0,1.0,1,0.2745376955903272,0.15669515669515668,0.1678520625889047,0.6773009896278381,0.5856022834777832,0.6027963965862735,0.5662808154924344,0.8077530870703853,0.6704837122886141,0.6618285028594268
102,4.0,2.0,1.0,0.5555555555555556,1,0.25479282622139765,0.10773993808049537,0.12739641311069883,0.599432647228241,0.6437013745307922,0.4224980512082509,0.4915552039955955,0.6514008017810763,0.44281411466932014,0.5020670429135607
103,8.0,1.0,1.0,1.0,1,0.269694819020582,0.13219616204690832,0.14052519517388218,0.6504676342010498,0.5475356578826904,0.30882974412808534,0.5895791031340522,0.6843222819486287,0.17701568826625833,0.4399367043692561
104,8.0,1.0,1.0,1.0,3,0.39836289222373805,0.2106703146374829,0.19099590723055934,0.6403689980506897,0.6570149064064026,0.18678439707546682,0.7632167904827943,0.5550735021792284,0.2032515961422366,0.4270815714699315
105,4.0,2.0,1.0,0.7777777777777778,1,0.33206974981046244,0.13363705391040245,0.15466262319939347,0.5788090229034424,0.5687923431396484,0.11730459155266011,0.5949461806630075,0.2499650016022781,0.11227503218989413,0.26862270150196
106,6.0,1.0,1.0,0.5555555555555556,2,0.25588066551921973,0.11257897759908098,0.12966150315547903,0.6083337068557739,0.6700067520141602,0.3329727813663596,0.5971546863130164,0.6863172146002734,0.3798767691762304,0.49908036286396995
107,8.0,1.0,0.0,0.7777777777777778,3,0.2606013878180416,0.13127413127413126,0.14803392444101773,0.6443557143211365,0.542027473449707,0.45799425542853717,0.5906798629216216,0.42813747476632996,0.37577579868707667,0.46314684795089134
108,1.0,1.0,1.0,0.5555555555555556,2,0.27168234064785785,0.10878661087866108,0.12852664576802508,0.5867319703102112,0.590516984462738,0.30614648688837026,0.5683203993437599,0.46502372716724866,0.13193689454941418,0.3678568769871982
109,5.0,1.0,0.0,1.0,1,0.29279279279279274,0.11578947368421053,0.13963963963963963,0.6341425776481628,0.6836602687835693,0.305946005615519,0.6239649817213022,0.3534312964377282,0.6019845029217806,0.4713316966740825
110,1.0,2.0,1.0,0.5555555555555556,1,0.283433133732535,0.11325782811459027,0.1370592149035263,0.5752178430557251,0.6006901860237122,0.245965809154946,0.5679717082487937,0.4117797496236595,0.26426495276579126,0.3724955549482976
111,1.0,1.0,1.0,1.0,2,0.2642007926023778,0.12698412698412698,0.1439894319682959,0.6188810467720032,0.6499416828155518,0.308411863927815,0.6131399931657041,0.6380139892440807,0.28883947349739514,0.4621013299587487
112,8.0,1.0,1.0,1.0,1,0.436183395291202,0.19627329192546583,0.22057001239157373,0.6385437250137329,0.5101357102394104,0.2820188353856721,0.581137571215026,0.36750844243738,0.17542087127661105,0.35152143007867226
113,1.0,2.0,0.0,0.5555555555555556,2,0.17619986850756084,0.09611586570111917,0.08547008547008549,0.5692569017410278,0.723770797252655,0.10262355399322834,0.5368985951711344,0.42185934578610196,0.09595047488234411,0.28933299245820215
114,2.0,2.0,1.0,0.7777777777777778,1,0.26580459770114945,0.12086330935251798,0.13074712643678163,0.615420401096344,0.4722321927547455,0.2163991857330124,0.5997309158765092,0.6159175960817722,0.24244650945772558,0.41862355178725486
115,10.0,2.0,1.0,0.5555555555555556,2,0.2883577486507325,0.10347490347490346,0.13878180416345412,0.5662867426872253,0.5313806533813477,0.22347275972754474,0.5048164224708132,0.6774205776864226,0.19226596575239085,0.39949393140929285
116,8.0,1.0,0.0,1.0,2,0.35603345280764637,0.17485029940119762,0.16726403823178015,0.6521233320236206,0.6324605345726013,0.7511352186272728,0.5624544013429286,0.6073740171695411,0.6618445255876679,0.6457020406818526
117,1.0,2.0,1.0,0.5555555555555556,1,0.2954545454545454,0.13788487282463188,0.1510695187165775,0.600810170173645,0.5868340730667114,0.2470237399845599,0.5454784851898065,0.37566177868857326,0.3010898714004319,0.36731346881584287
118,12.0,2.0,1.0,1.0,1,0.37386569872958253,0.20363636363636364,0.21234119782214156,0.6434842944145203,0.5131567716598511,0.11455063927550264,0.39626631132020057,0.5391088699931322,0.2060093950106325,0.313983803899867
119,1.0,1.0,1.0,1.0,2,0.27473958333333337,0.12385919165580182,0.14062500000000003,0.6300230026245117,0.6453570127487183,0.4614503511259772,0.579327813001547,0.6125973548209017,0.6089613329613973,0.5655842129774559
120,1.0,1.0,0.0,0.5555555555555556,1,0.33727344365642237,0.16732438831886343,0.17809298660362488,0.6547669768333435,0.6419644951820374,0.47427572376214244,0.6082857243588313,0.5516262110136276,0.11163596309624421,0.4364559055577114
121,9.0,2.0,1.0,1.0,2,0.22064516129032255,0.09043927648578812,0.1135483870967742,0.6072725653648376,0.5898667573928833,0.013647992768175231,0.5563916670848156,0.527784084470483,0.01896656903929378,0.27919757834069187
122,6.0,2.0,0.0,1.0,2,0.26953748006379585,0.14696485623003197,0.17543859649122812,0.6382078528404236,0.6546434760093689,0.5630441798544193,0.671145111108877,0.43603129098073473,0.6531488452077527,0.5808423567879459
123,1.0,2.0,1.0,1.0,1,0.3358946212952799,0.14521452145214522,0.14050493962678376,0.6077151894569397,0.6029772162437439,0.24725226893767116,0.5620745794089556,0.7357401120014121,0.4080879425271955,0.48828872571880855
124,2.0,1.0,1.0,0.5555555555555556,1,0.23847376788553265,0.1156498673740053,0.13566507684154744,0.5911216735839844,0.5977358222007751,0.1387885645525376,0.6596394230836287,0.6262155117944177,0.1245965157654231,0.3873100037990018
125,1.0,1.0,0.0,1.0,1,0.44927536231884063,0.2106537530266344,0.20048309178743962,0.655080258846283,0.5007078051567078,0.19707515285721144,0.46557211407078175,0.8703035705745417,0.23176408579500868,0.4411787308243859
126,9.0,2.0,1.0,1.0,2,0.36609336609336607,0.14778325123152708,0.20393120393120392,0.6249924302101135,0.4492092728614807,0.5039161863871544,0.42622047324606777,0.5439969444951837,0.5658427266461408,0.5099940826936367
127,10.0,2.0,0.0,1.0,1,0.2184873949579832,0.09983174425126191,0.11988795518207283,0.617757260799408,0.5578182339668274,0.4820118803392414,0.6615098594790357,0.6170355440402737,0.6620716276057352,0.6056572278660715
128,2.0,2.0,1.0,0.5555555555555556,2,0.28273615635179156,0.16438356164383558,0.15765472312703582,0.648050844669342,0.6223092675209045,0.35162275511259034,0.6465726609981185,0.6948085031066292,0.4073084848619051,0.5250781010198108
129,5.0,1.0,1.0,1.0,2,0.4115432873274781,0.20628930817610064,0.2107904642409034,0.6333140730857849,0.6382280588150024,0.079027684333558,0.6065284052321234,0.2670330317708397,0.10222285217998134,0.2637029933791256
130,1.0,1.0,1.0,1.0,2,0.23730886850152907,0.11512553582363748,0.13333333333333333,0.6120387315750122,0.5751755833625793,0.3536502263589022,0.6124355951844722,0.559370757305276,0.47498606503168006,0.5001106609700826
131,1.0,1.0,1.0,0.7777777777777778,2,0.3257261410788382,0.1496881496881497,0.15560165975103737,0.6341832876205444,0.5924633145332336,0.35703759803544943,0.5047515147024724,0.5025113111417921,0.47792238059389675,0.4605557011184027
132,4.0,2.0,0.0,0.5555555555555556,2,0.25358324145534733,0.11258278145695365,0.1256890848952591,0.5990052223205566,0.5228374004364014,0.014259597800767368,0.5237195859557032,0.6649347087276715,0.015897370932836788,0.3047028158542447
133,2.0,1.0,1.0,0.5555555555555556,2,0.23052959501557632,0.08608858390517779,0.11713395638629284,0.5688323974609375,0.6904599666595459,0.4073620280244909,0.6391027804514529,0.4846894835727248,0.450456948493046,0.4954028101354287
134,8.0,1.0,0.0,0.5555555555555556,2,0.20583717357910905,0.11384615384615383,0.11059907834101382,0.609072208404541,0.6840566992759705,0.428134742955478,0.5852302945583842,0.49967277346238637,0.42419354434932377,0.48430783883139306
135,2.0,1.0,0.0,0.5555555555555556,1,0.30335097001763667,0.11837455830388693,0.14814814814814817,0.6072950959205627,0.6311165690422058,0.28583526267423115,0.5609212827081823,0.4105746897555883,0.30788930713124946,0.3913051355673128
136,10.0,2.0,0.0,0.6666666666666666,2,0.3205128205128205,0.16547788873038516,0.16096866096866097,0.6398820281028748,0.6467873454093933,0.5701523745490872,0.5367072825584845,0.492769084259806,0.475290265882547,0.5187297518124812
137,8.0,1.0,1.0,0.6666666666666666,4,0.24165707710011505,0.12327188940092165,0.143843498273878,0.6344119906425476,0.6768002510070801,0.15397774328043848,0.5838029402565122,0.7724815894852787,0.5505388680503072,0.5152002852681341
138,1.0,2.0,0.0,0.5555555555555556,1,0.33669354838709675,0.1111111111111111,0.14919354838709678,0.5970650315284729,0.6283285617828369,0.2118481242584428,0.6699041541120709,0.5693094435200108,0.20515013183563227,0.4140529634315392
139,3.0,2.0,1.0,0.6666666666666666,2,0.1933570581257414,0.08788598574821853,0.10320284697508897,0.5705087184906006,0.5581368803977966,0.2941920454777104,0.6049166329882028,0.575914434930916,0.29211724449030624,0.4417850894717838
140,8.0,2.0,0.0,1.0,0,0.30549607423269093,0.17155110793423875,0.17701641684511063,0.6183031797409058,0.6911969780921936,0.6478414180126992,0.703141115388459,0.5503462080290056,0.7400009161270215,0.6603324143892964
141,5.0,2.0,0.0,0.875,2,0.34625322997416025,0.11917098445595856,0.14728682170542634,0.6067363023757935,0.6221653819084167,0.8898362749920189,0.6328874578578757,0.779904159293038,0.8007921149945406,0.7758550017843683
142,9.0,2.0,1.0,1.0,4,0.25753768844221103,0.14465408805031446,0.1444723618090452,0.6148472428321838,0.5641180872917175,0.08796832048824917,0.5935557240587266,0.7313702093924398,0.3836271577198301,0.4491303529148114
143,8.0,1.0,1.0,0.7777777777777778,1,0.2291407222914072,0.10099750623441396,0.1295143212951432,0.5719799399375916,0.6317959427833557,0.2428487131563251,0.6850892637875164,0.2796839243797821,0.3821890568110769,0.39745273953367516
144,1.0,2.0,1.0,1.0,1,0.2665726375176305,0.1002824858757062,0.14245416078984485,0.5291209816932678,0.6714358925819397,0.21323798927994822,0.7152637253206912,0.21760362043768022,0.2147133565279697,0.34020467289157236
145,1.0,2.0,1.0,1.0,1,0.3365906623235613,0.14363438520130578,0.15635179153094464,0.604016900062561,0.5947642922401428,0.5621178630883485,0.6185162795520719,0.31442051627500395,0.34856003617548925,0.4609036737727284
146,1.0,1.0,1.0,1.0,2,0.3263946711074105,0.14178482068390325,0.15487094088259784,0.6445986032485962,0.5157473087310791,0.32395511377067904,0.6428916948221673,0.561445113676318,0.3229675444956226,0.46281486669119676
147,3.0,2.0,0.0,0.5555555555555556,3,0.16679657053780203,0.093603744149766,0.09431021044427124,0.6201361417770386,0.6093343496322632,0.046229101810982325,0.47254955044097696,0.5716826179676588,0.06906676272629945,0.2898820082364794
148,8.0,2.0,0.0,0.7777777777777778,2,0.24696356275303646,0.13243243243243244,0.1565452091767881,0.6561501622200012,0.6037179231643677,0.09887856190227225,0.5668133991633326,0.6882438021745395,0.21499611835152027,0.39223297039791616
149,10.0,2.0,1.0,0.7777777777777778,2,0.2672727272727273,0.10018214936247721,0.13272727272727275,0.5776045322418213,0.4902415871620178,0.28948441001434577,0.4450490083819304,0.35712987469478413,0.40224506678795935,0.3734770899697549
150,4.0,2.0,1.0,1.0,3,0.2300531914893617,0.0892143808255659,0.11702127659574468,0.558698832988739,0.6719692945480347,0.12531324223876225,0.6112720529863903,0.32922519851894366,0.2705172294942594,0.3340819308095889
151,8.0,2.0,1.0,0.75,3,0.19434306569343066,0.08767123287671232,0.10583941605839416,0.6079369783401489,0.5659208297729492,0.2037627169222557,0.7151925708318103,0.6460252920387819,0.12489943135576845,0.4224700027871541
152,8.0,2.0,0.0,1.0,2,0.31673469387755104,0.15862632869991822,0.15020408163265309,0.6253270506858826,0.5891185402870178,0.07608794956250362,0.6830892492443216,0.7201776719575551,0.045620767945598974,0.38124390967749483
153,1.0,1.0,0.0,0.6666666666666666,1,0.34501845018450183,0.18484288354898337,0.1808118081180812,0.6134961247444153,0.729224681854248,0.6919861624893023,0.6308266756520255,0.8833350483231438,0.8728556868766841,0.769750893335289
154,8.0,1.0,1.0,1.0,2,0.26975259377494015,0.09432454036770585,0.1372705506783719,0.6031374335289001,0.570937991142273,0.06947350555208459,0.5909394248537718,0.21928137264963452,0.11854810627431199,0.24956060233245073
155,1.0,2.0,1.0,0.5555555555555556,1,0.29347826086956524,0.14463452566096424,0.1661490683229814,0.6234181523323059,0.6804919838905334,0.30806182351031003,0.6127274310062323,0.6530673083648415,0.3074713375040673,0.4703319750963628
156,8.0,1.0,1.0,1.0,2,0.21563088512241055,0.13195098963242224,0.12617702448210924,0.6318761706352234,0.5657041072845459,0.13398033582781962,0.5066565328295387,0.7664534883754022,0.13399785301689274,0.3852720525124133
157,7.0,1.0,1.0,0.5555555555555556,1,0.2046004842615012,0.07636363636363636,0.10411622276029055,0.5832617878913879,0.6728322505950928,0.2171353711517094,0.6344005498702974,0.7507698307998885,0.20759593920738065,0.452475422757319
158,8.0,1.0,0.0,1.0,3,0.2828136330674402,0.11909949164851125,0.15228426395939085,0.6096151471138,0.6390311121940613,0.17881355541992427,0.6471037171679338,0.23827791095379414,0.13823305967537422,0.30060706080425664
159,6.0,2.0,1.0,1.0,2,0.5046728971962616,0.22500000000000003,0.23052959501557632,0.6566959023475647,0.6256945133209229,0.0839669726951974,0.6649464392768925,0.533040736529316,0.11272317872053271,0.34866933180548465
160,1.0,1.0,0.0,0.6666666666666666,1,0.3204903677758319,0.09649122807017543,0.14711033274956217,0.6116664409637451,0.5820424556732178,0.07255631935323771,0.5729443075524477,0.5051395635715197,0.19791365552389054,0.33713846150027393
161,1.0,1.0,1.0,1.0,2,0.3561904761904762,0.15458015267175573,0.1523809523809524,0.621615469455719,0.5041463375091553,0.1277286975089545,0.47958183003463145,0.6472748167448293,0.21599400824170753,0.3676448381325307
162,3.0,1.0,0.0,1.0,1,0.31310861423220976,0.14703675918979747,0.16329588014981272,0.5823588967323303,0.5554512143135071,0.21865427056472567,0.6644178608806285,0.4616913619345285,0.41660575530554694,0.4403423121713574
163,8.0,2.0,1.0,1.0,2,0.3101503759398496,0.10357815442561207,0.14661654135338348,0.5901980996131897,0.6101964116096497,0.021500500577909698,0.6042128266589512,0.3362684816337242,0.03585879502704455,0.24946015097440744
164,5.0,2.0,1.0,0.6666666666666666,3,0.20516499282639883,0.10057471264367815,0.1319942611190818,0.6119152903556824,0.6356122493743896,0.5395215266514912,0.5555275306478686,0.5070878620117028,0.5553311263005096,0.539367011402893
165,9.0,2.0,0.0,1.0,3,0.266878474980143,0.07955449482895784,0.14138204924543288,0.5796239376068115,0.5414890646934509,0.36675965365483626,0.5109736831263098,0.3652660812225358,0.5187537202903162,0.44043828457349943
166,8.0,2.0,1.0,1.0,2,0.41850683491062046,0.18756585879873552,0.15562565720294427,0.6283292770385742,0.46500834822654724,0.07680355422574456,0.5095724536329211,0.6173902705712841,0.21214172729677272,0.35397700143168065
167,1.0,1.0,0.0,1.0,1,0.3135245901639344,0.14989733059548255,0.1598360655737705,0.6504384279251099,0.5482072234153748,0.5411983709976086,0.5927162989178826,0.4782051672805736,0.4071759906984643,0.5048239569736322
168,2.0,2.0,0.0,1.0,2,0.28896797153024906,0.14540270848182468,0.16227758007117435,0.6158497929573059,0.4723754823207855,0.06542519518925145,0.5817142367677259,0.5757643783438927,0.13107044027571427,0.3384935626441461
169,5.0,1.0,1.0,1.0,1,0.22164140094093046,0.10047095761381476,0.13382122320961837,0.6087691783905029,0.5785219073295593,0.07840541481455575,0.5818716982072444,0.5171827118010306,0.10581827497287091,0.3208195249489254
170,3.0,1.0,1.0,0.5555555555555556,1,0.1781443298969072,0.08666941807676434,0.09649484536082474,0.6030166149139404,0.5372353196144104,0.17564646326365296,0.5124469215009217,0.598868517071696,0.044341177890152315,0.3328257699316058
171,8.0,2.0,1.0,1.0,2,0.2859387274155538,0.10542879622344609,0.1272584446190102,0.6127787828445435,0.5775561928749084,0.34236738148563733,0.47967228276001506,0.8190352528684287,0.6202449812800676,0.5653299745985372
172,2.0,2.0,0.0,0.5555555555555556,3,0.2825719120135364,0.08813559322033897,0.13874788494077833,0.6177368760108948,0.5802004933357239,0.6383596561799966,0.6256861033136785,0.5504906192175181,0.7816824115110974,0.6490546975555727
173,9.0,1.0,1.0,1.0,3,0.32876712328767127,0.17225609756097562,0.1841704718417047,0.6462758779525757,0.5193503499031067,0.48267180227204043,0.5365951416988142,0.6856195369197836,0.36856737786661115,0.5183634646893123
174,13.0,1.0,0.0,1.0,3,0.19244288224956063,0.09850483729111698,0.10984182776801406,0.5999583005905151,0.7004287242889404,0.4978268690155823,0.5478033696667212,0.5284715509139549,0.4831057361871863,0.5143018814458612
175,8.0,2.0,1.0,1.0,2,0.26655764513491415,0.13431613431613432,0.16026165167620604,0.5924838781356812,0.5468097925186157,0.254604692063216,0.6801905554645734,0.6595419067805333,0.44865048675342245,0.5107469102654363
176,10.0,2.0,1.0,1.0,3,0.23958333333333334,0.11994784876140807,0.12369791666666667,0.6125063896179199,0.6370322704315186,0.7421794870686828,0.6375653568608438,0.7011833378432875,0.6748701895662831,0.6889495928347742
177,6.0,2.0,1.0,1.0,3,0.2891566265060241,0.13078470824949698,0.142570281124498,0.6148228049278259,0.5866320133209229,0.5120652930122153,0.6782665339236924,0.6114919615221283,0.5150139267298441,0.57920942879697
178,8.0,1.0,1.0,0.5555555555555556,1,0.23008849557522124,0.11002331002331002,0.12668840242198415,0.6039204001426697,0.653576672077179,0.26384869157494767,0.4725872008910683,0.7852303821318342,0.4371827600837943,0.48971225867041107
179,8.0,2.0,1.0,0.6666666666666666,4,0.17497348886532343,0.07643312101910828,0.09331919406150584,0.6139964461326599,0.5635793805122375,0.4905785081307439,0.5502280971985269,0.30770127198399827,0.465037497104311,0.453386343604395
180,2.0,1.0,1.0,1.0,2,0.3017241379310345,0.12230215827338128,0.12931034482758622,0.5858625173568726,0.6509167551994324,0.7866252988258267,0.540902663606549,0.7262913519346257,0.738058952872154,0.6979695668097889
181,8.0,2.0,1.0,1.0,3,0.2699228791773779,0.11583011583011583,0.12467866323907455,0.6061223745346069,0.6602567434310913,0.5733708848684204,0.5187423102619569,0.49112976137515557,0.6454660218557833,0.557177244590329
182,1.0,1.0,0.0,0.5555555555555556,1,0.3522167487684729,0.16296296296296295,0.2266009852216749,0.6235413551330566,0.6846511363983154,0.5304267097326137,0.5824895117014364,0.49894619348688807,0.5614089610662439,0.5433178439967955
183,1.0,2.0,1.0,1.0,1,0.2207163601161665,0.0939922480620155,0.12100677637947727,0.5704978108406067,0.5614964365959167,0.11680778966306353,0.5240941148299272,0.6160773772312106,0.10918427277356686,0.341540888624442
184,1.0,1.0,0.0,1.0,1,0.406392694063927,0.18306636155606407,0.1986301369863014,0.6316741108894348,0.6633248925209045,0.13180785257002015,0.6561917086527557,0.6271950311558541,0.2376296572644718,0.4132060624107754
185,1.0,2.0,1.0,0.7777777777777778,1,0.32509505703422054,0.13333333333333333,0.1444866920152091,0.5989989638328552,0.551293671131134,0.6326008971149092,0.4986153279207419,0.5964975991753467,0.6581921930203968,0.5964765043078487
186,7.0,1.0,0.0,1.0,3,0.22650602409638554,0.08849557522123894,0.12851405622489961,0.5829243659973145,0.6838569045066833,0.2380939608336461,0.7638223261068691,0.41956585117058987,0.5102440087984862,0.48293153672739775
187,2.0,1.0,1.0,0.75,2,0.1872278664731495,0.08932461873638343,0.10740203193033382,0.6191054582595825,0.627091646194458,0.5113324901753177,0.4887496042677241,0.3655813277455987,0.17686329051202432,0.3856316781751662
188,2.0,1.0,1.0,0.5555555555555556,2,0.2265907915157786,0.09114448472294148,0.1065700982928091,0.6110924482345581,0.5125167369842529,0.10227215577523303,0.5018133021229914,0.5874387879484684,0.019508295786142223,0.3027581354082088
189,9.0,2.0,1.0,1.0,3,0.30651340996168586,0.14428242517267845,0.15478927203065135,0.5969168543815613,0.583110511302948,0.7252772607790473,0.5430340111307546,0.7472305566302114,0.8375888965451327,0.7132826812712865
190,9.0,2.0,1.0,1.0,2,0.29737609329446063,0.08958130477117818,0.15160349854227406,0.5709022283554077,0.6386160254478455,0.14642357108143478,0.6462202006862483,0.5491348643981782,0.20063027799031194,0.3856022285390433
191,3.0,1.0,1.0,0.5555555555555556,2,0.26425438596491224,0.10867178924259058,0.1381578947368421,0.5996100902557373,0.4997445344924927,0.08862359633649333,0.4112849891140779,0.7375122741332624,0.043765198206463136,0.3202965144475742
192,1.0,1.0,1.0,1.0,2,0.3639705882352941,0.16390423572744017,0.17279411764705882,0.6469276547431946,0.5632261633872986,0.21774284061857624,0.5168490670054682,0.5267030183338031,0.29718159712774384,0.3896191307713978
193,1.0,1.0,1.0,1.0,2,0.2712195121951219,0.13294232649071358,0.1424390243902439,0.6314948797225952,0.608238697052002,0.10779443583443994,0.6108344927859204,0.18139975034015907,0.11291098455570897,0.2532349158790571
194,12.0,2.0,1.0,1.0,3,0.37719298245614036,0.14411247803163446,0.17368421052631577,0.6241487860679626,0.5814205408096313,0.5839916767424138,0.5191455922110547,0.44405823919592724,0.4453558729700433,0.49813784527985977
195,12.0,2.0,1.0,1.0,2,0.3224181360201511,0.1345668629100084,0.14609571788413098,0.5339170694351196,0.5711564421653748,0.32506865935969115,0.48652014469497457,0.6305114412217762,0.38039404179029535,0.4556235717666843
196,8.0,2.0,0.0,0.7777777777777778,1,0.2541363335539378,0.09410205434062292,0.11250827266710788,0.6398221850395203,0.6115720868110657,0.18002229893356309,0.39468049976693126,0.5908443321633112,0.0931310780533665,0.31466955222929305
197,4.0,2.0,1.0,1.0,2,0.38167938931297707,0.14863387978142076,0.15921483097055614,0.611732006072998,0.6840713620185852,0.3351403889446249,0.6969606641712028,0.5752171684632377,0.24583935416016006,0.46328939393480634
198,1.0,1.0,1.0,0.6666666666666666,2,0.2981243830207305,0.11671612265084075,0.16979269496544913,0.6287218332290649,0.630530595779419,0.784046019586589,0.5923483462296846,0.58843190270827,0.6181992597738074,0.6457563820745877
199,3.0,1.0,1.0,1.0,2,0.23657211828605915,0.09788519637462235,0.1303560651780326,0.5863351225852966,0.6422422528266907,0.6842299340157807,0.64236400290927,0.4729144649136143,0.7029217284201988,0.625607532564716
200,8.0,2.0,1.0,0.7777777777777778,3,0.30539419087136926,0.1396508728179551,0.12946058091286308,0.6139104962348938,0.654475748538971,0.06858877226236977,0.5775532109133844,0.7351708277007613,0.06924483659356727,0.3626394118675207
201,2.0,2.0,1.0,0.5555555555555556,1,0.22643614054657002,0.09826912339475154,0.11600669269380925,0.5909056663513184,0.5265120267868042,0.34759960559057623,0.617705988741087,0.7479290805192512,0.5061108162308582,0.5548363727704432
202,2.0,2.0,0.0,0.5555555555555556,1,0.18149253731343282,0.07053197848176927,0.09671641791044777,0.6010642051696777,0.5497106313705444,0.23925831488067278,0.5752683549170584,0.6246850491953838,0.13342327857607106,0.39315874939229656
203,9.0,1.0,1.0,0.5555555555555556,2,0.3295336787564767,0.1142263759086189,0.15129533678756477,0.6138004064559937,0.5962548851966858,0.12404326686326089,0.4374257032916024,0.37100643772370123,0.369517244330792,0.32549816305233914
204,8.0,1.0,1.0,0.7777777777777778,3,0.24823943661971834,0.06525573192239859,0.11443661971830986,0.5421725511550903,0.6374843716621399,0.3341400303611102,0.5801620819087677,0.4767993396691763,0.44191911793960603,0.45825514246966503
205,6.0,1.0,0.0,0.6666666666666666,3,0.30668841761827076,0.12418300653594772,0.16150081566068517,0.6047765612602234,0.7447976469993591,0.6070156029213415,0.6274467801382417,0.620975231520032,0.8126845862452519,0.6670305502062168
206,1.0,2.0,0.0,0.5555555555555556,2,0.3099752679307502,0.11560693641618497,0.14179719703215168,0.6206036806106567,0.609213650226593,0.4616351640444466,0.6271779486529128,0.5461283413438232,0.6715101493910007,0.5766129008580458
207,2.0,1.0,0.0,1.0,1,0.4073006724303554,0.20981713185755535,0.23054755043227668,0.6489583849906921,0.5187366604804993,0.5513927924520227,0.44931838787591616,0.7311137564545176,0.5413366810008277,0.568290404445821
208,8.0,1.0,0.0,0.5555555555555556,2,0.3099460292983809,0.1250965250965251,0.15420200462606012,0.6180856227874756,0.6140205264091492,0.03306719698110289,0.5290142580256643,0.611642994080705,0.049820269373483037,0.3058861796152388
209,9.0,2.0,1.0,0.5555555555555556,2,0.25612648221343876,0.1536025336500396,0.15810276679841898,0.6168018579483032,0.676093339920044,0.39402559590363495,0.6562451206397167,0.5685070128234755,0.37385213729469724,0.4981574666653811
210,1.0,1.0,1.0,0.5555555555555556,2,0.2816500711237553,0.1182336182336182,0.14935988620199148,0.6031252145767212,0.4698536992073059,0.028363114430040633,0.5712688608307268,0.7788953173817035,0.03118274661098459,0.35242750981336385
211,3.0,2.0,0.0,0.7777777777777778,2,0.30500397140587765,0.15592680986475735,0.1620333598093725,0.5948303937911987,0.589218020439148,0.16175677575793557,0.5713575192416616,0.6665936301552486,0.3239396062966266,0.43091188286286813
212,8.0,1.0,1.0,1.0,1,0.26425855513307983,0.13333333333333333,0.1711026615969582,0.6010642647743225,0.7235788106918335,0.5833603867293012,0.7082070612340172,0.7762636728237805,0.5962842478399156,0.6660288421567536
213,1.0,2.0,1.0,0.8888888888888888,1,0.30927835051546393,0.13864306784660765,0.15758468335787923,0.5906664133071899,0.6306036114692688,0.7024975826456533,0.714909979793651,0.6626838460883284,0.6621685668925372,0.6855649938550424
214,2.0,2.0,1.0,0.8888888888888888,3,0.46941678520625896,0.19686162624821685,0.21621621621621623,0.601016104221344,0.6555011868476868,0.527749991565787,0.6623345892705897,0.7772089875054075,0.5260084853239564,0.623325513416435
215,9.0,2.0,1.0,1.0,2,0.285240464344942,0.10631229235880398,0.13930348258706468,0.5869326591491699,0.5032114386558533,0.2970013889536683,0.4677827097514063,0.31461199727832373,0.4174377567512497,0.374208463183662
216,1.0,1.0,0.0,0.5555555555555556,1,0.24133504492939664,0.09383033419023137,0.12195121951219512,0.585781455039978,0.6449058651924133,0.28845986264383733,0.43454898335532216,0.6039055542130466,0.25962032438123583,0.39663368114836045
217,8.0,2.0,0.0,1.0,2,0.32816537467700263,0.10103626943005183,0.14728682170542634,0.6142928600311279,0.709344208240509,0.051957767431056005,0.6637784674404246,0.7039544160665993,0.07170077822919847,0.3728478572918196
218,1.0,1.0,0.0,0.8888888888888888,1,0.2506393861892583,0.10760034158838598,0.12617220801364024,0.6063400506973267,0.7626917362213135,0.08536209178442701,0.6009691773786963,0.6271304701211928,0.35000081659327065,0.4158656389693967
219,1.0,2.0,1.0,1.0,1,0.32908704883227174,0.1574468085106383,0.15498938428874737,0.6232075691223145,0.5615175366401672,0.35143558654833223,0.6530601717828605,0.6196538620771351,0.2995070523192598,0.4809141681818969
220,3.0,2.0,1.0,1.0,1,0.2459818308874913,0.1119664100769769,0.13696715583508037,0.6317254900932312,0.5455657839775085,0.123891677968888,0.5897747325207569,0.8210189547319093,0.15770735249198684,0.42309817942838523
221,7.0,1.0,1.0,1.0,2,0.39219512195121947,0.16422287390029325,0.19317073170731705,0.6238408088684082,0.5013072490692139,0.12093043504247432,0.5489839248713424,0.3700677512326578,0.25464030363804047,0.3236556036961287
222,8.0,2.0,1.0,1.0,0,0.5108853410740203,0.22416302765647741,0.20899854862119013,0.671055793762207,0.5284465551376343,0.12148344918915084,0.6605482733578592,0.6656019252731442,0.206739445933861,0.4135932734385038
223,4.0,2.0,1.0,0.8888888888888888,1,0.3639774859287055,0.16541353383458646,0.20637898686679174,0.6445859670639038,0.4589141011238098,0.08231279943680953,0.49201927070495344,0.5514847417148812,0.08675212860737537,0.30314223511600485
224,8.0,1.0,1.0,1.0,2,0.27948303715670436,0.11488673139158576,0.13247172859450726,0.5755563974380493,0.6808727383613586,0.3358517809081742,0.5662404177768975,0.5016240210148609,0.5520674466273736,0.48894591658182657
225,2.0,1.0,1.0,0.5555555555555556,2,0.33268101761252444,0.11764705882352942,0.162426614481409,0.621600866317749,0.5928475856781006,0.06361299737800406,0.5456059513016659,0.4298657934440141,0.03846795402107293,0.26938817403618925
226,12.0,2.0,0.0,0.6666666666666666,1,0.21188118811881185,0.1110009910802775,0.11683168316831684,0.5931327939033508,0.6419011950492859,0.3431383120222958,0.6817438607499431,0.7376633069782065,0.19532559312093972,0.48946776821784627
227,2.0,2.0,1.0,0.5555555555555556,1,0.37647058823529417,0.15049864007252944,0.17918552036199095,0.628587543964386,0.6455318927764893,0.5519673526842508,0.5779860645693449,0.729399651055114,0.532691898764244,0.5980112417682384
228,8.0,1.0,1.0,1.0,2,0.3143507972665148,0.11711026615969582,0.1533788914198937,0.577666163444519,0.677022397518158,0.040090058344401415,0.5930352052604841,0.7121492484209628,0.06170070467746598,0.35174380417582857
229,9.0,2.0,1.0,1.0,1,0.27580645161290324,0.11954765751211632,0.14193548387096772,0.6219077110290527,0.6431742906570435,0.08312652582663503,0.6179038303599111,0.5578900224491106,0.11093311739243467,0.34246337400702287
230,2.0,2.0,1.0,0.7777777777777778,1,0.3128679562657696,0.1651221566975569,0.1665264928511354,0.6427385210990906,0.42959606647491455,0.22724208744180213,0.48528158977788366,0.6250091404615148,0.05863742511648733,0.34904256069942197
231,4.0,2.0,1.0,0.5555555555555556,1,0.14597938144329897,0.06438299628559638,0.07917525773195876,0.5688331127166748,0.6781741976737976,0.43727611128287375,0.5119449142654441,0.329298267458369,0.7096621815600477,0.4970453686416836
232,1.0,1.0,1.0,1.0,2,0.3687445127304653,0.16358839050131926,0.17208077260755048,0.6168935894966125,0.4145108163356781,0.556385372315442,0.41623693178355714,0.9138400346553701,0.6195450494743512,0.6265018470571802
233,8.0,1.0,1.0,1.0,3,0.26867924528301884,0.1345427059712774,0.16754716981132078,0.5920954942703247,0.6048784852027893,0.13094004175445356,0.7162159971968376,0.5853708339813494,0.10734944251775308,0.3849690788625984
234,10.0,1.0,0.0,0.7777777777777778,4,0.3174327840416305,0.158123370981755,0.1873373807458803,0.6497988700866699,0.6640040874481201,0.28136900135563664,0.6188679651336367,0.6242240288324209,0.3784877012198077,0.47573717413537553
235,7.0,2.0,1.0,1.0,0,0.2774146695715323,0.13236363636363638,0.1365286855482934,0.6197107434272766,0.5454401969909668,0.753130983317009,0.5393000815271314,0.3678894445465607,0.8393314157851628,0.624912981293966
236,3.0,2.0,1.0,1.0,1,0.23747680890538034,0.11517027863777089,0.12739641311069883,0.570369303226471,0.729547917842865,0.052207633901828254,0.5781717822679772,0.5828602066706553,0.09686938773536545,0.32752725264395655
237,9.0,2.0,1.0,0.8888888888888888,1,0.31317494600431967,0.14285714285714285,0.16414686825053995,0.6271336674690247,0.6092321872711182,0.7056906914303829,0.7339314940287253,0.6526052303438182,0.7497673248130708,0.7104986851539993
238,1.0,2.0,1.0,0.6666666666666666,1,0.2918088737201365,0.11623931623931624,0.13139931740614333,0.5815281867980957,0.6302722096443176,0.10306919069548386,0.6682693350286109,0.30649314385353593,0.30631187563701234,0.3460358863036608
239,8.0,1.0,1.0,0.6666666666666666,1,0.2942779291553134,0.16742493175614195,0.15440508628519528,0.6317121982574463,0.5863738656044006,0.1285821863616914,0.55310579867188,0.6762723574389083,0.13897725079673243,0.37423439831730304
240,8.0,1.0,1.0,0.7777777777777778,3,0.28340584213797393,0.12818917237087743,0.13548788067122436,0.5901613831520081,0.6626892685890198,0.7535209051302021,0.6518418415941758,0.5981329024031333,0.5490322815605304,0.6381319826720104
241,2.0,2.0,0.0,0.5555555555555556,3,0.24061810154525387,0.09171270718232045,0.11920529801324505,0.5984477996826172,0.6266856789588928,0.11333069010617823,0.5975026740938992,0.3750332347963473,0.12390411821082918,0.30244267930181346
242,8.0,2.0,1.0,1.0,3,0.4392638036809815,0.26322263222632225,0.24785276073619633,0.6732997298240662,0.5607877969741821,0.23250090582213967,0.6312063532724181,0.6503460910786766,0.41869343226824246,0.48318669561036925
243,8.0,2.0,1.0,1.0,3,0.4106666666666667,0.2030276046304541,0.20444444444444446,0.6604176163673401,0.6798034310340881,0.6358636502258749,0.6511235001282456,0.7132889004304945,0.32372834687052693,0.5810010994137855
244,8.0,1.0,0.0,0.5555555555555556,2,0.3146417445482866,0.14508580343213728,0.16822429906542055,0.6390407085418701,0.34037747979164124,0.7018670962053679,0.4689453431709253,0.8029772803414466,0.8047234323730171,0.6946282880226893
245,3.0,1.0,1.0,0.5555555555555556,3,0.2586572438162544,0.1627742392073602,0.16537102473498233,0.6456404328346252,0.6927050352096558,0.15777970498112592,0.6542706617198493,0.6429312104027836,0.20158258859290407,0.4141410414241657
246,1.0,1.0,0.0,1.0,2,0.2742857142857143,0.08206106870229007,0.14095238095238094,0.6245667338371277,0.6648797392845154,0.21846167711216172,0.5226482231597335,0.4244872849448676,0.13876436662656144,0.32609038796083106
247,9.0,2.0,1.0,0.6666666666666666,3,0.2960235640648012,0.11799410029498526,0.14432989690721648,0.5803695321083069,0.5080136060714722,0.14355213798515418,0.5558568302507876,0.4716745166654714,0.2441950918068704,0.3538196441770709
248,1.0,1.0,0.0,1.0,1,0.4252491694352159,0.18,0.2159468438538206,0.6360240578651428,0.7823848128318787,0.45909687182376374,0.8083254999544819,0.7192344902327461,0.32749312798536967,0.5785374974990903
249,3.0,2.0,0.0,0.5555555555555556,2,0.2095744680851064,0.0926517571884984,0.10851063829787234,0.6212654113769531,0.6110339760780334,0.5676380451106666,0.6225300389175622,0.6138863671684682,0.462510527033876,0.5666412445576432
250,1.0,2.0,1.0,0.5555555555555556,1,0.21030042918454936,0.08452722063037249,0.1072961373390558,0.5771390795707703,0.5690189003944397,0.35479604394864245,0.6084625622807153,0.5925507792491898,0.047212718717766486,0.4007555260490785
251,2.0,2.0,1.0,0.6666666666666666,3,0.23023130715438409,0.11847065158858373,0.13986013986013984,0.638059139251709,0.6851499676704407,0.1295309254943987,0.6210867616231844,0.47938033055464857,0.17556194988376347,0.35138999188899883
252,13.0,2.0,0.0,0.6666666666666666,1,0.25226312613156304,0.10392749244712991,0.1291490645745323,0.5950214862823486,0.7493858933448792,0.5058074939697621,0.6518022219859968,0.6312948990398977,0.5474904356321095,0.5840987626569416
253,9.0,1.0,0.0,1.0,3,0.3710777626193725,0.1094391244870041,0.15279672578444747,0.6121799945831299,0.6318040490150452,0.13577448879958007,0.6921638005696522,0.7802265220457975,0.31616937666679107,0.4810835470204552
254,8.0,2.0,0.0,0.75,2,0.20753266717909305,0.08775981524249422,0.11222136817832437,0.5556573271751404,0.530292809009552,0.12852698387238554,0.28685040512004256,0.13461455326821029,0.48136644824314406,0.2578395976259456
255,1.0,1.0,0.0,1.0,1,0.20633299284984677,0.07164790174002048,0.10010214504596528,0.5595694184303284,0.6875999569892883,0.4614851767624154,0.5628391608984886,0.48772969176343356,0.3181383795409697,0.4575481022413268
256,1.0,2.0,1.0,0.875,1,0.17738359201773837,0.08166888592987127,0.0975609756097561,0.5619302988052368,0.53190016746521,0.2342350338039328,0.5136370117007295,0.7735284009670597,0.238243501845363,0.4399109870792713
257,2.0,1.0,0.0,1.0,1,0.37471783295711064,0.15610859728506787,0.17607223476297967,0.6262085437774658,0.5598233342170715,0.09546195535170542,0.6628410340864902,0.36256410410710926,0.1734923099027431,0.323589850862012
258,9.0,2.0,0.0,0.6666666666666666,2,0.2767857142857143,0.09838998211091235,0.12142857142857141,0.5627604722976685,0.6230274438858032,0.16331377655652957,0.571746051229672,0.8836146583817326,0.32510887136154565,0.48594583938237
259,2.0,1.0,1.0,1.0,1,0.3588477366255144,0.15169002473206925,0.18106995884773663,0.612909197807312,0.6556099653244019,0.0456042868312373,0.48818137287259045,0.6359539634246016,0.0530303374047967,0.3056924901333065
260,8.0,2.0,0.0,0.75,1,0.2078406969508401,0.10467289719626167,0.134411947728687,0.6444492340087891,0.5750481486320496,0.24714583562938663,0.564579915081716,0.7778117074203046,0.3318876247913067,0.4803562707306785
261,9.0,1.0,0.0,0.75,2,0.30015082956259426,0.13444108761329304,0.16440422322775264,0.5844128727912903,0.6835854649543762,0.7715831959399048,0.7284171509140931,0.6267292090727656,0.7108594618745983,0.7093972544503404
262,8.0,1.0,1.0,0.6666666666666666,2,0.3416030534351145,0.15678776290630975,0.16984732824427481,0.6206951141357422,0.6227516531944275,0.4347777638268419,0.4142178445299247,0.39902356771973735,0.4933156536476377,0.43533370743103544
263,7.0,1.0,1.0,0.75,2,0.29836829836829837,0.1151750972762646,0.14296814296814295,0.6161456108093262,0.5478753447532654,0.2445348019093682,0.6185274324343341,0.27274110573929256,0.3672821437921976,0.3757713709687981
264,2.0,2.0,0.0,1.0,1,0.2719382835101254,0.10628019323671498,0.133076181292189,0.5861738324165344,0.5876886248588562,0.15529375763169975,0.6287934346791584,0.5221876622429337,0.15891330347315996,0.366297039506738
265,8.0,2.0,1.0,0.75,3,0.2394282310899345,0.10614192009540847,0.11911852293031568,0.6070913076400757,0.6933717727661133,0.06970824000706799,0.6888424345335962,0.6457152559486463,0.3182943271964043,0.4306400644214287
266,2.0,2.0,0.0,0.5714285714285714,1,0.2346736980883322,0.09768976897689768,0.10942649967040212,0.5706005692481995,0.4352398216724396,0.19461483668308124,0.4548636749260562,0.7940839272163399,0.15458374714776685,0.39953654649331105
267,1.0,2.0,1.0,0.875,1,0.2196796338672769,0.11912943871706759,0.15102974828375287,0.6077713370323181,0.6210431456565857,0.5220780165945996,0.5833443062689647,0.6122880567621318,0.5658225106264073,0.5708832225630258
268,8.0,1.0,1.0,0.75,2,0.32408435072142067,0.14682981090100114,0.1598224195338513,0.5948246121406555,0.4981497824192047,0.07091925353226909,0.44318450286911165,0.6567243927265642,0.3277629689252918,0.3746477795133092
269,10.0,2.0,0.0,0.75,3,0.35496183206106874,0.15487571701720843,0.18129770992366412,0.6290060877799988,0.6217345595359802,0.28515121313415603,0.5471003570892587,0.3804438767763479,0.35357221365761127,0.3915669151643435
270,2.0,2.0,1.0,0.875,1,0.2785234899328859,0.1277310924369748,0.1342281879194631,0.5951327681541443,0.5689427256584167,0.21751512319168345,0.6213704546120047,0.23587274550979118,0.4951455176442086,0.39247596023942194
271,8.0,1.0,1.0,1.0,3,0.21810406272273697,0.11420413990007137,0.1382751247327156,0.6565383672714233,0.5467370748519897,0.029620601030890783,0.46281473511737575,0.46989305035992557,0.026543735747978223,0.24721803056404257
272,2.0,2.0,0.0,1.0,1,0.3032490974729242,0.13019891500904157,0.14981949458483756,0.6110638976097107,0.6402122974395752,0.09678146249978868,0.48593296346978804,0.7411909969575639,0.19780437798184988,0.3804274502272476
273,3.0,2.0,1.0,0.75,1,0.31639501438159157,0.1287223823246878,0.13039309683604985,0.5623520612716675,0.4671213626861572,0.15038802199420886,0.45840565740701444,0.7553918502584654,0.4940297379854685,0.46455381691128933
274,10.0,2.0,0.0,1.0,3,0.3003246753246753,0.11707317073170731,0.1542207792207792,0.5849000215530396,0.5031313896179199,0.545465892102095,0.5568137020969041,0.5833918690801648,0.5510678496512276,0.559184828232598
275,1.0,2.0,1.0,0.8888888888888888,1,0.3255813953488372,0.13009708737864079,0.14534883720930233,0.6539321541786194,0.6668622493743896,0.1478707373727754,0.6560487318688122,0.4907714731607654,0.1550707317412266,0.3624404185358949
276,8.0,1.0,1.0,0.875,2,0.3343465045592705,0.1401015228426396,0.15602836879432624,0.6130887866020203,0.5598048567771912,0.3859035752475708,0.5964995638305632,0.4617264883125213,0.5294559900249475,0.49339640435390064
277,1.0,1.0,1.0,0.8888888888888888,2,0.3481228668941979,0.16752136752136754,0.19795221843003416,0.6225405335426331,0.48682644963264465,0.6014335521220724,0.6401598325499586,0.8777797900283723,0.658351039773739,0.6944310536185356
278,8.0,1.0,1.0,1.0,1,0.36396724294813465,0.17137648131267091,0.17652411282984531,0.6417288780212402,0.5877894163131714,0.543770022000638,0.5152714771307265,0.6450061235390541,0.5730598383888091,0.5692768652648069
279,6.0,2.0,1.0,1.0,3,0.27197346600331673,0.11627906976744184,0.12769485903814262,0.6201270222663879,0.623485267162323,0.3090768097120986,0.694342997531404,0.7633206598162766,0.4837667489258836,0.5626268039964157
280,3.0,1.0,0.0,0.75,1,0.34522661523625847,0.17777777777777778,0.19864995178399228,0.6365902423858643,0.5361471772193909,0.8025847107984498,0.5242875368246674,0.6655974799596442,0.7959246863901128,0.6970986034932186
281,1.0,2.0,1.0,0.625,1,0.21464019851116628,0.12795031055900621,0.12282878411910671,0.6185409426689148,0.6287190318107605,0.3027655560366368,0.49435947077492365,0.5720296041157967,0.1219764863240219,0.3727827793128447
282,1.0,1.0,0.0,0.625,1,0.33544877606527645,0.10535876475930972,0.15775158658204896,0.6125832796096802,0.5134600400924683,0.7758574195039767,0.611383119901112,0.8219105124890554,0.8670746197677908,0.7690564179154837
283,1.0,2.0,1.0,0.625,1,0.27100271002710025,0.11126187245590231,0.14363143631436315,0.6142807006835938,0.6605272889137268,0.21913499936058356,0.6877786968496146,0.618988184232873,0.28347903034704425,0.45234522769752883
284,1.0,2.0,1.0,1.0,1,0.19810895992796038,0.10004506534474988,0.12516884286357496,0.6096818447113037,0.6043778657913208,0.12142639903356202,0.6661668005984773,0.2714058434719893,0.47438610541318726,0.38334628712930396
285,2.0,1.0,0.0,1.0,1,0.3694412770809578,0.15999999999999998,0.16647662485746864,0.6342577934265137,0.5705769062042236,0.057570702700295545,0.5770875128265377,0.5257157664803329,0.11331213468697862,0.31842152917353617
286,9.0,1.0,0.0,1.0,2,0.25562700964630225,0.1288244766505636,0.14790996784565916,0.5489713549613953,0.5230659246444702,0.373518961168389,0.7304892075653018,0.7286518469849186,0.4931543632961815,0.5814535947536977
287,1.0,2.0,1.0,1.0,1,0.3447154471544715,0.16123778501628663,0.17398373983739837,0.6216908097267151,0.5557355880737305,0.14128861574347618,0.6167643392565438,0.625475852605955,0.2220308481095515,0.4013899139288816
288,8.0,2.0,1.0,0.8888888888888888,3,0.3145869947275923,0.15845070422535212,0.14586994727592267,0.6212652921676636,0.5410774946212769,0.10876552618396193,0.5694152789707319,0.662257538224099,0.14107849643416126,0.3703792099532385
289,1.0,2.0,1.0,0.6666666666666666,1,0.25604551920341395,0.09829059829059829,0.12091038406827881,0.6217390298843384,0.468584269285202,0.2148281502621235,0.4687369750812138,0.6272506194152235,0.23549883503229363,0.38657864494771366
290,1.0,1.0,0.0,1.0,1,0.3045871559633027,0.1433823529411765,0.13394495412844037,0.6027206778526306,0.7210954427719116,0.7913528100962124,0.7970721020321435,0.6854733867315115,0.5244623314223281,0.6995901575705489
291,2.0,2.0,0.0,1.0,4,0.3534338358458961,0.14093959731543623,0.1557788944723618,0.5887382626533508,0.5858420729637146,0.4636314546062139,0.45263525079710404,0.775867742203817,0.4585896904188304,0.5376810345064914
292,1.0,2.0,1.0,1.0,1,0.38768529076396807,0.1645714285714286,0.17103762827822122,0.6316499710083008,0.6644613742828369,0.007875763768303762,0.5229945990400576,0.8072453824992812,0.08053825361688532,0.354663499731132
293,8.0,1.0,1.0,1.0,2,0.3592330978809284,0.19817997977755308,0.20988900100908175,0.6387938261032104,0.6456317901611328,0.4874339124204714,0.6115396729861703,0.7176738565665401,0.7175276372977776,0.6335437698177399
294,1.0,1.0,0.0,0.625,1,0.39289678135405104,0.18020022246941048,0.18867924528301888,0.646223783493042,0.590898871421814,0.059851983928382556,0.5115315353163421,0.725576689615884,0.2673932374385324,0.39108836157478527
295,8.0,1.0,0.0,0.7142857142857143,2,0.38086476540938363,0.16774193548387098,0.1968721251149954,0.6478167176246643,0.6061349511146545,0.3186567888560004,0.4545463367195789,0.6210013293506024,0.32869680592272754,0.43072531521222734
296,1.0,2.0,0.0,0.75,2,0.2681409813407049,0.10934256055363323,0.1326883206634416,0.5973722338676453,0.604285478591919,0.36122446309515605,0.5466829596229811,0.49202068140501337,0.4510723057796671,0.4627501024757044
297,8.0,1.0,1.0,0.5714285714285714,1,0.18723404255319148,0.07950780880265026,0.10401891252955082,0.576722264289856,0.5590503215789795,0.46070534411277836,0.624016678170784,0.6016131230049866,0.46061307286651926,0.5367370545387671
298,2.0,1.0,1.0,1.0,1,0.19896065330363769,0.10557620817843867,0.12175204157386785,0.5856192708015442,0.5543744564056396,0.7285791414740657,0.6728906552991711,0.6759538107294025,0.590860997518212,0.6670711512552128
299,9.0,2.0,1.0,1.0,1,0.393643031784841,0.19852941176470587,0.18826405867970658,0.6625497937202454,0.665930986404419,0.17656315754800456,0.6162628947869465,0.5567132438405468,0.13555159854715246,0.3712727236806626
300,2.0,1.0,1.0,1.0,2,0.3388581952117864,0.17158671586715868,0.16758747697974216,0.6304667592048645,0.6515132784843445,0.027210753879193708,0.6139884943174916,0.39437454496366275,0.0651903672246706,0.2751910400962546
301,8.0,2.0,0.0,1.0,2,0.2892358258011503,0.16790123456790124,0.18241577649958915,0.659315288066864,0.6273375153541565,0.01935278435841575,0.762748592214267,0.5924810442727589,0.0302504189685701,0.351208209953503
302,9.0,1.0,1.0,0.75,2,0.2857142857142857,0.10661401776900296,0.13793103448275862,0.5941550135612488,0.6629989147186279,0.04644702551234473,0.6050577037191206,0.49754010963658973,0.0590009704726198,0.3020114523351687
303,8.0,1.0,1.0,1.0,1,0.2801082543978349,0.14498644986449863,0.15020297699594046,0.6159817576408386,0.4688737392425537,0.23796042816916588,0.5464521493543747,0.6879016661962106,0.20295287388964212,0.4188167794023483
304,1.0,1.0,0.0,0.875,1,0.4116424116424116,0.18958333333333333,0.19334719334719333,0.6286599040031433,0.6909680962562561,0.078749179105742,0.705505161019032,0.4370601746774604,0.30264565083817674,0.3809900414101028
305,7.0,2.0,0.0,0.75,2,0.3254324151185138,0.12828736369467608,0.15246636771300448,0.5990415811538696,0.6008023023605347,0.4554370566591978,0.6063018726439587,0.2939418411587581,0.6662189915251173,0.505474940496758
306,8.0,1.0,0.0,1.0,3,0.3032207384131972,0.15263571990558616,0.1633935585231736,0.6632241606712341,0.6801531314849854,0.08621113109244083,0.6336207142558986,0.5793411896651383,0.0665714363605568,0.3414361178435086
307,1.0,1.0,1.0,1.0,3,0.29520865533230295,0.15325077399380807,0.17619783616692428,0.6471759676933289,0.6222954392433167,0.34102915567656233,0.543380287803712,0.6455313751270458,0.5199581488292696,0.5124747418591474
308,8.0,1.0,1.0,1.0,1,0.26754098360655737,0.11950098489822718,0.14295081967213116,0.5842330455780029,0.6877983212471008,0.3813564158655036,0.6062402764899228,0.4975009719324397,0.6765385511179445,0.5404090538514527
309,1.0,1.0,1.0,0.625,2,0.32978723404255317,0.09591474245115454,0.14184397163120568,0.6010770201683044,0.6980665326118469,0.47931980203286906,0.549667069866721,0.765212195476285,0.5090164144266088,0.575803870450621
310,1.0,1.0,0.0,0.75,1,0.2377994676131322,0.11911111111111111,0.129547471162378,0.6465796828269958,0.510610818862915,0.10446045722913472,0.5221936159565533,0.6351645350331596,0.3917855576627602,0.41340104147040196
311,1.0,2.0,1.0,0.875,1,0.3178677196446199,0.14638971315529178,0.16584402764067124,0.6161078810691833,0.6304752230644226,0.044745436067773814,0.4936729135551211,0.518151987934448,0.07159760226658404,0.28204198495598176
312,5.0,2.0,1.0,0.625,1,0.17072129748186085,0.08287056813327638,0.09389671361502347,0.6067790389060974,0.6099795699119568,0.14579378961940015,0.5708299558442562,0.571562876687792,0.3957221079339784,0.4209771825213567
313,4.0,2.0,1.0,0.625,1,0.3564645726807889,0.1477688368690563,0.17823228634039445,0.620948076248169,0.567468523979187,0.17727323378267518,0.5903499555005775,0.7920579024679989,0.15759363975884166,0.4293186828775233
314,9.0,1.0,0.0,1.0,2,0.3938618925831202,0.1794871794871795,0.18925831202046037,0.6195445656776428,0.7401782870292664,0.2710837549412769,0.6678561750353582,0.6057211383195812,0.23004611220528834,0.44367679512537617
315,8.0,1.0,1.0,1.0,2,0.2876830318690784,0.13459879206212252,0.1722652885443583,0.6255822777748108,0.4875069260597229,0.45425923512461586,0.536539553224699,0.4763899867074473,0.6025999267572537,0.5174471754535039
316,9.0,2.0,1.0,0.625,1,0.2253903598099118,0.09245411284840246,0.10997963340122201,0.6016638278961182,0.508939266204834,0.2250611218871707,0.5252041751216803,0.7565072239806003,0.2167161633693088,0.43087217108969006
317,1.0,1.0,0.0,1.0,1,0.2631578947368421,0.12355848434925863,0.15460526315789475,0.6096686124801636,0.5402284264564514,0.34994795568636655,0.5804293599898251,0.5732131185190286,0.15387054953981633,0.4143652459337591
318,2.0,2.0,1.0,1.0,1,0.2510312315851503,0.12035398230088495,0.1343547436652917,0.6265217065811157,0.5298722386360168,0.0749927268742672,0.5422778800478745,0.7171167678261685,0.07122084839475096,0.3514020557857653
319,4.0,1.0,1.0,0.8888888888888888,2,0.2551440329218107,0.0923330585325639,0.1300411522633745,0.5797917246818542,0.6661683917045593,0.047754995159407405,0.5922191805315439,0.35960931666135126,0.0800961610596495,0.26991991335298804
320,1.0,1.0,0.0,1.0,1,0.2848484848484848,0.1274658573596358,0.1393939393939394,0.6154414415359497,0.6579456925392151,0.1374392533372005,0.5655795253376467,0.6115927315266555,0.21884457984081407,0.38336402251057916
321,4.0,1.0,1.0,0.8888888888888888,2,0.3316062176165803,0.16456634544106746,0.15988156920799404,0.6383689641952515,0.5810799598693848,0.35636511858100656,0.5432281060548994,0.6971660155225405,0.4353858772707985,0.5080362793573112
322,1.0,2.0,1.0,0.75,1,0.19257773319959878,0.07329317269076306,0.10230692076228685,0.5899595022201538,0.5183830857276917,0.015159924536818485,0.4926958389783143,0.6446248399664324,0.016551539134357866,0.2922580356539808
323,9.0,1.0,0.0,0.5555555555555556,3,0.2318840579710145,0.11176786673831275,0.1288244766505636,0.5619542598724365,0.5975340604782104,0.4418491720140212,0.5977639309040167,0.5960017700212582,0.4400702292547905,0.5189212755485216
324,2.0,2.0,0.0,1.0,2,0.1568058076225045,0.0741009807482746,0.08203266787658801,0.5743302702903748,0.5705289840698242,0.07685531748991951,0.6556956048614626,0.6403750948943807,0.1270373758866654,0.374990848283107
325,2.0,1.0,1.0,1.0,2,0.3333333333333333,0.15097690941385436,0.1347517730496454,0.62851881980896,0.596778929233551,0.36092101008814376,0.6200378122392488,0.6882704310376171,0.273691777926964,0.4857302578229934
326,10.0,2.0,1.0,1.0,2,0.2764753435731609,0.15546558704453442,0.16329830234438156,0.6399983763694763,0.7126942873001099,0.1873880072288116,0.6728265923187589,0.6375207416907254,0.32702777692509205,0.45619077954084697
327,8.0,1.0,1.0,0.75,3,0.288222384784199,0.12893772893772895,0.16093635698610095,0.6713827848434448,0.6178127527236938,0.19811567469934133,0.5685690860980679,0.701632851568609,0.17105777212985993,0.4098438461239695
328,1.0,1.0,0.0,0.5555555555555556,1,0.26961483594864477,0.10142857142857142,0.1469329529243937,0.6224305033683777,0.5511532425880432,0.19598693953773091,0.5515023961385079,0.48822705008421413,0.665364891603384,0.4752703193409592
329,1.0,2.0,1.0,1.0,1,0.36062992125984256,0.17823343848580442,0.16377952755905512,0.6428552865982056,0.551019549369812,0.7517560717280174,0.5516523888822038,0.7985699119431121,0.7103563369215707,0.703083677368726
330,2.0,2.0,1.0,1.0,1,0.24777636594663274,0.1297709923664122,0.1423125794155019,0.6556674838066101,0.6779338717460632,0.18641972019321362,0.6976111854064856,0.3997271484218536,0.16125731772982568,0.3612538429378446
331,2.0,2.0,1.0,1.0,1,0.23318385650224216,0.12125748502994012,0.13452914798206278,0.624542772769928,0.6767898201942444,0.5498282370704239,0.6371332622767116,0.6330308750832082,0.7263987442891313,0.6365977796798687
332,3.0,2.0,1.0,1.0,1,0.36518046709129515,0.14468085106382977,0.16772823779193202,0.6359897255897522,0.6361385583877563,0.31469466189739936,0.41628173270282864,0.6732207197018326,0.25986043551881116,0.41601438745521796
333,2.0,2.0,1.0,1.0,1,0.24906600249066002,0.08977556109725686,0.12826899128268993,0.5939584970474243,0.7052047252655029,0.555072658479338,0.6963978018131126,0.45301721446207244,0.3343604740622925,0.5097120372042039
334,9.0,1.0,1.0,1.0,2,0.2946666666666667,0.15353805073431243,0.16533333333333333,0.5843815207481384,0.5176110863685608,0.3287204145201501,0.5257850525735107,0.6311080325340472,0.28502607203191377,0.44265989291490543
335,8.0,1.0,0.0,1.0,2,0.3882063882063882,0.14285714285714285,0.19164619164619162,0.609176516532898,0.6630180478096008,0.17553170056680234,0.5900644461111018,0.6657995951304039,0.4315731147884352,0.46574221414918576
336,8.0,1.0,1.0,1.0,1,0.3641509433962264,0.1928166351606805,0.19056603773584907,0.6399567723274231,0.6542620658874512,0.3408434331966267,0.5662547772889726,0.6343296872595376,0.4314420624472883,0.49321749004810633
337,10.0,2.0,1.0,1.0,2,0.3387096774193548,0.18181818181818182,0.1935483870967742,0.6310970783233643,0.6442206501960754,0.027180777721343845,0.599925728589192,0.5995510455965086,0.1629900329126836,0.347411896204932
338,8.0,2.0,1.0,1.0,2,0.20476973684210528,0.11769547325102878,0.1192434210526316,0.6125824451446533,0.5388591289520264,0.11579240406814699,0.3897253381512691,0.8052710200792469,0.12418362839821712,0.35874309767422
339,8.0,1.0,1.0,0.875,2,0.2405745062836625,0.09352517985611511,0.12028725314183125,0.5407973527908325,0.4699494242668152,0.21933587185244918,0.6791950475357434,0.15875141723086592,0.08481379562546361,0.2855240330611305
340,8.0,1.0,1.0,1.0,1,0.2700661000944287,0.13434247871333965,0.1397544853635505,0.6136758327484131,0.753861665725708,0.12563570219583414,0.6741775916843378,0.6269915548807535,0.09288181138688953,0.3799216650369537
341,1.0,2.0,1.0,0.75,1,0.31616090331686664,0.1625441696113074,0.155257586450247,0.6124247908592224,0.4221916198730469,0.26072219548744274,0.417918182917034,0.8994110161669208,0.6025384004384091,0.5451474487524517
342,2.0,1.0,1.0,1.0,3,0.30664395229982966,0.15358361774744025,0.15843270868824533,0.6040382385253906,0.7131333947181702,0.3615167897816689,0.5389682995674477,0.6243137753045085,0.4081436108034739,0.4832356188642748
343,8.0,2.0,1.0,1.0,2,0.3516873889875666,0.14946619217081852,0.1989342806394316,0.6144689321517944,0.5894047021865845,0.6172802521536835,0.5728387586776789,0.6812228840669027,0.7303214728367141,0.6504158419337448
344,9.0,2.0,1.0,1.0,0,0.32486388384754994,0.1781818181818182,0.19782214156079855,0.6584320664405823,0.6762790083885193,0.2618254415198669,0.6371315499799806,0.5231177172150671,0.45759293859528477,0.46991691182754985
345,9.0,1.0,0.0,0.75,1,0.3285351397121084,0.17133163698049195,0.18797629127857748,0.6526806354522705,0.5937429070472717,0.07010986289452897,0.5828031413011713,0.9105846482006559,0.09868543919677022,0.4155457728982816
346,1.0,2.0,1.0,0.75,1,0.2589928057553957,0.06306306306306306,0.12230215827338128,0.5562714338302612,0.5633015632629395,0.30104324279378664,0.611162191718246,0.36364112934621345,0.3402997718938361,0.40403658393802055
347,2.0,2.0,1.0,1.0,1,0.23086269744835966,0.10218978102189781,0.1117861482381531,0.5662639737129211,0.4468744993209839,0.6882446028461463,0.42196216205350834,0.6021017117020672,0.6162819075991126,0.5821475960502086
348,3.0,2.0,0.0,1.0,2,0.1823739174732552,0.08057113717491075,0.10188487009679062,0.5901299118995667,0.5430694222450256,0.2277556621381959,0.5606645880064088,0.3576199778772045,0.10729420899052093,0.3133336092530825
349,9.0,1.0,1.0,0.875,1,0.2512350035285815,0.1215547703180212,0.1453775582215949,0.6051341891288757,0.5885360240936279,0.5843793081435502,0.6349321095526036,0.5754787247980552,0.6148811269740669,0.602417817367069
350,1.0,2.0,1.0,0.5555555555555556,1,0.27808326787117044,0.09441384736428009,0.13197172034564023,0.6011562347412109,0.5835833549499512,0.7074078418638052,0.5347070964750624,0.7049550763710012,0.5952745333287914,0.6355861370096652
351,9.0,1.0,1.0,1.0,2,0.23367697594501716,0.10323468685478321,0.12508591065292093,0.6305083632469177,0.6404273509979248,0.6788344985969124,0.6512510562936007,0.9014615958762491,0.7110362909079356,0.7356458604186744
352,2.0,1.0,1.0,0.625,3,0.2661354581673307,0.11013567438148444,0.1402390438247012,0.588792085647583,0.7526468634605408,0.08457603679205913,0.5506413397517024,0.29268218343070285,0.13521334828487183,0.26577822706483406
353,1.0,2.0,1.0,0.625,1,0.2016460905349794,0.08241758241758243,0.11385459533607682,0.5967645049095154,0.584926187992096,0.25508813307233075,0.5954947331402028,0.39363437529313616,0.18752663785261023,0.35793596983957
354,4.0,2.0,0.0,0.625,1,0.2236311239193083,0.08770917484131564,0.11642651296829971,0.5677077770233154,0.6201939582824707,0.22896686859537763,0.5601362514227841,0.4869487682143075,0.29475296500172615,0.39270121330854885
355,13.0,1.0,0.0,0.75,3,0.20439448134900357,0.1207161125319693,0.13081246806336227,0.6483738422393799,0.6476873159408569,0.6013659761484809,0.6165845342998227,0.40755259978016223,0.5648303728477346,0.5475833707690502
356,4.0,2.0,1.0,0.875,1,0.26402640264026406,0.09917355371900825,0.11716171617161716,0.5849704146385193,0.6003682613372803,0.09958160113098126,0.6502614378739932,0.6131910251261063,0.13014551931500806,0.3732948958615222
357,3.0,2.0,1.0,1.0,1,0.31101190476190477,0.10581222056631892,0.13541666666666666,0.577056884765625,0.5704008340835571,0.16341788376038996,0.46467772693555176,0.583149380554501,0.1431092684373781,0.3385885649219552
358,1.0,2.0,1.0,0.625,1,0.18448182311448724,0.0803910917979359,0.09875203472599023,0.6016631722450256,0.6003735065460205,0.5206334183920862,0.536982595733634,0.39527917449001126,0.6544959171916644,0.526847776451849
359,9.0,2.0,1.0,0.7777777777777778,1,0.292358803986711,0.14475873544093176,0.14451827242524914,0.6374595165252686,0.6820207238197327,0.3145237791677314,0.6596541600351369,0.3359154924515828,0.11312720520018203,0.35580515921365824
360,1.0,1.0,0.0,1.0,1,0.2945205479452055,0.15780445969125215,0.17808219178082194,0.6586674451828003,0.6162223219871521,0.14332445220213275,0.48805253972559864,0.5692838762157908,0.19434215465911556,0.34875075570065944
361,8.0,2.0,1.0,1.0,3,0.4383561643835617,0.1997503121098627,0.23661270236612705,0.6382097601890564,0.693306028842926,0.08187025274314595,0.6596807316009997,0.7178644425147104,0.10563963234160136,0.3912637648001144
362,8.0,2.0,1.0,1.0,2,0.25481798715203424,0.13290460878885316,0.14775160599571735,0.6307998895645142,0.4911721646785736,0.1366482418983062,0.5771101408395038,0.6257572935907197,0.3049082604146845,0.4111059841858035
363,8.0,2.0,1.0,0.875,2,0.2257636122177955,0.1050531914893617,0.11819389110225763,0.598449170589447,0.6821722984313965,0.43025839940292315,0.48927865869202103,0.7507254681498275,0.4350032501198734,0.5263164440911613
364,2.0,2.0,1.0,1.0,2,0.14654282765737872,0.04132231404958678,0.08049535603715172,0.5439415574073792,0.6258279085159302,0.1587573923575833,0.6314037521514665,0.4998559901948968,0.24332823699205852,0.3833363429240012
365,1.0,1.0,1.0,1.0,1,0.3170506912442396,0.15327793167128348,0.15668202764976957,0.646639883518219,0.5832610130310059,0.04081835819891187,0.4866518685865137,0.46566213671510875,0.12914344801931238,0.28056895287996164
366,8.0,1.0,0.0,0.75,3,0.20156910078455043,0.07734138972809669,0.10380205190102595,0.5973693132400513,0.7197151184082031,0.35555553171352994,0.6037868915792232,0.5099480330773885,0.4085762511389054,0.46946667687726173
367,8.0,2.0,0.0,1.0,2,0.29807692307692313,0.15409309791332262,0.13782051282051283,0.6000685095787048,0.6900280117988586,0.03143736199349777,0.6974083765342207,0.7624963505749375,0.03651247593128351,0.38196364125848487
368,9.0,1.0,1.0,1.0,2,0.2437547312641938,0.13343442001516298,0.1589704769114307,0.6741074323654175,0.6471300721168518,0.038865286746104434,0.46570239604285635,0.6694940147332802,0.09781596412844724,0.31796941541267204
369,9.0,1.0,1.0,1.0,3,0.42594385285576,0.21532492725509214,0.18005808325266215,0.5976701378822327,0.6144896745681763,0.3853832662639314,0.6248476177302111,0.6808756128530066,0.3149934617682048,0.5015249896538385
370,3.0,2.0,1.0,0.7777777777777778,1,0.2939150401836969,0.14942528735632182,0.148105625717566,0.603151798248291,0.7205260396003723,0.007815638557484501,0.4706442705153283,0.6412123326491956,0.026969563417337767,0.2866604512848365
371,1.0,1.0,0.0,0.75,1,0.3279220779220779,0.13008130081300814,0.16396103896103895,0.6138350963592529,0.6428453922271729,0.32588327040655773,0.6645848230204302,0.3174667161388098,0.3506277448975201,0.41464063861582945
372,9.0,1.0,1.0,1.0,3,0.22587268993839835,0.1041809458533242,0.12046543463381244,0.598471462726593,0.7087323665618896,0.11137671837797758,0.5922622083479433,0.3665608949382193,0.16473913515200658,0.3087347392040367
373,9.0,2.0,1.0,1.0,2,0.2199203187250996,0.1308858739026337,0.14023904382470118,0.6137145161628723,0.6626583933830261,0.46219052394007526,0.6940002514078616,0.5942245755714545,0.49170194462026384,0.5605293238849137
374,2.0,1.0,0.0,0.7777777777777778,1,0.2454642475987193,0.13782051282051283,0.13874066168623264,0.6334762573242188,0.7570282220840454,0.3076785365647657,0.652458696905495,0.7580965238269741,0.4784368166160007,0.5491676434783088
375,2.0,1.0,1.0,0.6666666666666666,2,0.1766666666666667,0.08590492076730609,0.09916666666666665,0.583486795425415,0.6525725722312927,0.14846634652781068,0.5014737150183352,0.6920522721101808,0.09376633874450523,0.35893966810020794
376,2.0,1.0,1.0,0.5555555555555556,2,0.19876325088339225,0.09549071618037136,0.0989399293286219,0.5956035256385803,0.6448980569839478,0.05010613206194106,0.48540262929467726,0.7425214309798843,0.15178075254708542,0.35745273622089696
377,9.0,2.0,1.0,1.0,3,0.28080657206870796,0.1525804038893044,0.14787154592979837,0.5831772089004517,0.6082882285118103,0.7604977329776328,0.6150231338497579,0.5827236834893172,0.748993585015311,0.6768095338330047
378,9.0,2.0,1.0,0.5555555555555556,1,0.26451138868479057,0.12656364974245768,0.14401175606171934,0.6314430832862854,0.4941951036453247,0.14200702218510286,0.5373352769698756,0.41033378657993735,0.13691833942625542,0.30664860629029284
379,2.0,2.0,1.0,1.0,1,0.2859248341930729,0.11512915129151291,0.1518054532056006,0.6456899642944336,0.47290611267089844,0.07767927038448466,0.4082346236348605,0.5888825847419166,0.17421306080508853,0.3122523848915876
380,1.0,2.0,1.0,1.0,1,0.3274523641496118,0.17667844522968196,0.1764290755116443,0.6223311424255371,0.5929649472236633,0.02531418974215203,0.6139692311171587,0.5615902757503282,0.06698765182861316,0.31696533710956304
381,1.0,2.0,1.0,0.5555555555555556,1,0.2598187311178248,0.11494252873563217,0.11601208459214503,0.618536114692688,0.6277892589569092,0.21782296485304292,0.4631769541109295,0.6951590487824673,0.2250854242338835,0.4003110979950808
382,1.0,1.0,0.0,0.625,1,0.31409168081494054,0.17006802721088432,0.15789473684210525,0.6083196401596069,0.7351745963096619,0.4233775428477797,0.5447003034987696,0.4698570006553829,0.5361660665267355,0.49352522838216695
383,9.0,1.0,1.0,1.0,2,0.2559774964838256,0.10985915492957746,0.14345991561181434,0.6080061197280884,0.4940996766090393,0.6306175368092903,0.6334387339683089,0.6412721325248262,0.6275779300026971,0.6332265833262806
384,1.0,2.0,1.0,0.6666666666666666,1,0.37423846823324636,0.21621621621621617,0.16884247171453437,0.625517725944519,0.7042999267578125,0.18899719468548917,0.5798395312332906,0.47232486400631263,0.12968560204607313,0.34271179799279133
385,1.0,2.0,1.0,0.8888888888888888,1,0.30470500373412995,0.137621540762902,0.140403286034354,0.5958705544471741,0.5501189827919006,0.5442878723324612,0.6368419395443616,0.667437725872234,0.5193155775164512,0.591970778816377
386,1.0,1.0,0.0,0.5555555555555556,1,0.28860418071476734,0.1512491559756921,0.14295347269049227,0.6027586460113525,0.6782676577568054,0.46209333088793086,0.5566074406784789,0.6149762332773699,0.1059111185306649,0.43489703084361114
387,8.0,2.0,0.0,1.0,2,0.16761363636363635,0.07109004739336493,0.0928030303030303,0.5676993131637573,0.6629486083984375,0.3335719146550425,0.7041812245847325,0.45602789092910867,0.4205222425936824,0.47857581819064154
388,1.0,1.0,0.0,1.0,1,0.3333333333333333,0.13799999999999998,0.18562874251497005,0.6255505681037903,0.6158072352409363,0.5607972377549892,0.6434343246652088,0.7143054352334576,0.5380116847522555,0.6141371706014778
389,8.0,1.0,1.0,1.0,2,0.23076923076923078,0.13888888888888887,0.1462799495586381,0.675068736076355,0.6268855333328247,0.08142230395940438,0.6675146909165491,0.4371519343987409,0.15575538605120576,0.335461078831475
390,8.0,1.0,1.0,1.0,2,0.2840323767476085,0.12527634487840825,0.15452538631346577,0.6048310399055481,0.6204230785369873,0.7525735905836621,0.6641217033577881,0.8640949345059411,0.6905982538163699,0.7428471205659403
391,7.0,1.0,1.0,0.5555555555555556,2,0.3359840954274354,0.16135458167330674,0.16898608349900596,0.6438921689987183,0.6515583992004395,0.16049522089372328,0.46870314830574633,0.7333111997943674,0.20154692840136357,0.3910141243488002
392,7.0,1.0,1.0,0.5555555555555556,2,0.2319004524886878,0.08946772366930919,0.11425339366515838,0.6022346019744873,0.5738214254379272,0.45224267524203765,0.5200660783636202,0.6878287216421899,0.492121876882969,0.5380648380327042
393,9.0,1.0,1.0,1.0,2,0.22396416573348266,0.08295964125560538,0.11422172452407615,0.5967757105827332,0.5582524538040161,0.48845200476988115,0.590220085530064,0.6881304388455963,0.5166824710596024,0.5708712500512859
394,9.0,2.0,1.0,1.0,2,0.23093371347113328,0.11848679514632403,0.12829650748396296,0.5865506529808044,0.7214930057525635,0.16416660250412576,0.6222702012919381,0.6277526933755853,0.1978113819096129,0.4030002197703155
395,9.0,2.0,1.0,1.0,3,0.2786177105831533,0.1277056277056277,0.12742980561555076,0.6408257484436035,0.6054372191429138,0.2504720234552436,0.6594794568716831,0.6481031733606163,0.5867488378368221,0.5362008728810913
396,1.0,2.0,1.0,0.6666666666666666,1,0.2910915934755332,0.16834170854271358,0.15809284818067754,0.6590148210525513,0.6690599322319031,0.5914564039300007,0.6117179020349532,0.7093214894257549,0.6357824653843632,0.637069565193768
397,2.0,1.0,1.0,0.5555555555555556,2,0.25214521452145217,0.11103767349636486,0.12541254125412543,0.6137142181396484,0.6311236619949341,0.07916644898420697,0.6159637645436613,0.6458485515303662,0.08063325373673087,0.35540300469874136
398,7.0,1.0,1.0,0.5555555555555556,3,0.1909049977487618,0.07931500675980171,0.09365150832958126,0.5969685316085815,0.7066943049430847,0.6402130939200718,0.6081629060415822,0.8595027793943363,0.8607050849514502,0.7421459660768601
399,2.0,1.0,1.0,0.625,2,0.19488296135002722,0.08065395095367847,0.09254218835057158,0.6257903575897217,0.4480220079421997,0.1860948323909775,0.4354072595601069,0.7353395353596698,0.09684943358180582,0.36342276522314
400,9.0,1.0,0.0,0.5555555555555556,3,0.17700301709688235,0.08654813820865481,0.09989943010392222,0.5843350291252136,0.6777949929237366,0.14283094637100957,0.4831094949350941,0.464612989299251,0.1149452065957201,0.3013746593002687
401,1.0,1.0,0.0,1.0,1,0.4081218274111675,0.17293997965412,0.1746192893401015,0.6554413437843323,0.6149218678474426,0.23377830831918958,0.5693309190568089,0.5386307175357856,0.702263258599091,0.5110008008777187
402,1.0,2.0,1.0,1.0,1,0.36134453781512604,0.2231578947368421,0.2436974789915967,0.6672630310058594,0.8770851492881775,0.8228628659791593,0.697666365935463,0.7950984900111493,0.7399745920547167,0.763900578495122
403,8.0,2.0,0.0,1.0,2,0.1785457163426926,0.09372746935832733,0.10367170626349892,0.583954393863678,0.5758622884750366,0.5316516418283915,0.6715314373461843,0.691263306472443,0.757488332799446,0.6629836796116163
404,3.0,2.0,1.0,0.8888888888888888,1,0.2635761589403973,0.11405835543766579,0.13377483443708607,0.5843672156333923,0.5798932909965515,0.11828206594226723,0.4546552591291308,0.5820280588894211,0.20612481647112854,0.3402725501079869
405,1.0,2.0,1.0,0.7777777777777778,1,0.25199362041467305,0.11980830670926518,0.13078149920255186,0.6134223937988281,0.5248620510101318,0.09588757767042416,0.5392427009852027,0.6608650261619964,0.07630936218124804,0.3430761667497178
406,2.0,1.0,1.0,0.7777777777777778,1,0.2938511326860842,0.12313674659753726,0.1436893203883495,0.6273542642593384,0.6433958411216736,0.013778767179649435,0.41893204586391597,0.429770060824378,0.036058219296067416,0.22463477329100273
407,1.0,2.0,1.0,0.6666666666666666,1,0.24307036247334754,0.10249110320284698,0.10803127221037667,0.595988392829895,0.615272045135498,0.14525853936834826,0.614586828031349,0.5701916143828444,0.13623391944205826,0.36656772530615
408,8.0,2.0,0.0,1.0,3,0.26528258362168394,0.1443418013856813,0.15455594002306805,0.5900746583938599,0.6290544867515564,0.2581526003016804,0.5462174391857428,0.37733990168011683,0.38534347654241335,0.39176335442748833
409,3.0,2.0,1.0,0.7777777777777778,1,0.20106951871657755,0.10385438972162742,0.11443850267379681,0.6011720895767212,0.6436648964881897,0.43336798079975836,0.5396237212287806,0.4943090925340392,0.2581692826852817,0.431367519311965
410,10.0,1.0,1.0,0.7777777777777778,3,0.22210743801652896,0.10031023784901759,0.11983471074380164,0.6093165874481201,0.6180832982063293,0.30504819488062107,0.6506856514252567,0.5801344783962294,0.53958733303334,0.5188639144338618
411,6.0,1.0,0.0,0.5555555555555556,1,0.3822843822843822,0.16355140186915887,0.21445221445221446,0.6210117936134338,0.4884055256843567,0.4998599867032072,0.5954475673141053,0.7551427103440459,0.644341794158709,0.6236980146300168
412,9.0,1.0,1.0,1.0,1,0.20046349942062575,0.10092807424593969,0.11819235225955965,0.6132615804672241,0.5257002115249634,0.7404891479680515,0.5759936017800041,0.7226123908178914,0.7858445758542596,0.7062349291050516
413,5.0,1.0,1.0,0.5555555555555556,1,0.20011567379988432,0.10306890561667632,0.11451706188548295,0.5973557829856873,0.6633634567260742,0.43274894235088884,0.6216546251692836,0.4322570426682595,0.596916948978324,0.520894389791689
414,8.0,1.0,0.0,0.5555555555555556,2,0.2006688963210702,0.0910917615539183,0.1177257525083612,0.5578068494796753,0.6249477863311768,0.5413272907155847,0.6587287343154185,0.648342670202651,0.3975458291024744,0.5614861310840321
415,8.0,2.0,0.0,0.7777777777777778,3,0.23038156947444205,0.12112472963229992,0.1324694024478042,0.6204108595848083,0.6494241952896118,0.02481220773854504,0.6313356957270345,0.5861982045234954,0.04765660365067799,0.32250067790993825
416,9.0,1.0,0.0,0.6666666666666666,1,0.3305004721435316,0.13245033112582782,0.12842304060434373,0.6046463847160339,0.48257580399513245,0.30274319039360326,0.46535861737580136,0.6304259729504872,0.039747365386216836,0.3595687865265272
417,2.0,2.0,1.0,0.8888888888888888,1,0.2413597733711048,0.1236528644356211,0.1473087818696884,0.6359769701957703,0.5780565738677979,0.6680061511221113,0.6537616245195704,0.7130552339958948,0.6152355522007157,0.662514640459573
418,1.0,2.0,1.0,0.7777777777777778,1,0.2601823708206687,0.14485696895922093,0.13738601823708205,0.6116114854812622,0.518709659576416,0.1871600016647734,0.5079699108181353,0.6511134822214508,0.5198080212709408,0.4665128539938251
419,8.0,1.0,0.0,1.0,1,0.26354515050167227,0.14869390488948425,0.17123745819397992,0.6491510272026062,0.550695538520813,0.38096086619919983,0.5818177595959089,0.6904997647402961,0.4374359429498785,0.5226785833713208
420,8.0,2.0,1.0,0.5555555555555556,1,0.3054187192118227,0.16282894736842105,0.17405582922824303,0.6384814977645874,0.6130895614624023,0.32549251156399917,0.5782842237574947,0.5681888711545245,0.4226385388495174,0.47365103633138395
421,4.0,2.0,0.0,0.5555555555555556,2,0.1583524027459954,0.057718735684837374,0.08421052631578947,0.5703386068344116,0.5785309076309204,0.2628003165753971,0.5446527757305358,0.5340796645654329,0.056330847086780725,0.3494659009895366
422,8.0,2.0,1.0,0.5555555555555556,3,0.20219360991893182,0.0945107398568019,0.11635670004768718,0.5987326502799988,0.639538049697876,0.24809075453345075,0.52412394291411,0.5754562288988927,0.5401441537411021,0.4719537700218889
423,8.0,2.0,1.0,0.8888888888888888,2,0.2267716535433071,0.10410094637223975,0.14173228346456693,0.6103084087371826,0.5408547520637512,0.20176859923635956,0.5353412781221981,0.4833688088779625,0.20208146886345613,0.35564003877499406
424,2.0,1.0,1.0,0.5555555555555556,1,0.21496953872932983,0.09233449477351915,0.10966057441253263,0.5810825824737549,0.5489048957824707,0.5536933725552279,0.5113731462749808,0.5443648009718932,0.6720943354710835,0.5703814138182963
425,8.0,2.0,0.0,1.0,3,0.31329381879762913,0.11195928753180662,0.13378492802709566,0.5977898836135864,0.7193979620933533,0.317163558475816,0.7068723574158692,0.6825728651501162,0.44534330027064617,0.5379880203281119
426,9.0,1.0,1.0,1.0,2,0.2949389179755672,0.12762237762237763,0.15532286212914487,0.6211062073707581,0.7207475900650024,0.5909742378874392,0.6374315125083722,0.7486907961971537,0.5869938118322426,0.641022589606302
427,2.0,2.0,1.0,0.7777777777777778,2,0.43190184049079755,0.22878228782287824,0.2085889570552147,0.6382867693901062,0.6867882013320923,0.0663706771308625,0.5779316852374695,0.4246914703284933,0.03060704581802845,0.27490021962871347
428,8.0,1.0,1.0,0.7777777777777778,3,0.30447193149381546,0.1334604385128694,0.142721217887726,0.5964074730873108,0.7663432359695435,0.12887222403695578,0.6884186736029907,0.6908037032834777,0.20745790045360096,0.4288881253442563
429,1.0,2.0,1.0,0.6666666666666666,1,0.2804979253112033,0.12801330008312553,0.13609958506224068,0.5974521636962891,0.5739628076553345,0.13512316729731627,0.5844332874356274,0.6431520588225511,0.3203042528165511,0.42075319159301144
430,12.0,1.0,1.0,0.5555555555555556,1,0.387037037037037,0.20779220779220783,0.2222222222222222,0.6247402429580688,0.43548476696014404,0.11493907590439312,0.5416351347220053,0.5896616356151962,0.15119556567164372,0.34935785297830957
431,14.0,2.0,0.0,0.6666666666666666,2,0.23918174665617623,0.11977935382190703,0.15892997639653814,0.6189007759094238,0.6953892111778259,0.4453099129816337,0.7047756222262206,0.8709212831994272,0.5725705906240613,0.6483943522578357
432,8.0,2.0,0.0,0.5555555555555556,2,0.34440559440559443,0.14185639229422067,0.16958041958041958,0.6137698292732239,0.6977701783180237,0.022429632786550784,0.4516185432227823,0.7788653020110956,0.07886702013085889,0.3329451245378219
433,9.0,2.0,0.0,0.875,4,0.2822966507177034,0.1134185303514377,0.13078149920255183,0.5414192080497742,0.49368804693222046,0.652086226167497,0.6480911966425223,0.5906572147997272,0.7739739980486802,0.6662021589146068
434,2.0,1.0,0.0,0.6666666666666666,1,0.3237113402061855,0.11983471074380166,0.1360824742268041,0.6051340103149414,0.5601391196250916,0.310170994032174,0.582635673515295,0.40655918264730007,0.27488224498413716,0.3935620237947266
435,12.0,2.0,1.0,0.7777777777777778,2,0.25130890052356025,0.11713286713286714,0.12041884816753926,0.6286782622337341,0.5025762319564819,0.008464347093697769,0.5654074804669487,0.5477014946541342,0.009181370551924955,0.28268867319167645
436,1.0,1.0,0.0,0.5555555555555556,1,0.2807983482450103,0.09786354238456237,0.1335168616655196,0.6055716276168823,0.5303432941436768,0.8531227571324167,0.6654074148023291,0.7541979500058273,0.776212027370376,0.7622350373277372
437,9.0,2.0,0.0,1.0,1,0.2764084507042254,0.14991181657848324,0.15492957746478872,0.6546329259872437,0.706243634223938,0.10500803457351045,0.7176736265793737,0.7905009075172102,0.12596631742611294,0.43478722152405186
438,6.0,2.0,1.0,1.0,1,0.3501094091903719,0.19517543859649125,0.21225382932166303,0.671377420425415,0.7141314148902893,0.15789789593342246,0.7773816547660697,0.6926145486724198,0.4428976136752528,0.5176979282617912
439,10.0,1.0,1.0,1.0,1,0.32773938795656465,0.14638971315529178,0.1539980256663376,0.6119225025177002,0.7362060546875,0.6255316419774581,0.7567928844461475,0.7401251924782799,0.571929749897911,0.6735948671999492
440,9.0,2.0,0.0,0.5555555555555556,1,0.20420168067226893,0.09419680403700588,0.11176470588235295,0.5680334568023682,0.6289756298065186,0.22809730743425607,0.5718823740710384,0.8040097967660177,0.19229158685461653,0.44907026628148217
441,1.0,2.0,1.0,0.7777777777777778,1,0.29828178694158075,0.12388162422573984,0.1429553264604811,0.6286540627479553,0.6434520483016968,0.11581263685986656,0.5003031025439135,0.4928919052847673,0.1400515377974122,0.3122647956214899
442,5.0,1.0,1.0,0.6666666666666666,3,0.31973355537052456,0.12010008340283569,0.13821815154038303,0.5932425260543823,0.477080374956131,0.793039994114601,0.4808829772975135,0.6211543801735047,0.7323145784418637,0.6568479825068707
443,2.0,2.0,0.0,1.0,2,0.3350253807106599,0.15869786368260427,0.1746192893401015,0.6264988780021667,0.6403406262397766,0.15127237462743104,0.5545239075472319,0.4467653303241212,0.1250486562674503,0.3194025671915586
444,8.0,2.0,0.0,1.0,3,0.2833948339483395,0.15521064301552104,0.16531365313653137,0.6650345921516418,0.5487854480743408,0.6743711222599797,0.5468465059496441,0.48831221422515014,0.7009549097989746,0.6026211880584371
445,8.0,2.0,1.0,0.5555555555555556,2,0.30101302460202606,0.11014492753623188,0.16208393632416787,0.6015329957008362,0.5062519907951355,0.5220311126241541,0.5558224496970606,0.7040570258630038,0.726335228521552,0.6270614541764427
446,1.0,1.0,0.0,0.7777777777777778,1,0.30461270670147955,0.0993897122929381,0.14099216710182766,0.6062224507331848,0.5595021843910217,0.16399246573447146,0.41967694521718174,0.6730589913786901,0.15781917327834843,0.3536368939021729
447,1.0,2.0,1.0,0.6666666666666666,1,0.25889477668433003,0.10007581501137226,0.11355034065102194,0.6029725074768066,0.6280097365379333,0.39061534862304664,0.573550214000819,0.6617537708025352,0.5878302603458702,0.5534373984430677
448,8.0,2.0,0.0,1.0,3,0.3963759909399773,0.1906923950056754,0.19479048697621743,0.5743628740310669,0.5699131488800049,0.09551897792715916,0.502156865412841,0.6961911148536954,0.07714822811107835,0.3427537965761934
449,8.0,1.0,1.0,1.0,3,0.373134328358209,0.1794871794871795,0.16417910447761194,0.6337548494338989,0.6598950624465942,0.2943724534492421,0.6767922713502761,0.7739072632422815,0.2886905072350043,0.508440623819201
450,2.0,2.0,1.0,0.5555555555555556,1,0.2565517241379311,0.1408839779005525,0.1503448275862069,0.6258710622787476,0.5611048936843872,0.47851698555973354,0.5383777242150755,0.29430882559156757,0.24768204128426421,0.38972139416266016
451,9.0,2.0,0.0,0.5555555555555556,2,0.3466955579631636,0.15852334419109662,0.1581798483206934,0.6339178085327148,0.6088545918464661,0.03619476220797264,0.7052793089062644,0.6092149381726987,0.10441008236000957,0.3637747729117363
452,3.0,2.0,0.0,0.6666666666666666,2,0.3066666666666667,0.10022271714922049,0.15555555555555556,0.6095144748687744,0.559152364730835,0.43164795266009365,0.5811709859989509,0.3314123394046788,0.4154743302989347,0.4399264020906645
453,9.0,2.0,1.0,0.875,1,0.3619834710743802,0.20198675496688742,0.1884297520661157,0.6398599743843079,0.635067880153656,0.09498968384555481,0.5649566374841614,0.5907496955358973,0.2886242825985485,0.3848300748660405
454,9.0,2.0,1.0,1.0,1,0.1811248808388942,0.07538167938931298,0.09628217349857007,0.5769704580307007,0.6939795613288879,0.12114295064619691,0.570643544052818,0.4212901357621658,0.20533246421130155,0.32960227366812056
455,4.0,1.0,1.0,0.5555555555555556,1,0.27174603174603174,0.13858868404322952,0.13714285714285715,0.63117516040802,0.5656286478042603,0.044611882163956895,0.4214008298801825,0.48782689690158476,0.043134155858297,0.2492434412010053
456,7.0,1.0,1.0,0.5555555555555556,2,0.27422003284072255,0.14473684210526314,0.15435139573070608,0.6160770654678345,0.5910944938659668,0.025106426089293588,0.5320944254366994,0.7778040466099632,0.07950913239797759,0.3536285076334834
457,8.0,2.0,0.0,0.75,1,0.23976608187134504,0.14202049780380674,0.16374269005847952,0.6547659039497375,0.49419987201690674,0.04406333655659156,0.37794716652589117,0.7096067936728255,0.1078746242603038,0.309872980253903
458,1.0,2.0,1.0,0.625,1,0.3235294117647059,0.15101289134438306,0.15808823529411764,0.6491397619247437,0.6562755703926086,0.6353336303264903,0.5438833764212241,0.728133360428024,0.6280602014662932,0.6338526421605079
459,3.0,1.0,1.0,0.5555555555555556,3,0.40310077519379844,0.2036238136324418,0.18949181739879412,0.6663836240768433,0.5078580379486084,0.20918884598312837,0.45254352023012684,0.767418045845616,0.3565116777605489,0.44641552245485505
460,2.0,2.0,1.0,0.6666666666666666,1,0.23871906841339155,0.10058309037900875,0.13828238719068411,0.6018215417861938,0.5341377258300781,0.5104476411829971,0.5689529518563806,0.6676837063658523,0.5460466238239668,0.5732827308072992
461,10.0,1.0,1.0,1.0,2,0.22508960573476705,0.09906676238334529,0.1261648745519713,0.5934653282165527,0.6990349888801575,0.5138300807586951,0.4526084727384949,0.5764754368016104,0.3013178342974285,0.4610579561490572
462,8.0,2.0,1.0,0.8888888888888888,2,0.2464985994397759,0.1253507951356408,0.14379084967320263,0.5986003279685974,0.5047643184661865,0.13067971887345234,0.47392716235206134,0.19496201925265766,0.04642024465174397,0.21149728628247882
463,1.0,1.0,1.0,0.5555555555555556,1,0.19566840926064227,0.05833956619296934,0.08663181478715459,0.530509889125824,0.7025617957115173,0.1230870309810057,0.5261176986510414,0.8221769232595618,0.1526081974675029,0.4059974625897779
464,1.0,1.0,0.0,0.5555555555555556,1,0.29296235679214405,0.1360655737704918,0.13747954173486088,0.6176052689552307,0.6248288750648499,0.07919077754825671,0.4720936652762717,0.605218169277247,0.08625377634725812,0.31068909711225845
465,2.0,2.0,0.0,1.0,2,0.38687782805429866,0.1904761904761905,0.18099547511312217,0.6181650757789612,0.5896939635276794,0.5502032177169192,0.561340348265456,0.7968641073365738,0.4787795036499083,0.5967967942422143
466,7.0,2.0,0.0,1.0,2,0.25190839694656486,0.1055045871559633,0.12213740458015267,0.6136932373046875,0.7002618908882141,0.41418330410134996,0.6339581419822888,0.6555985553286705,0.5552478735549764,0.5647469687418214
467,2.0,1.0,1.0,0.5555555555555556,2,0.2307232516437537,0.11250748055056853,0.09444112372982666,0.6071149110794067,0.4732475280761719,0.468624566199959,0.5855298135779206,0.7583076647426147,0.1006297360515977,0.47827294514302304
468,3.0,1.0,1.0,0.8888888888888888,2,0.22849638870650033,0.1012491781722551,0.12081418253447143,0.5859740972518921,0.6856294870376587,0.5961934653089066,0.6961687004948884,0.6124999209668063,0.5517095510666181,0.6141429094593048
469,8.0,1.0,0.0,1.0,2,0.33971690258118237,0.17014178482068393,0.2014987510407993,0.645002543926239,0.6862727999687195,0.5694906913568355,0.6263419234230132,0.5615805439043899,0.4670798731448244,0.5561232579572657
470,9.0,1.0,1.0,1.0,2,0.296220633299285,0.10030706243602867,0.14300306435137894,0.5986936092376709,0.6341753602027893,0.5841691217532403,0.6196981967882607,0.5351111952819739,0.6506906201168545,0.5974172834850824
471,8.0,1.0,0.0,1.0,2,0.32335329341317365,0.1405312767780634,0.15739948674080412,0.6180409789085388,0.5625495910644531,0.1553961310705224,0.548200240550726,0.5651127652321007,0.34250591096867467,0.40280376195550593
472,10.0,1.0,1.0,1.0,2,0.23784494086727992,0.125,0.12877792378449407,0.616467297077179,0.5361766815185547,0.49251961515586923,0.7270553897750899,0.7213867715666441,0.43102692627840145,0.5929971756940011
473,9.0,2.0,1.0,1.0,2,0.3803278688524591,0.19934282584884994,0.2054644808743169,0.6539018750190735,0.5726508498191833,0.5776200735769927,0.5740341557143804,0.5983118214315154,0.5735196176957885,0.5808714171046693
474,1.0,1.0,0.0,1.0,1,0.34424498416050686,0.17354497354497356,0.18373812038014786,0.6327999234199524,0.5947064161300659,0.022832138002257044,0.5944666914464238,0.6468756553337748,0.02607422541772432,0.322562177550045
475,1.0,2.0,1.0,0.7777777777777778,1,0.3084025854108957,0.12580943570767808,0.14773776546629733,0.6235792636871338,0.626095712184906,0.31499872220992864,0.531672614481288,0.7799905490967621,0.3642854694787199,0.4977368388166747
476,8.0,1.0,1.0,0.8888888888888888,2,0.3373676248108926,0.18636363636363637,0.18003025718608168,0.6115647554397583,0.5053104758262634,0.17392914411594493,0.6489098292874027,0.6338550960687847,0.7809508973573813,0.5594112417073784
477,8.0,1.0,1.0,0.6666666666666666,1,0.19235836627140976,0.10817941952506598,0.13175230566534912,0.6170257329940796,0.4580913484096527,0.6068975329526315,0.7975521046434377,0.17036084783429223,0.4643582668881605,0.5097921880796306
478,8.0,2.0,1.0,1.0,3,0.3526170798898071,0.15823367065317387,0.16712580348943984,0.6199455261230469,0.5422948598861694,0.6077175869683126,0.5934846112663841,0.28481923069805687,0.6465901756756789,0.5331529011521081
479,2.0,1.0,1.0,0.5555555555555556,2,0.20849056603773586,0.10292728989612841,0.12169811320754717,0.6433204412460327,0.5899914503097534,0.2560381106049771,0.5623247353450561,0.6479331381564404,0.4871665253276911,0.48836562735854117
480,9.0,2.0,1.0,1.0,1,0.273145108338805,0.13938198553583167,0.15758371634931057,0.6508978009223938,0.6658372282981873,0.2667680595310743,0.634875355198822,0.5977335140224683,0.5400117118279956,0.50984716014509
481,1.0,1.0,0.0,0.5555555555555556,1,0.32475247524752476,0.14087301587301587,0.14257425742574256,0.613506019115448,0.5175036191940308,0.319441119782254,0.4937564551975767,0.682383777364907,0.4924301076678833,0.49700286500315527
482,8.0,1.0,1.0,1.0,1,0.22783323546682324,0.08935920047031158,0.11626541397533763,0.6099734306335449,0.5832033753395081,0.44284646837042124,0.663201259222577,0.6908753663660372,0.39830724468091067,0.5488075846599866
483,8.0,2.0,1.0,1.0,2,0.36477987421383645,0.16176470588235295,0.16981132075471697,0.6184758543968201,0.6015317440032959,0.0633210505617571,0.6421922256184609,0.48877172010964687,0.05654686296527544,0.3127079648137851
484,8.0,2.0,0.0,0.7777777777777778,1,0.186952288218111,0.07602339181286549,0.10321324245374879,0.5639573335647583,0.5502806901931763,0.28337924073216475,0.6813518689855576,0.6384927128873885,0.4444899992933816,0.5119284554746231
485,8.0,2.0,1.0,1.0,1,0.3743937924345296,0.1379980563654033,0.1862269641125121,0.6169719099998474,0.5082054734230042,0.4004662734651822,0.4311904444696846,0.7007452607036287,0.45640207062593385,0.49720101231610736
486,3.0,1.0,1.0,0.7777777777777778,2,0.13974075245020548,0.061372983233154065,0.08156813152070819,0.5662800073623657,0.5435976982116699,0.10401971541769574,0.47914992537110196,0.6236492192808643,0.03936313570531422,0.311545498943744
487,8.0,1.0,1.0,0.6666666666666666,2,0.3339191564147627,0.14436619718309862,0.15641476274165203,0.6103653311729431,0.5533736944198608,0.3945846543829123,0.6245498788868761,0.48685414887894524,0.394307312430955,0.47507399864492217
488,4.0,2.0,1.0,1.0,1,0.27669452181987003,0.13023255813953488,0.16898792943361188,0.6154870986938477,0.6203741431236267,0.10768618785156076,0.6225871227934003,0.6139654721523609,0.09855411819246214,0.360698225247446
489,4.0,2.0,0.0,0.5555555555555556,2,0.23010033444816055,0.08439383791024782,0.1177257525083612,0.5679481029510498,0.479150652885437,0.5414406012217772,0.6842997661827832,0.7832997860640806,0.4985997541642293,0.6269099769082176
490,1.0,2.0,1.0,0.5555555555555556,2,0.27221438645980256,0.11864406779661019,0.1311706629055007,0.5959134101867676,0.5901023149490356,0.11839167342124496,0.5729116388329324,0.677536499437938,0.04144622608570287,0.3525715094444546
491,1.0,1.0,1.0,1.0,2,0.29600778967867575,0.11121951219512195,0.14216163583252192,0.6240233778953552,0.6206046342849731,0.24528837884331958,0.6243432871144167,0.7057733703508157,0.343550965023936,0.479739000333122
492,9.0,1.0,0.0,0.5555555555555556,2,0.346839546191248,0.18993506493506493,0.18962722852512157,0.6409262418746948,0.532520055770874,0.4104967767825225,0.633391986593762,0.5426417370434204,0.536948776323448,0.5308698191857881
493,10.0,1.0,0.0,0.6666666666666666,1,0.23509369676320277,0.09323479249573623,0.11697898921067575,0.6000493168830872,0.5720465779304504,0.9145376182082473,0.6134386755753231,0.7663344203527156,0.06582448092564931,0.5900337987654838
494,2.0,2.0,0.0,0.5555555555555556,3,0.19634146341463415,0.10256410256410256,0.1048780487804878,0.6345271468162537,0.6052666306495667,0.7776747669202189,0.5265783252281642,0.7307743043451566,0.10002004535149014,0.5337618604612575
495,8.0,1.0,1.0,1.0,1,0.32129697862932943,0.17269372693726937,0.16801768607221815,0.6292442083358765,0.4827088713645935,0.14510601778264937,0.5209539468738874,0.7075251363739802,0.10015894280681577,0.3684360109593332
496,10.0,1.0,0.0,1.0,1,0.26307448494453245,0.12222222222222222,0.14263074484944532,0.5993209481239319,0.6815316677093506,0.9006909740728949,0.6967477997548518,0.42558134782479345,0.761534806593182,0.6961387320614305
497,8.0,1.0,1.0,0.7777777777777778,2,0.23263888888888887,0.13673232908458868,0.14583333333333334,0.6357614994049072,0.486205518245697,0.3344281424454282,0.5959586013344675,0.6171369788236664,0.3947108299188734,0.48555863813060884
498,2.0,2.0,1.0,0.8888888888888888,1,0.2744310575635877,0.15683646112600536,0.15261044176706828,0.5991353988647461,0.5103189945220947,0.0569038732350056,0.536925955153196,0.543952931015694,0.11885706576233164,0.31415995629155674
499,1.0,2.0,1.0,0.7777777777777778,1,0.24442846872753415,0.1267098632109431,0.13084112149532712,0.6165565252304077,0.5142435431480408,0.4493038363966805,0.5977588949190396,0.4469708497797733,0.4842722681693606,0.49457646231621344
500,3.0,2.0,0.0,0.6666666666666666,3,0.3394648829431438,0.12562814070351758,0.14381270903010032,0.6106982827186584,0.5313234925270081,0.3458816285609721,0.49841567341932214,0.7975831085378552,0.2716698345955477,0.47838756127842424
501,2.0,1.0,0.0,0.5555555555555556,1,0.3386727688787185,0.14514896867838045,0.1632341723874905,0.6471000909805298,0.6589508652687073,0.02502414845575519,0.624127244897337,0.5991543857342723,0.10532250112512227,0.33840707005312165
502,2.0,2.0,1.0,0.6666666666666666,1,0.21168582375478928,0.09683604985618409,0.11494252873563217,0.5675491690635681,0.6150255799293518,0.4989036067741446,0.44995474331043045,0.8112075149057545,0.28956129583436935,0.5124067902061747
503,2.0,2.0,0.0,1.0,1,0.31645569620253167,0.13946117274167985,0.18196202531645567,0.5975207090377808,0.5952905416488647,0.6786242460599673,0.6642745525165231,0.5370873446201797,0.7015434261745421,0.645382392342803
504,8.0,2.0,0.0,0.7777777777777778,4,0.1912350597609562,0.09840425531914894,0.12483399734395752,0.5820073485374451,0.570368766784668,0.08147590288510319,0.6496681257148141,0.5799126312844475,0.5046740380526118,0.4539326744842441
505,2.0,1.0,1.0,1.0,3,0.29896907216494845,0.11187607573149741,0.12714776632302405,0.5911636352539062,0.6537241339683533,0.031435420982380786,0.7073295586374556,0.5315140361521014,0.025162214379412455,0.32386030753783757
506,8.0,2.0,1.0,0.6666666666666666,3,0.18894601542416453,0.0990990990990991,0.12210796915167095,0.6358856558799744,0.697774350643158,0.4586115295250712,0.5295140680058795,0.7282528136197498,0.3218477759925307,0.5095565467858079
507,2.0,2.0,0.0,0.5555555555555556,1,0.18047722342733188,0.08163265306122448,0.10412147505422994,0.5992979407310486,0.6585230827331543,0.2654202651172027,0.6011341864099967,0.5828659938277718,0.07621989092797352,0.3814100840707362
508,2.0,1.0,1.0,0.7777777777777778,2,0.2409823484267076,0.10760953112990009,0.11665387567152724,0.6138863563537598,0.6659965515136719,0.03995362622618049,0.5319342170153343,0.6923842940113676,0.09132603846075786,0.3388995439284101
509,3.0,2.0,1.0,0.5555555555555556,1,0.2874049027895182,0.1117696867061812,0.15553677092138632,0.6233946084976196,0.4267958700656891,0.1850636625054898,0.3656101111996006,0.37168178827910264,0.2224590730476079,0.28620365875795023
510,10.0,2.0,1.0,1.0,2,0.24242424242424243,0.10436893203883496,0.13696969696969696,0.6073170304298401,0.60279381275177,0.12887739145810312,0.5532133861377031,0.6524550264671136,0.1289155211964535,0.36586533131484333
511,8.0,1.0,1.0,1.0,3,0.29707426856714186,0.15176558978211868,0.15753938484621155,0.5955239534378052,0.5321466326713562,0.2025791470674983,0.5538464603332947,0.4791824056939677,0.3954350332810188,0.40776076159394486
512,8.0,2.0,0.0,0.5555555555555556,3,0.2941988950276243,0.11618257261410789,0.15469613259668508,0.5950687527656555,0.579679548740387,0.29678415978429,0.5122560951608952,0.7419068632293112,0.5546447331779463,0.5263979628381106
513,2.0,2.0,1.0,0.7777777777777778,1,0.1533704390847248,0.0804953560371517,0.10018552875695733,0.5786754488945007,0.5734809041023254,0.5406293603047541,0.7044923558338669,0.8448654179050769,0.6608140210292789,0.6877002887682442
514,8.0,1.0,0.0,0.5555555555555556,2,0.26577579806978474,0.1174721189591078,0.12620638455827765,0.5904895067214966,0.5683928728103638,0.15801203992793192,0.5384770644935956,0.4226623695852049,0.2941234287595084,0.3533187256915602
515,1.0,2.0,1.0,1.0,1,0.4617092119866815,0.22691879866518352,0.24639289678135404,0.6656185388565063,0.509721577167511,0.24869261023984576,0.5215254773904,0.6548575549905707,0.1805334505210811,0.40140227328547445
516,8.0,2.0,0.0,1.0,2,0.26321709786276715,0.1262683201803833,0.1529808773903262,0.6113014221191406,0.7101026773452759,0.6331264238191912,0.6647968402651147,0.6124770609552997,0.4564038046604629,0.5917010324250171
517,5.0,2.0,1.0,0.5555555555555556,1,0.16924564796905225,0.0909970958373669,0.09284332688588008,0.5496734976768494,0.5404758453369141,0.06422226091250156,0.5071534663450261,0.40592462410588026,0.017282601541852235,0.24864573822631506
518,4.0,1.0,0.0,0.6666666666666666,1,0.2820306204673651,0.10653753026634383,0.1418211120064464,0.6108169555664062,0.6799783110618591,0.5418332480384257,0.6982703661672466,0.5921577887989001,0.4035861279546252,0.5589618827397994
519,10.0,1.0,1.0,0.5555555555555556,2,0.2758620689655172,0.1521357519016969,0.13676212741087082,0.6296921968460083,0.5062933564186096,0.5373775494642838,0.6015673953048567,0.8073772153376918,0.6127201925463711,0.639760588163301
520,1.0,1.0,1.0,0.8888888888888888,2,0.3369458128078818,0.13820335636722605,0.16945812807881774,0.6141501069068909,0.6116656064987183,0.3586431376305323,0.5211681039718162,0.3934237765426173,0.29857431482615304,0.39295233324277967
521,1.0,2.0,1.0,1.0,1,0.38085742771684944,0.14785214785214784,0.16350947158524423,0.57732754945755,0.600043773651123,0.5467604089775941,0.624866788577732,0.7872909657487872,0.650783342399786,0.6524253764259749
522,9.0,1.0,1.0,0.7777777777777778,1,0.23056300268096513,0.09261744966442954,0.11662198391420912,0.6051079034805298,0.6194657683372498,0.3567415031314954,0.5225477324729693,0.6424849413581045,0.41233382670531626,0.4835270009169714
523,8.0,1.0,1.0,0.8888888888888888,1,0.26398210290827745,0.10156833457804332,0.14317673378076062,0.6343643665313721,0.6647025942802429,0.35298449894719297,0.5880287852893833,0.46097387346897856,0.4677085013143385,0.46742391475497336
524,2.0,1.0,0.0,1.0,1,0.2897526501766784,0.12750885478158205,0.17667844522968199,0.6155126094818115,0.5975087285041809,0.40237090737557313,0.5255772976727844,0.542926322556327,0.3561293600496108,0.45675097191357383
525,8.0,2.0,1.0,1.0,3,0.3050524308865586,0.15472779369627507,0.16777883698760726,0.6222857236862183,0.5602441430091858,0.10494508722426964,0.6294421899196551,0.6404204681197896,0.040369955592126465,0.3537944252139602
526,8.0,1.0,1.0,0.8888888888888888,1,0.21523579201934703,0.07142857142857142,0.10399032648125756,0.5993916988372803,0.6447149515151978,0.15019180513340527,0.5195242066881866,0.6519278661559289,0.33155410320605644,0.4132994952958943
527,2.0,2.0,1.0,0.5555555555555556,1,0.2789634146341463,0.08396946564885495,0.12347560975609755,0.5721758604049683,0.5529413819313049,0.5581369164147156,0.4954282038314768,0.8699857495803083,0.6472354530023032,0.6426965807072009
528,1.0,1.0,0.0,0.5555555555555556,1,0.40948813982521853,0.1677096370463079,0.17727840199750314,0.6622455716133118,0.49474650621414185,0.3509617834740388,0.48120705588406787,0.716005470815081,0.5716648387673601,0.5299597872351369
529,2.0,2.0,1.0,0.7777777777777778,1,0.3588932806324111,0.2011084718923199,0.20869565217391306,0.6865202188491821,0.4315737187862396,0.1469503404695099,0.4142300261909385,0.7260084206964617,0.2105832874596178,0.374443018704132
530,8.0,2.0,1.0,1.0,1,0.40190476190476193,0.16221374045801526,0.19999999999999998,0.6259276866912842,0.6076876521110535,0.1780836419051988,0.6901496548183804,0.35976594263637984,0.3205410169328267,0.3871350640731964
531,3.0,2.0,1.0,0.7777777777777778,2,0.2671009771986971,0.10958904109589039,0.1485342019543974,0.6141906976699829,0.5986344218254089,0.36748805228473624,0.5835439504606906,0.5661494197205381,0.3976103730014332,0.4786979488668496
532,6.0,1.0,0.0,1.0,2,0.28189300411522633,0.12989690721649483,0.1502057613168724,0.6276109218597412,0.6416215896606445,0.7171513741025832,0.6525780352282933,0.4907278203997182,0.6022181053698697,0.6156688337751162
533,1.0,2.0,1.0,0.6666666666666666,1,0.22838283828382838,0.07799074686054198,0.11221122112211221,0.5753366351127625,0.636853814125061,0.19590675530603022,0.6438453338972122,0.41375935538263725,0.14800299838136044,0.35037861074181004
534,8.0,2.0,0.0,1.0,2,0.32802249297094654,0.15211267605633802,0.16869728209934395,0.6435570120811462,0.5668609738349915,0.2988334614797847,0.5864143259487267,0.6004816225141633,0.3743198812328735,0.46501232279388705
535,8.0,1.0,1.0,1.0,3,0.2947658402203857,0.10773480662983426,0.13223140495867766,0.5999933481216431,0.625697135925293,0.33210242178315874,0.7052750575008045,0.7624883877153343,0.42300834602454507,0.5557185532559608
536,8.0,1.0,0.0,0.8888888888888888,2,0.4015151515151515,0.22531645569620254,0.22222222222222224,0.6234007477760315,0.5516257286071777,0.5350789588832298,0.6404118422308753,0.6073767777045473,0.4696511820722842,0.5631296902227342
537,13.0,2.0,1.0,0.5555555555555556,1,0.1860019175455417,0.09213051823416507,0.11025886864813039,0.6053382754325867,0.5068128108978271,0.40240708528374997,0.444431228553787,0.7822696547456439,0.11024849311234142,0.43483911542388065
538,1.0,1.0,0.0,1.0,1,0.3099630996309963,0.16820702402957483,0.16974169741697417,0.6601402163505554,0.5959665179252625,0.17145854472357513,0.6483489558497987,0.5813502623047627,0.23078916641163097,0.4079867323224419
539,8.0,1.0,0.0,0.5555555555555556,0,0.35650224215246634,0.17752808988764043,0.1547085201793722,0.6080881953239441,0.621688187122345,0.8871599294349461,0.7459982732351379,0.7686144827548106,0.7403971866642495,0.7855424680222861
540,8.0,2.0,1.0,0.7777777777777778,3,0.31040564373897706,0.12897526501766787,0.17107583774250443,0.6441133618354797,0.5800118446350098,0.1096304436020421,0.5113169069603491,0.5134175823002225,0.08933446170509182,0.3059248486419264
541,13.0,2.0,1.0,0.7777777777777778,3,0.1888147768086198,0.10683102208525937,0.11698306824012314,0.5937580466270447,0.6453531980514526,0.3882641550392975,0.49763300542626737,0.5390670483831547,0.25697200374132234,0.4204840531475105
542,1.0,1.0,0.0,0.7777777777777778,1,0.14348894348894348,0.06492867683226758,0.0855036855036855,0.602605938911438,0.6044098138809204,0.4401496478970308,0.5155525900701277,0.7395042411321998,0.561048450538136,0.5640637324093736
543,8.0,1.0,0.0,0.8888888888888888,3,0.3041182682154171,0.13968253968253969,0.18585005279831046,0.6149373650550842,0.680526077747345,0.27153899035055595,0.7125597894616627,0.6268898654032847,0.4295622868931045,0.5101377330271519
544,3.0,1.0,1.0,0.625,2,0.35167464114832536,0.18705035971223022,0.17942583732057416,0.6217272877693176,0.5585201978683472,0.11043554023492443,0.5756768663441598,0.3753999284759079,0.20937329585284978,0.3177214077269605
545,8.0,1.0,1.0,0.7777777777777778,3,0.3056179775280899,0.1410352588147037,0.15880149812734082,0.6281177401542664,0.5060036778450012,0.4279633683073004,0.44375970924940566,0.6971202397961006,0.7456479197368822,0.5786228092724222
546,9.0,1.0,1.0,1.0,2,0.3237885462555066,0.18543046357615894,0.2136563876651982,0.645789384841919,0.5712806582450867,0.22276879680548617,0.588036034931974,0.3556588477417874,0.31981026416506875,0.37156848591107905
